Date,PropertyID,TotalUnits,OccupiedUnits,VacantUnits,OccupancyRate
2024-02-01,PROP001,70,59,11,0.848812428037198
2024-02-02,PROP001,70,59,11,0.847671629535966
2024-02-03,PROP001,70,59,11,0.8436158957976647
2024-02-04,PROP001,70,58,12,0.8324395617175466
2024-02-05,PROP001,70,58,12,0.8398300649724955
2024-02-06,PROP001,70,60,10,0.8603300469188893
2024-02-07,PROP001,70,60,10,0.8634833904301915
2024-02-08,PROP001,70,59,11,0.8561147678001837
2024-02-09,PROP001,70,60,10,0.8689284039494772
2024-02-10,PROP001,70,60,10,0.857919449829021
2024-02-11,PROP001,70,60,10,0.8684747558306944
2024-02-12,PROP001,70,60,10,0.8658779119205352
2024-02-13,PROP001,70,59,11,0.8498543957744714
2024-02-14,PROP001,70,58,12,0.8356927734685597
2024-02-15,PROP001,70,59,11,0.8467090988968738
2024-02-16,PROP001,70,60,10,0.8586300189154875
2024-02-17,PROP001,70,60,10,0.8585132630736431
2024-02-18,PROP001,70,59,11,0.8555282803172524
2024-02-19,PROP001,70,59,11,0.8428652405285458
2024-02-20,PROP001,70,59,11,0.8543261058428513
2024-02-21,PROP001,70,59,11,0.8471934437990948
2024-02-22,PROP001,70,60,10,0.8707448526245074
2024-02-23,PROP001,70,60,10,0.8658329217795866
2024-02-24,PROP001,70,60,10,0.8607455496555382
2024-02-25,PROP001,70,58,12,0.8413157655989014
2024-02-26,PROP001,70,58,12,0.8421191017193962
2024-02-27,PROP001,70,58,12,0.8334937123904805
2024-02-28,PROP001,70,60,10,0.8603028843963747
2024-02-29,PROP001,70,58,12,0.8363120016414165
2024-03-01,PROP001,70,59,11,0.849449828883574
2024-03-02,PROP001,70,58,12,0.8399451369023591
2024-03-03,PROP001,70,60,10,0.8677069126358841
2024-03-04,PROP001,70,59,11,0.8508911777362277
2024-03-05,PROP001,70,59,11,0.8544073916879986
2024-03-06,PROP001,70,60,10,0.8596970122659884
2024-03-07,PROP001,70,58,12,0.8374496269851782
2024-03-08,PROP001,70,59,11,0.856053063980056
2024-03-09,PROP001,70,59,11,0.8534700124610102
2024-03-10,PROP001,70,58,12,0.839998817798334
2024-03-11,PROP001,70,60,10,0.8695905116312624
2024-03-12,PROP001,70,59,11,0.8558309874684846
2024-03-13,PROP001,70,60,10,0.8596677661305314
2024-03-14,PROP001,70,60,10,0.8670950823695536
2024-03-15,PROP001,70,59,11,0.856850530734295
2024-03-16,PROP001,70,59,11,0.8437017162424518
2024-03-17,PROP001,70,58,12,0.8360961392021541
2024-03-18,PROP001,70,59,11,0.8501377516282597
2024-03-19,PROP001,70,58,12,0.8406139862976166
2024-03-20,PROP001,70,59,11,0.8485367667237579
2024-03-21,PROP001,70,60,10,0.867207579165698
2024-03-22,PROP001,70,59,11,0.8448501696491542
2024-03-23,PROP001,70,58,12,0.8367598869969701
2024-03-24,PROP001,70,59,11,0.8461282823320222
2024-03-25,PROP001,70,60,10,0.8681495064707734
2024-03-26,PROP001,70,58,12,0.8427616587843286
2024-03-27,PROP001,70,60,10,0.8577839736305978
2024-03-28,PROP001,70,58,12,0.8318971838887559
2024-03-29,PROP001,70,59,11,0.84597912306231
2024-03-30,PROP001,70,59,11,0.8440676191352644
2024-03-31,PROP001,70,58,12,0.8384626029346609
2024-04-01,PROP001,70,59,11,0.8532399455839609
2024-04-02,PROP001,70,59,11,0.8512695676633025
2024-04-03,PROP001,70,60,10,0.859573810124554
2024-04-04,PROP001,70,58,12,0.8426528621608841
2024-04-05,PROP001,70,58,12,0.8416413896988542
2024-04-06,PROP001,70,58,12,0.8386080104958604
2024-04-07,PROP001,70,58,12,0.840626937591866
2024-04-08,PROP001,70,59,11,0.8542004488896369
2024-04-09,PROP001,70,59,11,0.8480298156512649
2024-04-10,PROP001,70,58,12,0.8344720586933025
2024-04-11,PROP001,70,58,12,0.842032985366317
2024-04-12,PROP001,70,58,12,0.8417514113224873
2024-04-13,PROP001,70,60,10,0.8597285397225348
2024-04-14,PROP001,70,60,10,0.860367192405921
2024-04-15,PROP001,70,58,12,0.8377998460070792
2024-04-16,PROP001,70,61,9,0.8717859882109009
2024-04-17,PROP001,70,58,12,0.8425476093799547
2024-04-18,PROP001,70,60,10,0.8709409670422493
2024-04-19,PROP001,70,59,11,0.8483178493416725
2024-04-20,PROP001,70,58,12,0.8331983981249652
2024-04-21,PROP001,70,59,11,0.8456792187300105
2024-04-22,PROP001,70,60,10,0.8572504225969978
2024-04-23,PROP001,70,60,10,0.8591045868711339
2024-04-24,PROP001,70,59,11,0.8531137521416287
2024-04-25,PROP001,70,59,11,0.8497876953918669
2024-04-26,PROP001,70,59,11,0.8539920923717964
2024-04-27,PROP001,70,59,11,0.855584237764119
2024-04-28,PROP001,70,58,12,0.8351105018622519
2024-04-29,PROP001,70,59,11,0.8466625470513994
2024-04-30,PROP001,70,58,12,0.8415627663400402
2024-05-01,PROP001,70,62,8,0.8895582501284074
2024-05-02,PROP001,70,61,9,0.876244685251053
2024-05-03,PROP001,70,62,8,0.8967695855090052
2024-05-04,PROP001,70,61,9,0.8733856375709936
2024-05-05,PROP001,70,62,8,0.8900899348019868
2024-05-06,PROP001,70,62,8,0.8893664648725935
2024-05-07,PROP001,70,60,10,0.8634613616318287
2024-05-08,PROP001,70,61,9,0.8777606109428403
2024-05-09,PROP001,70,61,9,0.8852651721448468
2024-05-10,PROP001,70,62,8,0.8917670120657603
2024-05-11,PROP001,70,60,10,0.8704710160812869
2024-05-12,PROP001,70,60,10,0.8662423017758334
2024-05-13,PROP001,70,62,8,0.8858786411707322
2024-05-14,PROP001,70,62,8,0.8898127017188001
2024-05-15,PROP001,70,60,10,0.8713792993648807
2024-05-16,PROP001,70,60,10,0.8612797219168683
2024-05-17,PROP001,70,62,8,0.8950535904527956
2024-05-18,PROP001,70,61,9,0.8733355407167124
2024-05-19,PROP001,70,61,9,0.8781427138943108
2024-05-20,PROP001,70,62,8,0.8909410641095046
2024-05-21,PROP001,70,61,9,0.8844602645547828
2024-05-22,PROP001,70,62,8,0.8868413046428424
2024-05-23,PROP001,70,60,10,0.86579552470272
2024-05-24,PROP001,70,61,9,0.8790905788263141
2024-05-25,PROP001,70,61,9,0.8852640358470147
2024-05-26,PROP001,70,60,10,0.8665746607451035
2024-05-27,PROP001,70,60,10,0.8644308569570489
2024-05-28,PROP001,70,62,8,0.896719393606389
2024-05-29,PROP001,70,61,9,0.878098095524052
2024-05-30,PROP001,70,60,10,0.8678658268664279
2024-05-31,PROP001,70,62,8,0.8972828078635284
2024-06-01,PROP001,70,62,8,0.8960494339247632
2024-06-02,PROP001,70,61,9,0.8797643980174954
2024-06-03,PROP001,70,62,8,0.8927381136007851
2024-06-04,PROP001,70,60,10,0.8649809442068667
2024-06-05,PROP001,70,60,10,0.8685875139768988
2024-06-06,PROP001,70,61,9,0.8854469730721224
2024-06-07,PROP001,70,62,8,0.8912991055627437
2024-06-08,PROP001,70,62,8,0.8916856315483352
2024-06-09,PROP001,70,61,9,0.8736129849580991
2024-06-10,PROP001,70,62,8,0.8929434638236499
2024-06-11,PROP001,70,62,8,0.891469797823912
2024-06-12,PROP001,70,62,8,0.8948580596420495
2024-06-13,PROP001,70,62,8,0.8888462859177693
2024-06-14,PROP001,70,61,9,0.8841921900617806
2024-06-15,PROP001,70,61,9,0.8806601247306697
2024-06-16,PROP001,70,61,9,0.8723239705356812
2024-06-17,PROP001,70,62,8,0.8950379975715227
2024-06-18,PROP001,70,62,8,0.8963792133434242
2024-06-19,PROP001,70,60,10,0.8687894988627102
2024-06-20,PROP001,70,60,10,0.8696472142869872
2024-06-21,PROP001,70,61,9,0.8768572100166606
2024-06-22,PROP001,70,61,9,0.8753696255926614
2024-06-23,PROP001,70,62,8,0.8972109583776443
2024-06-24,PROP001,70,60,10,0.8644696699803053
2024-06-25,PROP001,70,60,10,0.8581556744178324
2024-06-26,PROP001,70,61,9,0.8771884084805489
2024-06-27,PROP001,70,60,10,0.8645855682420647
2024-06-28,PROP001,70,61,9,0.8720914112565259
2024-06-29,PROP001,70,62,8,0.887199480795474
2024-06-30,PROP001,70,62,8,0.8862702568432966
2024-07-01,PROP001,70,60,10,0.8697550915473071
2024-07-02,PROP001,70,61,9,0.8791342690954075
2024-07-03,PROP001,70,61,9,0.8777852229467619
2024-07-04,PROP001,70,61,9,0.8828859646006473
2024-07-05,PROP001,70,60,10,0.8674511326174349
2024-07-06,PROP001,70,61,9,0.8810274937756333
2024-07-07,PROP001,70,62,8,0.8965883742042119
2024-07-08,PROP001,70,61,9,0.8769023459915897
2024-07-09,PROP001,70,62,8,0.8936766113819536
2024-07-10,PROP001,70,61,9,0.8748084344936287
2024-07-11,PROP001,70,61,9,0.8714357961809985
2024-07-12,PROP001,70,61,9,0.8832367943544341
2024-07-13,PROP001,70,61,9,0.8841896222597355
2024-07-14,PROP001,70,62,8,0.8919993624760876
2024-07-15,PROP001,70,60,10,0.8666400706028737
2024-07-16,PROP001,70,61,9,0.8774003950686016
2024-07-17,PROP001,70,61,9,0.8803128278415788
2024-07-18,PROP001,70,62,8,0.8881748204454639
2024-07-19,PROP001,70,60,10,0.8591768107433888
2024-07-20,PROP001,70,62,8,0.8972146803051051
2024-07-21,PROP001,70,61,9,0.8762304404328493
2024-07-22,PROP001,70,60,10,0.8686150735450818
2024-07-23,PROP001,70,62,8,0.8927724207638619
2024-07-24,PROP001,70,62,8,0.8873414108291081
2024-07-25,PROP001,70,62,8,0.8955555337541696
2024-07-26,PROP001,70,60,10,0.870662672060032
2024-07-27,PROP001,70,61,9,0.8795432585466311
2024-07-28,PROP001,70,61,9,0.880324358640045
2024-07-29,PROP001,70,62,8,0.8966459232218533
2024-07-30,PROP001,70,60,10,0.8604465101134566
2024-07-31,PROP001,70,60,10,0.8696605406446988
2024-08-01,PROP001,70,60,10,0.8650691011192253
2024-08-02,PROP001,70,60,10,0.8681716541488178
2024-08-03,PROP001,70,61,9,0.8768438548442641
2024-08-04,PROP001,70,61,9,0.8723401345569735
2024-08-05,PROP001,70,61,9,0.8732203185455903
2024-08-06,PROP001,70,62,8,0.891201185502264
2024-08-07,PROP001,70,62,8,0.8946333332656448
2024-08-08,PROP001,70,60,10,0.8602493051071932
2024-08-09,PROP001,70,60,10,0.8657894085778259
2024-08-10,PROP001,70,61,9,0.8842784005461736
2024-08-11,PROP001,70,61,9,0.8717785311250581
2024-08-12,PROP001,70,60,10,0.867599205836001
2024-08-13,PROP001,70,60,10,0.8692442834099691
2024-08-14,PROP001,70,60,10,0.8703346904427556
2024-08-15,PROP001,70,62,8,0.8913794516701985
2024-08-16,PROP001,70,60,10,0.8628975131308927
2024-08-17,PROP001,70,62,8,0.8857890997496163
2024-08-18,PROP001,70,61,9,0.8795454589495278
2024-08-19,PROP001,70,60,10,0.8692930656191235
2024-08-20,PROP001,70,61,9,0.8742238941310626
2024-08-21,PROP001,70,60,10,0.8676809376169898
2024-08-22,PROP001,70,61,9,0.8818932083078387
2024-08-23,PROP001,70,60,10,0.8606964270892211
2024-08-24,PROP001,70,60,10,0.857640054384171
2024-08-25,PROP001,70,61,9,0.882548436471157
2024-08-26,PROP001,70,60,10,0.8652036180136932
2024-08-27,PROP001,70,60,10,0.8602702965532086
2024-08-28,PROP001,70,61,9,0.8733040129617671
2024-08-29,PROP001,70,60,10,0.8594634011147874
2024-08-30,PROP001,70,62,8,0.8928973458312379
2024-08-31,PROP001,70,60,10,0.8585373307481597
2024-09-01,PROP001,70,59,11,0.8550309646292455
2024-09-02,PROP001,70,59,11,0.8494153337296667
2024-09-03,PROP001,70,60,10,0.8587574142207512
2024-09-04,PROP001,70,59,11,0.8450024755079325
2024-09-05,PROP001,70,58,12,0.838078033478053
2024-09-06,PROP001,70,60,10,0.8711500043413645
2024-09-07,PROP001,70,60,10,0.8654337088917178
2024-09-08,PROP001,70,60,10,0.8662925535414102
2024-09-09,PROP001,70,58,12,0.8418864232295779
2024-09-10,PROP001,70,58,12,0.8334297581861202
2024-09-11,PROP001,70,59,11,0.8440069893958722
2024-09-12,PROP001,70,59,11,0.8533596658968094
2024-09-13,PROP001,70,59,11,0.8449424184807849
2024-09-14,PROP001,70,60,10,0.8649911289604468
2024-09-15,PROP001,70,58,12,0.8427380854417329
2024-09-16,PROP001,70,60,10,0.870486442024574
2024-09-17,PROP001,70,59,11,0.8501669752734924
2024-09-18,PROP001,70,60,10,0.8655572918094225
2024-09-19,PROP001,70,58,12,0.8396515701687381
2024-09-20,PROP001,70,59,11,0.8483305250112104
2024-09-21,PROP001,70,60,10,0.859856857239631
2024-09-22,PROP001,70,58,12,0.8374104925056552
2024-09-23,PROP001,70,58,12,0.837186185698662
2024-09-24,PROP001,70,60,10,0.8706578434935096
2024-09-25,PROP001,70,60,10,0.8604601729761413
2024-09-26,PROP001,70,58,12,0.8335190694796583
2024-09-27,PROP001,70,59,11,0.8478292048667351
2024-09-28,PROP001,70,59,11,0.8492171983121729
2024-09-29,PROP001,70,60,10,0.8616380745289078
2024-09-30,PROP001,70,58,12,0.8419107899028097
2024-10-01,PROP001,70,58,12,0.8392497157821981
2024-10-02,PROP001,70,58,12,0.8351112874736312
2024-10-03,PROP001,70,59,11,0.8490089478065476
2024-10-04,PROP001,70,60,10,0.8594163648395579
2024-10-05,PROP001,70,58,12,0.834204112629281
2024-10-06,PROP001,70,60,10,0.8684849179140025
2024-10-07,PROP001,70,59,11,0.8495704579981874
2024-10-08,PROP001,70,58,12,0.8414678631752394
2024-10-09,PROP001,70,58,12,0.8356313004121949
2024-10-10,PROP001,70,58,12,0.8391910086932355
2024-10-11,PROP001,70,60,10,0.8692609287025316
2024-10-12,PROP001,70,60,10,0.8574071925626773
2024-10-13,PROP001,70,59,11,0.8525442191060059
2024-10-14,PROP001,70,60,10,0.8581608219489499
2024-10-15,PROP001,70,59,11,0.8493032847560589
2024-10-16,PROP001,70,60,10,0.861077941471416
2024-10-17,PROP001,70,58,12,0.8337850139166092
2024-10-18,PROP001,70,59,11,0.8545178572287063
2024-10-19,PROP001,70,58,12,0.8382222267146429
2024-10-20,PROP001,70,58,12,0.8366829547211689
2024-10-21,PROP001,70,59,11,0.8455515554775993
2024-10-22,PROP001,70,58,12,0.8355483314414809
2024-10-23,PROP001,70,58,12,0.8356426483396856
2024-10-24,PROP001,70,59,11,0.844332901184595
2024-10-25,PROP001,70,60,10,0.8710567899538035
2024-10-26,PROP001,70,58,12,0.8388895796045168
2024-10-27,PROP001,70,58,12,0.8325628128822132
2024-10-28,PROP001,70,60,10,0.8624109457290997
2024-10-29,PROP001,70,60,10,0.8641528878909744
2024-10-30,PROP001,70,59,11,0.8457285416525193
2024-10-31,PROP001,70,59,11,0.8504633213265277
2024-11-01,PROP001,70,58,12,0.8323110250503855
2024-11-02,PROP001,70,56,14,0.8082424347125563
2024-11-03,PROP001,70,59,11,0.8442859070083304
2024-11-04,PROP001,70,58,12,0.8417872932365968
2024-11-05,PROP001,70,57,13,0.8167558226783436
2024-11-06,PROP001,70,56,14,0.8069322593562903
2024-11-07,PROP001,70,59,11,0.8436575300678543
2024-11-08,PROP001,70,57,13,0.8263616731012854
2024-11-09,PROP001,70,57,13,0.8278951756806775
2024-11-10,PROP001,70,58,12,0.8336786285206006
2024-11-11,PROP001,70,58,12,0.8309541243202715
2024-11-12,PROP001,70,59,11,0.8440757419271052
2024-11-13,PROP001,70,59,11,0.8440901416296817
2024-11-14,PROP001,70,58,12,0.8410080350868752
2024-11-15,PROP001,70,58,12,0.8317762216425154
2024-11-16,PROP001,70,58,12,0.838358049531971
2024-11-17,PROP001,70,58,12,0.8334068114399943
2024-11-18,PROP001,70,58,12,0.8292547594115524
2024-11-19,PROP001,70,56,14,0.8114600918740313
2024-11-20,PROP001,70,58,12,0.838768244814115
2024-11-21,PROP001,70,58,12,0.8391456567744332
2024-11-22,PROP001,70,58,12,0.8313576645487379
2024-11-23,PROP001,70,58,12,0.8391371514955257
2024-11-24,PROP001,70,58,12,0.8323794686189865
2024-11-25,PROP001,70,57,13,0.8145874521397448
2024-11-26,PROP001,70,57,13,0.8172785228375203
2024-11-27,PROP001,70,57,13,0.81490364253301
2024-11-28,PROP001,70,57,13,0.821410441073794
2024-11-29,PROP001,70,56,14,0.8078786030370844
2024-11-30,PROP001,70,58,12,0.8310502331181907
2024-12-01,PROP001,70,57,13,0.819782246340224
2024-12-02,PROP001,70,58,12,0.8325489831599047
2024-12-03,PROP001,70,57,13,0.8217359425832976
2024-12-04,PROP001,70,58,12,0.8335846245035866
2024-12-05,PROP001,70,57,13,0.8199450605232446
2024-12-06,PROP001,70,57,13,0.816747858874111
2024-12-07,PROP001,70,57,13,0.8261615759164113
2024-12-08,PROP001,70,58,12,0.8340356920923525
2024-12-09,PROP001,70,57,13,0.8202535419228029
2024-12-10,PROP001,70,59,11,0.8437860038189032
2024-12-11,PROP001,70,56,14,0.8078875308117008
2024-12-12,PROP001,70,57,13,0.8230379190132981
2024-12-13,PROP001,70,59,11,0.8450232998054849
2024-12-14,PROP001,70,57,13,0.8282389530745985
2024-12-15,PROP001,70,57,13,0.8232589154369997
2024-12-16,PROP001,70,58,12,0.8290608890946733
2024-12-17,PROP001,70,58,12,0.8293570607549984
2024-12-18,PROP001,70,58,12,0.8355859879566606
2024-12-19,PROP001,70,56,14,0.8114276669215736
2024-12-20,PROP001,70,57,13,0.8163207357133192
2024-12-21,PROP001,70,58,12,0.8295418382384314
2024-12-22,PROP001,70,58,12,0.8410047420330639
2024-12-23,PROP001,70,58,12,0.828794745430426
2024-12-24,PROP001,70,57,13,0.8158639521362886
2024-12-25,PROP001,70,58,12,0.8335138689406848
2024-12-26,PROP001,70,58,12,0.83591642816257
2024-12-27,PROP001,70,57,13,0.8158495238408342
2024-12-28,PROP001,70,57,13,0.8214292331917268
2024-12-29,PROP001,70,57,13,0.8276931766858975
2024-12-30,PROP001,70,57,13,0.8261825253719981
2024-12-31,PROP001,70,57,13,0.8219048011934431
2025-01-01,PROP001,70,57,13,0.8182254847250474
2025-01-02,PROP001,70,56,14,0.8103194732311495
2025-01-03,PROP001,70,56,14,0.8084594896145697
2025-01-04,PROP001,70,59,11,0.844661737620003
2025-01-05,PROP001,70,58,12,0.8402058035084986
2025-01-06,PROP001,70,57,13,0.8205162853631838
2025-01-07,PROP001,70,59,11,0.8445921131497333
2025-01-08,PROP001,70,58,12,0.8333908739216471
2025-01-09,PROP001,70,57,13,0.8256209157303807
2025-01-10,PROP001,70,57,13,0.8260411040555472
2025-01-11,PROP001,70,56,14,0.8096514541924854
2025-01-12,PROP001,70,56,14,0.8099882436350142
2025-01-13,PROP001,70,58,12,0.8304177147807197
2025-01-14,PROP001,70,57,13,0.8284681998385071
2025-01-15,PROP001,70,57,13,0.8148291935456441
2025-01-16,PROP001,70,59,11,0.8441678594599425
2025-01-17,PROP001,70,58,12,0.8375719197635231
2025-01-18,PROP001,70,56,14,0.8108586618253729
2025-01-19,PROP001,70,59,11,0.8435572419721666
2025-01-20,PROP001,70,59,11,0.8452900060860514
2025-01-21,PROP001,70,59,11,0.8461573274258881
2025-01-22,PROP001,70,56,14,0.808554923931769
2025-01-23,PROP001,70,58,12,0.8358015000163154
2025-01-24,PROP001,70,57,13,0.8281567085512745
2025-01-25,PROP001,70,58,12,0.8345533370998227
2025-01-26,PROP001,70,59,11,0.8450661555036404
2025-01-27,PROP001,70,58,12,0.8338412781516765
2025-01-28,PROP001,70,58,12,0.8397986327141699
2025-01-29,PROP001,70,58,12,0.8409948259571086
2025-01-30,PROP001,70,58,12,0.8398593082952344
2025-01-31,PROP001,70,57,13,0.8233637367465526
2024-02-01,PROP002,127,110,17,0.8725752341866937
2024-02-02,PROP002,127,113,14,0.8923850464595947
2024-02-03,PROP002,127,109,18,0.8625733629762047
2024-02-04,PROP002,127,111,16,0.8772422168562194
2024-02-05,PROP002,127,109,18,0.8660382930055048
2024-02-06,PROP002,127,111,16,0.879961386797595
2024-02-07,PROP002,127,113,14,0.8912347109880838
2024-02-08,PROP002,127,113,14,0.8919235688540603
2024-02-09,PROP002,127,110,17,0.8661765778558068
2024-02-10,PROP002,127,113,14,0.8930169183624656
2024-02-11,PROP002,127,111,16,0.880384719661375
2024-02-12,PROP002,127,110,17,0.8707178999765363
2024-02-13,PROP002,127,112,15,0.8850364179318516
2024-02-14,PROP002,127,111,16,0.8759758496270883
2024-02-15,PROP002,127,110,17,0.8718286737134139
2024-02-16,PROP002,127,112,15,0.88491254468039
2024-02-17,PROP002,127,110,17,0.8666581362857352
2024-02-18,PROP002,127,110,17,0.8699192712692876
2024-02-19,PROP002,127,111,16,0.8740872438880545
2024-02-20,PROP002,127,110,17,0.8668564570634493
2024-02-21,PROP002,127,110,17,0.8729172535797803
2024-02-22,PROP002,127,111,16,0.8795680911167241
2024-02-23,PROP002,127,112,15,0.8863481245449504
2024-02-24,PROP002,127,112,15,0.8873969642328665
2024-02-25,PROP002,127,112,15,0.8896207841835914
2024-02-26,PROP002,127,112,15,0.8864776363862555
2024-02-27,PROP002,127,112,15,0.8839507471924001
2024-02-28,PROP002,127,110,17,0.8662094289602225
2024-02-29,PROP002,127,110,17,0.8727180858234047
2024-03-01,PROP002,127,111,16,0.8758177657437328
2024-03-02,PROP002,127,109,18,0.8600248229762578
2024-03-03,PROP002,127,111,16,0.877843974960412
2024-03-04,PROP002,127,111,16,0.874162603372786
2024-03-05,PROP002,127,112,15,0.888793540069593
2024-03-06,PROP002,127,113,14,0.8958251968586946
2024-03-07,PROP002,127,111,16,0.878949371654227
2024-03-08,PROP002,127,110,17,0.869616625639627
2024-03-09,PROP002,127,109,18,0.8584452014404506
2024-03-10,PROP002,127,113,14,0.8936949033174675
2024-03-11,PROP002,127,113,14,0.89347379871967
2024-03-12,PROP002,127,110,17,0.8668287768280933
2024-03-13,PROP002,127,112,15,0.8845256150327896
2024-03-14,PROP002,127,109,18,0.8597265519921145
2024-03-15,PROP002,127,109,18,0.8633577873848938
2024-03-16,PROP002,127,109,18,0.8653815343719833
2024-03-17,PROP002,127,110,17,0.8684889279821009
2024-03-18,PROP002,127,113,14,0.8965424251096985
2024-03-19,PROP002,127,112,15,0.8845861723430762
2024-03-20,PROP002,127,110,17,0.8720772433636925
2024-03-21,PROP002,127,112,15,0.8861931983422444
2024-03-22,PROP002,127,113,14,0.8933193437752879
2024-03-23,PROP002,127,113,14,0.8950572664048375
2024-03-24,PROP002,127,109,18,0.8590237260188319
2024-03-25,PROP002,127,110,17,0.8724900420528489
2024-03-26,PROP002,127,109,18,0.860979412745959
2024-03-27,PROP002,127,110,17,0.8701355727004022
2024-03-28,PROP002,127,109,18,0.8634963662643463
2024-03-29,PROP002,127,112,15,0.8825831045752727
2024-03-30,PROP002,127,110,17,0.8722399054681186
2024-03-31,PROP002,127,109,18,0.8658849599367217
2024-04-01,PROP002,127,110,17,0.8673466871070933
2024-04-02,PROP002,127,110,17,0.8711229739167344
2024-04-03,PROP002,127,110,17,0.8671071646226942
2024-04-04,PROP002,127,111,16,0.8748388039816769
2024-04-05,PROP002,127,108,19,0.8580018081529097
2024-04-06,PROP002,127,110,17,0.8678997103952815
2024-04-07,PROP002,127,110,17,0.8731574389434111
2024-04-08,PROP002,127,111,16,0.8808204453894556
2024-04-09,PROP002,127,110,17,0.8675474758091288
2024-04-10,PROP002,127,109,18,0.8620365751174737
2024-04-11,PROP002,127,109,18,0.8597571852924902
2024-04-12,PROP002,127,113,14,0.8943304431939391
2024-04-13,PROP002,127,110,17,0.8733747324180628
2024-04-14,PROP002,127,111,16,0.8799556749557568
2024-04-15,PROP002,127,113,14,0.893476232181946
2024-04-16,PROP002,127,109,18,0.8600191069099359
2024-04-17,PROP002,127,113,14,0.8917756295455553
2024-04-18,PROP002,127,111,16,0.8787726850102865
2024-04-19,PROP002,127,109,18,0.8633025405540037
2024-04-20,PROP002,127,110,17,0.8731593747719384
2024-04-21,PROP002,127,112,15,0.8878132614579327
2024-04-22,PROP002,127,111,16,0.8759239733831778
2024-04-23,PROP002,127,113,14,0.8961206121351438
2024-04-24,PROP002,127,110,17,0.8717787289060414
2024-04-25,PROP002,127,112,15,0.8866923021075666
2024-04-26,PROP002,127,110,17,0.872428748067678
2024-04-27,PROP002,127,113,14,0.8898757389367843
2024-04-28,PROP002,127,111,16,0.8794724288751535
2024-04-29,PROP002,127,109,18,0.8592496432921237
2024-04-30,PROP002,127,108,19,0.8581820448139633
2024-05-01,PROP002,127,112,15,0.8883645299638048
2024-05-02,PROP002,127,112,15,0.8835573238048593
2024-05-03,PROP002,127,112,15,0.8860248076258779
2024-05-04,PROP002,127,115,12,0.9106790210985359
2024-05-05,PROP002,127,114,13,0.9043842962129579
2024-05-06,PROP002,127,115,12,0.9130068751905783
2024-05-07,PROP002,127,116,11,0.9195370753020852
2024-05-08,PROP002,127,115,12,0.9064164265047983
2024-05-09,PROP002,127,115,12,0.9120552789746533
2024-05-10,PROP002,127,115,12,0.9132936932934776
2024-05-11,PROP002,127,114,13,0.8981244671828109
2024-05-12,PROP002,127,113,14,0.8926538385049647
2024-05-13,PROP002,127,113,14,0.8912122583520404
2024-05-14,PROP002,127,113,14,0.8930681427922513
2024-05-15,PROP002,127,113,14,0.8939997170928158
2024-05-16,PROP002,127,113,14,0.8912995511721017
2024-05-17,PROP002,127,116,11,0.9181392719109471
2024-05-18,PROP002,127,115,12,0.9132904104986685
2024-05-19,PROP002,127,112,15,0.8848863039234283
2024-05-20,PROP002,127,113,14,0.8937573444927918
2024-05-21,PROP002,127,112,15,0.8838978348929915
2024-05-22,PROP002,127,114,13,0.9029370526776151
2024-05-23,PROP002,127,114,13,0.90205887308334
2024-05-24,PROP002,127,116,11,0.9162653048142795
2024-05-25,PROP002,127,113,14,0.8953215348026214
2024-05-26,PROP002,127,116,11,0.9156658746203019
2024-05-27,PROP002,127,117,10,0.9217293958293723
2024-05-28,PROP002,127,112,15,0.8865467741464053
2024-05-29,PROP002,127,116,11,0.9146831587905647
2024-05-30,PROP002,127,115,12,0.9066086810972849
2024-05-31,PROP002,127,114,13,0.9022122838925184
2024-06-01,PROP002,127,114,13,0.8998318763583825
2024-06-02,PROP002,127,116,11,0.9143971757695518
2024-06-03,PROP002,127,115,12,0.9085848994907492
2024-06-04,PROP002,127,116,11,0.9152122319125539
2024-06-05,PROP002,127,116,11,0.9191364875588445
2024-06-06,PROP002,127,115,12,0.9077009936956711
2024-06-07,PROP002,127,117,10,0.9222289542154746
2024-06-08,PROP002,127,115,12,0.9073339591934548
2024-06-09,PROP002,127,115,12,0.9084762180766707
2024-06-10,PROP002,127,114,13,0.9052030695534684
2024-06-11,PROP002,127,112,15,0.8866505288538327
2024-06-12,PROP002,127,115,12,0.9120663265177885
2024-06-13,PROP002,127,114,13,0.9049082974877439
2024-06-14,PROP002,127,114,13,0.9010468631084236
2024-06-15,PROP002,127,116,11,0.9194292963479104
2024-06-16,PROP002,127,113,14,0.8949288232734575
2024-06-17,PROP002,127,114,13,0.9039545362523799
2024-06-18,PROP002,127,115,12,0.910916120071518
2024-06-19,PROP002,127,116,11,0.9148693162387345
2024-06-20,PROP002,127,114,13,0.9013843175296263
2024-06-21,PROP002,127,116,11,0.9166941018125279
2024-06-22,PROP002,127,116,11,0.9137671548643953
2024-06-23,PROP002,127,112,15,0.8856598843258541
2024-06-24,PROP002,127,112,15,0.8848448958679648
2024-06-25,PROP002,127,115,12,0.907842672588663
2024-06-26,PROP002,127,113,14,0.896906981540796
2024-06-27,PROP002,127,113,14,0.89137567685492
2024-06-28,PROP002,127,115,12,0.9061964425906489
2024-06-29,PROP002,127,113,14,0.8966729736300412
2024-06-30,PROP002,127,114,13,0.9045009818803422
2024-07-01,PROP002,127,114,13,0.9014152115711223
2024-07-02,PROP002,127,115,12,0.9064010894497456
2024-07-03,PROP002,127,114,13,0.8990224647681907
2024-07-04,PROP002,127,115,12,0.9109171481596567
2024-07-05,PROP002,127,113,14,0.8902131361057514
2024-07-06,PROP002,127,115,12,0.9108705038608625
2024-07-07,PROP002,127,114,13,0.8994768937860805
2024-07-08,PROP002,127,116,11,0.9179831494059562
2024-07-09,PROP002,127,114,13,0.9036198874063479
2024-07-10,PROP002,127,117,10,0.9219348591825836
2024-07-11,PROP002,127,115,12,0.9070878610334179
2024-07-12,PROP002,127,113,14,0.8919644078480322
2024-07-13,PROP002,127,116,11,0.9158820706855574
2024-07-14,PROP002,127,113,14,0.8968137503246749
2024-07-15,PROP002,127,113,14,0.8969152137910867
2024-07-16,PROP002,127,112,15,0.884282632471186
2024-07-17,PROP002,127,114,13,0.9049590575800758
2024-07-18,PROP002,127,114,13,0.9043873853610803
2024-07-19,PROP002,127,113,14,0.8972501045826589
2024-07-20,PROP002,127,116,11,0.9187791357276165
2024-07-21,PROP002,127,112,15,0.8881603811437652
2024-07-22,PROP002,127,113,14,0.8962144257441856
2024-07-23,PROP002,127,113,14,0.8958737557989805
2024-07-24,PROP002,127,112,15,0.8867020686609293
2024-07-25,PROP002,127,114,13,0.9022562609740311
2024-07-26,PROP002,127,115,12,0.9105218338956227
2024-07-27,PROP002,127,114,13,0.9034767257536699
2024-07-28,PROP002,127,112,15,0.8892895525204272
2024-07-29,PROP002,127,114,13,0.8981018838214623
2024-07-30,PROP002,127,112,15,0.8831142461871253
2024-07-31,PROP002,127,116,11,0.9177424894932029
2024-08-01,PROP002,127,112,15,0.8863911255190067
2024-08-02,PROP002,127,115,12,0.9069015685019967
2024-08-03,PROP002,127,117,10,0.922460725046452
2024-08-04,PROP002,127,114,13,0.9044740710512728
2024-08-05,PROP002,127,116,11,0.9199721155760767
2024-08-06,PROP002,127,113,14,0.8924551065364756
2024-08-07,PROP002,127,116,11,0.9134086615692828
2024-08-08,PROP002,127,114,13,0.9042610753707208
2024-08-09,PROP002,127,115,12,0.911831087667438
2024-08-10,PROP002,127,112,15,0.8855040997122291
2024-08-11,PROP002,127,112,15,0.8889200088880285
2024-08-12,PROP002,127,112,15,0.8883351223552786
2024-08-13,PROP002,127,115,12,0.9104970654279126
2024-08-14,PROP002,127,116,11,0.9167880721171245
2024-08-15,PROP002,127,115,12,0.9129950944921229
2024-08-16,PROP002,127,112,15,0.8842293313211231
2024-08-17,PROP002,127,116,11,0.9176990444547684
2024-08-18,PROP002,127,113,14,0.8971763120435045
2024-08-19,PROP002,127,114,13,0.8988969985119427
2024-08-20,PROP002,127,112,15,0.8872052118730787
2024-08-21,PROP002,127,115,12,0.9125066534555322
2024-08-22,PROP002,127,113,14,0.8903018003508177
2024-08-23,PROP002,127,115,12,0.9055690488925329
2024-08-24,PROP002,127,116,11,0.9166388446468967
2024-08-25,PROP002,127,112,15,0.8865786183602616
2024-08-26,PROP002,127,114,13,0.9044238677724004
2024-08-27,PROP002,127,113,14,0.8923391016737715
2024-08-28,PROP002,127,113,14,0.8967275197829099
2024-08-29,PROP002,127,114,13,0.9019692428690017
2024-08-30,PROP002,127,113,14,0.8972146173429516
2024-08-31,PROP002,127,115,12,0.9089633588234425
2024-09-01,PROP002,127,111,16,0.8758924541786937
2024-09-02,PROP002,127,111,16,0.8800771494970905
2024-09-03,PROP002,127,112,15,0.8861820691243202
2024-09-04,PROP002,127,111,16,0.8790188607465411
2024-09-05,PROP002,127,111,16,0.880170587494954
2024-09-06,PROP002,127,111,16,0.8792875118094293
2024-09-07,PROP002,127,110,17,0.8718600751465753
2024-09-08,PROP002,127,110,17,0.8702070434634004
2024-09-09,PROP002,127,113,14,0.8926950659943241
2024-09-10,PROP002,127,111,16,0.8810113790002666
2024-09-11,PROP002,127,110,17,0.8664832963271099
2024-09-12,PROP002,127,111,16,0.8766390780224813
2024-09-13,PROP002,127,110,17,0.8699231093597602
2024-09-14,PROP002,127,113,14,0.8940568430589186
2024-09-15,PROP002,127,108,19,0.8570105446338867
2024-09-16,PROP002,127,109,18,0.8657224820170248
2024-09-17,PROP002,127,110,17,0.871323442895486
2024-09-18,PROP002,127,111,16,0.8762215621408732
2024-09-19,PROP002,127,113,14,0.8907418708219695
2024-09-20,PROP002,127,109,18,0.8602246750901295
2024-09-21,PROP002,127,112,15,0.8889437655781695
2024-09-22,PROP002,127,109,18,0.8589353096828027
2024-09-23,PROP002,127,113,14,0.890401731520451
2024-09-24,PROP002,127,109,18,0.8587745892235041
2024-09-25,PROP002,127,108,19,0.8574388693656582
2024-09-26,PROP002,127,112,15,0.8845876286031805
2024-09-27,PROP002,127,113,14,0.8965993914992595
2024-09-28,PROP002,127,113,14,0.8925735806274845
2024-09-29,PROP002,127,111,16,0.87974910682075
2024-09-30,PROP002,127,113,14,0.8934049946319449
2024-10-01,PROP002,127,108,19,0.8569211703644279
2024-10-02,PROP002,127,113,14,0.8957118566263294
2024-10-03,PROP002,127,111,16,0.876339121278875
2024-10-04,PROP002,127,112,15,0.8856250139733947
2024-10-05,PROP002,127,112,15,0.8895436290346578
2024-10-06,PROP002,127,112,15,0.8854474609419858
2024-10-07,PROP002,127,111,16,0.8781106393903201
2024-10-08,PROP002,127,111,16,0.8757739494735801
2024-10-09,PROP002,127,113,14,0.8902524724566286
2024-10-10,PROP002,127,109,18,0.8649122725145021
2024-10-11,PROP002,127,113,14,0.8954289327686931
2024-10-12,PROP002,127,112,15,0.8851472692619936
2024-10-13,PROP002,127,109,18,0.8646894472020564
2024-10-14,PROP002,127,112,15,0.8861590574564632
2024-10-15,PROP002,127,111,16,0.8779027710357683
2024-10-16,PROP002,127,112,15,0.8849983739343015
2024-10-17,PROP002,127,112,15,0.8874203501662372
2024-10-18,PROP002,127,109,18,0.8602007772921106
2024-10-19,PROP002,127,111,16,0.8769533283628975
2024-10-20,PROP002,127,113,14,0.893989743798801
2024-10-21,PROP002,127,110,17,0.8695348577949042
2024-10-22,PROP002,127,111,16,0.8804644940108396
2024-10-23,PROP002,127,110,17,0.8714783893689195
2024-10-24,PROP002,127,111,16,0.8748798889972876
2024-10-25,PROP002,127,111,16,0.8786532948260498
2024-10-26,PROP002,127,111,16,0.8786660493040828
2024-10-27,PROP002,127,109,18,0.8647783886017331
2024-10-28,PROP002,127,112,15,0.884092032023717
2024-10-29,PROP002,127,109,18,0.8602238945582299
2024-10-30,PROP002,127,109,18,0.8622621610462045
2024-10-31,PROP002,127,108,19,0.8568176060850968
2024-11-01,PROP002,127,106,21,0.8350757375709352
2024-11-02,PROP002,127,107,20,0.8493345430473436
2024-11-03,PROP002,127,108,19,0.8546519702475015
2024-11-04,PROP002,127,109,18,0.8621794730039264
2024-11-05,PROP002,127,106,21,0.8346758650098054
2024-11-06,PROP002,127,109,18,0.8644369934059261
2024-11-07,PROP002,127,109,18,0.8602468760272166
2024-11-08,PROP002,127,107,20,0.8467486267227046
2024-11-09,PROP002,127,110,17,0.8677254176892661
2024-11-10,PROP002,127,110,17,0.8700450740635636
2024-11-11,PROP002,127,106,21,0.8386079674073974
2024-11-12,PROP002,127,107,20,0.8455770384038199
2024-11-13,PROP002,127,110,17,0.8674658719488564
2024-11-14,PROP002,127,109,18,0.859271757035319
2024-11-15,PROP002,127,105,22,0.8323316807638315
2024-11-16,PROP002,127,109,18,0.8616684742753246
2024-11-17,PROP002,127,109,18,0.8635255304923676
2024-11-18,PROP002,127,109,18,0.8604279719958805
2024-11-19,PROP002,127,109,18,0.8623893802420486
2024-11-20,PROP002,127,109,18,0.8634132020729798
2024-11-21,PROP002,127,106,21,0.8378640944767937
2024-11-22,PROP002,127,106,21,0.8398355648478679
2024-11-23,PROP002,127,108,19,0.855758237554075
2024-11-24,PROP002,127,110,17,0.8667225402237686
2024-11-25,PROP002,127,107,20,0.8430557582971278
2024-11-26,PROP002,127,108,19,0.8539401620370702
2024-11-27,PROP002,127,108,19,0.8577271775419533
2024-11-28,PROP002,127,107,20,0.8484858390572295
2024-11-29,PROP002,127,109,18,0.858959193199481
2024-11-30,PROP002,127,110,17,0.8663945928169549
2024-12-01,PROP002,127,108,19,0.8553719567725414
2024-12-02,PROP002,127,108,19,0.8519991374818533
2024-12-03,PROP002,127,107,20,0.8479576820208015
2024-12-04,PROP002,127,108,19,0.853507345841513
2024-12-05,PROP002,127,107,20,0.8446223930780038
2024-12-06,PROP002,127,107,20,0.846067179413328
2024-12-07,PROP002,127,108,19,0.8516821941927949
2024-12-08,PROP002,127,105,22,0.8330726595009006
2024-12-09,PROP002,127,106,21,0.8395689106422598
2024-12-10,PROP002,127,108,19,0.8521218674298042
2024-12-11,PROP002,127,107,20,0.8476690207307256
2024-12-12,PROP002,127,107,20,0.8437205264417673
2024-12-13,PROP002,127,109,18,0.85962986047764
2024-12-14,PROP002,127,108,19,0.8581565993014014
2024-12-15,PROP002,127,106,21,0.8370771254050032
2024-12-16,PROP002,127,109,18,0.8655530596202055
2024-12-17,PROP002,127,107,20,0.8502248400614265
2024-12-18,PROP002,127,109,18,0.8600663314508298
2024-12-19,PROP002,127,108,19,0.8533339289755635
2024-12-20,PROP002,127,110,17,0.8703155996422216
2024-12-21,PROP002,127,109,18,0.8605040198068208
2024-12-22,PROP002,127,109,18,0.8586871134550063
2024-12-23,PROP002,127,109,18,0.861550772567298
2024-12-24,PROP002,127,106,21,0.8361330144272067
2024-12-25,PROP002,127,106,21,0.8385896787320465
2024-12-26,PROP002,127,109,18,0.8589704582942125
2024-12-27,PROP002,127,107,20,0.8501671544905024
2024-12-28,PROP002,127,109,18,0.8605933066796726
2024-12-29,PROP002,127,105,22,0.8345245362350338
2024-12-30,PROP002,127,108,19,0.8518671490646517
2024-12-31,PROP002,127,107,20,0.8455607576275446
2025-01-01,PROP002,127,107,20,0.848687903776535
2025-01-02,PROP002,127,108,19,0.8545662098881684
2025-01-03,PROP002,127,108,19,0.8504994289037692
2025-01-04,PROP002,127,108,19,0.8520023204897814
2025-01-05,PROP002,127,107,20,0.8498621942850922
2025-01-06,PROP002,127,107,20,0.8467661020886876
2025-01-07,PROP002,127,109,18,0.8612831742291978
2025-01-08,PROP002,127,105,22,0.8308960178979897
2025-01-09,PROP002,127,108,19,0.854345603053477
2025-01-10,PROP002,127,108,19,0.8530282288981869
2025-01-11,PROP002,127,109,18,0.859055057994586
2025-01-12,PROP002,127,108,19,0.8543690695963609
2025-01-13,PROP002,127,109,18,0.863479848117631
2025-01-14,PROP002,127,110,17,0.868770886787829
2025-01-15,PROP002,127,107,20,0.8441088652924097
2025-01-16,PROP002,127,106,21,0.8395019343264674
2025-01-17,PROP002,127,107,20,0.8473517695020872
2025-01-18,PROP002,127,106,21,0.841925079664297
2025-01-19,PROP002,127,108,19,0.8550059055313741
2025-01-20,PROP002,127,110,17,0.8668819913589865
2025-01-21,PROP002,127,106,21,0.8359725427709904
2025-01-22,PROP002,127,105,22,0.8344396791259033
2025-01-23,PROP002,127,106,21,0.8406485162794144
2025-01-24,PROP002,127,109,18,0.8594517184477639
2025-01-25,PROP002,127,108,19,0.8541264112156208
2025-01-26,PROP002,127,105,22,0.834496401574276
2025-01-27,PROP002,127,110,17,0.8671579158956978
2025-01-28,PROP002,127,109,18,0.8620112804902313
2025-01-29,PROP002,127,105,22,0.8313287991967734
2025-01-30,PROP002,127,108,19,0.8564625834447978
2025-01-31,PROP002,127,109,18,0.8612577617460574
2024-02-01,PROP003,74,64,10,0.8776891059411394
2024-02-02,PROP003,74,64,10,0.878025086986002
2024-02-03,PROP003,74,65,9,0.879102123008523
2024-02-04,PROP003,74,67,7,0.9085498296456676
2024-02-05,PROP003,74,67,7,0.9113596922966791
2024-02-06,PROP003,74,65,9,0.8798446756402799
2024-02-07,PROP003,74,65,9,0.8843684857502538
2024-02-08,PROP003,74,65,9,0.8815530647811421
2024-02-09,PROP003,74,65,9,0.8823850795462154
2024-02-10,PROP003,74,67,7,0.9084318759265503
2024-02-11,PROP003,74,65,9,0.8882181008726482
2024-02-12,PROP003,74,65,9,0.8873900149282762
2024-02-13,PROP003,74,65,9,0.8840280692015351
2024-02-14,PROP003,74,66,8,0.8992480201182209
2024-02-15,PROP003,74,65,9,0.8901044723018725
2024-02-16,PROP003,74,66,8,0.9047022304401822
2024-02-17,PROP003,74,65,9,0.8831554367014761
2024-02-18,PROP003,74,67,7,0.9064438399150303
2024-02-19,PROP003,74,66,8,0.8990811056356561
2024-02-20,PROP003,74,65,9,0.879502936368678
2024-02-21,PROP003,74,65,9,0.8915124277345957
2024-02-22,PROP003,74,67,7,0.9094729699909688
2024-02-23,PROP003,74,67,7,0.91185065363839
2024-02-24,PROP003,74,66,8,0.8935602492592031
2024-02-25,PROP003,74,66,8,0.8941657234900136
2024-02-26,PROP003,74,67,7,0.9116704333640226
2024-02-27,PROP003,74,66,8,0.8984149733319132
2024-02-28,PROP003,74,64,10,0.8762461111761881
2024-02-29,PROP003,74,67,7,0.9114422228816157
2024-03-01,PROP003,74,65,9,0.8848613020767366
2024-03-02,PROP003,74,66,8,0.8980375225301125
2024-03-03,PROP003,74,65,9,0.8815527770635695
2024-03-04,PROP003,74,64,10,0.8762874107763143
2024-03-05,PROP003,74,65,9,0.8873911712117609
2024-03-06,PROP003,74,67,7,0.9061520726682941
2024-03-07,PROP003,74,65,9,0.8860357312716273
2024-03-08,PROP003,74,65,9,0.8837361329296944
2024-03-09,PROP003,74,65,9,0.8834394757400996
2024-03-10,PROP003,74,66,8,0.8955391916627231
2024-03-11,PROP003,74,67,7,0.9139538969937608
2024-03-12,PROP003,74,66,8,0.8932918038871311
2024-03-13,PROP003,74,66,8,0.8972244591220525
2024-03-14,PROP003,74,67,7,0.9093575250820799
2024-03-15,PROP003,74,66,8,0.8963350331237969
2024-03-16,PROP003,74,65,9,0.8823107592232048
2024-03-17,PROP003,74,65,9,0.8869160808371097
2024-03-18,PROP003,74,65,9,0.887329721417195
2024-03-19,PROP003,74,65,9,0.8908249689847545
2024-03-20,PROP003,74,66,8,0.8920038005799206
2024-03-21,PROP003,74,67,7,0.9069235252494213
2024-03-22,PROP003,74,65,9,0.8889077243284239
2024-03-23,PROP003,74,66,8,0.8936615175041057
2024-03-24,PROP003,74,66,8,0.8999312838484926
2024-03-25,PROP003,74,65,9,0.8900412822640573
2024-03-26,PROP003,74,67,7,0.9083948368981439
2024-03-27,PROP003,74,66,8,0.8984303885358136
2024-03-28,PROP003,74,65,9,0.8866940315352895
2024-03-29,PROP003,74,66,8,0.9034946123580437
2024-03-30,PROP003,74,66,8,0.896038153572242
2024-03-31,PROP003,74,66,8,0.8963104800167404
2024-04-01,PROP003,74,66,8,0.8941757623019541
2024-04-02,PROP003,74,66,8,0.8948127223193005
2024-04-03,PROP003,74,67,7,0.9055464956091002
2024-04-04,PROP003,74,65,9,0.8790515035397032
2024-04-05,PROP003,74,65,9,0.8883067568188698
2024-04-06,PROP003,74,64,10,0.8779523789186061
2024-04-07,PROP003,74,66,8,0.9050620931963486
2024-04-08,PROP003,74,65,9,0.8858243185552626
2024-04-09,PROP003,74,67,7,0.9108294607592059
2024-04-10,PROP003,74,66,8,0.8959953830328223
2024-04-11,PROP003,74,67,7,0.9069622352258955
2024-04-12,PROP003,74,67,7,0.914089501791089
2024-04-13,PROP003,74,67,7,0.9085237987447135
2024-04-14,PROP003,74,67,7,0.9096119947669116
2024-04-15,PROP003,74,65,9,0.8912516241810444
2024-04-16,PROP003,74,66,8,0.8970011481768242
2024-04-17,PROP003,74,65,9,0.8850877869281828
2024-04-18,PROP003,74,65,9,0.8827767683541887
2024-04-19,PROP003,74,66,8,0.895152559530692
2024-04-20,PROP003,74,66,8,0.8987342035544674
2024-04-21,PROP003,74,65,9,0.8885030942022982
2024-04-22,PROP003,74,66,8,0.8977099850769906
2024-04-23,PROP003,74,67,7,0.9104306636669907
2024-04-24,PROP003,74,66,8,0.8972011077577853
2024-04-25,PROP003,74,66,8,0.9037647682188709
2024-04-26,PROP003,74,67,7,0.9071448430607668
2024-04-27,PROP003,74,67,7,0.9144813956446682
2024-04-28,PROP003,74,66,8,0.8990601404535298
2024-04-29,PROP003,74,67,7,0.907206250324954
2024-04-30,PROP003,74,67,7,0.9134382171086456
2024-05-01,PROP003,74,69,5,0.9395566007205352
2024-05-02,PROP003,74,67,7,0.9074234856485527
2024-05-03,PROP003,74,67,7,0.9180359040283851
2024-05-04,PROP003,74,67,7,0.9147398141417161
2024-05-05,PROP003,74,66,8,0.9052572122954582
2024-05-06,PROP003,74,68,6,0.9271098426938826
2024-05-07,PROP003,74,68,6,0.9312163962252843
2024-05-08,PROP003,74,69,5,0.9357053355161196
2024-05-09,PROP003,74,67,7,0.9066912872839525
2024-05-10,PROP003,74,69,5,0.9368379747324559
2024-05-11,PROP003,74,68,6,0.9274972342420144
2024-05-12,PROP003,74,68,6,0.9299380571029846
2024-05-13,PROP003,74,69,5,0.9382051718390564
2024-05-14,PROP003,74,68,6,0.9267706625391742
2024-05-15,PROP003,74,67,7,0.9152148459834376
2024-05-16,PROP003,74,69,5,0.9347845049543506
2024-05-17,PROP003,74,67,7,0.9163025801852478
2024-05-18,PROP003,74,66,8,0.9031493361302654
2024-05-19,PROP003,74,69,5,0.9350063919600542
2024-05-20,PROP003,74,67,7,0.9155878974926952
2024-05-21,PROP003,74,69,5,0.9327335926254978
2024-05-22,PROP003,74,67,7,0.916290527484082
2024-05-23,PROP003,74,69,5,0.9362229324964331
2024-05-24,PROP003,74,67,7,0.9105606327006825
2024-05-25,PROP003,74,69,5,0.9407621023053989
2024-05-26,PROP003,74,69,5,0.9329705626889654
2024-05-27,PROP003,74,67,7,0.90634972873426
2024-05-28,PROP003,74,68,6,0.9244112764961065
2024-05-29,PROP003,74,69,5,0.9411949041871136
2024-05-30,PROP003,74,68,6,0.9206228298051967
2024-05-31,PROP003,74,67,7,0.9090644972503075
2024-06-01,PROP003,74,68,6,0.921171346383458
2024-06-02,PROP003,74,68,6,0.9222785179327211
2024-06-03,PROP003,74,68,6,0.9314476894665908
2024-06-04,PROP003,74,68,6,0.9297340458238803
2024-06-05,PROP003,74,67,7,0.9178822134413234
2024-06-06,PROP003,74,67,7,0.9105011359972076
2024-06-07,PROP003,74,68,6,0.9275823784082173
2024-06-08,PROP003,74,67,7,0.9186483690795755
2024-06-09,PROP003,74,67,7,0.9070712601424574
2024-06-10,PROP003,74,69,5,0.9378031037468996
2024-06-11,PROP003,74,68,6,0.9294290860018304
2024-06-12,PROP003,74,68,6,0.9291075659552634
2024-06-13,PROP003,74,69,5,0.9346835667339112
2024-06-14,PROP003,74,68,6,0.9229666788436475
2024-06-15,PROP003,74,69,5,0.9343823888335424
2024-06-16,PROP003,74,68,6,0.9217038418378845
2024-06-17,PROP003,74,66,8,0.9044672276940726
2024-06-18,PROP003,74,67,7,0.9179901352185518
2024-06-19,PROP003,74,68,6,0.9216788074566398
2024-06-20,PROP003,74,68,6,0.930588314962736
2024-06-21,PROP003,74,67,7,0.9060433609025912
2024-06-22,PROP003,74,67,7,0.9073809532438621
2024-06-23,PROP003,74,67,7,0.9123275638028289
2024-06-24,PROP003,74,67,7,0.9124401474322794
2024-06-25,PROP003,74,68,6,0.9310675948358067
2024-06-26,PROP003,74,67,7,0.9118094381199081
2024-06-27,PROP003,74,68,6,0.9271041342317421
2024-06-28,PROP003,74,68,6,0.921551165702975
2024-06-29,PROP003,74,68,6,0.9247119868246202
2024-06-30,PROP003,74,69,5,0.935304490224576
2024-07-01,PROP003,74,67,7,0.9179554717594052
2024-07-02,PROP003,74,69,5,0.932616666780015
2024-07-03,PROP003,74,67,7,0.9186616540794716
2024-07-04,PROP003,74,67,7,0.9159350667598941
2024-07-05,PROP003,74,69,5,0.940125298789973
2024-07-06,PROP003,74,67,7,0.9091550485246027
2024-07-07,PROP003,74,66,8,0.9053936901205485
2024-07-08,PROP003,74,69,5,0.9326196487188633
2024-07-09,PROP003,74,66,8,0.9045101999116079
2024-07-10,PROP003,74,69,5,0.9352633713255654
2024-07-11,PROP003,74,68,6,0.9192679475517339
2024-07-12,PROP003,74,69,5,0.9384007587891208
2024-07-13,PROP003,74,68,6,0.9306415261423204
2024-07-14,PROP003,74,68,6,0.9261963983777625
2024-07-15,PROP003,74,69,5,0.9397524835797548
2024-07-16,PROP003,74,67,7,0.9176461866195263
2024-07-17,PROP003,74,69,5,0.9399436891590295
2024-07-18,PROP003,74,67,7,0.9071802627942924
2024-07-19,PROP003,74,68,6,0.9211304093747407
2024-07-20,PROP003,74,67,7,0.9125766605931319
2024-07-21,PROP003,74,68,6,0.923373922853772
2024-07-22,PROP003,74,67,7,0.9082607668131075
2024-07-23,PROP003,74,69,5,0.935441398109846
2024-07-24,PROP003,74,69,5,0.9356365256700264
2024-07-25,PROP003,74,69,5,0.9399896642063833
2024-07-26,PROP003,74,67,7,0.9079670973327736
2024-07-27,PROP003,74,68,6,0.9267135137336439
2024-07-28,PROP003,74,68,6,0.920749704045459
2024-07-29,PROP003,74,67,7,0.9155555609792135
2024-07-30,PROP003,74,67,7,0.915841818142813
2024-07-31,PROP003,74,67,7,0.9182919537217142
2024-08-01,PROP003,74,68,6,0.9299772336850023
2024-08-02,PROP003,74,68,6,0.9257116540281703
2024-08-03,PROP003,74,68,6,0.9201674722078894
2024-08-04,PROP003,74,66,8,0.904817548112229
2024-08-05,PROP003,74,66,8,0.9048908254606025
2024-08-06,PROP003,74,66,8,0.9018737873224753
2024-08-07,PROP003,74,69,5,0.9404881872257276
2024-08-08,PROP003,74,66,8,0.9019903644397795
2024-08-09,PROP003,74,67,7,0.905903961537994
2024-08-10,PROP003,74,67,7,0.9143640739698206
2024-08-11,PROP003,74,69,5,0.9340774217701147
2024-08-12,PROP003,74,69,5,0.9402641631280089
2024-08-13,PROP003,74,69,5,0.9333807540491185
2024-08-14,PROP003,74,68,6,0.9294026209952698
2024-08-15,PROP003,74,68,6,0.922632238393987
2024-08-16,PROP003,74,66,8,0.9052484201719315
2024-08-17,PROP003,74,69,5,0.9401070434176014
2024-08-18,PROP003,74,68,6,0.9321159082552715
2024-08-19,PROP003,74,68,6,0.9273381871108146
2024-08-20,PROP003,74,68,6,0.9321416455189981
2024-08-21,PROP003,74,68,6,0.9307443448683698
2024-08-22,PROP003,74,68,6,0.9272694748890237
2024-08-23,PROP003,74,69,5,0.9410032837046437
2024-08-24,PROP003,74,69,5,0.9379147642028852
2024-08-25,PROP003,74,68,6,0.9276468084621307
2024-08-26,PROP003,74,68,6,0.9295072201557212
2024-08-27,PROP003,74,66,8,0.9038440439637926
2024-08-28,PROP003,74,68,6,0.9285769102794458
2024-08-29,PROP003,74,66,8,0.9035468292058482
2024-08-30,PROP003,74,68,6,0.9253107619762414
2024-08-31,PROP003,74,69,5,0.9417543516800776
2024-09-01,PROP003,74,66,8,0.8971645076239377
2024-09-02,PROP003,74,66,8,0.8938606490897039
2024-09-03,PROP003,74,65,9,0.887446438626674
2024-09-04,PROP003,74,65,9,0.8797531475179091
2024-09-05,PROP003,74,66,8,0.9041731912247818
2024-09-06,PROP003,74,65,9,0.8826362054778758
2024-09-07,PROP003,74,65,9,0.8795435252163419
2024-09-08,PROP003,74,65,9,0.8918027507556711
2024-09-09,PROP003,74,67,7,0.9067459178848145
2024-09-10,PROP003,74,66,8,0.9047348262912593
2024-09-11,PROP003,74,64,10,0.8771275489523096
2024-09-12,PROP003,74,66,8,0.8931379917678969
2024-09-13,PROP003,74,66,8,0.8958296274092974
2024-09-14,PROP003,74,66,8,0.9007141103914834
2024-09-15,PROP003,74,66,8,0.9009389383841797
2024-09-16,PROP003,74,65,9,0.8895201343447429
2024-09-17,PROP003,74,66,8,0.8973593321265911
2024-09-18,PROP003,74,66,8,0.894174719720214
2024-09-19,PROP003,74,67,7,0.9103321786273818
2024-09-20,PROP003,74,66,8,0.8961428496718465
2024-09-21,PROP003,74,66,8,0.892573530836377
2024-09-22,PROP003,74,65,9,0.8911116623537246
2024-09-23,PROP003,74,66,8,0.8978293547437892
2024-09-24,PROP003,74,67,7,0.9070913235424864
2024-09-25,PROP003,74,66,8,0.8964683039816821
2024-09-26,PROP003,74,66,8,0.9013984513696722
2024-09-27,PROP003,74,66,8,0.9044464750427116
2024-09-28,PROP003,74,66,8,0.8957389687615999
2024-09-29,PROP003,74,66,8,0.8920049266326452
2024-09-30,PROP003,74,67,7,0.9099988594809486
2024-10-01,PROP003,74,65,9,0.8916324877275663
2024-10-02,PROP003,74,66,8,0.8934099583894741
2024-10-03,PROP003,74,67,7,0.9145458969001217
2024-10-04,PROP003,74,64,10,0.874941745309486
2024-10-05,PROP003,74,65,9,0.8823511607495195
2024-10-06,PROP003,74,65,9,0.8902907999632396
2024-10-07,PROP003,74,67,7,0.9122358407434606
2024-10-08,PROP003,74,64,10,0.8777334325963494
2024-10-09,PROP003,74,64,10,0.8753116617115905
2024-10-10,PROP003,74,64,10,0.8770395978055398
2024-10-11,PROP003,74,65,9,0.8784739807909953
2024-10-12,PROP003,74,64,10,0.876436115294701
2024-10-13,PROP003,74,66,8,0.8941234974407107
2024-10-14,PROP003,74,66,8,0.8981625326555437
2024-10-15,PROP003,74,65,9,0.8857997232092107
2024-10-16,PROP003,74,65,9,0.8908637397254761
2024-10-17,PROP003,74,65,9,0.8786002177709078
2024-10-18,PROP003,74,65,9,0.8883870629195875
2024-10-19,PROP003,74,66,8,0.8958330120318315
2024-10-20,PROP003,74,66,8,0.9042231166538364
2024-10-21,PROP003,74,64,10,0.8750660988481698
2024-10-22,PROP003,74,66,8,0.8936246750279567
2024-10-23,PROP003,74,65,9,0.8868123594246459
2024-10-24,PROP003,74,67,7,0.9090451172341266
2024-10-25,PROP003,74,66,8,0.9035543769758203
2024-10-26,PROP003,74,66,8,0.8984965857452863
2024-10-27,PROP003,74,65,9,0.8860228701943216
2024-10-28,PROP003,74,67,7,0.9113458084487519
2024-10-29,PROP003,74,64,10,0.8767362714552636
2024-10-30,PROP003,74,65,9,0.8793109483136152
2024-10-31,PROP003,74,65,9,0.8905974499880648
2024-11-01,PROP003,74,63,11,0.8530617793273313
2024-11-02,PROP003,74,65,9,0.886340904937834
2024-11-03,PROP003,74,65,9,0.8800038499211923
2024-11-04,PROP003,74,63,11,0.8584435830995295
2024-11-05,PROP003,74,64,10,0.8716264461943868
2024-11-06,PROP003,74,65,9,0.8873774976386603
2024-11-07,PROP003,74,65,9,0.8834522361607171
2024-11-08,PROP003,74,64,10,0.872116214893145
2024-11-09,PROP003,74,65,9,0.8842332357224678
2024-11-10,PROP003,74,65,9,0.8876516734279913
2024-11-11,PROP003,74,64,10,0.877818389951202
2024-11-12,PROP003,74,62,12,0.8506837334147728
2024-11-13,PROP003,74,63,11,0.8641474864924765
2024-11-14,PROP003,74,65,9,0.8815973064467868
2024-11-15,PROP003,74,63,11,0.8573070448676577
2024-11-16,PROP003,74,65,9,0.8813099777454819
2024-11-17,PROP003,74,63,11,0.8528978275168568
2024-11-18,PROP003,74,62,12,0.8499620913213695
2024-11-19,PROP003,74,63,11,0.863447901495107
2024-11-20,PROP003,74,62,12,0.8495535545325216
2024-11-21,PROP003,74,65,9,0.88637508755479
2024-11-22,PROP003,74,65,9,0.8811325048672156
2024-11-23,PROP003,74,65,9,0.880115064520652
2024-11-24,PROP003,74,64,10,0.8732753939553031
2024-11-25,PROP003,74,63,11,0.8567372379569191
2024-11-26,PROP003,74,64,10,0.8688146917025127
2024-11-27,PROP003,74,64,10,0.8719752399326707
2024-11-28,PROP003,74,64,10,0.8690855370698677
2024-11-29,PROP003,74,63,11,0.8584936117535181
2024-11-30,PROP003,74,64,10,0.868694194008046
2024-12-01,PROP003,74,64,10,0.867731730670202
2024-12-02,PROP003,74,65,9,0.887937708067726
2024-12-03,PROP003,74,65,9,0.8839817229573051
2024-12-04,PROP003,74,64,10,0.8666195069640817
2024-12-05,PROP003,74,64,10,0.8730017723528617
2024-12-06,PROP003,74,64,10,0.8779991411991461
2024-12-07,PROP003,74,62,12,0.8494788834448099
2024-12-08,PROP003,74,65,9,0.8838811346845706
2024-12-09,PROP003,74,65,9,0.882489349692174
2024-12-10,PROP003,74,64,10,0.8663815609464053
2024-12-11,PROP003,74,63,11,0.8637310676786721
2024-12-12,PROP003,74,63,11,0.8590026520297096
2024-12-13,PROP003,74,64,10,0.8671513501686717
2024-12-14,PROP003,74,62,12,0.8498593435767865
2024-12-15,PROP003,74,65,9,0.8821720183693373
2024-12-16,PROP003,74,62,12,0.8495011717721987
2024-12-17,PROP003,74,63,11,0.8612463316502518
2024-12-18,PROP003,74,65,9,0.8853478565682166
2024-12-19,PROP003,74,64,10,0.8774927832163951
2024-12-20,PROP003,74,63,11,0.859339915458558
2024-12-21,PROP003,74,63,11,0.8581902407938924
2024-12-22,PROP003,74,62,12,0.8482875626281781
2024-12-23,PROP003,74,64,10,0.875912848749447
2024-12-24,PROP003,74,62,12,0.8500356203023839
2024-12-25,PROP003,74,64,10,0.8693883778114875
2024-12-26,PROP003,74,65,9,0.886569155939139
2024-12-27,PROP003,74,63,11,0.8524630314376351
2024-12-28,PROP003,74,65,9,0.8838634742741797
2024-12-29,PROP003,74,65,9,0.8877432904412589
2024-12-30,PROP003,74,62,12,0.8505449580850264
2024-12-31,PROP003,74,65,9,0.8834005278009555
2025-01-01,PROP003,74,64,10,0.8687274378532016
2025-01-02,PROP003,74,65,9,0.8843448258132401
2025-01-03,PROP003,74,64,10,0.8709370347122399
2025-01-04,PROP003,74,64,10,0.8745687574397196
2025-01-05,PROP003,74,64,10,0.869835433355353
2025-01-06,PROP003,74,65,9,0.8826639922477509
2025-01-07,PROP003,74,64,10,0.877440673793605
2025-01-08,PROP003,74,64,10,0.8689346895226736
2025-01-09,PROP003,74,65,9,0.8828107091975189
2025-01-10,PROP003,74,63,11,0.8578956983256704
2025-01-11,PROP003,74,63,11,0.854377903423558
2025-01-12,PROP003,74,63,11,0.8545002812486598
2025-01-13,PROP003,74,63,11,0.8614446321852665
2025-01-14,PROP003,74,63,11,0.8576318782874977
2025-01-15,PROP003,74,65,9,0.8852878910558465
2025-01-16,PROP003,74,63,11,0.8523176407886004
2025-01-17,PROP003,74,64,10,0.8760439065570405
2025-01-18,PROP003,74,63,11,0.8556531386268572
2025-01-19,PROP003,74,65,9,0.8833497623462709
2025-01-20,PROP003,74,65,9,0.8865368885628533
2025-01-21,PROP003,74,64,10,0.8667030773862563
2025-01-22,PROP003,74,65,9,0.8832471362445823
2025-01-23,PROP003,74,62,12,0.8482900838656455
2025-01-24,PROP003,74,65,9,0.880882153731781
2025-01-25,PROP003,74,63,11,0.8572292834964539
2025-01-26,PROP003,74,65,9,0.8844323294062317
2025-01-27,PROP003,74,62,12,0.8481290814946614
2025-01-28,PROP003,74,64,10,0.8703315464370472
2025-01-29,PROP003,74,64,10,0.8783497091868544
2025-01-30,PROP003,74,63,11,0.8584318102633733
2025-01-31,PROP003,74,63,11,0.8558095916189488
2024-02-01,PROP004,83,70,13,0.8531491299962899
2024-02-02,PROP004,83,71,12,0.8624855594285114
2024-02-03,PROP004,83,70,13,0.8447255412073685
2024-02-04,PROP004,83,70,13,0.8551596014156301
2024-02-05,PROP004,83,69,14,0.8404546831222671
2024-02-06,PROP004,83,72,11,0.8728389637561519
2024-02-07,PROP004,83,70,13,0.8452297356598858
2024-02-08,PROP004,83,70,13,0.8514255048667815
2024-02-09,PROP004,83,69,14,0.8408288956856869
2024-02-10,PROP004,83,71,12,0.8573814182918587
2024-02-11,PROP004,83,72,11,0.873696647045807
2024-02-12,PROP004,83,71,12,0.855777835393966
2024-02-13,PROP004,83,70,13,0.8472716798731115
2024-02-14,PROP004,83,72,11,0.870239740298179
2024-02-15,PROP004,83,72,11,0.871644066210988
2024-02-16,PROP004,83,70,13,0.8470419259484608
2024-02-17,PROP004,83,72,11,0.8709259512777978
2024-02-18,PROP004,83,72,11,0.8779837024664117
2024-02-19,PROP004,83,70,13,0.8467468904134491
2024-02-20,PROP004,83,72,11,0.8709311586374436
2024-02-21,PROP004,83,72,11,0.8684346671202634
2024-02-22,PROP004,83,71,12,0.8590347424735617
2024-02-23,PROP004,83,69,14,0.8424086053585101
2024-02-24,PROP004,83,69,14,0.8430795636464723
2024-02-25,PROP004,83,72,11,0.874188373304104
2024-02-26,PROP004,83,73,10,0.8796977218461841
2024-02-27,PROP004,83,71,12,0.8671338772236283
2024-02-28,PROP004,83,71,12,0.857930119216571
2024-02-29,PROP004,83,71,12,0.8659947326722345
2024-03-01,PROP004,83,71,12,0.8638676213053
2024-03-02,PROP004,83,71,12,0.855436277352383
2024-03-03,PROP004,83,69,14,0.8427168327191187
2024-03-04,PROP004,83,72,11,0.8729523048324558
2024-03-05,PROP004,83,70,13,0.8549651281057071
2024-03-06,PROP004,83,72,11,0.872843212670442
2024-03-07,PROP004,83,70,13,0.8501921369236934
2024-03-08,PROP004,83,69,14,0.8401329661299836
2024-03-09,PROP004,83,70,13,0.8464493182672285
2024-03-10,PROP004,83,71,12,0.8588333636069015
2024-03-11,PROP004,83,72,11,0.8778639323344714
2024-03-12,PROP004,83,70,13,0.8441795317239069
2024-03-13,PROP004,83,72,11,0.8742601779146209
2024-03-14,PROP004,83,71,12,0.8611727507846326
2024-03-15,PROP004,83,72,11,0.8731286175681541
2024-03-16,PROP004,83,70,13,0.8520267641757578
2024-03-17,PROP004,83,72,11,0.873689673523057
2024-03-18,PROP004,83,72,11,0.8710046981368303
2024-03-19,PROP004,83,70,13,0.8492939342574155
2024-03-20,PROP004,83,70,13,0.8453451919925333
2024-03-21,PROP004,83,72,11,0.8748139598374499
2024-03-22,PROP004,83,72,11,0.8786212530737635
2024-03-23,PROP004,83,69,14,0.8413438794860588
2024-03-24,PROP004,83,72,11,0.8693425896151056
2024-03-25,PROP004,83,72,11,0.8764727673740709
2024-03-26,PROP004,83,72,11,0.8743861906198581
2024-03-27,PROP004,83,72,11,0.8786726058269665
2024-03-28,PROP004,83,72,11,0.8704955500736821
2024-03-29,PROP004,83,71,12,0.8577837374313946
2024-03-30,PROP004,83,70,13,0.8525698665559633
2024-03-31,PROP004,83,70,13,0.8529214965536833
2024-04-01,PROP004,83,72,11,0.8690686938407228
2024-04-02,PROP004,83,72,11,0.8699252674173967
2024-04-03,PROP004,83,70,13,0.8481061526781066
2024-04-04,PROP004,83,72,11,0.8748166994757794
2024-04-05,PROP004,83,72,11,0.868688748544248
2024-04-06,PROP004,83,71,12,0.8626017983898935
2024-04-07,PROP004,83,71,12,0.8589530853402587
2024-04-08,PROP004,83,71,12,0.8618210991677565
2024-04-09,PROP004,83,70,13,0.8464616164673288
2024-04-10,PROP004,83,70,13,0.8482398369072092
2024-04-11,PROP004,83,70,13,0.8437383665524059
2024-04-12,PROP004,83,70,13,0.8462381084626027
2024-04-13,PROP004,83,71,12,0.8582395323203695
2024-04-14,PROP004,83,71,12,0.8613059626852885
2024-04-15,PROP004,83,69,14,0.8408062626352909
2024-04-16,PROP004,83,72,11,0.8719637000507193
2024-04-17,PROP004,83,70,13,0.8518585058698973
2024-04-18,PROP004,83,72,11,0.8765652283345546
2024-04-19,PROP004,83,72,11,0.8787922374807093
2024-04-20,PROP004,83,70,13,0.8475101419232244
2024-04-21,PROP004,83,71,12,0.8585756785667846
2024-04-22,PROP004,83,69,14,0.8401410603428152
2024-04-23,PROP004,83,71,12,0.8640248775410553
2024-04-24,PROP004,83,71,12,0.864384044866665
2024-04-25,PROP004,83,70,13,0.8499933851602932
2024-04-26,PROP004,83,71,12,0.862428293839486
2024-04-27,PROP004,83,70,13,0.8491133926339076
2024-04-28,PROP004,83,70,13,0.8465248056992858
2024-04-29,PROP004,83,71,12,0.8661525656082487
2024-04-30,PROP004,83,70,13,0.8531288054942412
2024-05-01,PROP004,83,73,10,0.8895050980996679
2024-05-02,PROP004,83,73,10,0.8832244105031092
2024-05-03,PROP004,83,75,8,0.9052685968403591
2024-05-04,PROP004,83,72,11,0.8718777662509456
2024-05-05,PROP004,83,73,10,0.8844784844096754
2024-05-06,PROP004,83,74,9,0.893112805598616
2024-05-07,PROP004,83,73,10,0.8817163438994418
2024-05-08,PROP004,83,75,8,0.9048825346190705
2024-05-09,PROP004,83,74,9,0.8947700456613203
2024-05-10,PROP004,83,74,9,0.8921738948468227
2024-05-11,PROP004,83,74,9,0.8961769112486919
2024-05-12,PROP004,83,75,8,0.9040004860657916
2024-05-13,PROP004,83,74,9,0.9022072866636286
2024-05-14,PROP004,83,74,9,0.8948659528692995
2024-05-15,PROP004,83,74,9,0.8958610061082943
2024-05-16,PROP004,83,72,11,0.8717314235056488
2024-05-17,PROP004,83,72,11,0.8700062367239496
2024-05-18,PROP004,83,73,10,0.8887307206180096
2024-05-19,PROP004,83,71,12,0.8666292460218646
2024-05-20,PROP004,83,73,10,0.8851887958063066
2024-05-21,PROP004,83,72,11,0.8743085237409978
2024-05-22,PROP004,83,73,10,0.8797352032500366
2024-05-23,PROP004,83,74,9,0.8969267299759612
2024-05-24,PROP004,83,74,9,0.9035440407135384
2024-05-25,PROP004,83,72,11,0.8687911914300966
2024-05-26,PROP004,83,73,10,0.8872642287833008
2024-05-27,PROP004,83,74,9,0.901195879977027
2024-05-28,PROP004,83,72,11,0.8691948819218598
2024-05-29,PROP004,83,74,9,0.8988751024201164
2024-05-30,PROP004,83,73,10,0.8802065945813738
2024-05-31,PROP004,83,72,11,0.8787783286330164
2024-06-01,PROP004,83,75,8,0.9049931959968345
2024-06-02,PROP004,83,72,11,0.8739289041387348
2024-06-03,PROP004,83,74,9,0.8936222981771502
2024-06-04,PROP004,83,74,9,0.8987521696646377
2024-06-05,PROP004,83,72,11,0.8675418803554139
2024-06-06,PROP004,83,74,9,0.8927099588784195
2024-06-07,PROP004,83,75,8,0.9039565395184561
2024-06-08,PROP004,83,72,11,0.8708633392133653
2024-06-09,PROP004,83,74,9,0.9017433926516445
2024-06-10,PROP004,83,73,10,0.8896856060393205
2024-06-11,PROP004,83,73,10,0.8905587238187419
2024-06-12,PROP004,83,73,10,0.8904123075388672
2024-06-13,PROP004,83,72,11,0.8778479759977356
2024-06-14,PROP004,83,74,9,0.9033026131562214
2024-06-15,PROP004,83,75,8,0.9037885590494845
2024-06-16,PROP004,83,73,10,0.8909067269528009
2024-06-17,PROP004,83,74,9,0.8972314495819076
2024-06-18,PROP004,83,73,10,0.8903848599794894
2024-06-19,PROP004,83,73,10,0.8852704784472046
2024-06-20,PROP004,83,74,9,0.892327345276213
2024-06-21,PROP004,83,73,10,0.8880145986479213
2024-06-22,PROP004,83,73,10,0.8897935750495202
2024-06-23,PROP004,83,74,9,0.8972478426809974
2024-06-24,PROP004,83,73,10,0.8851306938022024
2024-06-25,PROP004,83,72,11,0.8675247047879419
2024-06-26,PROP004,83,72,11,0.8724545197838229
2024-06-27,PROP004,83,73,10,0.8834388292038245
2024-06-28,PROP004,83,74,9,0.8948876029392053
2024-06-29,PROP004,83,73,10,0.8896256864766502
2024-06-30,PROP004,83,74,9,0.8919063079791811
2024-07-01,PROP004,83,73,10,0.8850656976872945
2024-07-02,PROP004,83,73,10,0.8905242214219327
2024-07-03,PROP004,83,72,11,0.8790552380568295
2024-07-04,PROP004,83,73,10,0.8847018442521096
2024-07-05,PROP004,83,74,9,0.8956657031680412
2024-07-06,PROP004,83,74,9,0.9007678517031679
2024-07-07,PROP004,83,73,10,0.8832407539024986
2024-07-08,PROP004,83,72,11,0.8676410068525374
2024-07-09,PROP004,83,72,11,0.8723614423101151
2024-07-10,PROP004,83,71,12,0.8667289861159045
2024-07-11,PROP004,83,74,9,0.8920250613137362
2024-07-12,PROP004,83,72,11,0.8791871255584474
2024-07-13,PROP004,83,73,10,0.8875936859730177
2024-07-14,PROP004,83,73,10,0.885625614415595
2024-07-15,PROP004,83,72,11,0.8691556001263401
2024-07-16,PROP004,83,73,10,0.8820249949891963
2024-07-17,PROP004,83,72,11,0.874716985541136
2024-07-18,PROP004,83,73,10,0.8826305320909491
2024-07-19,PROP004,83,72,11,0.8740376717579327
2024-07-20,PROP004,83,74,9,0.8995126367953203
2024-07-21,PROP004,83,72,11,0.8728622740073732
2024-07-22,PROP004,83,75,8,0.9043257626037221
2024-07-23,PROP004,83,73,10,0.8825308351901207
2024-07-24,PROP004,83,74,9,0.8997443522250049
2024-07-25,PROP004,83,73,10,0.8910451332724808
2024-07-26,PROP004,83,74,9,0.895308552490873
2024-07-27,PROP004,83,74,9,0.8966034960669143
2024-07-28,PROP004,83,73,10,0.8860883358199637
2024-07-29,PROP004,83,73,10,0.8876265614787745
2024-07-30,PROP004,83,73,10,0.886454375256592
2024-07-31,PROP004,83,73,10,0.8894168756678461
2024-08-01,PROP004,83,71,12,0.8670703183745033
2024-08-02,PROP004,83,73,10,0.8817151473382036
2024-08-03,PROP004,83,73,10,0.8901420890866899
2024-08-04,PROP004,83,73,10,0.8898034831544775
2024-08-05,PROP004,83,74,9,0.8976127843284682
2024-08-06,PROP004,83,74,9,0.8920949140975273
2024-08-07,PROP004,83,75,8,0.9055798731978699
2024-08-08,PROP004,83,72,11,0.8772487216885888
2024-08-09,PROP004,83,73,10,0.8802605817308923
2024-08-10,PROP004,83,73,10,0.8812484266189549
2024-08-11,PROP004,83,73,10,0.884527052825053
2024-08-12,PROP004,83,74,9,0.8993344630954914
2024-08-13,PROP004,83,72,11,0.8753262243026114
2024-08-14,PROP004,83,74,9,0.8969345488256601
2024-08-15,PROP004,83,73,10,0.8821069478676727
2024-08-16,PROP004,83,73,10,0.8899687558907233
2024-08-17,PROP004,83,73,10,0.8911961618732952
2024-08-18,PROP004,83,73,10,0.8808084860318004
2024-08-19,PROP004,83,73,10,0.8863991487524752
2024-08-20,PROP004,83,73,10,0.8824157875301508
2024-08-21,PROP004,83,72,11,0.8686598519917078
2024-08-22,PROP004,83,73,10,0.883381156096916
2024-08-23,PROP004,83,72,11,0.869790276246385
2024-08-24,PROP004,83,73,10,0.8820953725074558
2024-08-25,PROP004,83,73,10,0.8896112765375143
2024-08-26,PROP004,83,73,10,0.889071136517983
2024-08-27,PROP004,83,74,9,0.8923993917045758
2024-08-28,PROP004,83,72,11,0.8697050008624281
2024-08-29,PROP004,83,74,9,0.8919794703654605
2024-08-30,PROP004,83,72,11,0.8783804628121009
2024-08-31,PROP004,83,73,10,0.8818563783897274
2024-09-01,PROP004,83,72,11,0.8744112370930665
2024-09-02,PROP004,83,69,14,0.8404530031013402
2024-09-03,PROP004,83,71,12,0.8636282922697824
2024-09-04,PROP004,83,71,12,0.8640403461401625
2024-09-05,PROP004,83,71,12,0.8559581779899007
2024-09-06,PROP004,83,70,13,0.8495729012204917
2024-09-07,PROP004,83,70,13,0.8494787484666202
2024-09-08,PROP004,83,72,11,0.8754401737225883
2024-09-09,PROP004,83,71,12,0.8577727618874724
2024-09-10,PROP004,83,70,13,0.8533273614557251
2024-09-11,PROP004,83,71,12,0.8580428898894144
2024-09-12,PROP004,83,71,12,0.8668674029945326
2024-09-13,PROP004,83,70,13,0.8459220496659482
2024-09-14,PROP004,83,71,12,0.8580691403447077
2024-09-15,PROP004,83,71,12,0.8636071617805736
2024-09-16,PROP004,83,72,11,0.8780351211302155
2024-09-17,PROP004,83,70,13,0.850192898219175
2024-09-18,PROP004,83,70,13,0.854461816852808
2024-09-19,PROP004,83,70,13,0.8552661305330551
2024-09-20,PROP004,83,71,12,0.8643133132419535
2024-09-21,PROP004,83,70,13,0.8543610690577582
2024-09-22,PROP004,83,71,12,0.861432263948146
2024-09-23,PROP004,83,72,11,0.8713634001299594
2024-09-24,PROP004,83,72,11,0.8683072107006463
2024-09-25,PROP004,83,71,12,0.8579465327966616
2024-09-26,PROP004,83,72,11,0.8746604340431249
2024-09-27,PROP004,83,71,12,0.8624173969199127
2024-09-28,PROP004,83,71,12,0.8616880205162467
2024-09-29,PROP004,83,69,14,0.8414592975737245
2024-09-30,PROP004,83,73,10,0.8795595061504446
2024-10-01,PROP004,83,70,13,0.8450106192773432
2024-10-02,PROP004,83,70,13,0.849337023433264
2024-10-03,PROP004,83,69,14,0.8421596604258192
2024-10-04,PROP004,83,71,12,0.8656919056096347
2024-10-05,PROP004,83,70,13,0.8490798340150654
2024-10-06,PROP004,83,70,13,0.8472922044350671
2024-10-07,PROP004,83,70,13,0.8436340103050878
2024-10-08,PROP004,83,70,13,0.8442241452211188
2024-10-09,PROP004,83,71,12,0.8634786149538617
2024-10-10,PROP004,83,72,11,0.867620101570822
2024-10-11,PROP004,83,71,12,0.8559869464747342
2024-10-12,PROP004,83,71,12,0.8592876701998411
2024-10-13,PROP004,83,72,11,0.8675304963754775
2024-10-14,PROP004,83,69,14,0.8407869785435773
2024-10-15,PROP004,83,70,13,0.8530170132189693
2024-10-16,PROP004,83,72,11,0.8790156968589721
2024-10-17,PROP004,83,71,12,0.8632962761239769
2024-10-18,PROP004,83,70,13,0.8502607701320579
2024-10-19,PROP004,83,71,12,0.8609609888016067
2024-10-20,PROP004,83,70,13,0.8537979264609948
2024-10-21,PROP004,83,71,12,0.8613815864892101
2024-10-22,PROP004,83,70,13,0.8451214474084241
2024-10-23,PROP004,83,70,13,0.8454003730889292
2024-10-24,PROP004,83,70,13,0.8458334814177338
2024-10-25,PROP004,83,72,11,0.8776845786132318
2024-10-26,PROP004,83,72,11,0.8694077436698119
2024-10-27,PROP004,83,70,13,0.846587062722651
2024-10-28,PROP004,83,70,13,0.8476257502867822
2024-10-29,PROP004,83,72,11,0.8693249659309932
2024-10-30,PROP004,83,70,13,0.8463383407278451
2024-10-31,PROP004,83,70,13,0.8494742386695513
2024-11-01,PROP004,83,70,13,0.8528229066408893
2024-11-02,PROP004,83,68,15,0.8245012943172106
2024-11-03,PROP004,83,69,14,0.8407543273429192
2024-11-04,PROP004,83,70,13,0.8534342848240946
2024-11-05,PROP004,83,68,15,0.829260904013665
2024-11-06,PROP004,83,67,16,0.8149896729625559
2024-11-07,PROP004,83,68,15,0.8240549249449683
2024-11-08,PROP004,83,70,13,0.8475241209817416
2024-11-09,PROP004,83,70,13,0.8488733867662748
2024-11-10,PROP004,83,70,13,0.845029807909025
2024-11-11,PROP004,83,67,16,0.8188134260911363
2024-11-12,PROP004,83,70,13,0.8461094481959295
2024-11-13,PROP004,83,70,13,0.8510361452078136
2024-11-14,PROP004,83,69,14,0.8383134150299228
2024-11-15,PROP004,83,70,13,0.8519240475815959
2024-11-16,PROP004,83,70,13,0.8473625886765485
2024-11-17,PROP004,83,69,14,0.8409678940077097
2024-11-18,PROP004,83,69,14,0.8373764427965433
2024-11-19,PROP004,83,68,15,0.8282319800177522
2024-11-20,PROP004,83,68,15,0.8206605311377856
2024-11-21,PROP004,83,69,14,0.838487190235695
2024-11-22,PROP004,83,68,15,0.8270134954727981
2024-11-23,PROP004,83,70,13,0.8489465800291792
2024-11-24,PROP004,83,70,13,0.8540225108224185
2024-11-25,PROP004,83,70,13,0.8443861438326963
2024-11-26,PROP004,83,67,16,0.8179083011395554
2024-11-27,PROP004,83,68,15,0.8258364571492989
2024-11-28,PROP004,83,67,16,0.8186534185987033
2024-11-29,PROP004,83,69,14,0.840309499239742
2024-11-30,PROP004,83,70,13,0.8448966679103047
2024-12-01,PROP004,83,70,13,0.8513160265633019
2024-12-02,PROP004,83,69,14,0.8318159271845529
2024-12-03,PROP004,83,70,13,0.8503440593116112
2024-12-04,PROP004,83,70,13,0.8494046796897264
2024-12-05,PROP004,83,68,15,0.8269768619986892
2024-12-06,PROP004,83,70,13,0.8490450583496962
2024-12-07,PROP004,83,68,15,0.8293159234033424
2024-12-08,PROP004,83,68,15,0.8261638043104846
2024-12-09,PROP004,83,69,14,0.8402520196798491
2024-12-10,PROP004,83,68,15,0.8274242824434767
2024-12-11,PROP004,83,69,14,0.8394973832612391
2024-12-12,PROP004,83,69,14,0.8386823055480211
2024-12-13,PROP004,83,69,14,0.8368265904220117
2024-12-14,PROP004,83,68,15,0.8295058214973853
2024-12-15,PROP004,83,69,14,0.8362290221941324
2024-12-16,PROP004,83,69,14,0.8381484523274902
2024-12-17,PROP004,83,69,14,0.8361165088678923
2024-12-18,PROP004,83,69,14,0.8320658114381214
2024-12-19,PROP004,83,67,16,0.8148757156099239
2024-12-20,PROP004,83,69,14,0.8377715016361194
2024-12-21,PROP004,83,68,15,0.8210268087337822
2024-12-22,PROP004,83,69,14,0.8399920720859609
2024-12-23,PROP004,83,70,13,0.844662806444988
2024-12-24,PROP004,83,69,14,0.834306845693303
2024-12-25,PROP004,83,69,14,0.8359835799272629
2024-12-26,PROP004,83,70,13,0.852348175714713
2024-12-27,PROP004,83,70,13,0.8481757277829763
2024-12-28,PROP004,83,70,13,0.8508584939661321
2024-12-29,PROP004,83,70,13,0.8468396848608568
2024-12-30,PROP004,83,67,16,0.8186457670019426
2024-12-31,PROP004,83,68,15,0.8202487075668812
2025-01-01,PROP004,83,69,14,0.8353539852188318
2025-01-02,PROP004,83,68,15,0.8241318196799933
2025-01-03,PROP004,83,69,14,0.8333568523297197
2025-01-04,PROP004,83,68,15,0.8300636462808074
2025-01-05,PROP004,83,69,14,0.8362656028652915
2025-01-06,PROP004,83,70,13,0.8441640619735062
2025-01-07,PROP004,83,69,14,0.8429086696120444
2025-01-08,PROP004,83,69,14,0.8351383986274867
2025-01-09,PROP004,83,70,13,0.8471847700807557
2025-01-10,PROP004,83,69,14,0.8315235169895947
2025-01-11,PROP004,83,70,13,0.8501576049216782
2025-01-12,PROP004,83,67,16,0.81714024413028
2025-01-13,PROP004,83,70,13,0.8524754345294057
2025-01-14,PROP004,83,69,14,0.8404767565853273
2025-01-15,PROP004,83,68,15,0.8294920136855616
2025-01-16,PROP004,83,68,15,0.8221751983909884
2025-01-17,PROP004,83,69,14,0.8334563625058173
2025-01-18,PROP004,83,68,15,0.8220713662554854
2025-01-19,PROP004,83,68,15,0.820942297637799
2025-01-20,PROP004,83,69,14,0.8389831036245923
2025-01-21,PROP004,83,69,14,0.8352124223113447
2025-01-22,PROP004,83,69,14,0.841092874712511
2025-01-23,PROP004,83,70,13,0.851473268424953
2025-01-24,PROP004,83,69,14,0.835579441861635
2025-01-25,PROP004,83,69,14,0.8375263154585852
2025-01-26,PROP004,83,67,16,0.817874086894271
2025-01-27,PROP004,83,69,14,0.8429944647644185
2025-01-28,PROP004,83,68,15,0.8302852416002396
2025-01-29,PROP004,83,70,13,0.8533580428745765
2025-01-30,PROP004,83,70,13,0.8472159939518997
2025-01-31,PROP004,83,69,14,0.8351882749487181
2024-02-01,PROP005,70,61,9,0.8791633502318835
2024-02-02,PROP005,70,61,9,0.8767779623176207
2024-02-03,PROP005,70,59,11,0.8521701236821412
2024-02-04,PROP005,70,59,11,0.8565978500694723
2024-02-05,PROP005,70,61,9,0.8765230088265734
2024-02-06,PROP005,70,59,11,0.8521958563625563
2024-02-07,PROP005,70,61,9,0.881496818067515
2024-02-08,PROP005,70,60,10,0.8617678155085143
2024-02-09,PROP005,70,59,11,0.8482682770041663
2024-02-10,PROP005,70,61,9,0.8774166642408312
2024-02-11,PROP005,70,60,10,0.8597271058221955
2024-02-12,PROP005,70,60,10,0.8658466862668112
2024-02-13,PROP005,70,59,11,0.8492788922771087
2024-02-14,PROP005,70,59,11,0.8448900790944592
2024-02-15,PROP005,70,60,10,0.8703061267323918
2024-02-16,PROP005,70,60,10,0.8653937253140092
2024-02-17,PROP005,70,60,10,0.8685282612655858
2024-02-18,PROP005,70,61,9,0.8765364725158805
2024-02-19,PROP005,70,60,10,0.8706509550375743
2024-02-20,PROP005,70,59,11,0.851777656213755
2024-02-21,PROP005,70,60,10,0.8592176192650839
2024-02-22,PROP005,70,61,9,0.8810223626921704
2024-02-23,PROP005,70,61,9,0.8755845065107271
2024-02-24,PROP005,70,60,10,0.8670522008181286
2024-02-25,PROP005,70,59,11,0.8550125184130308
2024-02-26,PROP005,70,59,11,0.8568691385740517
2024-02-27,PROP005,70,61,9,0.8740650412040853
2024-02-28,PROP005,70,61,9,0.8788336889347708
2024-02-29,PROP005,70,61,9,0.8716437052818845
2024-03-01,PROP005,70,61,9,0.8771679175313976
2024-03-02,PROP005,70,61,9,0.8754529639086761
2024-03-03,PROP005,70,59,11,0.8507748772189382
2024-03-04,PROP005,70,60,10,0.861744511017192
2024-03-05,PROP005,70,59,11,0.8509060705338024
2024-03-06,PROP005,70,59,11,0.8541961418927393
2024-03-07,PROP005,70,61,9,0.879557103486702
2024-03-08,PROP005,70,60,10,0.8637023971259872
2024-03-09,PROP005,70,60,10,0.8662010425743664
2024-03-10,PROP005,70,59,11,0.8519245571097708
2024-03-11,PROP005,70,60,10,0.8572775899426117
2024-03-12,PROP005,70,59,11,0.8539965652377747
2024-03-13,PROP005,70,59,11,0.853034165081397
2024-03-14,PROP005,70,60,10,0.8703051502332987
2024-03-15,PROP005,70,59,11,0.8550620724064885
2024-03-16,PROP005,70,60,10,0.8700673379414766
2024-03-17,PROP005,70,59,11,0.8471249030650021
2024-03-18,PROP005,70,59,11,0.850457694241744
2024-03-19,PROP005,70,59,11,0.8557683286606649
2024-03-20,PROP005,70,60,10,0.8686685951764875
2024-03-21,PROP005,70,61,9,0.871820368304155
2024-03-22,PROP005,70,60,10,0.862495397171841
2024-03-23,PROP005,70,60,10,0.8626183550837491
2024-03-24,PROP005,70,61,9,0.8737673925566046
2024-03-25,PROP005,70,59,11,0.8454195621712832
2024-03-26,PROP005,70,60,10,0.8584303194796288
2024-03-27,PROP005,70,61,9,0.8775350007854292
2024-03-28,PROP005,70,60,10,0.8689154949091948
2024-03-29,PROP005,70,60,10,0.8582758038108768
2024-03-30,PROP005,70,61,9,0.8810077101938468
2024-03-31,PROP005,70,61,9,0.8756916275986352
2024-04-01,PROP005,70,59,11,0.8553825363901293
2024-04-02,PROP005,70,60,10,0.8705983120016886
2024-04-03,PROP005,70,60,10,0.8686167476282182
2024-04-04,PROP005,70,60,10,0.8608342350622192
2024-04-05,PROP005,70,60,10,0.8594649616688519
2024-04-06,PROP005,70,60,10,0.858529137491688
2024-04-07,PROP005,70,60,10,0.8694729498364858
2024-04-08,PROP005,70,60,10,0.8624831159598867
2024-04-09,PROP005,70,61,9,0.8780612430307168
2024-04-10,PROP005,70,61,9,0.8715708231460184
2024-04-11,PROP005,70,59,11,0.8475839827290372
2024-04-12,PROP005,70,60,10,0.8703934474537866
2024-04-13,PROP005,70,59,11,0.8556326159606673
2024-04-14,PROP005,70,60,10,0.8684991981667968
2024-04-15,PROP005,70,61,9,0.871991995744798
2024-04-16,PROP005,70,59,11,0.8540198860668204
2024-04-17,PROP005,70,60,10,0.8630610642958747
2024-04-18,PROP005,70,59,11,0.8523997130134227
2024-04-19,PROP005,70,59,11,0.8468802735321203
2024-04-20,PROP005,70,60,10,0.8599257754400946
2024-04-21,PROP005,70,60,10,0.8593044893744995
2024-04-22,PROP005,70,61,9,0.8846059381288301
2024-04-23,PROP005,70,60,10,0.8626408125485656
2024-04-24,PROP005,70,60,10,0.858129500479548
2024-04-25,PROP005,70,60,10,0.8680057187693269
2024-04-26,PROP005,70,59,11,0.8483374142649707
2024-04-27,PROP005,70,61,9,0.8832533479388525
2024-04-28,PROP005,70,60,10,0.8701851203243013
2024-04-29,PROP005,70,61,9,0.8749802312982938
2024-04-30,PROP005,70,59,11,0.8516058360276166
2024-05-01,PROP005,70,62,8,0.887109434175888
2024-05-02,PROP005,70,62,8,0.8876378845915274
2024-05-03,PROP005,70,63,7,0.9036025778117233
2024-05-04,PROP005,70,60,10,0.8707797872460561
2024-05-05,PROP005,70,61,9,0.8827644443898099
2024-05-06,PROP005,70,63,7,0.9099797750294519
2024-05-07,PROP005,70,62,8,0.8897257817959285
2024-05-08,PROP005,70,62,8,0.8860313712654401
2024-05-09,PROP005,70,61,9,0.8755234801363856
2024-05-10,PROP005,70,63,7,0.9096969052008004
2024-05-11,PROP005,70,61,9,0.8715313742927128
2024-05-12,PROP005,70,63,7,0.9002175290559695
2024-05-13,PROP005,70,63,7,0.9014743122472201
2024-05-14,PROP005,70,61,9,0.8804765886982344
2024-05-15,PROP005,70,62,8,0.8975926578002013
2024-05-16,PROP005,70,61,9,0.8744474858308553
2024-05-17,PROP005,70,61,9,0.881012210712963
2024-05-18,PROP005,70,63,7,0.9022463995873704
2024-05-19,PROP005,70,63,7,0.9053177677370213
2024-05-20,PROP005,70,62,8,0.8950697765620714
2024-05-21,PROP005,70,62,8,0.8910038573284991
2024-05-22,PROP005,70,61,9,0.877102480880439
2024-05-23,PROP005,70,61,9,0.8732546813788458
2024-05-24,PROP005,70,61,9,0.8754362811946221
2024-05-25,PROP005,70,61,9,0.8798246120595237
2024-05-26,PROP005,70,61,9,0.8843973001315566
2024-05-27,PROP005,70,62,8,0.8859667010761193
2024-05-28,PROP005,70,61,9,0.8845831907992399
2024-05-29,PROP005,70,61,9,0.8802925333435704
2024-05-30,PROP005,70,62,8,0.8911192899257477
2024-05-31,PROP005,70,63,7,0.9037417643849956
2024-06-01,PROP005,70,61,9,0.8819184615945389
2024-06-02,PROP005,70,63,7,0.9084258008197691
2024-06-03,PROP005,70,63,7,0.9056637865246336
2024-06-04,PROP005,70,61,9,0.8772008885097642
2024-06-05,PROP005,70,63,7,0.9021813583259636
2024-06-06,PROP005,70,62,8,0.8937138153483905
2024-06-07,PROP005,70,62,8,0.8933933345425366
2024-06-08,PROP005,70,62,8,0.8863720305780067
2024-06-09,PROP005,70,62,8,0.8907764400229602
2024-06-10,PROP005,70,62,8,0.8866174711528482
2024-06-11,PROP005,70,62,8,0.8923196248060775
2024-06-12,PROP005,70,62,8,0.8958483221665852
2024-06-13,PROP005,70,62,8,0.8977024723120417
2024-06-14,PROP005,70,62,8,0.8920295677580568
2024-06-15,PROP005,70,62,8,0.899587202748829
2024-06-16,PROP005,70,61,9,0.8763814420267
2024-06-17,PROP005,70,61,9,0.8792096196917693
2024-06-18,PROP005,70,63,7,0.9034797202186505
2024-06-19,PROP005,70,61,9,0.8836314391695363
2024-06-20,PROP005,70,61,9,0.8716460730547245
2024-06-21,PROP005,70,61,9,0.876881966042401
2024-06-22,PROP005,70,61,9,0.8796748974355322
2024-06-23,PROP005,70,63,7,0.9090232355714633
2024-06-24,PROP005,70,62,8,0.8936519772129138
2024-06-25,PROP005,70,63,7,0.90803954967473
2024-06-26,PROP005,70,62,8,0.8937368540755447
2024-06-27,PROP005,70,62,8,0.8899044976611938
2024-06-28,PROP005,70,61,9,0.8832794277034436
2024-06-29,PROP005,70,62,8,0.8949851578330148
2024-06-30,PROP005,70,61,9,0.8762982410403809
2024-07-01,PROP005,70,63,7,0.906660785147388
2024-07-02,PROP005,70,63,7,0.9039036162613311
2024-07-03,PROP005,70,61,9,0.8834315779707492
2024-07-04,PROP005,70,63,7,0.9088422211597316
2024-07-05,PROP005,70,63,7,0.9037383507523025
2024-07-06,PROP005,70,62,8,0.8973825954890814
2024-07-07,PROP005,70,61,9,0.8756007965006908
2024-07-08,PROP005,70,62,8,0.8898596809776026
2024-07-09,PROP005,70,62,8,0.8909746222495498
2024-07-10,PROP005,70,61,9,0.8800323743902949
2024-07-11,PROP005,70,61,9,0.8739289358300518
2024-07-12,PROP005,70,63,7,0.9017992652745475
2024-07-13,PROP005,70,61,9,0.8756117221406555
2024-07-14,PROP005,70,62,8,0.8945019500781507
2024-07-15,PROP005,70,63,7,0.9081882870110262
2024-07-16,PROP005,70,63,7,0.9057745277596014
2024-07-17,PROP005,70,61,9,0.8818404250056502
2024-07-18,PROP005,70,63,7,0.9047882655577304
2024-07-19,PROP005,70,60,10,0.8707436203004993
2024-07-20,PROP005,70,61,9,0.87143783244021
2024-07-21,PROP005,70,62,8,0.8948324466093943
2024-07-22,PROP005,70,61,9,0.8853222488214609
2024-07-23,PROP005,70,62,8,0.8861887537020456
2024-07-24,PROP005,70,62,8,0.893307963682835
2024-07-25,PROP005,70,61,9,0.8784016182793541
2024-07-26,PROP005,70,61,9,0.8792005340822989
2024-07-27,PROP005,70,62,8,0.8901143835364344
2024-07-28,PROP005,70,63,7,0.9009004618294343
2024-07-29,PROP005,70,62,8,0.8955102301119833
2024-07-30,PROP005,70,61,9,0.8826245219851533
2024-07-31,PROP005,70,62,8,0.8879438071560366
2024-08-01,PROP005,70,61,9,0.8775569103976797
2024-08-02,PROP005,70,61,9,0.873715512629163
2024-08-03,PROP005,70,63,7,0.9020381616854457
2024-08-04,PROP005,70,61,9,0.8813458164232075
2024-08-05,PROP005,70,61,9,0.8778409755697297
2024-08-06,PROP005,70,62,8,0.8983950422784526
2024-08-07,PROP005,70,62,8,0.8954523870271672
2024-08-08,PROP005,70,62,8,0.8960579050962183
2024-08-09,PROP005,70,61,9,0.8798861042495443
2024-08-10,PROP005,70,61,9,0.880036141598187
2024-08-11,PROP005,70,61,9,0.8795624252471054
2024-08-12,PROP005,70,61,9,0.8776804238821715
2024-08-13,PROP005,70,62,8,0.896959266958146
2024-08-14,PROP005,70,63,7,0.9046509554656558
2024-08-15,PROP005,70,62,8,0.8997030188427462
2024-08-16,PROP005,70,63,7,0.9024140654061015
2024-08-17,PROP005,70,62,8,0.8869222572190878
2024-08-18,PROP005,70,62,8,0.8968933518705596
2024-08-19,PROP005,70,61,9,0.8848997696734707
2024-08-20,PROP005,70,62,8,0.8917505049344253
2024-08-21,PROP005,70,62,8,0.8899957139170742
2024-08-22,PROP005,70,61,9,0.877805805861434
2024-08-23,PROP005,70,62,8,0.886213470469105
2024-08-24,PROP005,70,63,7,0.9092832110749738
2024-08-25,PROP005,70,61,9,0.8806735303642774
2024-08-26,PROP005,70,61,9,0.8760824695068593
2024-08-27,PROP005,70,62,8,0.8874735449206371
2024-08-28,PROP005,70,63,7,0.9023438294900857
2024-08-29,PROP005,70,62,8,0.8940162492468786
2024-08-30,PROP005,70,62,8,0.8979693131452096
2024-08-31,PROP005,70,61,9,0.8783181139826668
2024-09-01,PROP005,70,60,10,0.8695446462209687
2024-09-02,PROP005,70,60,10,0.8577267342971189
2024-09-03,PROP005,70,61,9,0.8781588531388506
2024-09-04,PROP005,70,60,10,0.8699586707410893
2024-09-05,PROP005,70,59,11,0.8527409696116718
2024-09-06,PROP005,70,59,11,0.8473713856944234
2024-09-07,PROP005,70,59,11,0.8464920468721412
2024-09-08,PROP005,70,60,10,0.8596430612066656
2024-09-09,PROP005,70,59,11,0.8554207639668324
2024-09-10,PROP005,70,60,10,0.8706303234391602
2024-09-11,PROP005,70,60,10,0.8647600718998046
2024-09-12,PROP005,70,59,11,0.8554274896208751
2024-09-13,PROP005,70,59,11,0.8507562296186669
2024-09-14,PROP005,70,59,11,0.8498747090081579
2024-09-15,PROP005,70,61,9,0.8793731341862766
2024-09-16,PROP005,70,59,11,0.8545258372368546
2024-09-17,PROP005,70,60,10,0.8708551444170987
2024-09-18,PROP005,70,61,9,0.8772141556201105
2024-09-19,PROP005,70,60,10,0.8693499709480493
2024-09-20,PROP005,70,61,9,0.8791693277665378
2024-09-21,PROP005,70,60,10,0.8604824673617989
2024-09-22,PROP005,70,61,9,0.8830356061266178
2024-09-23,PROP005,70,59,11,0.8501125186677838
2024-09-24,PROP005,70,59,11,0.8488726996869614
2024-09-25,PROP005,70,60,10,0.8711344043489576
2024-09-26,PROP005,70,61,9,0.8824999641571903
2024-09-27,PROP005,70,61,9,0.877142056966113
2024-09-28,PROP005,70,59,11,0.847843392878182
2024-09-29,PROP005,70,59,11,0.8559614270580486
2024-09-30,PROP005,70,61,9,0.8819994738941729
2024-10-01,PROP005,70,59,11,0.8549090558126913
2024-10-02,PROP005,70,61,9,0.8760335354521367
2024-10-03,PROP005,70,61,9,0.8777920063378081
2024-10-04,PROP005,70,60,10,0.8646048026390992
2024-10-05,PROP005,70,60,10,0.8602406748945925
2024-10-06,PROP005,70,60,10,0.8627916957974503
2024-10-07,PROP005,70,59,11,0.8538653062752745
2024-10-08,PROP005,70,61,9,0.8803623551458137
2024-10-09,PROP005,70,60,10,0.8628115047698502
2024-10-10,PROP005,70,61,9,0.880085096118904
2024-10-11,PROP005,70,59,11,0.8490144576969109
2024-10-12,PROP005,70,61,9,0.8843177293406652
2024-10-13,PROP005,70,60,10,0.8625176419984046
2024-10-14,PROP005,70,59,11,0.8466999513164242
2024-10-15,PROP005,70,59,11,0.8463075924301581
2024-10-16,PROP005,70,61,9,0.8746350087999335
2024-10-17,PROP005,70,60,10,0.8711481398688071
2024-10-18,PROP005,70,61,9,0.8768719408257634
2024-10-19,PROP005,70,59,11,0.8490014198587722
2024-10-20,PROP005,70,59,11,0.8462095531820818
2024-10-21,PROP005,70,60,10,0.865129890078563
2024-10-22,PROP005,70,60,10,0.8602905277599707
2024-10-23,PROP005,70,60,10,0.8632645959674982
2024-10-24,PROP005,70,61,9,0.8844502548554709
2024-10-25,PROP005,70,61,9,0.8836167168074868
2024-10-26,PROP005,70,61,9,0.8824793340875876
2024-10-27,PROP005,70,61,9,0.8761404255713668
2024-10-28,PROP005,70,60,10,0.8589803729109355
2024-10-29,PROP005,70,60,10,0.8612719557111708
2024-10-30,PROP005,70,60,10,0.8667713602494169
2024-10-31,PROP005,70,61,9,0.8780080967568535
2024-11-01,PROP005,70,57,13,0.8215916302463708
2024-11-02,PROP005,70,58,12,0.8358149923810356
2024-11-03,PROP005,70,57,13,0.8221478234840108
2024-11-04,PROP005,70,58,12,0.8394294204085805
2024-11-05,PROP005,70,59,11,0.8547991499058895
2024-11-06,PROP005,70,59,11,0.8501425139281976
2024-11-07,PROP005,70,57,13,0.8279568136473645
2024-11-08,PROP005,70,60,10,0.8578827509295918
2024-11-09,PROP005,70,59,11,0.8455371328674972
2024-11-10,PROP005,70,57,13,0.8192602249215362
2024-11-11,PROP005,70,58,12,0.8290596563330489
2024-11-12,PROP005,70,58,12,0.8292716489424368
2024-11-13,PROP005,70,57,13,0.8216132891970744
2024-11-14,PROP005,70,60,10,0.8572361776686772
2024-11-15,PROP005,70,58,12,0.837973328728677
2024-11-16,PROP005,70,59,11,0.8546757008405154
2024-11-17,PROP005,70,58,12,0.8317317370834252
2024-11-18,PROP005,70,57,13,0.8238524597629532
2024-11-19,PROP005,70,58,12,0.8378165613418886
2024-11-20,PROP005,70,57,13,0.8234013823342128
2024-11-21,PROP005,70,58,12,0.8382837370647417
2024-11-22,PROP005,70,59,11,0.8556550041944164
2024-11-23,PROP005,70,58,12,0.8396738426190086
2024-11-24,PROP005,70,59,11,0.8435031060214434
2024-11-25,PROP005,70,57,13,0.8251086544245924
2024-11-26,PROP005,70,57,13,0.8205925419808389
2024-11-27,PROP005,70,57,13,0.8232754354328323
2024-11-28,PROP005,70,58,12,0.8427843799730147
2024-11-29,PROP005,70,57,13,0.8226435849053323
2024-11-30,PROP005,70,58,12,0.8338828325432925
2024-12-01,PROP005,70,58,12,0.8408467945639663
2024-12-02,PROP005,70,58,12,0.834389228890834
2024-12-03,PROP005,70,57,13,0.8253904690042522
2024-12-04,PROP005,70,58,12,0.8297947692462043
2024-12-05,PROP005,70,59,11,0.8559758182595831
2024-12-06,PROP005,70,59,11,0.8458824079690943
2024-12-07,PROP005,70,58,12,0.8386850304928355
2024-12-08,PROP005,70,57,13,0.8193517125451159
2024-12-09,PROP005,70,60,10,0.8585397329652189
2024-12-10,PROP005,70,59,11,0.8457013143414258
2024-12-11,PROP005,70,58,12,0.8315200160394378
2024-12-12,PROP005,70,59,11,0.8540138633455536
2024-12-13,PROP005,70,58,12,0.8291803817573128
2024-12-14,PROP005,70,58,12,0.8406037801129501
2024-12-15,PROP005,70,59,11,0.8442859474948331
2024-12-16,PROP005,70,57,13,0.8276856518037892
2024-12-17,PROP005,70,60,10,0.8579790080976639
2024-12-18,PROP005,70,59,11,0.8487707931848
2024-12-19,PROP005,70,58,12,0.8411556459660828
2024-12-20,PROP005,70,57,13,0.8260669008726521
2024-12-21,PROP005,70,57,13,0.8209974452255611
2024-12-22,PROP005,70,58,12,0.8316455102464794
2024-12-23,PROP005,70,59,11,0.8489706103821761
2024-12-24,PROP005,70,58,12,0.829616368877721
2024-12-25,PROP005,70,58,12,0.8404253657654602
2024-12-26,PROP005,70,59,11,0.8479610040148698
2024-12-27,PROP005,70,57,13,0.8231608655314986
2024-12-28,PROP005,70,59,11,0.846255037590275
2024-12-29,PROP005,70,57,13,0.8225179524540418
2024-12-30,PROP005,70,60,10,0.8574483066307199
2024-12-31,PROP005,70,58,12,0.8383788821482376
2025-01-01,PROP005,70,57,13,0.8248701612540351
2025-01-02,PROP005,70,58,12,0.8325384623869819
2025-01-03,PROP005,70,58,12,0.8353797749174505
2025-01-04,PROP005,70,59,11,0.8491705173887015
2025-01-05,PROP005,70,59,11,0.8485800683887045
2025-01-06,PROP005,70,59,11,0.8433207371591334
2025-01-07,PROP005,70,57,13,0.8230803454479798
2025-01-08,PROP005,70,57,13,0.824905891809147
2025-01-09,PROP005,70,57,13,0.8225933937714623
2025-01-10,PROP005,70,58,12,0.841930028277142
2025-01-11,PROP005,70,59,11,0.8539286546060962
2025-01-12,PROP005,70,58,12,0.836195137435831
2025-01-13,PROP005,70,57,13,0.82527704390395
2025-01-14,PROP005,70,58,12,0.8411648099515987
2025-01-15,PROP005,70,59,11,0.8513132056202685
2025-01-16,PROP005,70,59,11,0.8485115994061573
2025-01-17,PROP005,70,59,11,0.8541011481326409
2025-01-18,PROP005,70,58,12,0.8299592008355948
2025-01-19,PROP005,70,57,13,0.8266012716363511
2025-01-20,PROP005,70,59,11,0.8540357763833176
2025-01-21,PROP005,70,59,11,0.845145529456761
2025-01-22,PROP005,70,58,12,0.8312802741459422
2025-01-23,PROP005,70,59,11,0.8485370389685404
2025-01-24,PROP005,70,59,11,0.8514478523248548
2025-01-25,PROP005,70,59,11,0.8434422465592853
2025-01-26,PROP005,70,59,11,0.8463584813408367
2025-01-27,PROP005,70,58,12,0.8338535131233468
2025-01-28,PROP005,70,58,12,0.8403909436393616
2025-01-29,PROP005,70,58,12,0.8398094837746866
2025-01-30,PROP005,70,59,11,0.8527650285908709
2025-01-31,PROP005,70,59,11,0.8524416761569273
2024-02-01,PROP006,40,37,3,0.9303629208921438
2024-02-02,PROP006,40,38,2,0.9599034757004007
2024-02-03,PROP006,40,38,2,0.9602687119260853
2024-02-04,PROP006,40,38,2,0.9570568092358508
2024-02-05,PROP006,40,38,2,0.9601722426373033
2024-02-06,PROP006,40,38,2,0.9636004711815135
2024-02-07,PROP006,40,37,3,0.9487344184857166
2024-02-08,PROP006,40,38,2,0.950003664861183
2024-02-09,PROP006,40,37,3,0.9349102185981008
2024-02-10,PROP006,40,37,3,0.9453366916435396
2024-02-11,PROP006,40,38,2,0.9556562635181165
2024-02-12,PROP006,40,38,2,0.9611376473675362
2024-02-13,PROP006,40,37,3,0.9386100202292936
2024-02-14,PROP006,40,37,3,0.9354345722880145
2024-02-15,PROP006,40,38,2,0.9564433365016648
2024-02-16,PROP006,40,37,3,0.9299968516626416
2024-02-17,PROP006,40,37,3,0.9370565596939383
2024-02-18,PROP006,40,37,3,0.9310845115354033
2024-02-19,PROP006,40,37,3,0.93659706103584
2024-02-20,PROP006,40,37,3,0.9371744275186654
2024-02-21,PROP006,40,37,3,0.945428600111661
2024-02-22,PROP006,40,37,3,0.9460147413091073
2024-02-23,PROP006,40,38,2,0.9648921551460546
2024-02-24,PROP006,40,38,2,0.9503260448215982
2024-02-25,PROP006,40,38,2,0.9588578469461366
2024-02-26,PROP006,40,37,3,0.9340871506384567
2024-02-27,PROP006,40,37,3,0.9389392065401929
2024-02-28,PROP006,40,38,2,0.9580393939607922
2024-02-29,PROP006,40,37,3,0.9320338147403863
2024-03-01,PROP006,40,37,3,0.9493855628113953
2024-03-02,PROP006,40,38,2,0.9538964149481625
2024-03-03,PROP006,40,38,2,0.9540074820837444
2024-03-04,PROP006,40,37,3,0.9308389687723668
2024-03-05,PROP006,40,37,3,0.9428059764908125
2024-03-06,PROP006,40,38,2,0.9553812823636113
2024-03-07,PROP006,40,37,3,0.9358816457676149
2024-03-08,PROP006,40,38,2,0.9577382822547673
2024-03-09,PROP006,40,38,2,0.9597586646741921
2024-03-10,PROP006,40,38,2,0.969200423939491
2024-03-11,PROP006,40,37,3,0.9383153361159016
2024-03-12,PROP006,40,38,2,0.9629268830282898
2024-03-13,PROP006,40,38,2,0.9507335193983913
2024-03-14,PROP006,40,37,3,0.9448601601674121
2024-03-15,PROP006,40,37,3,0.9348167266146523
2024-03-16,PROP006,40,38,2,0.9593418805811467
2024-03-17,PROP006,40,37,3,0.9393559602873927
2024-03-18,PROP006,40,37,3,0.944778536396567
2024-03-19,PROP006,40,37,3,0.9324233453975399
2024-03-20,PROP006,40,38,2,0.961976332954426
2024-03-21,PROP006,40,38,2,0.9605851972805108
2024-03-22,PROP006,40,38,2,0.9592662895233377
2024-03-23,PROP006,40,37,3,0.9418993967413206
2024-03-24,PROP006,40,37,3,0.9368608592922835
2024-03-25,PROP006,40,38,2,0.9554237869004544
2024-03-26,PROP006,40,37,3,0.9497683116861739
2024-03-27,PROP006,40,37,3,0.9370517549978308
2024-03-28,PROP006,40,38,2,0.9573581071636397
2024-03-29,PROP006,40,38,2,0.9695667135944973
2024-03-30,PROP006,40,38,2,0.9598104398313266
2024-03-31,PROP006,40,38,2,0.9595211117890696
2024-04-01,PROP006,40,38,2,0.9679341664388689
2024-04-02,PROP006,40,37,3,0.9380391110246412
2024-04-03,PROP006,40,38,2,0.9525436549185028
2024-04-04,PROP006,40,38,2,0.9691075249230005
2024-04-05,PROP006,40,37,3,0.9365334207604521
2024-04-06,PROP006,40,38,2,0.957931734699426
2024-04-07,PROP006,40,38,2,0.9533540621605212
2024-04-08,PROP006,40,38,2,0.9533808200091934
2024-04-09,PROP006,40,38,2,0.9578284814224481
2024-04-10,PROP006,40,38,2,0.9671063332366725
2024-04-11,PROP006,40,38,2,0.9612249339156986
2024-04-12,PROP006,40,37,3,0.9321671004582935
2024-04-13,PROP006,40,38,2,0.9640307771166736
2024-04-14,PROP006,40,37,3,0.9389433095186744
2024-04-15,PROP006,40,37,3,0.9449982229111
2024-04-16,PROP006,40,37,3,0.9483909688661405
2024-04-17,PROP006,40,37,3,0.949157896351768
2024-04-18,PROP006,40,37,3,0.9473288722918595
2024-04-19,PROP006,40,38,2,0.9674157880902797
2024-04-20,PROP006,40,38,2,0.9581624166282061
2024-04-21,PROP006,40,38,2,0.9551684821599135
2024-04-22,PROP006,40,37,3,0.9319153374329628
2024-04-23,PROP006,40,38,2,0.9660781895320601
2024-04-24,PROP006,40,38,2,0.966297264001981
2024-04-25,PROP006,40,38,2,0.9611301788588492
2024-04-26,PROP006,40,37,3,0.9302028244741899
2024-04-27,PROP006,40,37,3,0.9322128663647501
2024-04-28,PROP006,40,37,3,0.9389306044123847
2024-04-29,PROP006,40,37,3,0.9351756326474414
2024-04-30,PROP006,40,37,3,0.9458750975097944
2024-05-01,PROP006,40,39,1,0.9953242283348062
2024-05-02,PROP006,40,39,1,0.9773017233791745
2024-05-03,PROP006,40,38,2,0.9589554110685812
2024-05-04,PROP006,40,38,2,0.969729133594445
2024-05-05,PROP006,40,38,2,0.960203102346213
2024-05-06,PROP006,40,38,2,0.9598708109158347
2024-05-07,PROP006,40,38,2,0.9694481001351166
2024-05-08,PROP006,40,38,2,0.9694437995584524
2024-05-09,PROP006,40,39,1,0.9899043701153587
2024-05-10,PROP006,40,39,1,0.997412692122539
2024-05-11,PROP006,40,38,2,0.9732675897668945
2024-05-12,PROP006,40,39,1,0.9755747811657361
2024-05-13,PROP006,40,39,1,0.9922108834627354
2024-05-14,PROP006,40,38,2,0.9691448668151151
2024-05-15,PROP006,40,38,2,0.9646745781874325
2024-05-16,PROP006,40,39,1,0.9925428909474406
2024-05-17,PROP006,40,38,2,0.9602793294688972
2024-05-18,PROP006,40,39,1,0.9832072836192712
2024-05-19,PROP006,40,39,1,0.9808990199099669
2024-05-20,PROP006,40,38,2,0.9722561239113623
2024-05-21,PROP006,40,38,2,0.9710268868551889
2024-05-22,PROP006,40,39,1,0.9892936150585594
2024-05-23,PROP006,40,38,2,0.9618762904417965
2024-05-24,PROP006,40,38,2,0.96789067838375
2024-05-25,PROP006,40,39,1,0.9877172552848181
2024-05-26,PROP006,40,39,1,0.9803521293603515
2024-05-27,PROP006,40,38,2,0.963538834352638
2024-05-28,PROP006,40,39,1,0.993704730582577
2024-05-29,PROP006,40,38,2,0.9741572198738382
2024-05-30,PROP006,40,39,1,0.9915340410241815
2024-05-31,PROP006,40,39,1,0.9899278266324029
2024-06-01,PROP006,40,39,1,0.9833963238701637
2024-06-02,PROP006,40,39,1,0.9781985512630983
2024-06-03,PROP006,40,39,1,0.9976013396265648
2024-06-04,PROP006,40,38,2,0.9642179089064873
2024-06-05,PROP006,40,39,1,0.9874255351133392
2024-06-06,PROP006,40,38,2,0.9660669340698861
2024-06-07,PROP006,40,38,2,0.9719498302245885
2024-06-08,PROP006,40,38,2,0.9707672557462224
2024-06-09,PROP006,40,39,1,0.9963007455208435
2024-06-10,PROP006,40,39,1,0.9971135531228256
2024-06-11,PROP006,40,38,2,0.9657399237806836
2024-06-12,PROP006,40,38,2,0.9593007124231947
2024-06-13,PROP006,40,39,1,0.9872196275978191
2024-06-14,PROP006,40,39,1,0.975138903366114
2024-06-15,PROP006,40,38,2,0.9619729158147972
2024-06-16,PROP006,40,39,1,0.9857694702343762
2024-06-17,PROP006,40,39,1,0.9802235271417226
2024-06-18,PROP006,40,39,1,0.9976399788913388
2024-06-19,PROP006,40,38,2,0.9675156858457498
2024-06-20,PROP006,40,38,2,0.9745784210643565
2024-06-21,PROP006,40,39,1,0.9801211381471114
2024-06-22,PROP006,40,39,1,0.9900873055494286
2024-06-23,PROP006,40,39,1,0.980372852280097
2024-06-24,PROP006,40,39,1,0.9829353124457725
2024-06-25,PROP006,40,38,2,0.9674651880748922
2024-06-26,PROP006,40,39,1,0.992296055134837
2024-06-27,PROP006,40,39,1,0.9755645278901136
2024-06-28,PROP006,40,38,2,0.9640576911121653
2024-06-29,PROP006,40,39,1,0.9849868225915113
2024-06-30,PROP006,40,38,2,0.9670629241387069
2024-07-01,PROP006,40,38,2,0.9623218064208665
2024-07-02,PROP006,40,39,1,0.9928987823474654
2024-07-03,PROP006,40,39,1,0.9768257965908321
2024-07-04,PROP006,40,39,1,0.9883906545191257
2024-07-05,PROP006,40,38,2,0.9700428084035487
2024-07-06,PROP006,40,39,1,0.9898981114080012
2024-07-07,PROP006,40,38,2,0.9628967430921558
2024-07-08,PROP006,40,38,2,0.9726582409630887
2024-07-09,PROP006,40,39,1,0.9975417787302358
2024-07-10,PROP006,40,39,1,0.9901788946660148
2024-07-11,PROP006,40,39,1,0.9783095432238821
2024-07-12,PROP006,40,38,2,0.97201040487377
2024-07-13,PROP006,40,39,1,0.9933047340121937
2024-07-14,PROP006,40,39,1,0.9802132163746752
2024-07-15,PROP006,40,39,1,0.988756306726059
2024-07-16,PROP006,40,39,1,0.9885836132239412
2024-07-17,PROP006,40,38,2,0.9591371331540343
2024-07-18,PROP006,40,38,2,0.9634694573229992
2024-07-19,PROP006,40,39,1,0.9848044806670843
2024-07-20,PROP006,40,38,2,0.9648840984627294
2024-07-21,PROP006,40,38,2,0.9686390397975188
2024-07-22,PROP006,40,39,1,0.9962848241792789
2024-07-23,PROP006,40,39,1,0.980826596346291
2024-07-24,PROP006,40,39,1,0.9884484862912685
2024-07-25,PROP006,40,39,1,0.9807385355626002
2024-07-26,PROP006,40,39,1,0.9805198506026036
2024-07-27,PROP006,40,38,2,0.9621853824163225
2024-07-28,PROP006,40,38,2,0.9721658337156587
2024-07-29,PROP006,40,38,2,0.969716541958755
2024-07-30,PROP006,40,38,2,0.9740484406358391
2024-07-31,PROP006,40,39,1,0.9903530735402677
2024-08-01,PROP006,40,38,2,0.9732966127279692
2024-08-02,PROP006,40,39,1,0.9764871787805619
2024-08-03,PROP006,40,38,2,0.9743145616307072
2024-08-04,PROP006,40,38,2,0.9621556248903064
2024-08-05,PROP006,40,39,1,0.976062192341326
2024-08-06,PROP006,40,38,2,0.9662436769330751
2024-08-07,PROP006,40,38,2,0.9658882378422162
2024-08-08,PROP006,40,38,2,0.9621807501886652
2024-08-09,PROP006,40,38,2,0.9726861449769652
2024-08-10,PROP006,40,39,1,0.9887185814028713
2024-08-11,PROP006,40,38,2,0.9694769736346304
2024-08-12,PROP006,40,38,2,0.9709132700867151
2024-08-13,PROP006,40,39,1,0.9841262923181915
2024-08-14,PROP006,40,38,2,0.9662529385147713
2024-08-15,PROP006,40,39,1,0.9942976232282359
2024-08-16,PROP006,40,39,1,0.9792269269413567
2024-08-17,PROP006,40,39,1,0.9763234236241033
2024-08-18,PROP006,40,39,1,0.9807321136884626
2024-08-19,PROP006,40,38,2,0.9650606785479424
2024-08-20,PROP006,40,39,1,0.9829582315568616
2024-08-21,PROP006,40,38,2,0.972943335476655
2024-08-22,PROP006,40,39,1,0.9943067596498794
2024-08-23,PROP006,40,38,2,0.965173474278402
2024-08-24,PROP006,40,39,1,0.9787013501659122
2024-08-25,PROP006,40,39,1,0.9823438111860553
2024-08-26,PROP006,40,38,2,0.9597546500827498
2024-08-27,PROP006,40,38,2,0.9729670310015401
2024-08-28,PROP006,40,39,1,0.9877247153993278
2024-08-29,PROP006,40,39,1,0.9912344063092535
2024-08-30,PROP006,40,38,2,0.9709457858039858
2024-08-31,PROP006,40,39,1,0.9903630369066047
2024-09-01,PROP006,40,38,2,0.9686318914057808
2024-09-02,PROP006,40,38,2,0.9641966137646489
2024-09-03,PROP006,40,37,3,0.9346274158480181
2024-09-04,PROP006,40,38,2,0.9595108696050668
2024-09-05,PROP006,40,37,3,0.942708329619267
2024-09-06,PROP006,40,38,2,0.9694582958981283
2024-09-07,PROP006,40,37,3,0.9493360156480406
2024-09-08,PROP006,40,37,3,0.9348190122560028
2024-09-09,PROP006,40,38,2,0.9589290782427408
2024-09-10,PROP006,40,37,3,0.9428421042570937
2024-09-11,PROP006,40,38,2,0.9698047826049117
2024-09-12,PROP006,40,38,2,0.969112954635826
2024-09-13,PROP006,40,38,2,0.9561670170424684
2024-09-14,PROP006,40,37,3,0.9351147142797138
2024-09-15,PROP006,40,38,2,0.9573960962286463
2024-09-16,PROP006,40,37,3,0.9336428757800462
2024-09-17,PROP006,40,37,3,0.9310962226857409
2024-09-18,PROP006,40,38,2,0.9628399941705046
2024-09-19,PROP006,40,37,3,0.9383117742289924
2024-09-20,PROP006,40,37,3,0.945082741370409
2024-09-21,PROP006,40,38,2,0.9688599519206921
2024-09-22,PROP006,40,37,3,0.9433952763960893
2024-09-23,PROP006,40,37,3,0.9417812475729778
2024-09-24,PROP006,40,38,2,0.9666499763065561
2024-09-25,PROP006,40,37,3,0.9343515941344035
2024-09-26,PROP006,40,38,2,0.9603049527262304
2024-09-27,PROP006,40,38,2,0.9694442789877561
2024-09-28,PROP006,40,38,2,0.9659734967526311
2024-09-29,PROP006,40,38,2,0.9559883730699021
2024-09-30,PROP006,40,37,3,0.9424840881213544
2024-10-01,PROP006,40,37,3,0.9400945355687779
2024-10-02,PROP006,40,38,2,0.9626918605165036
2024-10-03,PROP006,40,38,2,0.9651145328797129
2024-10-04,PROP006,40,38,2,0.9509390528234729
2024-10-05,PROP006,40,37,3,0.9396952539531038
2024-10-06,PROP006,40,37,3,0.9344393846580921
2024-10-07,PROP006,40,37,3,0.9334088350349184
2024-10-08,PROP006,40,38,2,0.9586847542157994
2024-10-09,PROP006,40,37,3,0.9467264054355542
2024-10-10,PROP006,40,38,2,0.9661360512927599
2024-10-11,PROP006,40,38,2,0.9595085083507157
2024-10-12,PROP006,40,37,3,0.9375720730382286
2024-10-13,PROP006,40,38,2,0.9544727530742732
2024-10-14,PROP006,40,37,3,0.9473418744975716
2024-10-15,PROP006,40,38,2,0.9530116455523897
2024-10-16,PROP006,40,38,2,0.9594444212551858
2024-10-17,PROP006,40,38,2,0.9621694915617968
2024-10-18,PROP006,40,38,2,0.9636711493779141
2024-10-19,PROP006,40,37,3,0.9400806513045261
2024-10-20,PROP006,40,37,3,0.9311662803183395
2024-10-21,PROP006,40,38,2,0.9594934457282361
2024-10-22,PROP006,40,37,3,0.9341754053718762
2024-10-23,PROP006,40,37,3,0.9425184398661639
2024-10-24,PROP006,40,37,3,0.9300743416866191
2024-10-25,PROP006,40,38,2,0.9571884356177099
2024-10-26,PROP006,40,37,3,0.936606936780494
2024-10-27,PROP006,40,38,2,0.9561329527093115
2024-10-28,PROP006,40,38,2,0.9695913610083587
2024-10-29,PROP006,40,37,3,0.9328284911860458
2024-10-30,PROP006,40,37,3,0.9330047767997036
2024-10-31,PROP006,40,37,3,0.9435368600283122
2024-11-01,PROP006,40,37,3,0.9360794672020495
2024-11-02,PROP006,40,36,4,0.910045201383649
2024-11-03,PROP006,40,36,4,0.9158391194292097
2024-11-04,PROP006,40,36,4,0.904164222897075
2024-11-05,PROP006,40,37,3,0.9319502182823514
2024-11-06,PROP006,40,36,4,0.9177562603423738
2024-11-07,PROP006,40,37,3,0.9317939559544295
2024-11-08,PROP006,40,37,3,0.9375683204058676
2024-11-09,PROP006,40,36,4,0.9107345325160473
2024-11-10,PROP006,40,37,3,0.9337198478455938
2024-11-11,PROP006,40,36,4,0.9037877622351259
2024-11-12,PROP006,40,37,3,0.9373779021592057
2024-11-13,PROP006,40,37,3,0.9274547485343456
2024-11-14,PROP006,40,37,3,0.9363930755975298
2024-11-15,PROP006,40,36,4,0.9014315426142591
2024-11-16,PROP006,40,36,4,0.9081872494462354
2024-11-17,PROP006,40,36,4,0.9170143821290554
2024-11-18,PROP006,40,36,4,0.9166041227669844
2024-11-19,PROP006,40,36,4,0.9104932219489362
2024-11-20,PROP006,40,36,4,0.9166884842266838
2024-11-21,PROP006,40,36,4,0.9065779551120059
2024-11-22,PROP006,40,36,4,0.9179344518026368
2024-11-23,PROP006,40,37,3,0.9335181797983663
2024-11-24,PROP006,40,36,4,0.9205868091561298
2024-11-25,PROP006,40,36,4,0.9021440101898044
2024-11-26,PROP006,40,36,4,0.9182817682951656
2024-11-27,PROP006,40,36,4,0.9025110072756295
2024-11-28,PROP006,40,37,3,0.9400737430602677
2024-11-29,PROP006,40,36,4,0.9065221650089105
2024-11-30,PROP006,40,37,3,0.9297315396852205
2024-12-01,PROP006,40,37,3,0.9403350595476792
2024-12-02,PROP006,40,37,3,0.9344655686986586
2024-12-03,PROP006,40,37,3,0.929396621637044
2024-12-04,PROP006,40,37,3,0.9350024430120264
2024-12-05,PROP006,40,37,3,0.9406959543624208
2024-12-06,PROP006,40,37,3,0.9262777865221369
2024-12-07,PROP006,40,36,4,0.9237913989051688
2024-12-08,PROP006,40,37,3,0.926553531050527
2024-12-09,PROP006,40,36,4,0.9227310421024579
2024-12-10,PROP006,40,37,3,0.9268275708683845
2024-12-11,PROP006,40,36,4,0.9194176949508981
2024-12-12,PROP006,40,36,4,0.910161733947328
2024-12-13,PROP006,40,36,4,0.9062338956924628
2024-12-14,PROP006,40,36,4,0.9041576440532861
2024-12-15,PROP006,40,36,4,0.9119566379821238
2024-12-16,PROP006,40,36,4,0.9032689492054251
2024-12-17,PROP006,40,36,4,0.9241108378287711
2024-12-18,PROP006,40,36,4,0.9127771445129366
2024-12-19,PROP006,40,37,3,0.934405398955477
2024-12-20,PROP006,40,36,4,0.9043936415515312
2024-12-21,PROP006,40,36,4,0.9104780664056552
2024-12-22,PROP006,40,37,3,0.9306338525156016
2024-12-23,PROP006,40,37,3,0.9253763384873354
2024-12-24,PROP006,40,36,4,0.9040036574819624
2024-12-25,PROP006,40,37,3,0.9365135849184838
2024-12-26,PROP006,40,37,3,0.9365144771450429
2024-12-27,PROP006,40,36,4,0.9146403267870267
2024-12-28,PROP006,40,36,4,0.9150402403659783
2024-12-29,PROP006,40,37,3,0.9409851409660027
2024-12-30,PROP006,40,37,3,0.9264710534957212
2024-12-31,PROP006,40,36,4,0.9226766674547181
2025-01-01,PROP006,40,37,3,0.9349500939740727
2025-01-02,PROP006,40,36,4,0.9128356201662884
2025-01-03,PROP006,40,36,4,0.91859131036785
2025-01-04,PROP006,40,36,4,0.9121350736515291
2025-01-05,PROP006,40,37,3,0.932990440495545
2025-01-06,PROP006,40,36,4,0.9243579804574045
2025-01-07,PROP006,40,37,3,0.9277770094375986
2025-01-08,PROP006,40,36,4,0.911516296625572
2025-01-09,PROP006,40,36,4,0.9102330186870884
2025-01-10,PROP006,40,36,4,0.9209589917913134
2025-01-11,PROP006,40,37,3,0.9309266365957088
2025-01-12,PROP006,40,36,4,0.9224335969328021
2025-01-13,PROP006,40,36,4,0.9027298337338225
2025-01-14,PROP006,40,37,3,0.9361660668848073
2025-01-15,PROP006,40,36,4,0.904011482372601
2025-01-16,PROP006,40,37,3,0.9396569859808258
2025-01-17,PROP006,40,36,4,0.9024296849630866
2025-01-18,PROP006,40,37,3,0.9292020248772241
2025-01-19,PROP006,40,36,4,0.904712289180467
2025-01-20,PROP006,40,37,3,0.9378510698094014
2025-01-21,PROP006,40,36,4,0.9200013360810174
2025-01-22,PROP006,40,36,4,0.9069249576246764
2025-01-23,PROP006,40,36,4,0.9150566346235897
2025-01-24,PROP006,40,36,4,0.9080169936458662
2025-01-25,PROP006,40,36,4,0.9082472830942794
2025-01-26,PROP006,40,37,3,0.9393483394388534
2025-01-27,PROP006,40,36,4,0.9192338511233873
2025-01-28,PROP006,40,37,3,0.9329760971882102
2025-01-29,PROP006,40,37,3,0.9270082290791031
2025-01-30,PROP006,40,37,3,0.9284810611255314
2025-01-31,PROP006,40,36,4,0.9066917441708773
2024-02-01,PROP007,92,81,11,0.8895721470240358
2024-02-02,PROP007,92,82,10,0.8969327818768495
2024-02-03,PROP007,92,79,13,0.8686091593218044
2024-02-04,PROP007,92,79,13,0.8689648842078999
2024-02-05,PROP007,92,80,12,0.8770180189302945
2024-02-06,PROP007,92,82,10,0.8974557461320758
2024-02-07,PROP007,92,79,13,0.8688604914509171
2024-02-08,PROP007,92,80,12,0.8743810100032289
2024-02-09,PROP007,92,82,10,0.8937613342427986
2024-02-10,PROP007,92,78,14,0.8582189749227127
2024-02-11,PROP007,92,79,13,0.859692772217401
2024-02-12,PROP007,92,81,11,0.882265000700707
2024-02-13,PROP007,92,82,10,0.8943973402063722
2024-02-14,PROP007,92,79,13,0.8676564000339354
2024-02-15,PROP007,92,80,12,0.8768878046050866
2024-02-16,PROP007,92,80,12,0.876120745684171
2024-02-17,PROP007,92,80,12,0.8770209874616787
2024-02-18,PROP007,92,81,11,0.8830029214470481
2024-02-19,PROP007,92,80,12,0.8768918841374856
2024-02-20,PROP007,92,80,12,0.8760008592707565
2024-02-21,PROP007,92,80,12,0.8770736704351086
2024-02-22,PROP007,92,81,11,0.8817368312687
2024-02-23,PROP007,92,80,12,0.8795824331519126
2024-02-24,PROP007,92,82,10,0.8922675735238784
2024-02-25,PROP007,92,79,13,0.8600820077576049
2024-02-26,PROP007,92,82,10,0.8914348164767788
2024-02-27,PROP007,92,82,10,0.8918591181223272
2024-02-28,PROP007,92,79,13,0.8694984544790967
2024-02-29,PROP007,92,80,12,0.8766162118184923
2024-03-01,PROP007,92,80,12,0.8756436731593557
2024-03-02,PROP007,92,79,13,0.8668425269920235
2024-03-03,PROP007,92,80,12,0.8739740075013109
2024-03-04,PROP007,92,79,13,0.8598776445046924
2024-03-05,PROP007,92,79,13,0.8692150165291277
2024-03-06,PROP007,92,81,11,0.890769420635887
2024-03-07,PROP007,92,79,13,0.8694846256883741
2024-03-08,PROP007,92,81,11,0.8908304003677882
2024-03-09,PROP007,92,80,12,0.8793661122020355
2024-03-10,PROP007,92,82,10,0.8932966407123046
2024-03-11,PROP007,92,81,11,0.8810933157884349
2024-03-12,PROP007,92,79,13,0.8592888625404479
2024-03-13,PROP007,92,81,11,0.8851189419197418
2024-03-14,PROP007,92,79,13,0.8598962763388011
2024-03-15,PROP007,92,80,12,0.8761260143771836
2024-03-16,PROP007,92,82,10,0.8952792013967829
2024-03-17,PROP007,92,79,13,0.8647102911913723
2024-03-18,PROP007,92,80,12,0.87369702773552
2024-03-19,PROP007,92,81,11,0.8872965459717974
2024-03-20,PROP007,92,82,10,0.8933924758616522
2024-03-21,PROP007,92,81,11,0.8849398538075586
2024-03-22,PROP007,92,79,13,0.868429063785505
2024-03-23,PROP007,92,81,11,0.885086447734507
2024-03-24,PROP007,92,80,12,0.8699712392620219
2024-03-25,PROP007,92,81,11,0.8868393028106076
2024-03-26,PROP007,92,82,10,0.8962634587212599
2024-03-27,PROP007,92,81,11,0.8869578716621098
2024-03-28,PROP007,92,82,10,0.8926173537343548
2024-03-29,PROP007,92,78,14,0.8581862873448937
2024-03-30,PROP007,92,81,11,0.886805018607122
2024-03-31,PROP007,92,81,11,0.8912856358924682
2024-04-01,PROP007,92,79,13,0.8597244831196456
2024-04-02,PROP007,92,82,10,0.8929660427093875
2024-04-03,PROP007,92,79,13,0.8683699027502602
2024-04-04,PROP007,92,81,11,0.8847138176969804
2024-04-05,PROP007,92,81,11,0.8901163287787945
2024-04-06,PROP007,92,81,11,0.8846087141402325
2024-04-07,PROP007,92,79,13,0.8617935253007886
2024-04-08,PROP007,92,81,11,0.881954994372273
2024-04-09,PROP007,92,80,12,0.880085479886744
2024-04-10,PROP007,92,82,10,0.8941149843408291
2024-04-11,PROP007,92,80,12,0.8742717228036266
2024-04-12,PROP007,92,80,12,0.8709453775013403
2024-04-13,PROP007,92,81,11,0.8880961641953169
2024-04-14,PROP007,92,80,12,0.8746091466611942
2024-04-15,PROP007,92,81,11,0.8839459806180608
2024-04-16,PROP007,92,81,11,0.8839601372228425
2024-04-17,PROP007,92,82,10,0.893623696192263
2024-04-18,PROP007,92,81,11,0.8820498297106222
2024-04-19,PROP007,92,80,12,0.8781882780163377
2024-04-20,PROP007,92,79,13,0.8636569866737189
2024-04-21,PROP007,92,79,13,0.8627316378850065
2024-04-22,PROP007,92,79,13,0.8642749962291815
2024-04-23,PROP007,92,79,13,0.864976072870942
2024-04-24,PROP007,92,81,11,0.8836172173244037
2024-04-25,PROP007,92,81,11,0.8877413836288414
2024-04-26,PROP007,92,80,12,0.879301794534915
2024-04-27,PROP007,92,81,11,0.8912628429196779
2024-04-28,PROP007,92,82,10,0.8977526626872036
2024-04-29,PROP007,92,81,11,0.8909026387826325
2024-04-30,PROP007,92,81,11,0.8858974285648966
2024-05-01,PROP007,92,83,9,0.90574490560388
2024-05-02,PROP007,92,83,9,0.9023993204933825
2024-05-03,PROP007,92,81,11,0.8878208928481758
2024-05-04,PROP007,92,82,10,0.9004199475621817
2024-05-05,PROP007,92,84,8,0.9208505830976794
2024-05-06,PROP007,92,84,8,0.9167661028226562
2024-05-07,PROP007,92,82,10,0.8930872522268616
2024-05-08,PROP007,92,83,9,0.9031095090142827
2024-05-09,PROP007,92,84,8,0.9171141257287359
2024-05-10,PROP007,92,81,11,0.887140579817815
2024-05-11,PROP007,92,82,10,0.8999409010531405
2024-05-12,PROP007,92,84,8,0.918518847101352
2024-05-13,PROP007,92,82,10,0.900601112193199
2024-05-14,PROP007,92,81,11,0.8875497834156517
2024-05-15,PROP007,92,83,9,0.9061465723676841
2024-05-16,PROP007,92,84,8,0.9189148974231259
2024-05-17,PROP007,92,83,9,0.9080566193445204
2024-05-18,PROP007,92,82,10,0.8934963619549634
2024-05-19,PROP007,92,82,10,0.8998147824318893
2024-05-20,PROP007,92,83,9,0.9024501320736714
2024-05-21,PROP007,92,83,9,0.9076158517792151
2024-05-22,PROP007,92,84,8,0.9148192386564986
2024-05-23,PROP007,92,81,11,0.8884001423320195
2024-05-24,PROP007,92,84,8,0.9200312789470967
2024-05-25,PROP007,92,81,11,0.8849375857470371
2024-05-26,PROP007,92,82,10,0.8992472910133643
2024-05-27,PROP007,92,81,11,0.8855420100253004
2024-05-28,PROP007,92,82,10,0.9001641666402057
2024-05-29,PROP007,92,83,9,0.905477701581327
2024-05-30,PROP007,92,83,9,0.9049124530896545
2024-05-31,PROP007,92,81,11,0.8910703315075247
2024-06-01,PROP007,92,83,9,0.9102748180302186
2024-06-02,PROP007,92,81,11,0.8862363356465808
2024-06-03,PROP007,92,84,8,0.9149214704316907
2024-06-04,PROP007,92,84,8,0.9223109749861359
2024-06-05,PROP007,92,82,10,0.8980359507124388
2024-06-06,PROP007,92,83,9,0.9051347728949674
2024-06-07,PROP007,92,82,10,0.8996016087487466
2024-06-08,PROP007,92,81,11,0.8847136132385565
2024-06-09,PROP007,92,82,10,0.8998801777421988
2024-06-10,PROP007,92,84,8,0.916114007996848
2024-06-11,PROP007,92,83,9,0.9082847513137333
2024-06-12,PROP007,92,81,11,0.8884955942110004
2024-06-13,PROP007,92,84,8,0.9183307772141455
2024-06-14,PROP007,92,83,9,0.9056886114218038
2024-06-15,PROP007,92,84,8,0.9181141320961811
2024-06-16,PROP007,92,83,9,0.9076540583777952
2024-06-17,PROP007,92,83,9,0.9068327354199117
2024-06-18,PROP007,92,81,11,0.8886555650342746
2024-06-19,PROP007,92,81,11,0.8911395869519392
2024-06-20,PROP007,92,84,8,0.9233262078862577
2024-06-21,PROP007,92,82,10,0.8935846674965849
2024-06-22,PROP007,92,84,8,0.9235432823460088
2024-06-23,PROP007,92,83,9,0.9057217058873647
2024-06-24,PROP007,92,81,11,0.8898767595089516
2024-06-25,PROP007,92,81,11,0.8884172857365418
2024-06-26,PROP007,92,82,10,0.8927997604546237
2024-06-27,PROP007,92,84,8,0.9214706908274075
2024-06-28,PROP007,92,82,10,0.9010112065995232
2024-06-29,PROP007,92,82,10,0.9002625683461106
2024-06-30,PROP007,92,82,10,0.8969734480692011
2024-07-01,PROP007,92,81,11,0.8903276716490576
2024-07-02,PROP007,92,83,9,0.9039592455140903
2024-07-03,PROP007,92,81,11,0.8896471089268396
2024-07-04,PROP007,92,84,8,0.9178644070816872
2024-07-05,PROP007,92,82,10,0.8992610770774063
2024-07-06,PROP007,92,82,10,0.899437340337666
2024-07-07,PROP007,92,83,9,0.9034054547657203
2024-07-08,PROP007,92,83,9,0.9022103061530241
2024-07-09,PROP007,92,85,7,0.9242395165487669
2024-07-10,PROP007,92,83,9,0.9062604424751262
2024-07-11,PROP007,92,81,11,0.8879732657779889
2024-07-12,PROP007,92,83,9,0.9087202912894713
2024-07-13,PROP007,92,81,11,0.8905085693411893
2024-07-14,PROP007,92,81,11,0.8856827034156478
2024-07-15,PROP007,92,84,8,0.923274883773484
2024-07-16,PROP007,92,84,8,0.9153867532877766
2024-07-17,PROP007,92,84,8,0.9236495573229447
2024-07-18,PROP007,92,83,9,0.9035603355472838
2024-07-19,PROP007,92,83,9,0.9057354988723532
2024-07-20,PROP007,92,81,11,0.8911786758631592
2024-07-21,PROP007,92,82,10,0.8943214946930975
2024-07-22,PROP007,92,84,8,0.9179871662225072
2024-07-23,PROP007,92,82,10,0.8986926235110978
2024-07-24,PROP007,92,84,8,0.9175177965782508
2024-07-25,PROP007,92,83,9,0.9128057465978754
2024-07-26,PROP007,92,82,10,0.8915320346372687
2024-07-27,PROP007,92,83,9,0.9047430522711838
2024-07-28,PROP007,92,83,9,0.9115406904871427
2024-07-29,PROP007,92,82,10,0.8938466862185471
2024-07-30,PROP007,92,84,8,0.9176727380471972
2024-07-31,PROP007,92,83,9,0.9062383039282016
2024-08-01,PROP007,92,81,11,0.8910548796440982
2024-08-02,PROP007,92,83,9,0.9077645746729782
2024-08-03,PROP007,92,85,7,0.9244337497926306
2024-08-04,PROP007,92,81,11,0.8904660572929306
2024-08-05,PROP007,92,84,8,0.9171154748311752
2024-08-06,PROP007,92,82,10,0.8927375577538964
2024-08-07,PROP007,92,84,8,0.9157407308047976
2024-08-08,PROP007,92,84,8,0.9138283145512506
2024-08-09,PROP007,92,82,10,0.8964647730504114
2024-08-10,PROP007,92,82,10,0.8974781223289721
2024-08-11,PROP007,92,84,8,0.9161460533049108
2024-08-12,PROP007,92,83,9,0.9029030181018866
2024-08-13,PROP007,92,84,8,0.9136779187748665
2024-08-14,PROP007,92,81,11,0.8903645635210274
2024-08-15,PROP007,92,84,8,0.9185475089024562
2024-08-16,PROP007,92,83,9,0.9128805862936868
2024-08-17,PROP007,92,84,8,0.9207229099797875
2024-08-18,PROP007,92,81,11,0.889740092787793
2024-08-19,PROP007,92,83,9,0.908165777640818
2024-08-20,PROP007,92,83,9,0.908410021028007
2024-08-21,PROP007,92,82,10,0.8985836272482653
2024-08-22,PROP007,92,83,9,0.9027838546091644
2024-08-23,PROP007,92,81,11,0.8859644601579882
2024-08-24,PROP007,92,84,8,0.9142795991714746
2024-08-25,PROP007,92,83,9,0.9064180968025211
2024-08-26,PROP007,92,81,11,0.886754839701161
2024-08-27,PROP007,92,83,9,0.9116754333448135
2024-08-28,PROP007,92,83,9,0.9031164807156415
2024-08-29,PROP007,92,81,11,0.8858236480033941
2024-08-30,PROP007,92,84,8,0.9232295067003179
2024-08-31,PROP007,92,84,8,0.9224096833499718
2024-09-01,PROP007,92,80,12,0.8786182302637462
2024-09-02,PROP007,92,79,13,0.8618490304460946
2024-09-03,PROP007,92,81,11,0.8882869824818019
2024-09-04,PROP007,92,80,12,0.8777793776220875
2024-09-05,PROP007,92,80,12,0.8702000327494335
2024-09-06,PROP007,92,80,12,0.8777588607190006
2024-09-07,PROP007,92,80,12,0.8789998994340769
2024-09-08,PROP007,92,81,11,0.8806106015787518
2024-09-09,PROP007,92,80,12,0.8757510821640714
2024-09-10,PROP007,92,81,11,0.8823323457434206
2024-09-11,PROP007,92,82,10,0.8948515220421134
2024-09-12,PROP007,92,80,12,0.8725928571018019
2024-09-13,PROP007,92,81,11,0.8871307921466562
2024-09-14,PROP007,92,82,10,0.8938802358908275
2024-09-15,PROP007,92,80,12,0.8763413046482558
2024-09-16,PROP007,92,80,12,0.8758403670731344
2024-09-17,PROP007,92,81,11,0.8821868130320495
2024-09-18,PROP007,92,81,11,0.8817584039947578
2024-09-19,PROP007,92,81,11,0.8903657073109094
2024-09-20,PROP007,92,80,12,0.8771614689689899
2024-09-21,PROP007,92,82,10,0.8979470516034359
2024-09-22,PROP007,92,79,13,0.8604809963725495
2024-09-23,PROP007,92,78,14,0.8582288475610863
2024-09-24,PROP007,92,81,11,0.8837100660802433
2024-09-25,PROP007,92,80,12,0.8700395301123334
2024-09-26,PROP007,92,79,13,0.8677174291658376
2024-09-27,PROP007,92,80,12,0.8705780968180294
2024-09-28,PROP007,92,79,13,0.8683440362220565
2024-09-29,PROP007,92,79,13,0.8593337356042762
2024-09-30,PROP007,92,82,10,0.8969634553134819
2024-10-01,PROP007,92,79,13,0.8669319531559695
2024-10-02,PROP007,92,81,11,0.8874633241214305
2024-10-03,PROP007,92,81,11,0.8886059894056253
2024-10-04,PROP007,92,82,10,0.8952724295381475
2024-10-05,PROP007,92,79,13,0.8593241119015935
2024-10-06,PROP007,92,82,10,0.8929840671557385
2024-10-07,PROP007,92,80,12,0.8791911808514503
2024-10-08,PROP007,92,81,11,0.8834038980164914
2024-10-09,PROP007,92,81,11,0.8838809447026996
2024-10-10,PROP007,92,81,11,0.8908940458172474
2024-10-11,PROP007,92,80,12,0.8714384265042227
2024-10-12,PROP007,92,81,11,0.887424181212258
2024-10-13,PROP007,92,80,12,0.8792452580067461
2024-10-14,PROP007,92,81,11,0.8898378941900722
2024-10-15,PROP007,92,82,10,0.8977239749286636
2024-10-16,PROP007,92,79,13,0.8661281743140087
2024-10-17,PROP007,92,82,10,0.8978880792802582
2024-10-18,PROP007,92,79,13,0.8616946197891693
2024-10-19,PROP007,92,78,14,0.8581948355340508
2024-10-20,PROP007,92,79,13,0.8598686110649715
2024-10-21,PROP007,92,80,12,0.8717734298073287
2024-10-22,PROP007,92,81,11,0.8834183868449956
2024-10-23,PROP007,92,79,13,0.8608633152533722
2024-10-24,PROP007,92,78,14,0.858328766199041
2024-10-25,PROP007,92,82,10,0.89558577475621
2024-10-26,PROP007,92,81,11,0.8909791990554554
2024-10-27,PROP007,92,81,11,0.8904694604634195
2024-10-28,PROP007,92,82,10,0.8934791046379373
2024-10-29,PROP007,92,81,11,0.8861035045287424
2024-10-30,PROP007,92,79,13,0.8622782988077815
2024-10-31,PROP007,92,80,12,0.8740661411408072
2024-11-01,PROP007,92,79,13,0.8606850490679077
2024-11-02,PROP007,92,77,15,0.8429724480409833
2024-11-03,PROP007,92,79,13,0.859255324174772
2024-11-04,PROP007,92,76,16,0.8327390075400285
2024-11-05,PROP007,92,77,15,0.8440045632445062
2024-11-06,PROP007,92,78,14,0.8537242830604094
2024-11-07,PROP007,92,78,14,0.8570426627895722
2024-11-08,PROP007,92,78,14,0.8548406961877989
2024-11-09,PROP007,92,79,13,0.8596693206522596
2024-11-10,PROP007,92,76,16,0.8320026195389161
2024-11-11,PROP007,92,76,16,0.8357967176084233
2024-11-12,PROP007,92,79,13,0.8665168397004883
2024-11-13,PROP007,92,79,13,0.8590290153729289
2024-11-14,PROP007,92,76,16,0.8362763353167629
2024-11-15,PROP007,92,79,13,0.8654420471052656
2024-11-16,PROP007,92,77,15,0.8414483183223052
2024-11-17,PROP007,92,78,14,0.8508894649771314
2024-11-18,PROP007,92,77,15,0.8375669301247088
2024-11-19,PROP007,92,79,13,0.8601634718661907
2024-11-20,PROP007,92,78,14,0.8584332464498932
2024-11-21,PROP007,92,77,15,0.8402035684559679
2024-11-22,PROP007,92,79,13,0.8662951002836026
2024-11-23,PROP007,92,77,15,0.847811310578111
2024-11-24,PROP007,92,77,15,0.8434596732521521
2024-11-25,PROP007,92,77,15,0.8378522531879039
2024-11-26,PROP007,92,77,15,0.842405790109944
2024-11-27,PROP007,92,76,16,0.8326401464582751
2024-11-28,PROP007,92,78,14,0.8550893693075671
2024-11-29,PROP007,92,79,13,0.8654482994630803
2024-11-30,PROP007,92,78,14,0.8537182875869881
2024-12-01,PROP007,92,77,15,0.8405300280862775
2024-12-02,PROP007,92,76,16,0.8331058367378774
2024-12-03,PROP007,92,77,15,0.8403441925396746
2024-12-04,PROP007,92,78,14,0.8484039267321661
2024-12-05,PROP007,92,79,13,0.8621435267573143
2024-12-06,PROP007,92,77,15,0.8392727837108335
2024-12-07,PROP007,92,79,13,0.8605507277435099
2024-12-08,PROP007,92,79,13,0.8664364083433979
2024-12-09,PROP007,92,78,14,0.8499169435336568
2024-12-10,PROP007,92,79,13,0.8646163492750262
2024-12-11,PROP007,92,78,14,0.8539453635307263
2024-12-12,PROP007,92,78,14,0.8572427030925587
2024-12-13,PROP007,92,78,14,0.8528102080228506
2024-12-14,PROP007,92,78,14,0.8502859782793761
2024-12-15,PROP007,92,77,15,0.8411452072803565
2024-12-16,PROP007,92,77,15,0.8438868319877643
2024-12-17,PROP007,92,77,15,0.8433578743670668
2024-12-18,PROP007,92,78,14,0.854290626847475
2024-12-19,PROP007,92,76,16,0.8365572173302781
2024-12-20,PROP007,92,79,13,0.8684307372374158
2024-12-21,PROP007,92,79,13,0.860585275420647
2024-12-22,PROP007,92,77,15,0.8478168948458502
2024-12-23,PROP007,92,77,15,0.8381040353903776
2024-12-24,PROP007,92,79,13,0.867038756398188
2024-12-25,PROP007,92,79,13,0.8647101932133691
2024-12-26,PROP007,92,79,13,0.8606279317180097
2024-12-27,PROP007,92,77,15,0.8426209515057722
2024-12-28,PROP007,92,78,14,0.8478569351066693
2024-12-29,PROP007,92,76,16,0.8358689997074193
2024-12-30,PROP007,92,77,15,0.8393206505984238
2024-12-31,PROP007,92,79,13,0.8630797351019918
2025-01-01,PROP007,92,79,13,0.8603606183633498
2025-01-02,PROP007,92,78,14,0.8554985001283598
2025-01-03,PROP007,92,79,13,0.8675881386463694
2025-01-04,PROP007,92,78,14,0.8550897303218443
2025-01-05,PROP007,92,78,14,0.8504377896078669
2025-01-06,PROP007,92,77,15,0.845373899461553
2025-01-07,PROP007,92,79,13,0.8693770098387693
2025-01-08,PROP007,92,76,16,0.8350676880702966
2025-01-09,PROP007,92,79,13,0.8689945644917548
2025-01-10,PROP007,92,79,13,0.8648276560065632
2025-01-11,PROP007,92,76,16,0.8369562665907505
2025-01-12,PROP007,92,78,14,0.8543584439163326
2025-01-13,PROP007,92,79,13,0.866420988879286
2025-01-14,PROP007,92,78,14,0.8546314361536086
2025-01-15,PROP007,92,79,13,0.8680470624717473
2025-01-16,PROP007,92,79,13,0.8694784222819641
2025-01-17,PROP007,92,78,14,0.8486544504966947
2025-01-18,PROP007,92,77,15,0.8468516160655754
2025-01-19,PROP007,92,79,13,0.8692119157680888
2025-01-20,PROP007,92,79,13,0.8587646720553092
2025-01-21,PROP007,92,76,16,0.8363999768632492
2025-01-22,PROP007,92,76,16,0.8334507395782297
2025-01-23,PROP007,92,78,14,0.854344231649213
2025-01-24,PROP007,92,79,13,0.8689659082268595
2025-01-25,PROP007,92,79,13,0.8655290177055552
2025-01-26,PROP007,92,79,13,0.8587929794678959
2025-01-27,PROP007,92,77,15,0.837323703564966
2025-01-28,PROP007,92,77,15,0.8419283249592703
2025-01-29,PROP007,92,79,13,0.8667795186714271
2025-01-30,PROP007,92,77,15,0.8390713590755985
2025-01-31,PROP007,92,77,15,0.8428966459393399
2024-02-01,PROP008,37,32,5,0.8725964074000295
2024-02-02,PROP008,37,32,5,0.8833113703579815
2024-02-03,PROP008,37,31,6,0.8563107994072685
2024-02-04,PROP008,37,31,6,0.864568342457456
2024-02-05,PROP008,37,32,5,0.8709256677319012
2024-02-06,PROP008,37,32,5,0.8855307280720782
2024-02-07,PROP008,37,31,6,0.8497444007433559
2024-02-08,PROP008,37,32,5,0.8654949101236814
2024-02-09,PROP008,37,31,6,0.8609568829395531
2024-02-10,PROP008,37,32,5,0.8801848847523472
2024-02-11,PROP008,37,31,6,0.8645907873839193
2024-02-12,PROP008,37,31,6,0.849991179126859
2024-02-13,PROP008,37,32,5,0.8709290439549163
2024-02-14,PROP008,37,32,5,0.8763833028740082
2024-02-15,PROP008,37,31,6,0.8456673282100776
2024-02-16,PROP008,37,32,5,0.8799103455602783
2024-02-17,PROP008,37,31,6,0.8529929981436797
2024-02-18,PROP008,37,32,5,0.8676348527295882
2024-02-19,PROP008,37,31,6,0.862183978170951
2024-02-20,PROP008,37,32,5,0.8743382308078742
2024-02-21,PROP008,37,31,6,0.8603985427348827
2024-02-22,PROP008,37,32,5,0.8803426052107215
2024-02-23,PROP008,37,32,5,0.8747719325818046
2024-02-24,PROP008,37,32,5,0.8714606049859699
2024-02-25,PROP008,37,32,5,0.8774017019659672
2024-02-26,PROP008,37,32,5,0.8757129995405883
2024-02-27,PROP008,37,31,6,0.8469896251403152
2024-02-28,PROP008,37,31,6,0.8613414522972461
2024-02-29,PROP008,37,32,5,0.8827843700361127
2024-03-01,PROP008,37,31,6,0.8505810489031421
2024-03-02,PROP008,37,32,5,0.875035940160735
2024-03-03,PROP008,37,32,5,0.8845357505968662
2024-03-04,PROP008,37,31,6,0.8476400233052519
2024-03-05,PROP008,37,32,5,0.8728398333685174
2024-03-06,PROP008,37,31,6,0.8642782437954942
2024-03-07,PROP008,37,32,5,0.8687190883584419
2024-03-08,PROP008,37,31,6,0.8489657316028261
2024-03-09,PROP008,37,31,6,0.8472723562181306
2024-03-10,PROP008,37,32,5,0.8722267445654899
2024-03-11,PROP008,37,32,5,0.8784844553362817
2024-03-12,PROP008,37,32,5,0.8768326915407717
2024-03-13,PROP008,37,32,5,0.8673043072581025
2024-03-14,PROP008,37,31,6,0.8495467509889002
2024-03-15,PROP008,37,32,5,0.8730738558968936
2024-03-16,PROP008,37,31,6,0.8552276334856189
2024-03-17,PROP008,37,32,5,0.8819948262541484
2024-03-18,PROP008,37,32,5,0.8790826925252813
2024-03-19,PROP008,37,32,5,0.8739273968269486
2024-03-20,PROP008,37,32,5,0.8835059163766983
2024-03-21,PROP008,37,31,6,0.846808951003904
2024-03-22,PROP008,37,32,5,0.8750000951458835
2024-03-23,PROP008,37,31,6,0.8587617893169093
2024-03-24,PROP008,37,32,5,0.8817947135709077
2024-03-25,PROP008,37,31,6,0.8562190860099321
2024-03-26,PROP008,37,32,5,0.8745463381160538
2024-03-27,PROP008,37,32,5,0.8806579589294843
2024-03-28,PROP008,37,31,6,0.8472183508787603
2024-03-29,PROP008,37,31,6,0.8614579813271345
2024-03-30,PROP008,37,32,5,0.8760444394243305
2024-03-31,PROP008,37,31,6,0.8637488337237565
2024-04-01,PROP008,37,31,6,0.8562421833351969
2024-04-02,PROP008,37,31,6,0.8543442920963806
2024-04-03,PROP008,37,31,6,0.8508128088201081
2024-04-04,PROP008,37,32,5,0.8798372605377043
2024-04-05,PROP008,37,32,5,0.8685662942735153
2024-04-06,PROP008,37,31,6,0.8486074759431113
2024-04-07,PROP008,37,31,6,0.8608552910862785
2024-04-08,PROP008,37,31,6,0.8602614241756574
2024-04-09,PROP008,37,31,6,0.8528216457718315
2024-04-10,PROP008,37,31,6,0.8629723831623407
2024-04-11,PROP008,37,31,6,0.8588360527591785
2024-04-12,PROP008,37,31,6,0.8592242263631403
2024-04-13,PROP008,37,32,5,0.8751131404549713
2024-04-14,PROP008,37,31,6,0.8544826135636608
2024-04-15,PROP008,37,32,5,0.8712264764976673
2024-04-16,PROP008,37,32,5,0.8683780630986905
2024-04-17,PROP008,37,32,5,0.8682757786369677
2024-04-18,PROP008,37,32,5,0.872072371989124
2024-04-19,PROP008,37,32,5,0.8674873595912792
2024-04-20,PROP008,37,32,5,0.8807222827373085
2024-04-21,PROP008,37,32,5,0.8725752818214634
2024-04-22,PROP008,37,32,5,0.8674306081983085
2024-04-23,PROP008,37,32,5,0.8787426029549589
2024-04-24,PROP008,37,32,5,0.8697979407407922
2024-04-25,PROP008,37,31,6,0.8571978480548602
2024-04-26,PROP008,37,31,6,0.8538358748705159
2024-04-27,PROP008,37,31,6,0.8516451895699602
2024-04-28,PROP008,37,32,5,0.8815302866452971
2024-04-29,PROP008,37,32,5,0.8739574954153757
2024-04-30,PROP008,37,32,5,0.8830472156700259
2024-05-01,PROP008,37,33,4,0.8956503127163543
2024-05-02,PROP008,37,32,5,0.8904546757475531
2024-05-03,PROP008,37,32,5,0.8739073000465922
2024-05-04,PROP008,37,33,4,0.8983843317495979
2024-05-05,PROP008,37,33,4,0.8948069908784859
2024-05-06,PROP008,37,33,4,0.9111269962312615
2024-05-07,PROP008,37,32,5,0.8810849915990464
2024-05-08,PROP008,37,33,4,0.8927481346992301
2024-05-09,PROP008,37,33,4,0.8975569338924796
2024-05-10,PROP008,37,33,4,0.8973022874774503
2024-05-11,PROP008,37,33,4,0.8939703822056928
2024-05-12,PROP008,37,33,4,0.9025957609008457
2024-05-13,PROP008,37,32,5,0.8797178888688293
2024-05-14,PROP008,37,33,4,0.9005437284987333
2024-05-15,PROP008,37,33,4,0.8963080233450802
2024-05-16,PROP008,37,33,4,0.9073616449595395
2024-05-17,PROP008,37,33,4,0.9054064180490999
2024-05-18,PROP008,37,32,5,0.8841245220530588
2024-05-19,PROP008,37,32,5,0.8825681334867628
2024-05-20,PROP008,37,33,4,0.9107847734418546
2024-05-21,PROP008,37,33,4,0.8926092477243669
2024-05-22,PROP008,37,33,4,0.9077754790443341
2024-05-23,PROP008,37,32,5,0.8780738814389759
2024-05-24,PROP008,37,33,4,0.8972313970797636
2024-05-25,PROP008,37,33,4,0.9039130479821801
2024-05-26,PROP008,37,33,4,0.9094144504712145
2024-05-27,PROP008,37,32,5,0.8850122461284375
2024-05-28,PROP008,37,33,4,0.9005178872847187
2024-05-29,PROP008,37,33,4,0.8930711608493414
2024-05-30,PROP008,37,32,5,0.8739437975304154
2024-05-31,PROP008,37,33,4,0.8991186299801144
2024-06-01,PROP008,37,33,4,0.8991225028172704
2024-06-02,PROP008,37,33,4,0.9087429126816181
2024-06-03,PROP008,37,32,5,0.8914111383345156
2024-06-04,PROP008,37,32,5,0.8807286773161772
2024-06-05,PROP008,37,32,5,0.8733011934257038
2024-06-06,PROP008,37,32,5,0.8881443279551928
2024-06-07,PROP008,37,32,5,0.8835953084908568
2024-06-08,PROP008,37,33,4,0.9019621727287117
2024-06-09,PROP008,37,32,5,0.8856893510813985
2024-06-10,PROP008,37,33,4,0.9094814883403504
2024-06-11,PROP008,37,33,4,0.910011048607268
2024-06-12,PROP008,37,33,4,0.896354984096465
2024-06-13,PROP008,37,33,4,0.908665051968352
2024-06-14,PROP008,37,33,4,0.9019528142683365
2024-06-15,PROP008,37,33,4,0.8933930261267616
2024-06-16,PROP008,37,32,5,0.8787309579046678
2024-06-17,PROP008,37,32,5,0.8898625582283103
2024-06-18,PROP008,37,33,4,0.8939536190222613
2024-06-19,PROP008,37,33,4,0.906077103717157
2024-06-20,PROP008,37,32,5,0.8907719755491832
2024-06-21,PROP008,37,33,4,0.9074256273948749
2024-06-22,PROP008,37,33,4,0.8984925996486954
2024-06-23,PROP008,37,32,5,0.8769986030099035
2024-06-24,PROP008,37,33,4,0.9113178952607603
2024-06-25,PROP008,37,33,4,0.8926079469179131
2024-06-26,PROP008,37,32,5,0.8871929723441198
2024-06-27,PROP008,37,33,4,0.8978831910665377
2024-06-28,PROP008,37,32,5,0.8758743730469982
2024-06-29,PROP008,37,33,4,0.8969801863578908
2024-06-30,PROP008,37,32,5,0.8914480805077276
2024-07-01,PROP008,37,32,5,0.8877856032877
2024-07-02,PROP008,37,33,4,0.9096394413349126
2024-07-03,PROP008,37,33,4,0.8924202291570388
2024-07-04,PROP008,37,32,5,0.8802833396665541
2024-07-05,PROP008,37,32,5,0.8898771796628486
2024-07-06,PROP008,37,33,4,0.9082941366706635
2024-07-07,PROP008,37,32,5,0.8785624593409804
2024-07-08,PROP008,37,32,5,0.8800769220352861
2024-07-09,PROP008,37,32,5,0.87203982319804
2024-07-10,PROP008,37,32,5,0.8720862424635873
2024-07-11,PROP008,37,33,4,0.9046943055660971
2024-07-12,PROP008,37,33,4,0.9008035447614748
2024-07-13,PROP008,37,32,5,0.8857202827458349
2024-07-14,PROP008,37,33,4,0.8994510867768596
2024-07-15,PROP008,37,32,5,0.8873268775401555
2024-07-16,PROP008,37,33,4,0.9096345123276698
2024-07-17,PROP008,37,33,4,0.9102007477447981
2024-07-18,PROP008,37,32,5,0.8872303915201304
2024-07-19,PROP008,37,33,4,0.9056875167413914
2024-07-20,PROP008,37,33,4,0.9024422021556553
2024-07-21,PROP008,37,32,5,0.8839186379746282
2024-07-22,PROP008,37,32,5,0.8808002336438009
2024-07-23,PROP008,37,32,5,0.88984802650347
2024-07-24,PROP008,37,33,4,0.9027725941123329
2024-07-25,PROP008,37,33,4,0.9099253518769065
2024-07-26,PROP008,37,33,4,0.9020618032424196
2024-07-27,PROP008,37,33,4,0.9057269198884914
2024-07-28,PROP008,37,33,4,0.8956412127345773
2024-07-29,PROP008,37,33,4,0.9049349537214417
2024-07-30,PROP008,37,33,4,0.9028954748078933
2024-07-31,PROP008,37,32,5,0.8865980621648079
2024-08-01,PROP008,37,33,4,0.8935982525725855
2024-08-02,PROP008,37,33,4,0.9037087653673445
2024-08-03,PROP008,37,32,5,0.8733609098553549
2024-08-04,PROP008,37,33,4,0.9038418117819899
2024-08-05,PROP008,37,32,5,0.8786341654497176
2024-08-06,PROP008,37,33,4,0.8921059851726142
2024-08-07,PROP008,37,33,4,0.9038496580699942
2024-08-08,PROP008,37,32,5,0.8816714836140245
2024-08-09,PROP008,37,32,5,0.8813509380600028
2024-08-10,PROP008,37,32,5,0.8876292164262467
2024-08-11,PROP008,37,33,4,0.907304352390862
2024-08-12,PROP008,37,32,5,0.8715363517452449
2024-08-13,PROP008,37,33,4,0.9075739643534341
2024-08-14,PROP008,37,32,5,0.877670921473421
2024-08-15,PROP008,37,33,4,0.911122095530456
2024-08-16,PROP008,37,33,4,0.9097125202092954
2024-08-17,PROP008,37,32,5,0.891305648071408
2024-08-18,PROP008,37,33,4,0.8920274504002618
2024-08-19,PROP008,37,32,5,0.8907806140987908
2024-08-20,PROP008,37,33,4,0.8969363863141375
2024-08-21,PROP008,37,32,5,0.8751475085771538
2024-08-22,PROP008,37,32,5,0.8728233584214193
2024-08-23,PROP008,37,32,5,0.8738267576243925
2024-08-24,PROP008,37,32,5,0.8892932544574172
2024-08-25,PROP008,37,32,5,0.882540558056536
2024-08-26,PROP008,37,33,4,0.8964002229825964
2024-08-27,PROP008,37,33,4,0.9112163320627478
2024-08-28,PROP008,37,32,5,0.8869715674108153
2024-08-29,PROP008,37,33,4,0.8944722906519372
2024-08-30,PROP008,37,32,5,0.88814279632405
2024-08-31,PROP008,37,33,4,0.905409507196631
2024-09-01,PROP008,37,32,5,0.8816415342819426
2024-09-02,PROP008,37,32,5,0.8806463026316634
2024-09-03,PROP008,37,32,5,0.8845269676906233
2024-09-04,PROP008,37,31,6,0.8466528455490696
2024-09-05,PROP008,37,32,5,0.8791447246292743
2024-09-06,PROP008,37,32,5,0.8756229650650168
2024-09-07,PROP008,37,31,6,0.8546998545194676
2024-09-08,PROP008,37,32,5,0.8838048818789541
2024-09-09,PROP008,37,31,6,0.8514791952726508
2024-09-10,PROP008,37,32,5,0.8727340752288094
2024-09-11,PROP008,37,31,6,0.8545476868160895
2024-09-12,PROP008,37,31,6,0.862807304094416
2024-09-13,PROP008,37,32,5,0.8743184740212357
2024-09-14,PROP008,37,32,5,0.8680850638247749
2024-09-15,PROP008,37,31,6,0.8626521513965775
2024-09-16,PROP008,37,31,6,0.8586056153807325
2024-09-17,PROP008,37,32,5,0.8791384643718047
2024-09-18,PROP008,37,31,6,0.8513046521560456
2024-09-19,PROP008,37,31,6,0.862756193204645
2024-09-20,PROP008,37,32,5,0.8817023810144587
2024-09-21,PROP008,37,32,5,0.8793860601618517
2024-09-22,PROP008,37,31,6,0.8615897486423749
2024-09-23,PROP008,37,32,5,0.8760764126875054
2024-09-24,PROP008,37,32,5,0.8784785113718074
2024-09-25,PROP008,37,32,5,0.8811075751035983
2024-09-26,PROP008,37,32,5,0.8673323089054221
2024-09-27,PROP008,37,31,6,0.8537305135856414
2024-09-28,PROP008,37,31,6,0.8557644412036103
2024-09-29,PROP008,37,31,6,0.8573798651051172
2024-09-30,PROP008,37,32,5,0.8693041773758377
2024-10-01,PROP008,37,31,6,0.8468644631085973
2024-10-02,PROP008,37,32,5,0.8709937768946517
2024-10-03,PROP008,37,31,6,0.8601262476805823
2024-10-04,PROP008,37,31,6,0.8573617502430387
2024-10-05,PROP008,37,32,5,0.8807319409725781
2024-10-06,PROP008,37,31,6,0.863952173966685
2024-10-07,PROP008,37,31,6,0.8493541999647607
2024-10-08,PROP008,37,32,5,0.878621948864503
2024-10-09,PROP008,37,31,6,0.8474577284409133
2024-10-10,PROP008,37,32,5,0.8746220471101809
2024-10-11,PROP008,37,32,5,0.8765083270142796
2024-10-12,PROP008,37,31,6,0.8596561823806074
2024-10-13,PROP008,37,32,5,0.8785435923945645
2024-10-14,PROP008,37,32,5,0.8661784543777111
2024-10-15,PROP008,37,31,6,0.8640838242743649
2024-10-16,PROP008,37,31,6,0.8473682094022007
2024-10-17,PROP008,37,31,6,0.8571532458894092
2024-10-18,PROP008,37,32,5,0.882792476978865
2024-10-19,PROP008,37,31,6,0.861225036674793
2024-10-20,PROP008,37,32,5,0.8674200989657238
2024-10-21,PROP008,37,32,5,0.8668329453028231
2024-10-22,PROP008,37,32,5,0.8691693217363607
2024-10-23,PROP008,37,31,6,0.8480053163691843
2024-10-24,PROP008,37,31,6,0.8600391283354022
2024-10-25,PROP008,37,32,5,0.8744772090987551
2024-10-26,PROP008,37,31,6,0.8535744881863724
2024-10-27,PROP008,37,31,6,0.8536952132453074
2024-10-28,PROP008,37,31,6,0.845955702411014
2024-10-29,PROP008,37,31,6,0.8630513552077814
2024-10-30,PROP008,37,32,5,0.8808614533703899
2024-10-31,PROP008,37,31,6,0.8476281158869454
2024-11-01,PROP008,37,30,7,0.8272302641789895
2024-11-02,PROP008,37,30,7,0.8319888973328596
2024-11-03,PROP008,37,31,6,0.8488545052617179
2024-11-04,PROP008,37,31,6,0.8452109395112529
2024-11-05,PROP008,37,30,7,0.8362232719824236
2024-11-06,PROP008,37,31,6,0.8499482733694844
2024-11-07,PROP008,37,31,6,0.8439707562654255
2024-11-08,PROP008,37,31,6,0.8554271477854382
2024-11-09,PROP008,37,31,6,0.8523065857646971
2024-11-10,PROP008,37,30,7,0.8296980600427174
2024-11-11,PROP008,37,30,7,0.8304430589045174
2024-11-12,PROP008,37,30,7,0.8245997748308448
2024-11-13,PROP008,37,30,7,0.8330641048278477
2024-11-14,PROP008,37,31,6,0.8595672725479132
2024-11-15,PROP008,37,30,7,0.8358155625437519
2024-11-16,PROP008,37,30,7,0.8284050531867136
2024-11-17,PROP008,37,31,6,0.8500848311781716
2024-11-18,PROP008,37,31,6,0.8412843559376557
2024-11-19,PROP008,37,30,7,0.8255695737802276
2024-11-20,PROP008,37,30,7,0.8348131030455841
2024-11-21,PROP008,37,30,7,0.8361643044207232
2024-11-22,PROP008,37,31,6,0.8497387038219182
2024-11-23,PROP008,37,30,7,0.8204123705548256
2024-11-24,PROP008,37,30,7,0.8303463016710818
2024-11-25,PROP008,37,31,6,0.8402893678517703
2024-11-26,PROP008,37,30,7,0.8303393854972632
2024-11-27,PROP008,37,31,6,0.8447228776959094
2024-11-28,PROP008,37,31,6,0.8388602149701341
2024-11-29,PROP008,37,30,7,0.8340539259935327
2024-11-30,PROP008,37,31,6,0.8575538608739699
2024-12-01,PROP008,37,31,6,0.8448718957666077
2024-12-02,PROP008,37,30,7,0.8247831706898671
2024-12-03,PROP008,37,31,6,0.8419891836968852
2024-12-04,PROP008,37,31,6,0.8508147899271855
2024-12-05,PROP008,37,31,6,0.8479251036988613
2024-12-06,PROP008,37,30,7,0.8264690849709598
2024-12-07,PROP008,37,31,6,0.8584823157607535
2024-12-08,PROP008,37,30,7,0.8375380616290137
2024-12-09,PROP008,37,30,7,0.8259465159487599
2024-12-10,PROP008,37,30,7,0.8267933459642753
2024-12-11,PROP008,37,30,7,0.8235149154867126
2024-12-12,PROP008,37,31,6,0.8517262401365467
2024-12-13,PROP008,37,30,7,0.8244667355720233
2024-12-14,PROP008,37,30,7,0.8245905260848193
2024-12-15,PROP008,37,31,6,0.853604380389583
2024-12-16,PROP008,37,30,7,0.8333696791770518
2024-12-17,PROP008,37,30,7,0.8208198319714723
2024-12-18,PROP008,37,30,7,0.8216613277798859
2024-12-19,PROP008,37,30,7,0.8252723336673052
2024-12-20,PROP008,37,30,7,0.828121249718177
2024-12-21,PROP008,37,31,6,0.8461913635686856
2024-12-22,PROP008,37,30,7,0.8258785669992226
2024-12-23,PROP008,37,30,7,0.8243404914462323
2024-12-24,PROP008,37,31,6,0.8501742814582006
2024-12-25,PROP008,37,31,6,0.846427727153546
2024-12-26,PROP008,37,30,7,0.8369984846573588
2024-12-27,PROP008,37,31,6,0.8415579066583536
2024-12-28,PROP008,37,30,7,0.8320648766122062
2024-12-29,PROP008,37,31,6,0.8388855326085638
2024-12-30,PROP008,37,31,6,0.8398524217584592
2024-12-31,PROP008,37,30,7,0.8350750066462732
2025-01-01,PROP008,37,31,6,0.8558484042260359
2025-01-02,PROP008,37,30,7,0.8202279903983897
2025-01-03,PROP008,37,31,6,0.8508723663227993
2025-01-04,PROP008,37,30,7,0.8245608290488023
2025-01-05,PROP008,37,31,6,0.8514874102206373
2025-01-06,PROP008,37,31,6,0.8442219924262183
2025-01-07,PROP008,37,31,6,0.8533166394366055
2025-01-08,PROP008,37,30,7,0.8234860888247854
2025-01-09,PROP008,37,31,6,0.8419447411631403
2025-01-10,PROP008,37,31,6,0.8396290310096373
2025-01-11,PROP008,37,31,6,0.8478332431176837
2025-01-12,PROP008,37,31,6,0.8409571378748965
2025-01-13,PROP008,37,31,6,0.8412148984844736
2025-01-14,PROP008,37,30,7,0.836769353542192
2025-01-15,PROP008,37,30,7,0.8319388927594431
2025-01-16,PROP008,37,31,6,0.8388760902492371
2025-01-17,PROP008,37,30,7,0.8243252101498855
2025-01-18,PROP008,37,31,6,0.8580460493584728
2025-01-19,PROP008,37,31,6,0.8481619463442134
2025-01-20,PROP008,37,31,6,0.8576842004666633
2025-01-21,PROP008,37,30,7,0.828654611092348
2025-01-22,PROP008,37,31,6,0.8547591566062105
2025-01-23,PROP008,37,31,6,0.8519371151816909
2025-01-24,PROP008,37,31,6,0.8466716122974564
2025-01-25,PROP008,37,31,6,0.8445866832425577
2025-01-26,PROP008,37,30,7,0.8322475024098642
2025-01-27,PROP008,37,31,6,0.8522419471977506
2025-01-28,PROP008,37,31,6,0.8396461342583388
2025-01-29,PROP008,37,30,7,0.8224211788348008
2025-01-30,PROP008,37,30,7,0.8321000422333547
2025-01-31,PROP008,37,31,6,0.8569973997409626
2024-02-01,PROP009,108,104,4,0.9713578591956431
2024-02-02,PROP009,108,103,5,0.9572013665767454
2024-02-03,PROP009,108,101,7,0.9419820341981979
2024-02-04,PROP009,108,101,7,0.9385942332596561
2024-02-05,PROP009,108,101,7,0.93955820889692
2024-02-06,PROP009,108,100,8,0.9328734576064717
2024-02-07,PROP009,108,102,6,0.9477089157120191
2024-02-08,PROP009,108,101,7,0.9397387384925632
2024-02-09,PROP009,108,102,6,0.9485478496908496
2024-02-10,PROP009,108,104,4,0.9694814085461321
2024-02-11,PROP009,108,102,6,0.9493032396528691
2024-02-12,PROP009,108,104,4,0.9672010111519749
2024-02-13,PROP009,108,103,5,0.9563018219372166
2024-02-14,PROP009,108,101,7,0.9419668934590372
2024-02-15,PROP009,108,102,6,0.9463158216429499
2024-02-16,PROP009,108,101,7,0.9354384127054387
2024-02-17,PROP009,108,102,6,0.945420135016422
2024-02-18,PROP009,108,103,5,0.9591832690927229
2024-02-19,PROP009,108,100,8,0.9349660749897589
2024-02-20,PROP009,108,101,7,0.9402976876117026
2024-02-21,PROP009,108,102,6,0.9473392729291139
2024-02-22,PROP009,108,104,4,0.97136361275322
2024-02-23,PROP009,108,104,4,0.9634761041909367
2024-02-24,PROP009,108,103,5,0.9614211011322656
2024-02-25,PROP009,108,101,7,0.9367292695335994
2024-02-26,PROP009,108,104,4,0.9633214670171811
2024-02-27,PROP009,108,104,4,0.9634923837332221
2024-02-28,PROP009,108,103,5,0.9561257390975546
2024-02-29,PROP009,108,104,4,0.9716961025525164
2024-03-01,PROP009,108,102,6,0.9450917875095636
2024-03-02,PROP009,108,104,4,0.9697325292022556
2024-03-03,PROP009,108,104,4,0.9686708758708417
2024-03-04,PROP009,108,100,8,0.9325408576625566
2024-03-05,PROP009,108,102,6,0.9500862923315739
2024-03-06,PROP009,108,104,4,0.9711658005946444
2024-03-07,PROP009,108,101,7,0.9362064857689045
2024-03-08,PROP009,108,103,5,0.9539930190479142
2024-03-09,PROP009,108,104,4,0.9712399315542256
2024-03-10,PROP009,108,103,5,0.954301448236816
2024-03-11,PROP009,108,101,7,0.9396742433914678
2024-03-12,PROP009,108,103,5,0.9553689604762851
2024-03-13,PROP009,108,101,7,0.9402592542305633
2024-03-14,PROP009,108,102,6,0.9528698017883609
2024-03-15,PROP009,108,100,8,0.9350433199890754
2024-03-16,PROP009,108,103,5,0.9563009380411577
2024-03-17,PROP009,108,102,6,0.9527532288377079
2024-03-18,PROP009,108,103,5,0.96168808602304
2024-03-19,PROP009,108,103,5,0.9573096501189329
2024-03-20,PROP009,108,103,5,0.9540658820138118
2024-03-21,PROP009,108,103,5,0.9596727852425063
2024-03-22,PROP009,108,101,7,0.9378393078154708
2024-03-23,PROP009,108,103,5,0.9558960177229257
2024-03-24,PROP009,108,101,7,0.9389660553854926
2024-03-25,PROP009,108,104,4,0.9691025195866567
2024-03-26,PROP009,108,100,8,0.9348149954664057
2024-03-27,PROP009,108,102,6,0.9492966212602132
2024-03-28,PROP009,108,103,5,0.9599135303787993
2024-03-29,PROP009,108,102,6,0.9504025197393119
2024-03-30,PROP009,108,101,7,0.9357654414018975
2024-03-31,PROP009,108,103,5,0.9542167919176497
2024-04-01,PROP009,108,103,5,0.9577469076256757
2024-04-02,PROP009,108,103,5,0.9602333237122018
2024-04-03,PROP009,108,102,6,0.9470120238510918
2024-04-04,PROP009,108,103,5,0.954628030113732
2024-04-05,PROP009,108,102,6,0.950109090270138
2024-04-06,PROP009,108,103,5,0.9589638728226716
2024-04-07,PROP009,108,103,5,0.9554239099655742
2024-04-08,PROP009,108,102,6,0.9531118800549468
2024-04-09,PROP009,108,101,7,0.9420626059461115
2024-04-10,PROP009,108,100,8,0.9321623719825108
2024-04-11,PROP009,108,101,7,0.9390448982850387
2024-04-12,PROP009,108,101,7,0.9367642729295482
2024-04-13,PROP009,108,102,6,0.9500450210730194
2024-04-14,PROP009,108,103,5,0.9565719573030553
2024-04-15,PROP009,108,101,7,0.9406050316199738
2024-04-16,PROP009,108,104,4,0.969643915111269
2024-04-17,PROP009,108,100,8,0.9323489164415371
2024-04-18,PROP009,108,104,4,0.9629736718791952
2024-04-19,PROP009,108,103,5,0.9570898220537992
2024-04-20,PROP009,108,102,6,0.9470238233144888
2024-04-21,PROP009,108,100,8,0.9341011890490778
2024-04-22,PROP009,108,103,5,0.9571810941439527
2024-04-23,PROP009,108,102,6,0.9475061717872074
2024-04-24,PROP009,108,104,4,0.9695323168491102
2024-04-25,PROP009,108,103,5,0.9537612342681722
2024-04-26,PROP009,108,104,4,0.9696676917243219
2024-04-27,PROP009,108,101,7,0.9409009790115137
2024-04-28,PROP009,108,103,5,0.9611106676871456
2024-04-29,PROP009,108,103,5,0.9567715921065305
2024-04-30,PROP009,108,103,5,0.961657960465834
2024-05-01,PROP009,108,104,4,0.9692307947696605
2024-05-02,PROP009,108,106,2,0.9872438608602699
2024-05-03,PROP009,108,105,3,0.9805656959330338
2024-05-04,PROP009,108,106,2,0.9903570792070117
2024-05-05,PROP009,108,105,3,0.9737258659768318
2024-05-06,PROP009,108,107,1,0.996246361229369
2024-05-07,PROP009,108,104,4,0.964016132795213
2024-05-08,PROP009,108,107,1,0.9929316529624065
2024-05-09,PROP009,108,107,1,0.9950968652433626
2024-05-10,PROP009,108,107,1,0.9933341726654319
2024-05-11,PROP009,108,105,3,0.98115313598123
2024-05-12,PROP009,108,105,3,0.9781794794119895
2024-05-13,PROP009,108,108,0,1.0
2024-05-14,PROP009,108,104,4,0.9698109582593255
2024-05-15,PROP009,108,106,2,0.9825191188458008
2024-05-16,PROP009,108,106,2,0.987471101226052
2024-05-17,PROP009,108,106,2,0.9886787856452163
2024-05-18,PROP009,108,104,4,0.9688050668403021
2024-05-19,PROP009,108,106,2,0.986803843904351
2024-05-20,PROP009,108,107,1,0.9933788628700125
2024-05-21,PROP009,108,103,5,0.9626448232836035
2024-05-22,PROP009,108,107,1,0.9971049319437717
2024-05-23,PROP009,108,103,5,0.9618242424165673
2024-05-24,PROP009,108,105,3,0.9748829215102948
2024-05-25,PROP009,108,103,5,0.9612766080600775
2024-05-26,PROP009,108,104,4,0.9637298869523423
2024-05-27,PROP009,108,107,1,0.9970908116179622
2024-05-28,PROP009,108,105,3,0.9748385134406049
2024-05-29,PROP009,108,105,3,0.9776349414277611
2024-05-30,PROP009,108,104,4,0.9692578554660611
2024-05-31,PROP009,108,106,2,0.9845279110182278
2024-06-01,PROP009,108,106,2,0.9844362087978705
2024-06-02,PROP009,108,105,3,0.9755320958837678
2024-06-03,PROP009,108,105,3,0.9739654750829749
2024-06-04,PROP009,108,107,1,0.9960426525379825
2024-06-05,PROP009,108,105,3,0.975975449796447
2024-06-06,PROP009,108,105,3,0.9803841198969353
2024-06-07,PROP009,108,104,4,0.9719762707077563
2024-06-08,PROP009,108,107,1,0.992114860345044
2024-06-09,PROP009,108,105,3,0.9765420064867226
2024-06-10,PROP009,108,105,3,0.9811885220725319
2024-06-11,PROP009,108,104,4,0.9707783670131455
2024-06-12,PROP009,108,108,0,1.0
2024-06-13,PROP009,108,105,3,0.9723039098477079
2024-06-14,PROP009,108,107,1,0.9914737814469811
2024-06-15,PROP009,108,105,3,0.9777439062250294
2024-06-16,PROP009,108,104,4,0.9688927764141246
2024-06-17,PROP009,108,107,1,0.9926328307693535
2024-06-18,PROP009,108,105,3,0.9739883517719207
2024-06-19,PROP009,108,107,1,0.9952518141066714
2024-06-20,PROP009,108,107,1,0.9972543676074719
2024-06-21,PROP009,108,107,1,0.99503703362641
2024-06-22,PROP009,108,103,5,0.9620443968030312
2024-06-23,PROP009,108,107,1,0.9921390140109633
2024-06-24,PROP009,108,105,3,0.9770976588707248
2024-06-25,PROP009,108,107,1,0.995592997018048
2024-06-26,PROP009,108,106,2,0.9861622507181486
2024-06-27,PROP009,108,107,1,0.9939898055765173
2024-06-28,PROP009,108,105,3,0.9806213510054325
2024-06-29,PROP009,108,106,2,0.9820451003947163
2024-06-30,PROP009,108,104,4,0.9664195854961057
2024-07-01,PROP009,108,107,1,0.9920035745583332
2024-07-02,PROP009,108,105,3,0.9774196646774379
2024-07-03,PROP009,108,105,3,0.9806472849416223
2024-07-04,PROP009,108,107,1,0.9920479887745873
2024-07-05,PROP009,108,106,2,0.9845978962139366
2024-07-06,PROP009,108,104,4,0.9686880293084656
2024-07-07,PROP009,108,106,2,0.9842533865767947
2024-07-08,PROP009,108,105,3,0.9769493945299452
2024-07-09,PROP009,108,105,3,0.9794251018925135
2024-07-10,PROP009,108,103,5,0.9617765311868657
2024-07-11,PROP009,108,104,4,0.9690452541914103
2024-07-12,PROP009,108,104,4,0.9718856034660002
2024-07-13,PROP009,108,106,2,0.9891624805251112
2024-07-14,PROP009,108,103,5,0.9611037791426836
2024-07-15,PROP009,108,105,3,0.9769951706599243
2024-07-16,PROP009,108,107,1,0.9976051550277883
2024-07-17,PROP009,108,104,4,0.9651193048727239
2024-07-18,PROP009,108,105,3,0.9813010557395034
2024-07-19,PROP009,108,107,1,0.9921049755063929
2024-07-20,PROP009,108,107,1,0.9983453325115637
2024-07-21,PROP009,108,106,2,0.9905151457921078
2024-07-22,PROP009,108,106,2,0.9894667021565352
2024-07-23,PROP009,108,107,1,0.9937036038185895
2024-07-24,PROP009,108,105,3,0.9784921290498607
2024-07-25,PROP009,108,107,1,0.9928778615154723
2024-07-26,PROP009,108,103,5,0.960962656400577
2024-07-27,PROP009,108,107,1,0.9976265224258312
2024-07-28,PROP009,108,105,3,0.978376340591446
2024-07-29,PROP009,108,106,2,0.9827792877253889
2024-07-30,PROP009,108,104,4,0.9708393701673543
2024-07-31,PROP009,108,106,2,0.9903453135243758
2024-08-01,PROP009,108,104,4,0.963709512469769
2024-08-02,PROP009,108,107,1,0.9955495123126324
2024-08-03,PROP009,108,107,1,0.9937687533710127
2024-08-04,PROP009,108,104,4,0.9692864848605497
2024-08-05,PROP009,108,107,1,0.9930170561421695
2024-08-06,PROP009,108,107,1,0.9920983895332183
2024-08-07,PROP009,108,106,2,0.9859327441209169
2024-08-08,PROP009,108,105,3,0.9755848872867465
2024-08-09,PROP009,108,104,4,0.9715040303780337
2024-08-10,PROP009,108,104,4,0.969915423822333
2024-08-11,PROP009,108,105,3,0.9733884387213033
2024-08-12,PROP009,108,107,1,0.9967864179480602
2024-08-13,PROP009,108,104,4,0.9637497112503103
2024-08-14,PROP009,108,107,1,0.9937989312608774
2024-08-15,PROP009,108,105,3,0.974599683212432
2024-08-16,PROP009,108,106,2,0.9815080560512133
2024-08-17,PROP009,108,107,1,0.9924235055566987
2024-08-18,PROP009,108,107,1,0.9960191420916779
2024-08-19,PROP009,108,105,3,0.9744353370136649
2024-08-20,PROP009,108,105,3,0.9791178194617635
2024-08-21,PROP009,108,105,3,0.9772247228034306
2024-08-22,PROP009,108,103,5,0.9611741215509154
2024-08-23,PROP009,108,105,3,0.9724817957651053
2024-08-24,PROP009,108,105,3,0.9790116495600615
2024-08-25,PROP009,108,105,3,0.9770878245659765
2024-08-26,PROP009,108,106,2,0.9895212493113862
2024-08-27,PROP009,108,105,3,0.9760362248996032
2024-08-28,PROP009,108,105,3,0.9802191381695858
2024-08-29,PROP009,108,105,3,0.9778284238960535
2024-08-30,PROP009,108,106,2,0.9902691261665338
2024-08-31,PROP009,108,107,1,0.9951629761702375
2024-09-01,PROP009,108,102,6,0.953357194432882
2024-09-02,PROP009,108,104,4,0.9636589190403891
2024-09-03,PROP009,108,101,7,0.9439530985533755
2024-09-04,PROP009,108,103,5,0.9537364156788722
2024-09-05,PROP009,108,102,6,0.9458908294193804
2024-09-06,PROP009,108,102,6,0.9486496682954547
2024-09-07,PROP009,108,103,5,0.9613781858650883
2024-09-08,PROP009,108,104,4,0.96734813056589
2024-09-09,PROP009,108,101,7,0.9369414469160922
2024-09-10,PROP009,108,103,5,0.9574672015320768
2024-09-11,PROP009,108,103,5,0.9553673835756934
2024-09-12,PROP009,108,101,7,0.9368182328396187
2024-09-13,PROP009,108,101,7,0.9405574044901859
2024-09-14,PROP009,108,102,6,0.9445217310618887
2024-09-15,PROP009,108,101,7,0.9387588741052816
2024-09-16,PROP009,108,101,7,0.9418308105735552
2024-09-17,PROP009,108,101,7,0.9427856632270498
2024-09-18,PROP009,108,102,6,0.9455085845941439
2024-09-19,PROP009,108,103,5,0.9620572493846279
2024-09-20,PROP009,108,103,5,0.9549581194266056
2024-09-21,PROP009,108,104,4,0.9715314981506376
2024-09-22,PROP009,108,102,6,0.9486710643512803
2024-09-23,PROP009,108,103,5,0.9622362342260585
2024-09-24,PROP009,108,104,4,0.9669403681276428
2024-09-25,PROP009,108,103,5,0.9592407709941032
2024-09-26,PROP009,108,102,6,0.9485562208892814
2024-09-27,PROP009,108,103,5,0.9622254165024117
2024-09-28,PROP009,108,101,7,0.9402283167834888
2024-09-29,PROP009,108,102,6,0.9451837178797868
2024-09-30,PROP009,108,103,5,0.953949041476553
2024-10-01,PROP009,108,103,5,0.9550980067640275
2024-10-02,PROP009,108,100,8,0.9329672902914867
2024-10-03,PROP009,108,104,4,0.9698861988228219
2024-10-04,PROP009,108,103,5,0.9599467221212771
2024-10-05,PROP009,108,102,6,0.9519097812818571
2024-10-06,PROP009,108,104,4,0.9694067206489139
2024-10-07,PROP009,108,102,6,0.9496454538826147
2024-10-08,PROP009,108,104,4,0.9712990540833963
2024-10-09,PROP009,108,102,6,0.9525730215623209
2024-10-10,PROP009,108,101,7,0.9366530620725007
2024-10-11,PROP009,108,103,5,0.9626736701709526
2024-10-12,PROP009,108,103,5,0.9592375402756951
2024-10-13,PROP009,108,104,4,0.963001100124805
2024-10-14,PROP009,108,104,4,0.9701393124216088
2024-10-15,PROP009,108,104,4,0.9631412033786222
2024-10-16,PROP009,108,103,5,0.9565350953612474
2024-10-17,PROP009,108,104,4,0.9663739873670152
2024-10-18,PROP009,108,103,5,0.9590114888467628
2024-10-19,PROP009,108,102,6,0.9484063935456184
2024-10-20,PROP009,108,104,4,0.9675064218422524
2024-10-21,PROP009,108,101,7,0.9409576497039565
2024-10-22,PROP009,108,103,5,0.9606672822689305
2024-10-23,PROP009,108,104,4,0.9673441694702117
2024-10-24,PROP009,108,103,5,0.9613342920607133
2024-10-25,PROP009,108,103,5,0.9599726480347358
2024-10-26,PROP009,108,103,5,0.9621871630354549
2024-10-27,PROP009,108,102,6,0.9506838412046072
2024-10-28,PROP009,108,104,4,0.9670484585588626
2024-10-29,PROP009,108,101,7,0.9402190902780252
2024-10-30,PROP009,108,101,7,0.937177087912595
2024-10-31,PROP009,108,101,7,0.943501982477322
2024-11-01,PROP009,108,99,9,0.9247822782054037
2024-11-02,PROP009,108,99,9,0.9239416541507776
2024-11-03,PROP009,108,101,7,0.9363431326414675
2024-11-04,PROP009,108,99,9,0.9197019285905647
2024-11-05,PROP009,108,99,9,0.9228929593860643
2024-11-06,PROP009,108,97,11,0.9040538896647798
2024-11-07,PROP009,108,99,9,0.9199087517921216
2024-11-08,PROP009,108,100,8,0.9294301516524177
2024-11-09,PROP009,108,97,11,0.9041395155594677
2024-11-10,PROP009,108,98,10,0.9147544609418538
2024-11-11,PROP009,108,98,10,0.9118374367059796
2024-11-12,PROP009,108,97,11,0.9051985994907875
2024-11-13,PROP009,108,99,9,0.9226895859309855
2024-11-14,PROP009,108,98,10,0.9107881140635302
2024-11-15,PROP009,108,100,8,0.9332424439196592
2024-11-16,PROP009,108,101,7,0.937436297684938
2024-11-17,PROP009,108,99,9,0.9253425896411699
2024-11-18,PROP009,108,101,7,0.9427874760352497
2024-11-19,PROP009,108,99,9,0.9215383251932278
2024-11-20,PROP009,108,99,9,0.9240539107434006
2024-11-21,PROP009,108,101,7,0.943087892492714
2024-11-22,PROP009,108,98,10,0.9127811197730059
2024-11-23,PROP009,108,101,7,0.9412210199214802
2024-11-24,PROP009,108,97,11,0.9052326845391685
2024-11-25,PROP009,108,99,9,0.9213746579449318
2024-11-26,PROP009,108,97,11,0.9063193228197266
2024-11-27,PROP009,108,100,8,0.9326885720509497
2024-11-28,PROP009,108,100,8,0.9278555397696047
2024-11-29,PROP009,108,100,8,0.9317845528731079
2024-11-30,PROP009,108,99,9,0.9184983983331246
2024-12-01,PROP009,108,99,9,0.9182984596956593
2024-12-02,PROP009,108,97,11,0.9053319534928398
2024-12-03,PROP009,108,99,9,0.9175169799155896
2024-12-04,PROP009,108,101,7,0.9406907184248864
2024-12-05,PROP009,108,99,9,0.918688243821622
2024-12-06,PROP009,108,101,7,0.9367738905832828
2024-12-07,PROP009,108,101,7,0.9372122025244014
2024-12-08,PROP009,108,99,9,0.9184488285895733
2024-12-09,PROP009,108,100,8,0.9287987295502516
2024-12-10,PROP009,108,97,11,0.9073340464253263
2024-12-11,PROP009,108,98,10,0.907666325563775
2024-12-12,PROP009,108,97,11,0.9054654888808725
2024-12-13,PROP009,108,100,8,0.9267597860694083
2024-12-14,PROP009,108,99,9,0.9205620214394479
2024-12-15,PROP009,108,99,9,0.9254404766009736
2024-12-16,PROP009,108,99,9,0.9243621099547396
2024-12-17,PROP009,108,99,9,0.9175273019780332
2024-12-18,PROP009,108,100,8,0.9306181189273429
2024-12-19,PROP009,108,100,8,0.9338592575710596
2024-12-20,PROP009,108,97,11,0.9041043126895111
2024-12-21,PROP009,108,98,10,0.9118088743251591
2024-12-22,PROP009,108,100,8,0.9320486170577374
2024-12-23,PROP009,108,99,9,0.9189839892397573
2024-12-24,PROP009,108,100,8,0.9300185402120683
2024-12-25,PROP009,108,99,9,0.9173976887237864
2024-12-26,PROP009,108,99,9,0.9191493884275895
2024-12-27,PROP009,108,98,10,0.9098663372819914
2024-12-28,PROP009,108,98,10,0.9138484231210504
2024-12-29,PROP009,108,100,8,0.9277356526347075
2024-12-30,PROP009,108,99,9,0.9208457067870106
2024-12-31,PROP009,108,100,8,0.9344912896521878
2025-01-01,PROP009,108,101,7,0.9376225805319377
2025-01-02,PROP009,108,99,9,0.9251850390630744
2025-01-03,PROP009,108,100,8,0.9338498740166463
2025-01-04,PROP009,108,98,10,0.9157953628621868
2025-01-05,PROP009,108,99,9,0.9201180309504071
2025-01-06,PROP009,108,100,8,0.9320302893830772
2025-01-07,PROP009,108,99,9,0.9189676620470852
2025-01-08,PROP009,108,100,8,0.9270593797407636
2025-01-09,PROP009,108,98,10,0.9109340934977045
2025-01-10,PROP009,108,100,8,0.9275100349332239
2025-01-11,PROP009,108,101,7,0.9379797306234797
2025-01-12,PROP009,108,101,7,0.938264767927341
2025-01-13,PROP009,108,100,8,0.9324929585875856
2025-01-14,PROP009,108,100,8,0.9333493174974491
2025-01-15,PROP009,108,99,9,0.9258362801404321
2025-01-16,PROP009,108,100,8,0.926905905941037
2025-01-17,PROP009,108,98,10,0.9088652055908247
2025-01-18,PROP009,108,99,9,0.9212735498712561
2025-01-19,PROP009,108,99,9,0.9215502336898586
2025-01-20,PROP009,108,101,7,0.9418590957611136
2025-01-21,PROP009,108,99,9,0.9207626568393356
2025-01-22,PROP009,108,99,9,0.9254928881305143
2025-01-23,PROP009,108,99,9,0.9248492383055681
2025-01-24,PROP009,108,100,8,0.928989651016177
2025-01-25,PROP009,108,100,8,0.9334484955876798
2025-01-26,PROP009,108,98,10,0.9125208573812389
2025-01-27,PROP009,108,99,9,0.9246681590983414
2025-01-28,PROP009,108,101,7,0.9365558906270453
2025-01-29,PROP009,108,99,9,0.9220437708879045
2025-01-30,PROP009,108,98,10,0.9146574841893469
2025-01-31,PROP009,108,100,8,0.929707545348656
2024-02-01,PROP010,79,73,6,0.9313776992129904
2024-02-02,PROP010,79,75,4,0.9599237068321839
2024-02-03,PROP010,79,75,4,0.9617180048143656
2024-02-04,PROP010,79,74,5,0.947313004599439
2024-02-05,PROP010,79,76,3,0.9681843137686335
2024-02-06,PROP010,79,75,4,0.9603204211241871
2024-02-07,PROP010,79,75,4,0.9597985900917214
2024-02-08,PROP010,79,75,4,0.9587656304723776
2024-02-09,PROP010,79,73,6,0.9348764116246258
2024-02-10,PROP010,79,74,5,0.9375413229540153
2024-02-11,PROP010,79,74,5,0.9474116927544718
2024-02-12,PROP010,79,74,5,0.9394122614942734
2024-02-13,PROP010,79,74,5,0.9454617263892564
2024-02-14,PROP010,79,76,3,0.9643906518928116
2024-02-15,PROP010,79,75,4,0.9618251631710656
2024-02-16,PROP010,79,75,4,0.954053682635094
2024-02-17,PROP010,79,76,3,0.963176903265939
2024-02-18,PROP010,79,75,4,0.9602029830565848
2024-02-19,PROP010,79,74,5,0.9460114847695305
2024-02-20,PROP010,79,74,5,0.9368946935778926
2024-02-21,PROP010,79,75,4,0.9494201290962684
2024-02-22,PROP010,79,75,4,0.9583012427970368
2024-02-23,PROP010,79,74,5,0.9463088714450785
2024-02-24,PROP010,79,75,4,0.9555229638872507
2024-02-25,PROP010,79,73,6,0.9326251845475365
2024-02-26,PROP010,79,75,4,0.958772276950751
2024-02-27,PROP010,79,75,4,0.9613606322916173
2024-02-28,PROP010,79,75,4,0.9571256017271165
2024-02-29,PROP010,79,76,3,0.9675426309969494
2024-03-01,PROP010,79,75,4,0.9619181697943204
2024-03-02,PROP010,79,76,3,0.9649758366109563
2024-03-03,PROP010,79,76,3,0.9661949308342007
2024-03-04,PROP010,79,75,4,0.9609060071708472
2024-03-05,PROP010,79,75,4,0.9558224411761548
2024-03-06,PROP010,79,73,6,0.9290808307503263
2024-03-07,PROP010,79,74,5,0.9474851176248198
2024-03-08,PROP010,79,75,4,0.9516985794407892
2024-03-09,PROP010,79,74,5,0.9410132983938148
2024-03-10,PROP010,79,74,5,0.9415762653720336
2024-03-11,PROP010,79,76,3,0.9672984641243014
2024-03-12,PROP010,79,76,3,0.9645205221040046
2024-03-13,PROP010,79,76,3,0.962819247715963
2024-03-14,PROP010,79,74,5,0.9450925595641392
2024-03-15,PROP010,79,73,6,0.9294000295122513
2024-03-16,PROP010,79,73,6,0.9320609773541233
2024-03-17,PROP010,79,74,5,0.9413399422245989
2024-03-18,PROP010,79,73,6,0.9294818040157219
2024-03-19,PROP010,79,73,6,0.9295380787725027
2024-03-20,PROP010,79,76,3,0.9655162195615912
2024-03-21,PROP010,79,75,4,0.957098427580657
2024-03-22,PROP010,79,74,5,0.9412103270986208
2024-03-23,PROP010,79,73,6,0.9341578705999329
2024-03-24,PROP010,79,74,5,0.9493175162116979
2024-03-25,PROP010,79,73,6,0.9290659339300693
2024-03-26,PROP010,79,76,3,0.9663886372502205
2024-03-27,PROP010,79,74,5,0.9454446922714527
2024-03-28,PROP010,79,74,5,0.944945485705388
2024-03-29,PROP010,79,74,5,0.944475831799166
2024-03-30,PROP010,79,73,6,0.9316252207114054
2024-03-31,PROP010,79,75,4,0.9543849770875679
2024-04-01,PROP010,79,75,4,0.9581722322810289
2024-04-02,PROP010,79,75,4,0.9558971033994264
2024-04-03,PROP010,79,73,6,0.9343895072290705
2024-04-04,PROP010,79,75,4,0.9520056942173185
2024-04-05,PROP010,79,75,4,0.9516314668627849
2024-04-06,PROP010,79,76,3,0.96358851901355
2024-04-07,PROP010,79,74,5,0.9440171938309206
2024-04-08,PROP010,79,74,5,0.9437115252422722
2024-04-09,PROP010,79,75,4,0.9535931698446222
2024-04-10,PROP010,79,75,4,0.9541749936358753
2024-04-11,PROP010,79,74,5,0.9476234965889264
2024-04-12,PROP010,79,74,5,0.9465744619891117
2024-04-13,PROP010,79,74,5,0.9486179943214101
2024-04-14,PROP010,79,76,3,0.9632938994760273
2024-04-15,PROP010,79,74,5,0.9472987635460511
2024-04-16,PROP010,79,76,3,0.9664493591746877
2024-04-17,PROP010,79,74,5,0.9490122380397478
2024-04-18,PROP010,79,76,3,0.9668201152231304
2024-04-19,PROP010,79,76,3,0.9621653635706579
2024-04-20,PROP010,79,74,5,0.943349340400528
2024-04-21,PROP010,79,76,3,0.9633977443477594
2024-04-22,PROP010,79,73,6,0.9332546188639393
2024-04-23,PROP010,79,76,3,0.9658539745096154
2024-04-24,PROP010,79,75,4,0.9541178280992104
2024-04-25,PROP010,79,73,6,0.9310277174367872
2024-04-26,PROP010,79,75,4,0.9546223564419273
2024-04-27,PROP010,79,76,3,0.967821993661685
2024-04-28,PROP010,79,73,6,0.93164411368048
2024-04-29,PROP010,79,75,4,0.9510395958870982
2024-04-30,PROP010,79,75,4,0.9587638614862697
2024-05-01,PROP010,79,78,1,0.9897279935887529
2024-05-02,PROP010,79,76,3,0.9738707487336035
2024-05-03,PROP010,79,76,3,0.9654843124875013
2024-05-04,PROP010,79,75,4,0.959011341271667
2024-05-05,PROP010,79,77,2,0.9805066964046606
2024-05-06,PROP010,79,77,2,0.9754340929314761
2024-05-07,PROP010,79,78,1,0.9952674259267601
2024-05-08,PROP010,79,75,4,0.959741846429368
2024-05-09,PROP010,79,77,2,0.9847334638586119
2024-05-10,PROP010,79,75,4,0.9583162990055739
2024-05-11,PROP010,79,76,3,0.9641750171891934
2024-05-12,PROP010,79,77,2,0.975460810117685
2024-05-13,PROP010,79,77,2,0.9755125478328864
2024-05-14,PROP010,79,77,2,0.9847456718381175
2024-05-15,PROP010,79,78,1,0.9937261715154819
2024-05-16,PROP010,79,77,2,0.9828789364773685
2024-05-17,PROP010,79,78,1,0.995459054034832
2024-05-18,PROP010,79,78,1,0.9925822757158915
2024-05-19,PROP010,79,77,2,0.9806976419420033
2024-05-20,PROP010,79,78,1,0.9906693281575247
2024-05-21,PROP010,79,77,2,0.9830207545337171
2024-05-22,PROP010,79,75,4,0.9604599633577208
2024-05-23,PROP010,79,77,2,0.986940239051152
2024-05-24,PROP010,79,75,4,0.9611139877714655
2024-05-25,PROP010,79,77,2,0.9810809613435602
2024-05-26,PROP010,79,77,2,0.9854232583551008
2024-05-27,PROP010,79,75,4,0.9599787544492059
2024-05-28,PROP010,79,76,3,0.966549436277833
2024-05-29,PROP010,79,78,1,0.9939445394112376
2024-05-30,PROP010,79,77,2,0.9819702298100875
2024-05-31,PROP010,79,76,3,0.9671690908731929
2024-06-01,PROP010,79,77,2,0.9849448409666919
2024-06-02,PROP010,79,77,2,0.9811887069192392
2024-06-03,PROP010,79,77,2,0.9773806781174896
2024-06-04,PROP010,79,78,1,0.996365129120295
2024-06-05,PROP010,79,77,2,0.984655801217072
2024-06-06,PROP010,79,76,3,0.9723352945074881
2024-06-07,PROP010,79,78,1,0.9893205874038463
2024-06-08,PROP010,79,78,1,0.9927009818376191
2024-06-09,PROP010,79,76,3,0.9623264725014449
2024-06-10,PROP010,79,76,3,0.9653397692345823
2024-06-11,PROP010,79,76,3,0.9659667304858829
2024-06-12,PROP010,79,77,2,0.9849661224962333
2024-06-13,PROP010,79,77,2,0.981439232322903
2024-06-14,PROP010,79,77,2,0.9820773127087152
2024-06-15,PROP010,79,78,1,0.9949485821083517
2024-06-16,PROP010,79,78,1,0.9883541114330638
2024-06-17,PROP010,79,76,3,0.962435127101243
2024-06-18,PROP010,79,76,3,0.9712179334177788
2024-06-19,PROP010,79,77,2,0.9747333959678011
2024-06-20,PROP010,79,76,3,0.9731561136706759
2024-06-21,PROP010,79,77,2,0.9840899944872468
2024-06-22,PROP010,79,78,1,0.9929933742510342
2024-06-23,PROP010,79,76,3,0.9695597086616832
2024-06-24,PROP010,79,77,2,0.9793927355776191
2024-06-25,PROP010,79,78,1,0.9888940269973151
2024-06-26,PROP010,79,76,3,0.9739663724745856
2024-06-27,PROP010,79,76,3,0.9640423752567435
2024-06-28,PROP010,79,77,2,0.9763156887313216
2024-06-29,PROP010,79,75,4,0.9595265509504928
2024-06-30,PROP010,79,78,1,0.9950129882808627
2024-07-01,PROP010,79,75,4,0.9603104983285706
2024-07-02,PROP010,79,77,2,0.9748559187307948
2024-07-03,PROP010,79,77,2,0.9785129005643127
2024-07-04,PROP010,79,78,1,0.996729803412263
2024-07-05,PROP010,79,76,3,0.9639585230664861
2024-07-06,PROP010,79,75,4,0.961894910865266
2024-07-07,PROP010,79,75,4,0.9576658960032733
2024-07-08,PROP010,79,76,3,0.9635405075955438
2024-07-09,PROP010,79,76,3,0.9656085692834784
2024-07-10,PROP010,79,77,2,0.9825408877840953
2024-07-11,PROP010,79,76,3,0.9661059217364276
2024-07-12,PROP010,79,75,4,0.9581384827099446
2024-07-13,PROP010,79,78,1,0.9903823839408712
2024-07-14,PROP010,79,76,3,0.9719414781609303
2024-07-15,PROP010,79,76,3,0.971465517584001
2024-07-16,PROP010,79,76,3,0.9694168112874887
2024-07-17,PROP010,79,78,1,0.9963325812066285
2024-07-18,PROP010,79,76,3,0.964122266813143
2024-07-19,PROP010,79,78,1,0.9932471726789011
2024-07-20,PROP010,79,78,1,0.9883897834063672
2024-07-21,PROP010,79,75,4,0.9603768483407442
2024-07-22,PROP010,79,78,1,0.9967868141808056
2024-07-23,PROP010,79,76,3,0.9681722886623321
2024-07-24,PROP010,79,75,4,0.9612609672016681
2024-07-25,PROP010,79,78,1,0.9904902194858021
2024-07-26,PROP010,79,77,2,0.9855846714678796
2024-07-27,PROP010,79,77,2,0.9820064023558877
2024-07-28,PROP010,79,76,3,0.963556884668729
2024-07-29,PROP010,79,77,2,0.9764574947710102
2024-07-30,PROP010,79,78,1,0.9885398911962602
2024-07-31,PROP010,79,76,3,0.9694626076465253
2024-08-01,PROP010,79,76,3,0.9697852432613733
2024-08-02,PROP010,79,75,4,0.9574432863626965
2024-08-03,PROP010,79,76,3,0.9642873861865868
2024-08-04,PROP010,79,78,1,0.992333875125645
2024-08-05,PROP010,79,77,2,0.9749875097862799
2024-08-06,PROP010,79,78,1,0.996687030090149
2024-08-07,PROP010,79,76,3,0.9731459686637234
2024-08-08,PROP010,79,77,2,0.9859251083119813
2024-08-09,PROP010,79,76,3,0.9685944118369608
2024-08-10,PROP010,79,76,3,0.971870035766409
2024-08-11,PROP010,79,76,3,0.9649466896244074
2024-08-12,PROP010,79,76,3,0.9712001448607475
2024-08-13,PROP010,79,77,2,0.9792071509375974
2024-08-14,PROP010,79,78,1,0.9969885653599416
2024-08-15,PROP010,79,77,2,0.983885718643643
2024-08-16,PROP010,79,76,3,0.9652874882971042
2024-08-17,PROP010,79,75,4,0.9591161077844337
2024-08-18,PROP010,79,76,3,0.962371909373352
2024-08-19,PROP010,79,77,2,0.9798198581716936
2024-08-20,PROP010,79,78,1,0.9879240632734423
2024-08-21,PROP010,79,78,1,0.9949344184128015
2024-08-22,PROP010,79,75,4,0.9579505770006445
2024-08-23,PROP010,79,77,2,0.9782280557832465
2024-08-24,PROP010,79,77,2,0.9761523443696988
2024-08-25,PROP010,79,77,2,0.9835598509997998
2024-08-26,PROP010,79,77,2,0.9797008042993853
2024-08-27,PROP010,79,77,2,0.9847992161440708
2024-08-28,PROP010,79,77,2,0.9836409535107392
2024-08-29,PROP010,79,75,4,0.9619981191150895
2024-08-30,PROP010,79,78,1,0.9893063666655204
2024-08-31,PROP010,79,76,3,0.9622469531494247
2024-09-01,PROP010,79,75,4,0.9567933125042603
2024-09-02,PROP010,79,74,5,0.9454979022015191
2024-09-03,PROP010,79,75,4,0.9494061168789587
2024-09-04,PROP010,79,76,3,0.9649840080709232
2024-09-05,PROP010,79,76,3,0.9644474365548342
2024-09-06,PROP010,79,75,4,0.9615663397220959
2024-09-07,PROP010,79,74,5,0.9492580227141477
2024-09-08,PROP010,79,75,4,0.9583016799012481
2024-09-09,PROP010,79,75,4,0.9493679697166472
2024-09-10,PROP010,79,76,3,0.9636363307948859
2024-09-11,PROP010,79,74,5,0.9449631208252107
2024-09-12,PROP010,79,76,3,0.9676615012724898
2024-09-13,PROP010,79,76,3,0.9661449978250499
2024-09-14,PROP010,79,75,4,0.9585161922739662
2024-09-15,PROP010,79,74,5,0.9400287228629377
2024-09-16,PROP010,79,73,6,0.9341182310476251
2024-09-17,PROP010,79,76,3,0.9630402254996226
2024-09-18,PROP010,79,73,6,0.9354641789414132
2024-09-19,PROP010,79,76,3,0.9630225190557882
2024-09-20,PROP010,79,74,5,0.9484826877643892
2024-09-21,PROP010,79,74,5,0.9451143588482189
2024-09-22,PROP010,79,76,3,0.9649797186492719
2024-09-23,PROP010,79,75,4,0.9530061267975058
2024-09-24,PROP010,79,75,4,0.9519166477810835
2024-09-25,PROP010,79,75,4,0.9512027252808707
2024-09-26,PROP010,79,74,5,0.943698868136676
2024-09-27,PROP010,79,75,4,0.9602778116370598
2024-09-28,PROP010,79,74,5,0.9389640252565257
2024-09-29,PROP010,79,76,3,0.9664078858975458
2024-09-30,PROP010,79,76,3,0.9646114956977732
2024-10-01,PROP010,79,74,5,0.9423513005228907
2024-10-02,PROP010,79,75,4,0.9580306382891614
2024-10-03,PROP010,79,75,4,0.9517810152738785
2024-10-04,PROP010,79,74,5,0.9423580595758642
2024-10-05,PROP010,79,76,3,0.9683929534157126
2024-10-06,PROP010,79,73,6,0.9298615813298253
2024-10-07,PROP010,79,74,5,0.9389579287207462
2024-10-08,PROP010,79,75,4,0.9496550499403408
2024-10-09,PROP010,79,75,4,0.9497302076350373
2024-10-10,PROP010,79,75,4,0.9524094104937173
2024-10-11,PROP010,79,75,4,0.9589191343768115
2024-10-12,PROP010,79,75,4,0.9537912007166667
2024-10-13,PROP010,79,75,4,0.9528633459170163
2024-10-14,PROP010,79,73,6,0.9309926660124165
2024-10-15,PROP010,79,74,5,0.9439132990074667
2024-10-16,PROP010,79,74,5,0.938134317083941
2024-10-17,PROP010,79,74,5,0.9394668919599738
2024-10-18,PROP010,79,75,4,0.9510255864695085
2024-10-19,PROP010,79,74,5,0.9368323000930792
2024-10-20,PROP010,79,74,5,0.9406100515365707
2024-10-21,PROP010,79,74,5,0.9383354758365884
2024-10-22,PROP010,79,76,3,0.9667922052246226
2024-10-23,PROP010,79,76,3,0.9666387167827386
2024-10-24,PROP010,79,75,4,0.9532497498397369
2024-10-25,PROP010,79,76,3,0.9658329862451708
2024-10-26,PROP010,79,75,4,0.9602845933146297
2024-10-27,PROP010,79,75,4,0.9524500028079671
2024-10-28,PROP010,79,73,6,0.9291094959557666
2024-10-29,PROP010,79,75,4,0.959752738939071
2024-10-30,PROP010,79,75,4,0.9569516211594336
2024-10-31,PROP010,79,75,4,0.9534622336271913
2024-11-01,PROP010,79,73,6,0.9308034973383168
2024-11-02,PROP010,79,72,7,0.9209034114620085
2024-11-03,PROP010,79,73,6,0.9285498557238715
2024-11-04,PROP010,79,74,5,0.9377934083400776
2024-11-05,PROP010,79,72,7,0.9154187255048614
2024-11-06,PROP010,79,73,6,0.928711398267043
2024-11-07,PROP010,79,72,7,0.9194140375914562
2024-11-08,PROP010,79,73,6,0.9273625109435771
2024-11-09,PROP010,79,73,6,0.9309022582931925
2024-11-10,PROP010,79,71,8,0.9022046248884498
2024-11-11,PROP010,79,73,6,0.9262505426289643
2024-11-12,PROP010,79,71,8,0.9094561722472957
2024-11-13,PROP010,79,73,6,0.9271878263833205
2024-11-14,PROP010,79,72,7,0.9191197323083704
2024-11-15,PROP010,79,73,6,0.9313286345456134
2024-11-16,PROP010,79,71,8,0.9053225574792417
2024-11-17,PROP010,79,73,6,0.9254394189372657
2024-11-18,PROP010,79,72,7,0.91152535402812
2024-11-19,PROP010,79,73,6,0.9345058046842416
2024-11-20,PROP010,79,74,5,0.9375218650964702
2024-11-21,PROP010,79,74,5,0.9402424566181802
2024-11-22,PROP010,79,73,6,0.9322268209681093
2024-11-23,PROP010,79,73,6,0.9305358876881381
2024-11-24,PROP010,79,71,8,0.9090065552257199
2024-11-25,PROP010,79,72,7,0.9138268072306223
2024-11-26,PROP010,79,72,7,0.9190138265415091
2024-11-27,PROP010,79,73,6,0.9313217667823079
2024-11-28,PROP010,79,74,5,0.9369851594741366
2024-11-29,PROP010,79,71,8,0.9079520888719373
2024-11-30,PROP010,79,74,5,0.937281224257822
2024-12-01,PROP010,79,73,6,0.9282115109651802
2024-12-02,PROP010,79,73,6,0.9248173540984195
2024-12-03,PROP010,79,71,8,0.9083801757222955
2024-12-04,PROP010,79,71,8,0.9026075261833839
2024-12-05,PROP010,79,72,7,0.9231251208113355
2024-12-06,PROP010,79,73,6,0.9264471522041736
2024-12-07,PROP010,79,71,8,0.9088177828452054
2024-12-08,PROP010,79,72,7,0.9226447731040361
2024-12-09,PROP010,79,73,6,0.9346462609815208
2024-12-10,PROP010,79,73,6,0.9337891626892187
2024-12-11,PROP010,79,74,5,0.9374807320944698
2024-12-12,PROP010,79,72,7,0.9150219572532932
2024-12-13,PROP010,79,72,7,0.9131085077730546
2024-12-14,PROP010,79,73,6,0.9303635651102502
2024-12-15,PROP010,79,72,7,0.9176310210748981
2024-12-16,PROP010,79,71,8,0.9038884714321291
2024-12-17,PROP010,79,72,7,0.911698570097838
2024-12-18,PROP010,79,72,7,0.9171298162922775
2024-12-19,PROP010,79,72,7,0.912087181890068
2024-12-20,PROP010,79,72,7,0.9136747477089108
2024-12-21,PROP010,79,72,7,0.9121375611179935
2024-12-22,PROP010,79,71,8,0.902046491558341
2024-12-23,PROP010,79,73,6,0.9258703129039956
2024-12-24,PROP010,79,73,6,0.9242782216851567
2024-12-25,PROP010,79,73,6,0.9265218648101652
2024-12-26,PROP010,79,71,8,0.908078920712363
2024-12-27,PROP010,79,72,7,0.9122127065355173
2024-12-28,PROP010,79,73,6,0.9251711619488148
2024-12-29,PROP010,79,73,6,0.9243716276094147
2024-12-30,PROP010,79,72,7,0.9206397372451887
2024-12-31,PROP010,79,72,7,0.9144030548714258
2025-01-01,PROP010,79,74,5,0.9369037650620055
2025-01-02,PROP010,79,72,7,0.9139773345629717
2025-01-03,PROP010,79,72,7,0.9186112911285079
2025-01-04,PROP010,79,73,6,0.9275110781091862
2025-01-05,PROP010,79,72,7,0.9221073821056884
2025-01-06,PROP010,79,72,7,0.9142619639255933
2025-01-07,PROP010,79,72,7,0.9178123164892783
2025-01-08,PROP010,79,73,6,0.9321657575851582
2025-01-09,PROP010,79,72,7,0.9115116910904824
2025-01-10,PROP010,79,71,8,0.9060767344620905
2025-01-11,PROP010,79,72,7,0.912913052944209
2025-01-12,PROP010,79,73,6,0.934367893490534
2025-01-13,PROP010,79,71,8,0.9039461134652718
2025-01-14,PROP010,79,74,5,0.940054367805916
2025-01-15,PROP010,79,72,7,0.9220266408281244
2025-01-16,PROP010,79,74,5,0.9397803546297017
2025-01-17,PROP010,79,74,5,0.937946381754457
2025-01-18,PROP010,79,72,7,0.9184990734394546
2025-01-19,PROP010,79,71,8,0.9083261678552319
2025-01-20,PROP010,79,71,8,0.9069819159336234
2025-01-21,PROP010,79,71,8,0.9099860994258162
2025-01-22,PROP010,79,73,6,0.9287918304935994
2025-01-23,PROP010,79,71,8,0.9113045246602774
2025-01-24,PROP010,79,72,7,0.9140435356551898
2025-01-25,PROP010,79,72,7,0.9183376770308025
2025-01-26,PROP010,79,74,5,0.9369158320878762
2025-01-27,PROP010,79,71,8,0.9079622615864118
2025-01-28,PROP010,79,71,8,0.9005875869754101
2025-01-29,PROP010,79,71,8,0.9027903812861447
2025-01-30,PROP010,79,73,6,0.9365771785382226
2025-01-31,PROP010,79,73,6,0.9262871834647525
2024-02-01,PROP011,33,28,5,0.8698525743597845
2024-02-02,PROP011,33,28,5,0.8745355437848213
2024-02-03,PROP011,33,28,5,0.8673567514093881
2024-02-04,PROP011,33,29,4,0.9004261907307145
2024-02-05,PROP011,33,29,4,0.8941331212939475
2024-02-06,PROP011,33,29,4,0.8812605213958384
2024-02-07,PROP011,33,29,4,0.8973633785239449
2024-02-08,PROP011,33,28,5,0.8727432024910661
2024-02-09,PROP011,33,29,4,0.8914496970582245
2024-02-10,PROP011,33,29,4,0.8970101742798865
2024-02-11,PROP011,33,28,5,0.8770356227842677
2024-02-12,PROP011,33,29,4,0.8930634521373655
2024-02-13,PROP011,33,28,5,0.8745677682899092
2024-02-14,PROP011,33,28,5,0.874719159729698
2024-02-15,PROP011,33,28,5,0.8670471614615043
2024-02-16,PROP011,33,29,4,0.8803671961797127
2024-02-17,PROP011,33,29,4,0.8919533505792338
2024-02-18,PROP011,33,29,4,0.9003737065421882
2024-02-19,PROP011,33,29,4,0.8869167539965006
2024-02-20,PROP011,33,29,4,0.8972902958287664
2024-02-21,PROP011,33,29,4,0.8956646602909459
2024-02-22,PROP011,33,28,5,0.869698596438348
2024-02-23,PROP011,33,29,4,0.8821975714758421
2024-02-24,PROP011,33,28,5,0.8674418157403525
2024-02-25,PROP011,33,29,4,0.8900510007818022
2024-02-26,PROP011,33,29,4,0.9007608610491799
2024-02-27,PROP011,33,28,5,0.8682484526424871
2024-02-28,PROP011,33,29,4,0.8921201995514385
2024-02-29,PROP011,33,29,4,0.8880544003540513
2024-03-01,PROP011,33,29,4,0.8861090757996608
2024-03-02,PROP011,33,28,5,0.8783696837068704
2024-03-03,PROP011,33,28,5,0.8769701402294893
2024-03-04,PROP011,33,28,5,0.8645748418800924
2024-03-05,PROP011,33,28,5,0.8714812226494173
2024-03-06,PROP011,33,28,5,0.8633719496108099
2024-03-07,PROP011,33,29,4,0.8860215585426177
2024-03-08,PROP011,33,28,5,0.8669990037544532
2024-03-09,PROP011,33,29,4,0.8976856500805255
2024-03-10,PROP011,33,29,4,0.8836905951472234
2024-03-11,PROP011,33,29,4,0.8907524706816852
2024-03-12,PROP011,33,29,4,0.8791991579929567
2024-03-13,PROP011,33,29,4,0.8851880666793788
2024-03-14,PROP011,33,29,4,0.900471241398002
2024-03-15,PROP011,33,28,5,0.8660742359042837
2024-03-16,PROP011,33,28,5,0.8729223851962846
2024-03-17,PROP011,33,29,4,0.8939644073957586
2024-03-18,PROP011,33,28,5,0.8667143625946434
2024-03-19,PROP011,33,28,5,0.8657913184755013
2024-03-20,PROP011,33,28,5,0.8772265302694984
2024-03-21,PROP011,33,28,5,0.8664515926582341
2024-03-22,PROP011,33,29,4,0.8861680120075849
2024-03-23,PROP011,33,28,5,0.8718158843520009
2024-03-24,PROP011,33,29,4,0.8985927928473117
2024-03-25,PROP011,33,29,4,0.894104877553147
2024-03-26,PROP011,33,29,4,0.8907530825633159
2024-03-27,PROP011,33,29,4,0.8874426354147169
2024-03-28,PROP011,33,29,4,0.8973035035329954
2024-03-29,PROP011,33,28,5,0.8716873567810471
2024-03-30,PROP011,33,29,4,0.8976892280299059
2024-03-31,PROP011,33,29,4,0.8943445662562989
2024-04-01,PROP011,33,29,4,0.8926913073748443
2024-04-02,PROP011,33,29,4,0.8852151014423337
2024-04-03,PROP011,33,28,5,0.8726146407581609
2024-04-04,PROP011,33,29,4,0.8797067909590127
2024-04-05,PROP011,33,29,4,0.8945077005008889
2024-04-06,PROP011,33,28,5,0.8640360136936298
2024-04-07,PROP011,33,29,4,0.8940469050898872
2024-04-08,PROP011,33,28,5,0.8723677039388394
2024-04-09,PROP011,33,28,5,0.868537242348201
2024-04-10,PROP011,33,28,5,0.8673929270465489
2024-04-11,PROP011,33,28,5,0.8638548747973694
2024-04-12,PROP011,33,29,4,0.8837083337281949
2024-04-13,PROP011,33,28,5,0.871495269227086
2024-04-14,PROP011,33,29,4,0.9023421449505221
2024-04-15,PROP011,33,29,4,0.8857423445542251
2024-04-16,PROP011,33,28,5,0.8682802850935772
2024-04-17,PROP011,33,29,4,0.8903153759517914
2024-04-18,PROP011,33,29,4,0.8986746169797258
2024-04-19,PROP011,33,29,4,0.8925720541341214
2024-04-20,PROP011,33,28,5,0.8658224687609147
2024-04-21,PROP011,33,29,4,0.8986002415670432
2024-04-22,PROP011,33,29,4,0.8945220497537354
2024-04-23,PROP011,33,28,5,0.8690970303235613
2024-04-24,PROP011,33,28,5,0.8648363098686495
2024-04-25,PROP011,33,29,4,0.8850572973319092
2024-04-26,PROP011,33,28,5,0.8690063067729359
2024-04-27,PROP011,33,29,4,0.8961485124231477
2024-04-28,PROP011,33,28,5,0.8770982605862038
2024-04-29,PROP011,33,29,4,0.8992805721087999
2024-04-30,PROP011,33,29,4,0.8853924012049771
2024-05-01,PROP011,33,29,4,0.8965547159185037
2024-05-02,PROP011,33,29,4,0.8948317752433089
2024-05-03,PROP011,33,30,3,0.9123067180512271
2024-05-04,PROP011,33,30,3,0.9197231650234147
2024-05-05,PROP011,33,30,3,0.9205080464586043
2024-05-06,PROP011,33,29,4,0.9002781167265682
2024-05-07,PROP011,33,29,4,0.8974176909054037
2024-05-08,PROP011,33,29,4,0.8899180727286122
2024-05-09,PROP011,33,30,3,0.9164157865969638
2024-05-10,PROP011,33,29,4,0.8923105508862585
2024-05-11,PROP011,33,29,4,0.906078268619554
2024-05-12,PROP011,33,30,3,0.9133151071096488
2024-05-13,PROP011,33,30,3,0.926732178345704
2024-05-14,PROP011,33,29,4,0.9017199060271477
2024-05-15,PROP011,33,29,4,0.8992387070467778
2024-05-16,PROP011,33,30,3,0.9154142267203609
2024-05-17,PROP011,33,30,3,0.9140173818310602
2024-05-18,PROP011,33,29,4,0.9025322118812419
2024-05-19,PROP011,33,30,3,0.9263718939693084
2024-05-20,PROP011,33,30,3,0.9230423136485023
2024-05-21,PROP011,33,29,4,0.8982071223835202
2024-05-22,PROP011,33,29,4,0.8988135223662979
2024-05-23,PROP011,33,30,3,0.9097398344244002
2024-05-24,PROP011,33,30,3,0.9201907046181458
2024-05-25,PROP011,33,29,4,0.8910094357244556
2024-05-26,PROP011,33,30,3,0.9169812266983052
2024-05-27,PROP011,33,30,3,0.9151772564442008
2024-05-28,PROP011,33,29,4,0.8985070243854365
2024-05-29,PROP011,33,30,3,0.9165019410785709
2024-05-30,PROP011,33,30,3,0.9268551481990003
2024-05-31,PROP011,33,29,4,0.8911192543477877
2024-06-01,PROP011,33,29,4,0.9020339027605995
2024-06-02,PROP011,33,29,4,0.9067748892155711
2024-06-03,PROP011,33,30,3,0.9252182349059045
2024-06-04,PROP011,33,30,3,0.9277382784132833
2024-06-05,PROP011,33,29,4,0.9070124304087702
2024-06-06,PROP011,33,30,3,0.9192489570346046
2024-06-07,PROP011,33,30,3,0.9105142614994963
2024-06-08,PROP011,33,30,3,0.910759137938572
2024-06-09,PROP011,33,29,4,0.9003718011515712
2024-06-10,PROP011,33,29,4,0.8979260703834722
2024-06-11,PROP011,33,29,4,0.9007680343858786
2024-06-12,PROP011,33,30,3,0.9115009408392001
2024-06-13,PROP011,33,29,4,0.8904140279898005
2024-06-14,PROP011,33,30,3,0.9255377783231732
2024-06-15,PROP011,33,29,4,0.895499168930908
2024-06-16,PROP011,33,29,4,0.8980513676237725
2024-06-17,PROP011,33,30,3,0.9099788676068228
2024-06-18,PROP011,33,30,3,0.9176524112024081
2024-06-19,PROP011,33,29,4,0.8930769827386928
2024-06-20,PROP011,33,29,4,0.9019556084508035
2024-06-21,PROP011,33,30,3,0.9279948047718912
2024-06-22,PROP011,33,29,4,0.8997415392201548
2024-06-23,PROP011,33,29,4,0.9017698263514429
2024-06-24,PROP011,33,30,3,0.9227077601736383
2024-06-25,PROP011,33,29,4,0.8912563978165352
2024-06-26,PROP011,33,29,4,0.9078323473012758
2024-06-27,PROP011,33,29,4,0.9044324911269838
2024-06-28,PROP011,33,29,4,0.901911290945263
2024-06-29,PROP011,33,29,4,0.9006758043107075
2024-06-30,PROP011,33,29,4,0.8929027847433333
2024-07-01,PROP011,33,29,4,0.901840853722983
2024-07-02,PROP011,33,29,4,0.8909699166575437
2024-07-03,PROP011,33,30,3,0.9204863750946943
2024-07-04,PROP011,33,29,4,0.9051769323072374
2024-07-05,PROP011,33,29,4,0.9070039738417134
2024-07-06,PROP011,33,30,3,0.9249916040069223
2024-07-07,PROP011,33,30,3,0.9155700199033657
2024-07-08,PROP011,33,29,4,0.8895701846826017
2024-07-09,PROP011,33,30,3,0.9269748134673683
2024-07-10,PROP011,33,29,4,0.8987335991880254
2024-07-11,PROP011,33,29,4,0.8935523879393114
2024-07-12,PROP011,33,30,3,0.9199729476841523
2024-07-13,PROP011,33,30,3,0.9092669131835857
2024-07-14,PROP011,33,29,4,0.9065986431896377
2024-07-15,PROP011,33,29,4,0.8992279437362266
2024-07-16,PROP011,33,30,3,0.9111466801434097
2024-07-17,PROP011,33,29,4,0.9002232047570204
2024-07-18,PROP011,33,30,3,0.9253111407603997
2024-07-19,PROP011,33,29,4,0.8978559997382447
2024-07-20,PROP011,33,30,3,0.9246220265671471
2024-07-21,PROP011,33,30,3,0.9116240375780112
2024-07-22,PROP011,33,30,3,0.9223873459047266
2024-07-23,PROP011,33,30,3,0.9177616603833552
2024-07-24,PROP011,33,30,3,0.9171156250063869
2024-07-25,PROP011,33,29,4,0.9022216528567192
2024-07-26,PROP011,33,29,4,0.8986036978078051
2024-07-27,PROP011,33,29,4,0.8976832696561485
2024-07-28,PROP011,33,30,3,0.9235354868313005
2024-07-29,PROP011,33,30,3,0.9220648933592778
2024-07-30,PROP011,33,29,4,0.9068707616694093
2024-07-31,PROP011,33,29,4,0.8945440050887752
2024-08-01,PROP011,33,29,4,0.9045379106280153
2024-08-02,PROP011,33,30,3,0.9140215587143934
2024-08-03,PROP011,33,29,4,0.9074239467281151
2024-08-04,PROP011,33,30,3,0.9204553912882367
2024-08-05,PROP011,33,30,3,0.9291527334389724
2024-08-06,PROP011,33,29,4,0.8968931040868728
2024-08-07,PROP011,33,29,4,0.9076338533352999
2024-08-08,PROP011,33,29,4,0.9064871766257498
2024-08-09,PROP011,33,29,4,0.901427521858875
2024-08-10,PROP011,33,29,4,0.8971716412177285
2024-08-11,PROP011,33,29,4,0.8918755052085033
2024-08-12,PROP011,33,30,3,0.9247325932378649
2024-08-13,PROP011,33,29,4,0.9060417684563696
2024-08-14,PROP011,33,30,3,0.9091236412889189
2024-08-15,PROP011,33,30,3,0.9259255024769536
2024-08-16,PROP011,33,30,3,0.9202994396495549
2024-08-17,PROP011,33,29,4,0.8944678711136044
2024-08-18,PROP011,33,30,3,0.9118646192532266
2024-08-19,PROP011,33,29,4,0.9069379116096993
2024-08-20,PROP011,33,30,3,0.9211362634520674
2024-08-21,PROP011,33,30,3,0.9182171224533949
2024-08-22,PROP011,33,30,3,0.9168640494253598
2024-08-23,PROP011,33,29,4,0.9028696139681128
2024-08-24,PROP011,33,30,3,0.9214463697648871
2024-08-25,PROP011,33,29,4,0.8913434723727114
2024-08-26,PROP011,33,29,4,0.8956328166062036
2024-08-27,PROP011,33,29,4,0.9026727514680334
2024-08-28,PROP011,33,29,4,0.8923201181916882
2024-08-29,PROP011,33,29,4,0.8986475916503046
2024-08-30,PROP011,33,30,3,0.9224538598688337
2024-08-31,PROP011,33,30,3,0.9271778820605201
2024-09-01,PROP011,33,28,5,0.8749489685503045
2024-09-02,PROP011,33,28,5,0.8733455064788903
2024-09-03,PROP011,33,28,5,0.8739605804091939
2024-09-04,PROP011,33,28,5,0.8738736378133706
2024-09-05,PROP011,33,28,5,0.8642020816067757
2024-09-06,PROP011,33,29,4,0.8998415281725811
2024-09-07,PROP011,33,28,5,0.8713127999821499
2024-09-08,PROP011,33,29,4,0.879565037282593
2024-09-09,PROP011,33,28,5,0.8631523496289755
2024-09-10,PROP011,33,29,4,0.8970830779559391
2024-09-11,PROP011,33,29,4,0.8920111680975334
2024-09-12,PROP011,33,29,4,0.900635115726285
2024-09-13,PROP011,33,29,4,0.8940294934871927
2024-09-14,PROP011,33,28,5,0.8753131348014194
2024-09-15,PROP011,33,28,5,0.8726798086684737
2024-09-16,PROP011,33,29,4,0.8906735266214685
2024-09-17,PROP011,33,28,5,0.8773293853197568
2024-09-18,PROP011,33,29,4,0.8854134749494414
2024-09-19,PROP011,33,28,5,0.8630151731603957
2024-09-20,PROP011,33,28,5,0.8652403023865558
2024-09-21,PROP011,33,29,4,0.8841795919666029
2024-09-22,PROP011,33,29,4,0.8854077401772634
2024-09-23,PROP011,33,29,4,0.8928229920977105
2024-09-24,PROP011,33,28,5,0.8680434871042952
2024-09-25,PROP011,33,29,4,0.883292197669608
2024-09-26,PROP011,33,28,5,0.8705427800966044
2024-09-27,PROP011,33,28,5,0.8664927191018446
2024-09-28,PROP011,33,29,4,0.879184706081759
2024-09-29,PROP011,33,28,5,0.8692983402428991
2024-09-30,PROP011,33,28,5,0.8716361534470296
2024-10-01,PROP011,33,28,5,0.8754670575141169
2024-10-02,PROP011,33,28,5,0.8731404103490646
2024-10-03,PROP011,33,28,5,0.8662685262155747
2024-10-04,PROP011,33,28,5,0.8663615241137249
2024-10-05,PROP011,33,28,5,0.8704948509287035
2024-10-06,PROP011,33,28,5,0.8647872418377184
2024-10-07,PROP011,33,29,4,0.8878231551064139
2024-10-08,PROP011,33,28,5,0.8742579429796928
2024-10-09,PROP011,33,28,5,0.8739547130300996
2024-10-10,PROP011,33,28,5,0.8760448060888474
2024-10-11,PROP011,33,29,4,0.8892767252877257
2024-10-12,PROP011,33,29,4,0.8975902295786764
2024-10-13,PROP011,33,29,4,0.8931283516215623
2024-10-14,PROP011,33,29,4,0.8918660435283406
2024-10-15,PROP011,33,29,4,0.8821405217433708
2024-10-16,PROP011,33,29,4,0.8905170965980332
2024-10-17,PROP011,33,29,4,0.8848753690406801
2024-10-18,PROP011,33,28,5,0.871414895446798
2024-10-19,PROP011,33,28,5,0.8711084090289788
2024-10-20,PROP011,33,28,5,0.8746205545943482
2024-10-21,PROP011,33,29,4,0.8991969811581293
2024-10-22,PROP011,33,29,4,0.8846614679345258
2024-10-23,PROP011,33,29,4,0.8921210893994116
2024-10-24,PROP011,33,28,5,0.8766272247119987
2024-10-25,PROP011,33,29,4,0.8790735051459458
2024-10-26,PROP011,33,28,5,0.8677874974648269
2024-10-27,PROP011,33,28,5,0.8696166726322037
2024-10-28,PROP011,33,29,4,0.8958591365123826
2024-10-29,PROP011,33,29,4,0.8861584195868921
2024-10-30,PROP011,33,28,5,0.8762661729546896
2024-10-31,PROP011,33,29,4,0.8948789226791587
2024-11-01,PROP011,33,27,6,0.846142724315276
2024-11-02,PROP011,33,28,5,0.8753232360337648
2024-11-03,PROP011,33,28,5,0.8500746323996035
2024-11-04,PROP011,33,28,5,0.8497743662558058
2024-11-05,PROP011,33,28,5,0.8487584043112248
2024-11-06,PROP011,33,27,6,0.8411663887267282
2024-11-07,PROP011,33,27,6,0.8407274139830372
2024-11-08,PROP011,33,28,5,0.8622061294711216
2024-11-09,PROP011,33,28,5,0.8712866498720786
2024-11-10,PROP011,33,28,5,0.8679027485006237
2024-11-11,PROP011,33,27,6,0.8419262318506107
2024-11-12,PROP011,33,28,5,0.8581052129614394
2024-11-13,PROP011,33,27,6,0.8405055899288223
2024-11-14,PROP011,33,27,6,0.8380937138342798
2024-11-15,PROP011,33,28,5,0.8625373624651473
2024-11-16,PROP011,33,28,5,0.8576880214369706
2024-11-17,PROP011,33,27,6,0.8395628754982155
2024-11-18,PROP011,33,27,6,0.8376794979459962
2024-11-19,PROP011,33,28,5,0.87587218462613
2024-11-20,PROP011,33,27,6,0.8374827813757195
2024-11-21,PROP011,33,28,5,0.8540630582117631
2024-11-22,PROP011,33,28,5,0.8564666890740645
2024-11-23,PROP011,33,27,6,0.8409731340017744
2024-11-24,PROP011,33,27,6,0.8430443992273453
2024-11-25,PROP011,33,28,5,0.8503541283461707
2024-11-26,PROP011,33,28,5,0.8667489631383032
2024-11-27,PROP011,33,28,5,0.8565652250521674
2024-11-28,PROP011,33,28,5,0.8617980030718752
2024-11-29,PROP011,33,28,5,0.8756889102933837
2024-11-30,PROP011,33,28,5,0.867002145502285
2024-12-01,PROP011,33,28,5,0.8536563880154053
2024-12-02,PROP011,33,28,5,0.8541396049616187
2024-12-03,PROP011,33,28,5,0.8610328111713969
2024-12-04,PROP011,33,28,5,0.8628965364265129
2024-12-05,PROP011,33,28,5,0.8563103651232236
2024-12-06,PROP011,33,28,5,0.8620763770023558
2024-12-07,PROP011,33,27,6,0.8372232278663206
2024-12-08,PROP011,33,28,5,0.8534668426456304
2024-12-09,PROP011,33,27,6,0.8474394511326957
2024-12-10,PROP011,33,27,6,0.8414489058994811
2024-12-11,PROP011,33,27,6,0.8402637886021077
2024-12-12,PROP011,33,28,5,0.8604096147143434
2024-12-13,PROP011,33,28,5,0.8572259499758611
2024-12-14,PROP011,33,27,6,0.8464252927696114
2024-12-15,PROP011,33,28,5,0.8551199304406573
2024-12-16,PROP011,33,28,5,0.855971220697053
2024-12-17,PROP011,33,27,6,0.8440822873073013
2024-12-18,PROP011,33,28,5,0.8623656505650227
2024-12-19,PROP011,33,28,5,0.8675187023452003
2024-12-20,PROP011,33,28,5,0.8679404697253374
2024-12-21,PROP011,33,28,5,0.8603807213178949
2024-12-22,PROP011,33,28,5,0.8567474713905172
2024-12-23,PROP011,33,27,6,0.8387222138099725
2024-12-24,PROP011,33,27,6,0.8477951800438209
2024-12-25,PROP011,33,27,6,0.8400127859608835
2024-12-26,PROP011,33,28,5,0.8748348545248956
2024-12-27,PROP011,33,27,6,0.8416851339387871
2024-12-28,PROP011,33,27,6,0.8423529444838007
2024-12-29,PROP011,33,28,5,0.8718649928229764
2024-12-30,PROP011,33,28,5,0.874039059428815
2024-12-31,PROP011,33,28,5,0.8669150896591531
2025-01-01,PROP011,33,27,6,0.8364981250366634
2025-01-02,PROP011,33,27,6,0.8363357789280192
2025-01-03,PROP011,33,28,5,0.8514059588812547
2025-01-04,PROP011,33,27,6,0.8420177428901924
2025-01-05,PROP011,33,27,6,0.8370173737758205
2025-01-06,PROP011,33,28,5,0.8548445956659368
2025-01-07,PROP011,33,28,5,0.8740044039860355
2025-01-08,PROP011,33,28,5,0.8492347110858539
2025-01-09,PROP011,33,28,5,0.8627275552269046
2025-01-10,PROP011,33,28,5,0.8623713422150543
2025-01-11,PROP011,33,27,6,0.8463251322363634
2025-01-12,PROP011,33,28,5,0.8622989380427113
2025-01-13,PROP011,33,27,6,0.8447752870612323
2025-01-14,PROP011,33,27,6,0.8411622246328322
2025-01-15,PROP011,33,28,5,0.8643372595121442
2025-01-16,PROP011,33,27,6,0.8408195607739133
2025-01-17,PROP011,33,28,5,0.8761582968333309
2025-01-18,PROP011,33,27,6,0.8436200241357659
2025-01-19,PROP011,33,28,5,0.860047602600015
2025-01-20,PROP011,33,28,5,0.8527369109462603
2025-01-21,PROP011,33,27,6,0.8413373849859833
2025-01-22,PROP011,33,27,6,0.8373956843928532
2025-01-23,PROP011,33,28,5,0.86119121938147
2025-01-24,PROP011,33,28,5,0.8685522306413217
2025-01-25,PROP011,33,28,5,0.8699625545500265
2025-01-26,PROP011,33,28,5,0.855590467012834
2025-01-27,PROP011,33,28,5,0.8673801467770521
2025-01-28,PROP011,33,28,5,0.8631958134292984
2025-01-29,PROP011,33,28,5,0.865252109189722
2025-01-30,PROP011,33,28,5,0.8559858882986292
2025-01-31,PROP011,33,28,5,0.8616183976994417
2024-02-01,PROP012,28,26,2,0.9425784766514077
2024-02-02,PROP012,28,26,2,0.9589022656638302
2024-02-03,PROP012,28,26,2,0.9503437833406894
2024-02-04,PROP012,28,26,2,0.9332991506039583
2024-02-05,PROP012,28,25,3,0.9276504759181102
2024-02-06,PROP012,28,26,2,0.9411732536450929
2024-02-07,PROP012,28,26,2,0.9485309627609804
2024-02-08,PROP012,28,26,2,0.9602559237172663
2024-02-09,PROP012,28,26,2,0.9317625368347366
2024-02-10,PROP012,28,26,2,0.95867136353647
2024-02-11,PROP012,28,26,2,0.9611834714718159
2024-02-12,PROP012,28,26,2,0.9326906091091601
2024-02-13,PROP012,28,26,2,0.9607268824012956
2024-02-14,PROP012,28,27,1,0.9663212523428385
2024-02-15,PROP012,28,26,2,0.9557366628710563
2024-02-16,PROP012,28,26,2,0.9580538969021263
2024-02-17,PROP012,28,27,1,0.9664397203314817
2024-02-18,PROP012,28,26,2,0.9508823596501647
2024-02-19,PROP012,28,26,2,0.9389785649097768
2024-02-20,PROP012,28,26,2,0.960164342992169
2024-02-21,PROP012,28,26,2,0.951242540729592
2024-02-22,PROP012,28,26,2,0.949910926577965
2024-02-23,PROP012,28,26,2,0.9368085318496884
2024-02-24,PROP012,28,26,2,0.9569164804124423
2024-02-25,PROP012,28,26,2,0.9299298006635307
2024-02-26,PROP012,28,26,2,0.9636345924609132
2024-02-27,PROP012,28,26,2,0.9396960480599462
2024-02-28,PROP012,28,26,2,0.9317740957407264
2024-02-29,PROP012,28,26,2,0.9443577709532236
2024-03-01,PROP012,28,25,3,0.9283619059993882
2024-03-02,PROP012,28,26,2,0.9540481573997255
2024-03-03,PROP012,28,26,2,0.962771330046941
2024-03-04,PROP012,28,26,2,0.9601536299146671
2024-03-05,PROP012,28,26,2,0.931757888567042
2024-03-06,PROP012,28,26,2,0.9317139551134361
2024-03-07,PROP012,28,26,2,0.9592004889220974
2024-03-08,PROP012,28,26,2,0.9636332806132515
2024-03-09,PROP012,28,26,2,0.9450899028224664
2024-03-10,PROP012,28,26,2,0.9466219543056774
2024-03-11,PROP012,28,26,2,0.9393935912845558
2024-03-12,PROP012,28,26,2,0.9624337143593834
2024-03-13,PROP012,28,26,2,0.9524592258408211
2024-03-14,PROP012,28,26,2,0.9381931727158216
2024-03-15,PROP012,28,26,2,0.9386144244712968
2024-03-16,PROP012,28,26,2,0.9623111125516709
2024-03-17,PROP012,28,25,3,0.9272084705853597
2024-03-18,PROP012,28,26,2,0.9395721725381924
2024-03-19,PROP012,28,26,2,0.9488373768777816
2024-03-20,PROP012,28,26,2,0.9325918081130998
2024-03-21,PROP012,28,26,2,0.9303470597971104
2024-03-22,PROP012,28,26,2,0.9592741628727492
2024-03-23,PROP012,28,26,2,0.962439285175067
2024-03-24,PROP012,28,26,2,0.9596073664610544
2024-03-25,PROP012,28,26,2,0.9626146252186207
2024-03-26,PROP012,28,26,2,0.9487875884714617
2024-03-27,PROP012,28,26,2,0.9591534344687405
2024-03-28,PROP012,28,26,2,0.9420248151647709
2024-03-29,PROP012,28,26,2,0.9533138240882884
2024-03-30,PROP012,28,27,1,0.9662165308846934
2024-03-31,PROP012,28,26,2,0.9356922185826919
2024-04-01,PROP012,28,26,2,0.94225909948077
2024-04-02,PROP012,28,26,2,0.9458650047215302
2024-04-03,PROP012,28,26,2,0.9321837291099289
2024-04-04,PROP012,28,26,2,0.929904654047729
2024-04-05,PROP012,28,26,2,0.9598520242819918
2024-04-06,PROP012,28,27,1,0.9657348845422302
2024-04-07,PROP012,28,26,2,0.9428521121823131
2024-04-08,PROP012,28,26,2,0.9301691030769129
2024-04-09,PROP012,28,26,2,0.9292955800567498
2024-04-10,PROP012,28,26,2,0.9623158378835388
2024-04-11,PROP012,28,26,2,0.945215679618234
2024-04-12,PROP012,28,26,2,0.9394642022916225
2024-04-13,PROP012,28,26,2,0.9457215604787028
2024-04-14,PROP012,28,26,2,0.9393952734168207
2024-04-15,PROP012,28,26,2,0.9462245406414316
2024-04-16,PROP012,28,26,2,0.9610453655058443
2024-04-17,PROP012,28,26,2,0.9503551644716106
2024-04-18,PROP012,28,26,2,0.9544492605415338
2024-04-19,PROP012,28,26,2,0.9412499366785003
2024-04-20,PROP012,28,26,2,0.9562033447695476
2024-04-21,PROP012,28,26,2,0.9533277930243017
2024-04-22,PROP012,28,26,2,0.9314455895392091
2024-04-23,PROP012,28,26,2,0.9495688237537502
2024-04-24,PROP012,28,26,2,0.9369328494815171
2024-04-25,PROP012,28,26,2,0.9588269364144705
2024-04-26,PROP012,28,26,2,0.9437006179678044
2024-04-27,PROP012,28,27,1,0.9664504762369863
2024-04-28,PROP012,28,26,2,0.9303631271466853
2024-04-29,PROP012,28,26,2,0.9578770241387331
2024-04-30,PROP012,28,26,2,0.953611178970813
2024-05-01,PROP012,28,27,1,0.9857629561416289
2024-05-02,PROP012,28,27,1,0.9673641947376189
2024-05-03,PROP012,28,27,1,0.9747451824932967
2024-05-04,PROP012,28,27,1,0.986923343706949
2024-05-05,PROP012,28,27,1,0.9643646561828348
2024-05-06,PROP012,28,26,2,0.9641043307895467
2024-05-07,PROP012,28,27,1,0.9771050410497979
2024-05-08,PROP012,28,27,1,0.9760055460991949
2024-05-09,PROP012,28,27,1,0.966353501734518
2024-05-10,PROP012,28,27,1,0.9669860289389935
2024-05-11,PROP012,28,27,1,0.9661768094462633
2024-05-12,PROP012,28,27,1,0.9859234853979402
2024-05-13,PROP012,28,27,1,0.981139037540499
2024-05-14,PROP012,28,27,1,0.9883596902544107
2024-05-15,PROP012,28,27,1,0.9940819240505615
2024-05-16,PROP012,28,27,1,0.9740295747688801
2024-05-17,PROP012,28,26,2,0.9577307581742186
2024-05-18,PROP012,28,26,2,0.956986695334482
2024-05-19,PROP012,28,27,1,0.9668896044888654
2024-05-20,PROP012,28,27,1,0.9923647864920987
2024-05-21,PROP012,28,27,1,0.9759915251168356
2024-05-22,PROP012,28,27,1,0.9659344635612058
2024-05-23,PROP012,28,27,1,0.9710296746984414
2024-05-24,PROP012,28,27,1,0.9790068072141874
2024-05-25,PROP012,28,27,1,0.9811809892435143
2024-05-26,PROP012,28,26,2,0.9612197833093168
2024-05-27,PROP012,28,27,1,0.9941442699798076
2024-05-28,PROP012,28,27,1,0.9768538919973122
2024-05-29,PROP012,28,26,2,0.9604905356296918
2024-05-30,PROP012,28,27,1,0.990808413051846
2024-05-31,PROP012,28,26,2,0.9580485401611778
2024-06-01,PROP012,28,27,1,0.9913724202451012
2024-06-02,PROP012,28,27,1,0.99492562916956
2024-06-03,PROP012,28,27,1,0.9830802748842608
2024-06-04,PROP012,28,27,1,0.9858808917609603
2024-06-05,PROP012,28,27,1,0.9685551163767001
2024-06-06,PROP012,28,27,1,0.9927260770273579
2024-06-07,PROP012,28,27,1,0.9762515615623354
2024-06-08,PROP012,28,27,1,0.9843585407819029
2024-06-09,PROP012,28,27,1,0.9920273115544518
2024-06-10,PROP012,28,27,1,0.994070201957021
2024-06-11,PROP012,28,27,1,0.9883911771818676
2024-06-12,PROP012,28,27,1,0.9671837031972819
2024-06-13,PROP012,28,27,1,0.9937249035800839
2024-06-14,PROP012,28,27,1,0.9801877841677435
2024-06-15,PROP012,28,27,1,0.9922887019720791
2024-06-16,PROP012,28,27,1,0.9821072039505747
2024-06-17,PROP012,28,27,1,0.9673525613919095
2024-06-18,PROP012,28,27,1,0.9698639838837133
2024-06-19,PROP012,28,27,1,0.9770818740021182
2024-06-20,PROP012,28,27,1,0.9866635965803959
2024-06-21,PROP012,28,27,1,0.967782304971614
2024-06-22,PROP012,28,27,1,0.9782522495633683
2024-06-23,PROP012,28,27,1,0.9688880026610567
2024-06-24,PROP012,28,27,1,0.987693779103405
2024-06-25,PROP012,28,27,1,0.9737321266687187
2024-06-26,PROP012,28,26,2,0.958131915992116
2024-06-27,PROP012,28,26,2,0.961705103777262
2024-06-28,PROP012,28,26,2,0.9575071896227859
2024-06-29,PROP012,28,27,1,0.9750351207585737
2024-06-30,PROP012,28,26,2,0.9593164948119297
2024-07-01,PROP012,28,26,2,0.9596286016903859
2024-07-02,PROP012,28,27,1,0.9927049333195357
2024-07-03,PROP012,28,27,1,0.9899692058050429
2024-07-04,PROP012,28,27,1,0.9731464667904552
2024-07-05,PROP012,28,27,1,0.9944952157520088
2024-07-06,PROP012,28,26,2,0.9550704640448272
2024-07-07,PROP012,28,27,1,0.9796221811689364
2024-07-08,PROP012,28,27,1,0.9797201300128754
2024-07-09,PROP012,28,27,1,0.9733607251527961
2024-07-10,PROP012,28,27,1,0.9709409218353724
2024-07-11,PROP012,28,27,1,0.9732783283372249
2024-07-12,PROP012,28,27,1,0.9716614203611879
2024-07-13,PROP012,28,27,1,0.9842827020172926
2024-07-14,PROP012,28,26,2,0.960477220316932
2024-07-15,PROP012,28,26,2,0.9629685717416459
2024-07-16,PROP012,28,26,2,0.9622837320536975
2024-07-17,PROP012,28,27,1,0.9655618263228513
2024-07-18,PROP012,28,27,1,0.976073339669264
2024-07-19,PROP012,28,26,2,0.9595113528115293
2024-07-20,PROP012,28,27,1,0.9897897747310608
2024-07-21,PROP012,28,27,1,0.9669574641703396
2024-07-22,PROP012,28,26,2,0.961564522416749
2024-07-23,PROP012,28,27,1,0.9820878553019303
2024-07-24,PROP012,28,26,2,0.9565864549419734
2024-07-25,PROP012,28,27,1,0.9798617455129672
2024-07-26,PROP012,28,27,1,0.9829909401450606
2024-07-27,PROP012,28,26,2,0.9636596641734694
2024-07-28,PROP012,28,26,2,0.956741565855746
2024-07-29,PROP012,28,27,1,0.9696088172747787
2024-07-30,PROP012,28,26,2,0.959006772127678
2024-07-31,PROP012,28,26,2,0.9597221169049341
2024-08-01,PROP012,28,27,1,0.9652334521757953
2024-08-02,PROP012,28,27,1,0.966881719903071
2024-08-03,PROP012,28,27,1,0.9762618165588575
2024-08-04,PROP012,28,27,1,0.9821986783381211
2024-08-05,PROP012,28,27,1,0.978773840552808
2024-08-06,PROP012,28,26,2,0.9609974164095813
2024-08-07,PROP012,28,26,2,0.9619464442161056
2024-08-08,PROP012,28,27,1,0.9902137729097172
2024-08-09,PROP012,28,27,1,0.9773970955205652
2024-08-10,PROP012,28,27,1,0.9898605162339081
2024-08-11,PROP012,28,27,1,0.9699248633707956
2024-08-12,PROP012,28,27,1,0.9796390032152535
2024-08-13,PROP012,28,27,1,0.9760095395601851
2024-08-14,PROP012,28,27,1,0.9678279425108192
2024-08-15,PROP012,28,27,1,0.9738596177993445
2024-08-16,PROP012,28,27,1,0.9751626379910779
2024-08-17,PROP012,28,26,2,0.9630938419082677
2024-08-18,PROP012,28,27,1,0.9676634178130699
2024-08-19,PROP012,28,27,1,0.9867193929382797
2024-08-20,PROP012,28,27,1,0.9916945324961657
2024-08-21,PROP012,28,27,1,0.9694547666598126
2024-08-22,PROP012,28,27,1,0.9673418942063614
2024-08-23,PROP012,28,26,2,0.962870889500876
2024-08-24,PROP012,28,27,1,0.9822026496640239
2024-08-25,PROP012,28,27,1,0.9679869909846541
2024-08-26,PROP012,28,27,1,0.9945729844819682
2024-08-27,PROP012,28,27,1,0.9680903950005587
2024-08-28,PROP012,28,27,1,0.9708284447893057
2024-08-29,PROP012,28,27,1,0.979196370766482
2024-08-30,PROP012,28,27,1,0.9871303746456528
2024-08-31,PROP012,28,27,1,0.973843749531826
2024-09-01,PROP012,28,26,2,0.9435693509806852
2024-09-02,PROP012,28,27,1,0.9664886229729192
2024-09-03,PROP012,28,25,3,0.9270828552747246
2024-09-04,PROP012,28,26,2,0.9624657211831766
2024-09-05,PROP012,28,26,2,0.9326287426667164
2024-09-06,PROP012,28,26,2,0.9581001206774833
2024-09-07,PROP012,28,26,2,0.9513803720229788
2024-09-08,PROP012,28,26,2,0.9403370010490505
2024-09-09,PROP012,28,26,2,0.9616181078499676
2024-09-10,PROP012,28,25,3,0.9271793987483665
2024-09-11,PROP012,28,26,2,0.9357307357121237
2024-09-12,PROP012,28,26,2,0.9493388214791082
2024-09-13,PROP012,28,26,2,0.9407248000311147
2024-09-14,PROP012,28,26,2,0.95107820944186
2024-09-15,PROP012,28,25,3,0.9276275173654734
2024-09-16,PROP012,28,26,2,0.9313214668483953
2024-09-17,PROP012,28,26,2,0.9317469592378643
2024-09-18,PROP012,28,26,2,0.9342344554657672
2024-09-19,PROP012,28,26,2,0.9450363672611485
2024-09-20,PROP012,28,26,2,0.9567482576108697
2024-09-21,PROP012,28,26,2,0.9628846631462828
2024-09-22,PROP012,28,26,2,0.9600780108404966
2024-09-23,PROP012,28,26,2,0.9345386245001541
2024-09-24,PROP012,28,26,2,0.9443091317183521
2024-09-25,PROP012,28,26,2,0.9346395735394682
2024-09-26,PROP012,28,26,2,0.9372419822958145
2024-09-27,PROP012,28,26,2,0.9468049888896023
2024-09-28,PROP012,28,26,2,0.9293874706180677
2024-09-29,PROP012,28,26,2,0.9353900828128577
2024-09-30,PROP012,28,26,2,0.9640782360814115
2024-10-01,PROP012,28,26,2,0.9453077613354663
2024-10-02,PROP012,28,26,2,0.9444785706682417
2024-10-03,PROP012,28,25,3,0.927245795819178
2024-10-04,PROP012,28,26,2,0.9365590995114607
2024-10-05,PROP012,28,26,2,0.9613148070684141
2024-10-06,PROP012,28,26,2,0.9332482467594736
2024-10-07,PROP012,28,26,2,0.9432681072105157
2024-10-08,PROP012,28,25,3,0.9272363458638069
2024-10-09,PROP012,28,26,2,0.945796528895949
2024-10-10,PROP012,28,25,3,0.9275039538981755
2024-10-11,PROP012,28,26,2,0.9594474917517588
2024-10-12,PROP012,28,26,2,0.959657260328611
2024-10-13,PROP012,28,26,2,0.9581727971612216
2024-10-14,PROP012,28,26,2,0.9379976723847715
2024-10-15,PROP012,28,26,2,0.9601525983579995
2024-10-16,PROP012,28,26,2,0.9483830349333375
2024-10-17,PROP012,28,26,2,0.9416154339838069
2024-10-18,PROP012,28,26,2,0.9516763080172961
2024-10-19,PROP012,28,25,3,0.9271567514715418
2024-10-20,PROP012,28,26,2,0.9323815447331569
2024-10-21,PROP012,28,26,2,0.9563548511559373
2024-10-22,PROP012,28,26,2,0.9364295739777729
2024-10-23,PROP012,28,26,2,0.9505834743222767
2024-10-24,PROP012,28,26,2,0.942067213742048
2024-10-25,PROP012,28,26,2,0.9608553407810972
2024-10-26,PROP012,28,27,1,0.9647597218689925
2024-10-27,PROP012,28,26,2,0.9620056987639344
2024-10-28,PROP012,28,26,2,0.9374879094168707
2024-10-29,PROP012,28,26,2,0.9344296243909701
2024-10-30,PROP012,28,26,2,0.9456405053739562
2024-10-31,PROP012,28,25,3,0.926956475662574
2024-11-01,PROP012,28,25,3,0.8992955920547803
2024-11-02,PROP012,28,25,3,0.920394841925173
2024-11-03,PROP012,28,25,3,0.9190811925068644
2024-11-04,PROP012,28,26,2,0.9380464959016633
2024-11-05,PROP012,28,25,3,0.9063368897548033
2024-11-06,PROP012,28,25,3,0.9085873735066717
2024-11-07,PROP012,28,25,3,0.9028048420333045
2024-11-08,PROP012,28,26,2,0.9349649367264028
2024-11-09,PROP012,28,26,2,0.929375666118591
2024-11-10,PROP012,28,26,2,0.9311567807985269
2024-11-11,PROP012,28,26,2,0.9343737678588333
2024-11-12,PROP012,28,25,3,0.9192592158092865
2024-11-13,PROP012,28,25,3,0.916310943998282
2024-11-14,PROP012,28,25,3,0.9114788752868777
2024-11-15,PROP012,28,25,3,0.9218318009141672
2024-11-16,PROP012,28,25,3,0.9164343522118459
2024-11-17,PROP012,28,25,3,0.916325839804476
2024-11-18,PROP012,28,26,2,0.9357403308894986
2024-11-19,PROP012,28,26,2,0.9376244769114181
2024-11-20,PROP012,28,26,2,0.9301225919134363
2024-11-21,PROP012,28,25,3,0.9285335399501301
2024-11-22,PROP012,28,25,3,0.925485542811417
2024-11-23,PROP012,28,25,3,0.9049062104335935
2024-11-24,PROP012,28,25,3,0.9006274491752791
2024-11-25,PROP012,28,25,3,0.9258922689447835
2024-11-26,PROP012,28,25,3,0.9274146652305161
2024-11-27,PROP012,28,25,3,0.9001421359841786
2024-11-28,PROP012,28,26,2,0.9353852863494069
2024-11-29,PROP012,28,25,3,0.9019088419180401
2024-11-30,PROP012,28,25,3,0.9096992376911011
2024-12-01,PROP012,28,25,3,0.9251588088522011
2024-12-02,PROP012,28,25,3,0.905058120116432
2024-12-03,PROP012,28,25,3,0.9004798518779428
2024-12-04,PROP012,28,25,3,0.911509075906819
2024-12-05,PROP012,28,26,2,0.9289020793344601
2024-12-06,PROP012,28,25,3,0.9148103634996634
2024-12-07,PROP012,28,25,3,0.9243821332165706
2024-12-08,PROP012,28,25,3,0.9214479802293785
2024-12-09,PROP012,28,25,3,0.8991519556212763
2024-12-10,PROP012,28,26,2,0.9378048158220813
2024-12-11,PROP012,28,25,3,0.8999203398930284
2024-12-12,PROP012,28,26,2,0.9369753258461924
2024-12-13,PROP012,28,25,3,0.9202577834748289
2024-12-14,PROP012,28,26,2,0.9367895774228556
2024-12-15,PROP012,28,25,3,0.9028533603168064
2024-12-16,PROP012,28,25,3,0.9178795571076735
2024-12-17,PROP012,28,25,3,0.9050433800148954
2024-12-18,PROP012,28,25,3,0.9003022114211506
2024-12-19,PROP012,28,25,3,0.9229643809427455
2024-12-20,PROP012,28,25,3,0.9065745531787206
2024-12-21,PROP012,28,25,3,0.9217710970717549
2024-12-22,PROP012,28,25,3,0.9027577956182125
2024-12-23,PROP012,28,25,3,0.911542675197561
2024-12-24,PROP012,28,26,2,0.9295285186623828
2024-12-25,PROP012,28,25,3,0.9157452772139405
2024-12-26,PROP012,28,25,3,0.9233730329361465
2024-12-27,PROP012,28,25,3,0.9241615339700748
2024-12-28,PROP012,28,26,2,0.9320134180997447
2024-12-29,PROP012,28,25,3,0.9112601281165187
2024-12-30,PROP012,28,25,3,0.9257550388435537
2024-12-31,PROP012,28,26,2,0.9367278486220996
2025-01-01,PROP012,28,25,3,0.9274729497145677
2025-01-02,PROP012,28,25,3,0.9178580354089627
2025-01-03,PROP012,28,25,3,0.9234919141199301
2025-01-04,PROP012,28,25,3,0.9278505322507773
2025-01-05,PROP012,28,25,3,0.9227542469680079
2025-01-06,PROP012,28,25,3,0.8989302488798465
2025-01-07,PROP012,28,25,3,0.906054156247742
2025-01-08,PROP012,28,26,2,0.9306819450288716
2025-01-09,PROP012,28,25,3,0.9091692422327524
2025-01-10,PROP012,28,25,3,0.9275257011226984
2025-01-11,PROP012,28,25,3,0.913148024949921
2025-01-12,PROP012,28,25,3,0.9191385894665707
2025-01-13,PROP012,28,25,3,0.9009821483330291
2025-01-14,PROP012,28,25,3,0.9055122387822414
2025-01-15,PROP012,28,26,2,0.9365510948810224
2025-01-16,PROP012,28,26,2,0.9338687384781296
2025-01-17,PROP012,28,25,3,0.924354220776215
2025-01-18,PROP012,28,25,3,0.9166490002356825
2025-01-19,PROP012,28,25,3,0.925293668056062
2025-01-20,PROP012,28,25,3,0.9230076279040106
2025-01-21,PROP012,28,25,3,0.9210053065644375
2025-01-22,PROP012,28,25,3,0.9006302992147946
2025-01-23,PROP012,28,25,3,0.9235753207667132
2025-01-24,PROP012,28,26,2,0.9290200181230998
2025-01-25,PROP012,28,26,2,0.938026482526076
2025-01-26,PROP012,28,25,3,0.8987063584440254
2025-01-27,PROP012,28,25,3,0.92747015447268
2025-01-28,PROP012,28,25,3,0.9211347889776922
2025-01-29,PROP012,28,25,3,0.9156253033834912
2025-01-30,PROP012,28,25,3,0.9033660233231078
2025-01-31,PROP012,28,25,3,0.9146266222856481
2024-02-01,PROP013,109,96,13,0.8846384575174859
2024-02-02,PROP013,109,98,11,0.9017604468912246
2024-02-03,PROP013,109,98,11,0.9005542828097068
2024-02-04,PROP013,109,97,12,0.8960860655975728
2024-02-05,PROP013,109,99,10,0.9100718544900711
2024-02-06,PROP013,109,96,13,0.8865194373255705
2024-02-07,PROP013,109,96,13,0.8822773394667435
2024-02-08,PROP013,109,97,12,0.8987613944822722
2024-02-09,PROP013,109,95,14,0.8804778243958323
2024-02-10,PROP013,109,96,13,0.8851256822456732
2024-02-11,PROP013,109,96,13,0.8815093595613317
2024-02-12,PROP013,109,95,14,0.8752914046670763
2024-02-13,PROP013,109,98,11,0.9056252116237632
2024-02-14,PROP013,109,96,13,0.8827068836752027
2024-02-15,PROP013,109,97,12,0.8914463620920571
2024-02-16,PROP013,109,95,14,0.8742578728885088
2024-02-17,PROP013,109,98,11,0.900498840608442
2024-02-18,PROP013,109,96,13,0.8857477020505878
2024-02-19,PROP013,109,98,11,0.9023147310715046
2024-02-20,PROP013,109,96,13,0.8890213843770509
2024-02-21,PROP013,109,95,14,0.8803554862145613
2024-02-22,PROP013,109,97,12,0.8930522652496177
2024-02-23,PROP013,109,95,14,0.8777454443438338
2024-02-24,PROP013,109,97,12,0.8901468283532561
2024-02-25,PROP013,109,96,13,0.8852174810551557
2024-02-26,PROP013,109,99,10,0.9090036453263216
2024-02-27,PROP013,109,95,14,0.8749624108271651
2024-02-28,PROP013,109,98,11,0.900285958522566
2024-02-29,PROP013,109,95,14,0.8798353085978337
2024-03-01,PROP013,109,96,13,0.8852870649316259
2024-03-02,PROP013,109,96,13,0.8891458244808189
2024-03-03,PROP013,109,99,10,0.9088458655333352
2024-03-04,PROP013,109,96,13,0.8822283926012893
2024-03-05,PROP013,109,95,14,0.8761776140601231
2024-03-06,PROP013,109,96,13,0.8852728461179572
2024-03-07,PROP013,109,95,14,0.8767123007797576
2024-03-08,PROP013,109,95,14,0.8776691213967583
2024-03-09,PROP013,109,97,12,0.8954792858773373
2024-03-10,PROP013,109,95,14,0.874961339282316
2024-03-11,PROP013,109,95,14,0.873762497214079
2024-03-12,PROP013,109,98,11,0.9011018260171562
2024-03-13,PROP013,109,96,13,0.886991145751978
2024-03-14,PROP013,109,95,14,0.8775402759276912
2024-03-15,PROP013,109,96,13,0.8826697727927246
2024-03-16,PROP013,109,97,12,0.8982087222524322
2024-03-17,PROP013,109,96,13,0.8835467246439703
2024-03-18,PROP013,109,97,12,0.8923061069631526
2024-03-19,PROP013,109,95,14,0.8773930742274032
2024-03-20,PROP013,109,97,12,0.8960490074625541
2024-03-21,PROP013,109,96,13,0.8851683693120668
2024-03-22,PROP013,109,97,12,0.8976039993394849
2024-03-23,PROP013,109,98,11,0.9048610572504971
2024-03-24,PROP013,109,97,12,0.896991118733936
2024-03-25,PROP013,109,96,13,0.8843551644621371
2024-03-26,PROP013,109,96,13,0.8827550100202682
2024-03-27,PROP013,109,96,13,0.8856221003076742
2024-03-28,PROP013,109,95,14,0.8791100824877964
2024-03-29,PROP013,109,95,14,0.8797721359923371
2024-03-30,PROP013,109,98,11,0.904152906034343
2024-03-31,PROP013,109,96,13,0.8879145650186341
2024-04-01,PROP013,109,97,12,0.8899650691811597
2024-04-02,PROP013,109,97,12,0.8962872405810087
2024-04-03,PROP013,109,97,12,0.8961114017643982
2024-04-04,PROP013,109,95,14,0.8752203368192133
2024-04-05,PROP013,109,98,11,0.9057868934118429
2024-04-06,PROP013,109,95,14,0.8796183240872938
2024-04-07,PROP013,109,98,11,0.901448127400323
2024-04-08,PROP013,109,98,11,0.9034321014834629
2024-04-09,PROP013,109,98,11,0.9011212433219888
2024-04-10,PROP013,109,97,12,0.8956843678205021
2024-04-11,PROP013,109,95,14,0.8731096218426916
2024-04-12,PROP013,109,96,13,0.8869402816528631
2024-04-13,PROP013,109,97,12,0.8967188391328395
2024-04-14,PROP013,109,96,13,0.8880233137952378
2024-04-15,PROP013,109,98,11,0.9070644577548488
2024-04-16,PROP013,109,96,13,0.8848773529723208
2024-04-17,PROP013,109,96,13,0.8842666536566827
2024-04-18,PROP013,109,96,13,0.8831651696820426
2024-04-19,PROP013,109,96,13,0.8858364967167681
2024-04-20,PROP013,109,97,12,0.8948214605309037
2024-04-21,PROP013,109,98,11,0.9008058737292399
2024-04-22,PROP013,109,97,12,0.8990279786678876
2024-04-23,PROP013,109,98,11,0.9048339747575954
2024-04-24,PROP013,109,98,11,0.9079618217782333
2024-04-25,PROP013,109,98,11,0.9051684236520703
2024-04-26,PROP013,109,95,14,0.8732830780933104
2024-04-27,PROP013,109,98,11,0.9019619801004158
2024-04-28,PROP013,109,96,13,0.8808612449030695
2024-04-29,PROP013,109,95,14,0.8778423836666556
2024-04-30,PROP013,109,97,12,0.8980648133503016
2024-05-01,PROP013,109,99,10,0.9120907476333941
2024-05-02,PROP013,109,98,11,0.901585706351904
2024-05-03,PROP013,109,98,11,0.9048062091930208
2024-05-04,PROP013,109,98,11,0.8993381964918847
2024-05-05,PROP013,109,101,8,0.9354299649108746
2024-05-06,PROP013,109,98,11,0.9002857391707358
2024-05-07,PROP013,109,98,11,0.9076792505974668
2024-05-08,PROP013,109,99,10,0.9159515310446026
2024-05-09,PROP013,109,99,10,0.9135638728551191
2024-05-10,PROP013,109,101,8,0.9357700548935973
2024-05-11,PROP013,109,98,11,0.900912577646468
2024-05-12,PROP013,109,100,9,0.9197896081241684
2024-05-13,PROP013,109,100,9,0.9265201983180613
2024-05-14,PROP013,109,102,7,0.9365689387643331
2024-05-15,PROP013,109,100,9,0.9241158699020352
2024-05-16,PROP013,109,101,8,0.9314512292575569
2024-05-17,PROP013,109,98,11,0.9026500173309002
2024-05-18,PROP013,109,99,10,0.9147386002545634
2024-05-19,PROP013,109,99,10,0.9142589051962491
2024-05-20,PROP013,109,101,8,0.9347525484753151
2024-05-21,PROP013,109,98,11,0.9053558666676174
2024-05-22,PROP013,109,98,11,0.9053764667105515
2024-05-23,PROP013,109,99,10,0.9124433458125183
2024-05-24,PROP013,109,98,11,0.9014796617117599
2024-05-25,PROP013,109,98,11,0.906599341443186
2024-05-26,PROP013,109,102,7,0.9379094053589158
2024-05-27,PROP013,109,99,10,0.9164283774117733
2024-05-28,PROP013,109,100,9,0.9245817881539838
2024-05-29,PROP013,109,101,8,0.9283454701908718
2024-05-30,PROP013,109,99,10,0.9139794760973744
2024-05-31,PROP013,109,98,11,0.905190102793507
2024-06-01,PROP013,109,98,11,0.9075642604659576
2024-06-02,PROP013,109,99,10,0.9118316788803108
2024-06-03,PROP013,109,100,9,0.9247437566311754
2024-06-04,PROP013,109,99,10,0.9152322417806485
2024-06-05,PROP013,109,98,11,0.8995736077330915
2024-06-06,PROP013,109,100,9,0.9202373072197852
2024-06-07,PROP013,109,102,7,0.9361615554933831
2024-06-08,PROP013,109,101,8,0.9317841242574335
2024-06-09,PROP013,109,101,8,0.9323094746674716
2024-06-10,PROP013,109,101,8,0.9311033405213316
2024-06-11,PROP013,109,99,10,0.9122502528415033
2024-06-12,PROP013,109,101,8,0.9299087731672621
2024-06-13,PROP013,109,98,11,0.9050274741295341
2024-06-14,PROP013,109,100,9,0.9256096657081245
2024-06-15,PROP013,109,100,9,0.9249637624844861
2024-06-16,PROP013,109,98,11,0.9003238117806758
2024-06-17,PROP013,109,101,8,0.9308198251607236
2024-06-18,PROP013,109,101,8,0.9354309440208916
2024-06-19,PROP013,109,99,10,0.9099976309559706
2024-06-20,PROP013,109,101,8,0.9317966487845324
2024-06-21,PROP013,109,98,11,0.9025972586915643
2024-06-22,PROP013,109,100,9,0.923299734147529
2024-06-23,PROP013,109,100,9,0.9187268944304574
2024-06-24,PROP013,109,100,9,0.9211379611494463
2024-06-25,PROP013,109,102,7,0.9363492278924601
2024-06-26,PROP013,109,101,8,0.9341536297069605
2024-06-27,PROP013,109,101,8,0.9307043661066766
2024-06-28,PROP013,109,99,10,0.9102489581242211
2024-06-29,PROP013,109,101,8,0.93577376496453
2024-06-30,PROP013,109,98,11,0.9032013275156413
2024-07-01,PROP013,109,101,8,0.9334341884794378
2024-07-02,PROP013,109,99,10,0.9124274227112307
2024-07-03,PROP013,109,98,11,0.9014519122835657
2024-07-04,PROP013,109,100,9,0.9260752991867163
2024-07-05,PROP013,109,99,10,0.9085522169497245
2024-07-06,PROP013,109,99,10,0.9090438648516717
2024-07-07,PROP013,109,99,10,0.9115429064662371
2024-07-08,PROP013,109,98,11,0.901848410517187
2024-07-09,PROP013,109,98,11,0.9063861055850165
2024-07-10,PROP013,109,98,11,0.8995066049205087
2024-07-11,PROP013,109,99,10,0.9171174006613179
2024-07-12,PROP013,109,98,11,0.9026712349138052
2024-07-13,PROP013,109,101,8,0.9266071240188543
2024-07-14,PROP013,109,99,10,0.9087259338647523
2024-07-15,PROP013,109,102,7,0.9370439855784934
2024-07-16,PROP013,109,101,8,0.9341510849130324
2024-07-17,PROP013,109,99,10,0.9108786556158147
2024-07-18,PROP013,109,101,8,0.9306296380033535
2024-07-19,PROP013,109,101,8,0.9314308160036786
2024-07-20,PROP013,109,102,7,0.9387635443816628
2024-07-21,PROP013,109,100,9,0.9232146192909138
2024-07-22,PROP013,109,98,11,0.9025796492028328
2024-07-23,PROP013,109,100,9,0.9251745089741416
2024-07-24,PROP013,109,100,9,0.9243002097521278
2024-07-25,PROP013,109,100,9,0.9248350429139036
2024-07-26,PROP013,109,99,10,0.9115868457412548
2024-07-27,PROP013,109,101,8,0.9336882032202997
2024-07-28,PROP013,109,102,7,0.9376799071353028
2024-07-29,PROP013,109,98,11,0.9080095203362124
2024-07-30,PROP013,109,98,11,0.9028271061425521
2024-07-31,PROP013,109,98,11,0.9070824211438258
2024-08-01,PROP013,109,101,8,0.9321231053873151
2024-08-02,PROP013,109,100,9,0.9263668052098802
2024-08-03,PROP013,109,100,9,0.9247429135106514
2024-08-04,PROP013,109,99,10,0.9153727452214633
2024-08-05,PROP013,109,100,9,0.9224141386775437
2024-08-06,PROP013,109,99,10,0.911615984828061
2024-08-07,PROP013,109,100,9,0.9183890229938048
2024-08-08,PROP013,109,101,8,0.9310235409519125
2024-08-09,PROP013,109,102,7,0.9385506837153048
2024-08-10,PROP013,109,102,7,0.9366005767606784
2024-08-11,PROP013,109,102,7,0.9366556575309363
2024-08-12,PROP013,109,99,10,0.9153899692109708
2024-08-13,PROP013,109,100,9,0.918052615037358
2024-08-14,PROP013,109,101,8,0.9275264356718456
2024-08-15,PROP013,109,102,7,0.9361886969391378
2024-08-16,PROP013,109,98,11,0.9049807901911697
2024-08-17,PROP013,109,99,10,0.9114706943701741
2024-08-18,PROP013,109,98,11,0.9048708936008507
2024-08-19,PROP013,109,100,9,0.9237813610154646
2024-08-20,PROP013,109,99,10,0.9115530596925878
2024-08-21,PROP013,109,99,10,0.9123453339175893
2024-08-22,PROP013,109,98,11,0.9021376581966055
2024-08-23,PROP013,109,99,10,0.91329286228939
2024-08-24,PROP013,109,101,8,0.9338008801131498
2024-08-25,PROP013,109,99,10,0.9086239322927198
2024-08-26,PROP013,109,101,8,0.9271085184654889
2024-08-27,PROP013,109,100,9,0.92448615361463
2024-08-28,PROP013,109,101,8,0.933840404151851
2024-08-29,PROP013,109,98,11,0.9045925377231279
2024-08-30,PROP013,109,102,7,0.938404618230888
2024-08-31,PROP013,109,100,9,0.922606165658701
2024-09-01,PROP013,109,99,10,0.9123442280522088
2024-09-02,PROP013,109,99,10,0.9089858509929702
2024-09-03,PROP013,109,96,13,0.8813859528428605
2024-09-04,PROP013,109,95,14,0.8747717423544688
2024-09-05,PROP013,109,96,13,0.8827508257101507
2024-09-06,PROP013,109,97,12,0.8936278079183131
2024-09-07,PROP013,109,95,14,0.8793891166409439
2024-09-08,PROP013,109,95,14,0.8792236517390558
2024-09-09,PROP013,109,97,12,0.8910290038425424
2024-09-10,PROP013,109,95,14,0.8738559808051106
2024-09-11,PROP013,109,95,14,0.8774007852596271
2024-09-12,PROP013,109,96,13,0.8891597155346541
2024-09-13,PROP013,109,95,14,0.875050458326655
2024-09-14,PROP013,109,96,13,0.8883954642165575
2024-09-15,PROP013,109,97,12,0.8914855125962741
2024-09-16,PROP013,109,97,12,0.8905759265212608
2024-09-17,PROP013,109,98,11,0.9072922562544598
2024-09-18,PROP013,109,97,12,0.8937277601604056
2024-09-19,PROP013,109,97,12,0.891244480457458
2024-09-20,PROP013,109,96,13,0.8889536317740029
2024-09-21,PROP013,109,98,11,0.9052301970905157
2024-09-22,PROP013,109,99,10,0.9083275261183296
2024-09-23,PROP013,109,98,11,0.906654960726221
2024-09-24,PROP013,109,98,11,0.899467125083592
2024-09-25,PROP013,109,95,14,0.8780197317970833
2024-09-26,PROP013,109,96,13,0.8836000607380168
2024-09-27,PROP013,109,95,14,0.8743677845056154
2024-09-28,PROP013,109,99,10,0.9097582249579408
2024-09-29,PROP013,109,97,12,0.8989572031459727
2024-09-30,PROP013,109,98,11,0.9023797773308659
2024-10-01,PROP013,109,96,13,0.8849881315416254
2024-10-02,PROP013,109,98,11,0.9063514028494299
2024-10-03,PROP013,109,96,13,0.8829093933066754
2024-10-04,PROP013,109,95,14,0.8725910122428342
2024-10-05,PROP013,109,96,13,0.887581860459164
2024-10-06,PROP013,109,97,12,0.8953557211966992
2024-10-07,PROP013,109,97,12,0.8916734562769572
2024-10-08,PROP013,109,98,11,0.9070083076614002
2024-10-09,PROP013,109,95,14,0.8767414733965829
2024-10-10,PROP013,109,97,12,0.8946781995836853
2024-10-11,PROP013,109,97,12,0.8930444359511726
2024-10-12,PROP013,109,96,13,0.8837809812452228
2024-10-13,PROP013,109,98,11,0.9054143864614167
2024-10-14,PROP013,109,98,11,0.9026392081936245
2024-10-15,PROP013,109,98,11,0.9018396294516094
2024-10-16,PROP013,109,98,11,0.9075729610891184
2024-10-17,PROP013,109,98,11,0.9014366459831971
2024-10-18,PROP013,109,96,13,0.8817989136269253
2024-10-19,PROP013,109,98,11,0.9007477704243239
2024-10-20,PROP013,109,96,13,0.88483337449393
2024-10-21,PROP013,109,96,13,0.8822122479722351
2024-10-22,PROP013,109,95,14,0.8754454056743214
2024-10-23,PROP013,109,98,11,0.9022864051722433
2024-10-24,PROP013,109,98,11,0.9009653004363287
2024-10-25,PROP013,109,96,13,0.8819052410653
2024-10-26,PROP013,109,98,11,0.9025004226273025
2024-10-27,PROP013,109,99,10,0.9092388972820784
2024-10-28,PROP013,109,95,14,0.8768464202579994
2024-10-29,PROP013,109,96,13,0.8818307274938073
2024-10-30,PROP013,109,98,11,0.9025356937218288
2024-10-31,PROP013,109,96,13,0.8835055288986194
2024-11-01,PROP013,109,94,15,0.8707360630709349
2024-11-02,PROP013,109,92,17,0.8489960730781347
2024-11-03,PROP013,109,94,15,0.8638376032637277
2024-11-04,PROP013,109,95,14,0.8753131609793043
2024-11-05,PROP013,109,95,14,0.8732100618213163
2024-11-06,PROP013,109,95,14,0.8783523881266184
2024-11-07,PROP013,109,96,13,0.880847589163713
2024-11-08,PROP013,109,95,14,0.8766768441499365
2024-11-09,PROP013,109,95,14,0.8726130138171432
2024-11-10,PROP013,109,92,17,0.8470184037722274
2024-11-11,PROP013,109,94,15,0.867148171035964
2024-11-12,PROP013,109,92,17,0.8472574130961803
2024-11-13,PROP013,109,95,14,0.8780722167842271
2024-11-14,PROP013,109,93,16,0.8585784850779845
2024-11-15,PROP013,109,94,15,0.868246679064303
2024-11-16,PROP013,109,93,16,0.8569273163923423
2024-11-17,PROP013,109,95,14,0.8770495098747979
2024-11-18,PROP013,109,96,13,0.8812096051652623
2024-11-19,PROP013,109,93,16,0.8616952038681087
2024-11-20,PROP013,109,95,14,0.8802663998400257
2024-11-21,PROP013,109,93,16,0.8564325043978395
2024-11-22,PROP013,109,94,15,0.8671359410226072
2024-11-23,PROP013,109,95,14,0.8800999612931343
2024-11-24,PROP013,109,93,16,0.8587847578042178
2024-11-25,PROP013,109,96,13,0.8839111947027096
2024-11-26,PROP013,109,92,17,0.8506246841708415
2024-11-27,PROP013,109,92,17,0.8464805068885264
2024-11-28,PROP013,109,96,13,0.8819149182027138
2024-11-29,PROP013,109,92,17,0.848495450745501
2024-11-30,PROP013,109,96,13,0.8854250719374859
2024-12-01,PROP013,109,96,13,0.8838053785787504
2024-12-02,PROP013,109,92,17,0.851230340501039
2024-12-03,PROP013,109,94,15,0.8672528891272888
2024-12-04,PROP013,109,92,17,0.853146315998272
2024-12-05,PROP013,109,94,15,0.862875711020791
2024-12-06,PROP013,109,92,17,0.8482065092699795
2024-12-07,PROP013,109,93,16,0.8547064876114497
2024-12-08,PROP013,109,93,16,0.8602804159555422
2024-12-09,PROP013,109,94,15,0.8632954041094284
2024-12-10,PROP013,109,96,13,0.8848493544279419
2024-12-11,PROP013,109,95,14,0.8780641299269454
2024-12-12,PROP013,109,95,14,0.875245901872064
2024-12-13,PROP013,109,94,15,0.8672311566892651
2024-12-14,PROP013,109,95,14,0.8793494145237599
2024-12-15,PROP013,109,93,16,0.8593224175258146
2024-12-16,PROP013,109,95,14,0.8741054686105189
2024-12-17,PROP013,109,96,13,0.8855008631147131
2024-12-18,PROP013,109,93,16,0.8583346604569941
2024-12-19,PROP013,109,95,14,0.8727102054949448
2024-12-20,PROP013,109,95,14,0.8795220986656814
2024-12-21,PROP013,109,96,13,0.882381807433613
2024-12-22,PROP013,109,95,14,0.8744668117371902
2024-12-23,PROP013,109,93,16,0.8570938210362716
2024-12-24,PROP013,109,93,16,0.858800790162344
2024-12-25,PROP013,109,92,17,0.8465798253845448
2024-12-26,PROP013,109,95,14,0.8761849432064466
2024-12-27,PROP013,109,92,17,0.8474590883420642
2024-12-28,PROP013,109,95,14,0.880335598283696
2024-12-29,PROP013,109,92,17,0.8504959286785677
2024-12-30,PROP013,109,92,17,0.8526245645850231
2024-12-31,PROP013,109,94,15,0.8648105629328756
2025-01-01,PROP013,109,95,14,0.8752647207063359
2025-01-02,PROP013,109,92,17,0.8513095923075493
2025-01-03,PROP013,109,94,15,0.8633523471022461
2025-01-04,PROP013,109,94,15,0.8650635550759904
2025-01-05,PROP013,109,93,16,0.8542409297663298
2025-01-06,PROP013,109,92,17,0.8503718391668115
2025-01-07,PROP013,109,95,14,0.8792063410190117
2025-01-08,PROP013,109,94,15,0.8658481300900968
2025-01-09,PROP013,109,92,17,0.8463247535389523
2025-01-10,PROP013,109,95,14,0.8778687561519504
2025-01-11,PROP013,109,96,13,0.8849812563161695
2025-01-12,PROP013,109,94,15,0.869986551916156
2025-01-13,PROP013,109,94,15,0.865897839582949
2025-01-14,PROP013,109,96,13,0.8808861386213847
2025-01-15,PROP013,109,96,13,0.8838501756869701
2025-01-16,PROP013,109,95,14,0.8759309807356847
2025-01-17,PROP013,109,94,15,0.8635676212889577
2025-01-18,PROP013,109,94,15,0.8694383600728438
2025-01-19,PROP013,109,95,14,0.8737869187003061
2025-01-20,PROP013,109,93,16,0.8535204469396582
2025-01-21,PROP013,109,94,15,0.8636375453882437
2025-01-22,PROP013,109,95,14,0.8789423546882775
2025-01-23,PROP013,109,95,14,0.8719385180395239
2025-01-24,PROP013,109,93,16,0.8621976667880603
2025-01-25,PROP013,109,95,14,0.8722840054601735
2025-01-26,PROP013,109,92,17,0.8504784005824846
2025-01-27,PROP013,109,93,16,0.8618094085221812
2025-01-28,PROP013,109,95,14,0.8774746456181084
2025-01-29,PROP013,109,93,16,0.854569855585052
2025-01-30,PROP013,109,92,17,0.8531879644018829
2025-01-31,PROP013,109,96,13,0.8837822504962435
2024-02-01,PROP014,72,62,10,0.8656244587363544
2024-02-02,PROP014,72,64,8,0.8939723531065212
2024-02-03,PROP014,72,63,9,0.8845760583609488
2024-02-04,PROP014,72,63,9,0.8831715768712888
2024-02-05,PROP014,72,64,8,0.889304770904531
2024-02-06,PROP014,72,61,11,0.8598206388398194
2024-02-07,PROP014,72,63,9,0.883425965013548
2024-02-08,PROP014,72,63,9,0.8753352599234773
2024-02-09,PROP014,72,63,9,0.8883537411617133
2024-02-10,PROP014,72,63,9,0.8755133842969555
2024-02-11,PROP014,72,63,9,0.8799973697211042
2024-02-12,PROP014,72,62,10,0.8742974006063291
2024-02-13,PROP014,72,62,10,0.8743140724925814
2024-02-14,PROP014,72,63,9,0.885906514672821
2024-02-15,PROP014,72,63,9,0.8803303715762391
2024-02-16,PROP014,72,63,9,0.8805182436147241
2024-02-17,PROP014,72,62,10,0.8731990149036087
2024-02-18,PROP014,72,63,9,0.8764320954038488
2024-02-19,PROP014,72,63,9,0.8850164221985392
2024-02-20,PROP014,72,63,9,0.8882253523148245
2024-02-21,PROP014,72,63,9,0.8830501716361095
2024-02-22,PROP014,72,64,8,0.892150635104175
2024-02-23,PROP014,72,63,9,0.8880006790762357
2024-02-24,PROP014,72,63,9,0.8776622671427284
2024-02-25,PROP014,72,63,9,0.8820439584560972
2024-02-26,PROP014,72,64,8,0.8922400466271956
2024-02-27,PROP014,72,63,9,0.8799544373200701
2024-02-28,PROP014,72,63,9,0.8881799934695409
2024-02-29,PROP014,72,63,9,0.8827401356939472
2024-03-01,PROP014,72,63,9,0.8772651699927664
2024-03-02,PROP014,72,62,10,0.8648612433669618
2024-03-03,PROP014,72,62,10,0.8722276163290849
2024-03-04,PROP014,72,64,8,0.8938974285436964
2024-03-05,PROP014,72,63,9,0.8814983308812517
2024-03-06,PROP014,72,63,9,0.8777635307639072
2024-03-07,PROP014,72,64,8,0.8925059805714768
2024-03-08,PROP014,72,63,9,0.8786481867918456
2024-03-09,PROP014,72,63,9,0.8762310162870438
2024-03-10,PROP014,72,63,9,0.8855601497563559
2024-03-11,PROP014,72,63,9,0.8836943403098094
2024-03-12,PROP014,72,62,10,0.862914115886685
2024-03-13,PROP014,72,62,10,0.8740400465333126
2024-03-14,PROP014,72,62,10,0.8740883332631311
2024-03-15,PROP014,72,62,10,0.8703166961600814
2024-03-16,PROP014,72,63,9,0.8758794548364378
2024-03-17,PROP014,72,62,10,0.8717120114594334
2024-03-18,PROP014,72,62,10,0.863161535129195
2024-03-19,PROP014,72,62,10,0.871682375041335
2024-03-20,PROP014,72,61,11,0.8580787934532748
2024-03-21,PROP014,72,63,9,0.8782191500613241
2024-03-22,PROP014,72,64,8,0.8893338975079922
2024-03-23,PROP014,72,63,9,0.8841991989245299
2024-03-24,PROP014,72,62,10,0.8696034771525122
2024-03-25,PROP014,72,61,11,0.85867056377344
2024-03-26,PROP014,72,62,10,0.8632736915193585
2024-03-27,PROP014,72,63,9,0.8770073291701411
2024-03-28,PROP014,72,62,10,0.863469998885669
2024-03-29,PROP014,72,63,9,0.8769466400017464
2024-03-30,PROP014,72,62,10,0.8644516765409036
2024-03-31,PROP014,72,64,8,0.8891446703293906
2024-04-01,PROP014,72,62,10,0.8710785744639661
2024-04-02,PROP014,72,62,10,0.8650097405881273
2024-04-03,PROP014,72,63,9,0.8876807627602301
2024-04-04,PROP014,72,62,10,0.8689012741425657
2024-04-05,PROP014,72,61,11,0.859647223063899
2024-04-06,PROP014,72,63,9,0.8780040952064934
2024-04-07,PROP014,72,63,9,0.8784502837278673
2024-04-08,PROP014,72,63,9,0.8837755425597771
2024-04-09,PROP014,72,62,10,0.8647964928786831
2024-04-10,PROP014,72,62,10,0.8729385691140374
2024-04-11,PROP014,72,62,10,0.8664824323120539
2024-04-12,PROP014,72,61,11,0.8584258649949752
2024-04-13,PROP014,72,64,8,0.8902522686309834
2024-04-14,PROP014,72,63,9,0.8843425077298813
2024-04-15,PROP014,72,62,10,0.8672462379286997
2024-04-16,PROP014,72,63,9,0.8791626352652271
2024-04-17,PROP014,72,62,10,0.8632382670757266
2024-04-18,PROP014,72,64,8,0.8907971804221785
2024-04-19,PROP014,72,61,11,0.8597839692848241
2024-04-20,PROP014,72,61,11,0.8553412013706597
2024-04-21,PROP014,72,63,9,0.8752680434599149
2024-04-22,PROP014,72,63,9,0.8785128284884625
2024-04-23,PROP014,72,63,9,0.8783463283621799
2024-04-24,PROP014,72,61,11,0.8573681926478607
2024-04-25,PROP014,72,62,10,0.867749467827085
2024-04-26,PROP014,72,63,9,0.8751556734240009
2024-04-27,PROP014,72,62,10,0.8638508829754373
2024-04-28,PROP014,72,64,8,0.8900927509697836
2024-04-29,PROP014,72,61,11,0.858672087128805
2024-04-30,PROP014,72,62,10,0.8746830932172294
2024-05-01,PROP014,72,65,7,0.9090999893173842
2024-05-02,PROP014,72,64,8,0.8919133910222374
2024-05-03,PROP014,72,65,7,0.9064129764967589
2024-05-04,PROP014,72,65,7,0.9146187530225531
2024-05-05,PROP014,72,64,8,0.88905682602066
2024-05-06,PROP014,72,66,6,0.9181321706898526
2024-05-07,PROP014,72,65,7,0.9035856883233524
2024-05-08,PROP014,72,64,8,0.8934126271889006
2024-05-09,PROP014,72,64,8,0.8986776780321489
2024-05-10,PROP014,72,64,8,0.8939310223683137
2024-05-11,PROP014,72,65,7,0.9104477934141908
2024-05-12,PROP014,72,65,7,0.9132953735534635
2024-05-13,PROP014,72,65,7,0.9147608427096046
2024-05-14,PROP014,72,66,6,0.9208740770002878
2024-05-15,PROP014,72,65,7,0.9130947187167254
2024-05-16,PROP014,72,65,7,0.9054987098444006
2024-05-17,PROP014,72,64,8,0.8950121589525295
2024-05-18,PROP014,72,65,7,0.9032271649652881
2024-05-19,PROP014,72,63,9,0.8830860739284744
2024-05-20,PROP014,72,65,7,0.9112363500380547
2024-05-21,PROP014,72,64,8,0.8992815688205422
2024-05-22,PROP014,72,63,9,0.8822442762061457
2024-05-23,PROP014,72,63,9,0.8839436246772746
2024-05-24,PROP014,72,64,8,0.8969420055697284
2024-05-25,PROP014,72,65,7,0.9047802077775955
2024-05-26,PROP014,72,64,8,0.9000115049749432
2024-05-27,PROP014,72,65,7,0.9062115197085443
2024-05-28,PROP014,72,64,8,0.9006551173685123
2024-05-29,PROP014,72,65,7,0.907911500836112
2024-05-30,PROP014,72,64,8,0.8902083896036902
2024-05-31,PROP014,72,63,9,0.885957074504203
2024-06-01,PROP014,72,65,7,0.9053007052018845
2024-06-02,PROP014,72,64,8,0.9008309276943104
2024-06-03,PROP014,72,63,9,0.8825180531786555
2024-06-04,PROP014,72,64,8,0.8966626224365796
2024-06-05,PROP014,72,63,9,0.885688370436498
2024-06-06,PROP014,72,64,8,0.902697620286966
2024-06-07,PROP014,72,64,8,0.8972744542032753
2024-06-08,PROP014,72,65,7,0.9059694234609789
2024-06-09,PROP014,72,65,7,0.9136674357676676
2024-06-10,PROP014,72,64,8,0.8934300943705178
2024-06-11,PROP014,72,66,6,0.9199274311834592
2024-06-12,PROP014,72,65,7,0.9028687270403611
2024-06-13,PROP014,72,65,7,0.9061749789670497
2024-06-14,PROP014,72,65,7,0.9086702419458876
2024-06-15,PROP014,72,65,7,0.9081126082111617
2024-06-16,PROP014,72,64,8,0.9018821767386607
2024-06-17,PROP014,72,64,8,0.8985939186614454
2024-06-18,PROP014,72,63,9,0.8835946255839533
2024-06-19,PROP014,72,63,9,0.8823267808289054
2024-06-20,PROP014,72,64,8,0.8957617947981688
2024-06-21,PROP014,72,64,8,0.8947897826422059
2024-06-22,PROP014,72,64,8,0.8969511532104184
2024-06-23,PROP014,72,63,9,0.8869780750523857
2024-06-24,PROP014,72,65,7,0.9109700778383318
2024-06-25,PROP014,72,65,7,0.9157219236079077
2024-06-26,PROP014,72,66,6,0.9189919324318195
2024-06-27,PROP014,72,64,8,0.9011378391576431
2024-06-28,PROP014,72,65,7,0.9094779749818753
2024-06-29,PROP014,72,65,7,0.9156653919542931
2024-06-30,PROP014,72,64,8,0.8981749914605975
2024-07-01,PROP014,72,64,8,0.8938198588116759
2024-07-02,PROP014,72,66,6,0.9189123292509978
2024-07-03,PROP014,72,64,8,0.9020704090599411
2024-07-04,PROP014,72,64,8,0.9013335024804933
2024-07-05,PROP014,72,63,9,0.888579990879398
2024-07-06,PROP014,72,63,9,0.8857695475997924
2024-07-07,PROP014,72,65,7,0.9151276215161986
2024-07-08,PROP014,72,65,7,0.9060086740643588
2024-07-09,PROP014,72,64,8,0.8944763303776361
2024-07-10,PROP014,72,64,8,0.8891127957124688
2024-07-11,PROP014,72,65,7,0.9036632382236434
2024-07-12,PROP014,72,65,7,0.9048001185873036
2024-07-13,PROP014,72,64,8,0.8897230910666605
2024-07-14,PROP014,72,65,7,0.915499576932517
2024-07-15,PROP014,72,63,9,0.8848139216630921
2024-07-16,PROP014,72,64,8,0.895687070423515
2024-07-17,PROP014,72,65,7,0.908658723567359
2024-07-18,PROP014,72,64,8,0.8924081615696262
2024-07-19,PROP014,72,65,7,0.914550354808109
2024-07-20,PROP014,72,65,7,0.9110380600808743
2024-07-21,PROP014,72,65,7,0.9130042607987835
2024-07-22,PROP014,72,63,9,0.8862076084519268
2024-07-23,PROP014,72,63,9,0.8870652321366799
2024-07-24,PROP014,72,64,8,0.8929022965266414
2024-07-25,PROP014,72,64,8,0.9021664336247606
2024-07-26,PROP014,72,65,7,0.9113639900848343
2024-07-27,PROP014,72,65,7,0.9149045826472942
2024-07-28,PROP014,72,65,7,0.9096167596551453
2024-07-29,PROP014,72,66,6,0.9185872222780836
2024-07-30,PROP014,72,65,7,0.9109930874014953
2024-07-31,PROP014,72,64,8,0.8936940624970428
2024-08-01,PROP014,72,64,8,0.892046598390401
2024-08-02,PROP014,72,65,7,0.9092910450289017
2024-08-03,PROP014,72,64,8,0.8891581697644427
2024-08-04,PROP014,72,63,9,0.885151939449269
2024-08-05,PROP014,72,64,8,0.9027322620111059
2024-08-06,PROP014,72,65,7,0.9143090098080163
2024-08-07,PROP014,72,63,9,0.8854985407156527
2024-08-08,PROP014,72,65,7,0.9131189999686873
2024-08-09,PROP014,72,65,7,0.9139062271909201
2024-08-10,PROP014,72,64,8,0.9007343070201199
2024-08-11,PROP014,72,63,9,0.8837357594172776
2024-08-12,PROP014,72,63,9,0.8884269410667456
2024-08-13,PROP014,72,65,7,0.9097403980233354
2024-08-14,PROP014,72,65,7,0.9099144648164961
2024-08-15,PROP014,72,66,6,0.9173775580235648
2024-08-16,PROP014,72,65,7,0.9047507928790415
2024-08-17,PROP014,72,63,9,0.8864076417254092
2024-08-18,PROP014,72,63,9,0.886299943237057
2024-08-19,PROP014,72,65,7,0.9102886413111311
2024-08-20,PROP014,72,63,9,0.8887947336211742
2024-08-21,PROP014,72,64,8,0.8945787670015224
2024-08-22,PROP014,72,64,8,0.9009318272937347
2024-08-23,PROP014,72,63,9,0.8824339421199042
2024-08-24,PROP014,72,64,8,0.8913961080976555
2024-08-25,PROP014,72,64,8,0.8977589313571493
2024-08-26,PROP014,72,64,8,0.8926287997565864
2024-08-27,PROP014,72,63,9,0.8868981601155608
2024-08-28,PROP014,72,65,7,0.910563837328706
2024-08-29,PROP014,72,65,7,0.9139692532235776
2024-08-30,PROP014,72,64,8,0.8917425060626071
2024-08-31,PROP014,72,65,7,0.9124201268011103
2024-09-01,PROP014,72,62,10,0.8706098581264002
2024-09-02,PROP014,72,63,9,0.8754551471845078
2024-09-03,PROP014,72,64,8,0.8894277585460738
2024-09-04,PROP014,72,63,9,0.885185862822444
2024-09-05,PROP014,72,63,9,0.8873923896029948
2024-09-06,PROP014,72,61,11,0.860661522213802
2024-09-07,PROP014,72,61,11,0.8579764925836969
2024-09-08,PROP014,72,64,8,0.8909239047138672
2024-09-09,PROP014,72,62,10,0.8707010863331914
2024-09-10,PROP014,72,62,10,0.8667029026731349
2024-09-11,PROP014,72,63,9,0.8841755657208207
2024-09-12,PROP014,72,63,9,0.8886443394135419
2024-09-13,PROP014,72,64,8,0.8896873004262797
2024-09-14,PROP014,72,62,10,0.8678276011953567
2024-09-15,PROP014,72,64,8,0.8892762111984146
2024-09-16,PROP014,72,61,11,0.8568250733253215
2024-09-17,PROP014,72,61,11,0.8571741752087364
2024-09-18,PROP014,72,63,9,0.8801284833573139
2024-09-19,PROP014,72,61,11,0.8577119703149695
2024-09-20,PROP014,72,62,10,0.8681720822907542
2024-09-21,PROP014,72,63,9,0.8820979550002247
2024-09-22,PROP014,72,62,10,0.8686783913925168
2024-09-23,PROP014,72,62,10,0.8623717068079515
2024-09-24,PROP014,72,62,10,0.8664417404245014
2024-09-25,PROP014,72,62,10,0.8734907288403649
2024-09-26,PROP014,72,62,10,0.874203149764567
2024-09-27,PROP014,72,63,9,0.8865077248042358
2024-09-28,PROP014,72,63,9,0.8851938447276082
2024-09-29,PROP014,72,62,10,0.8734604277325931
2024-09-30,PROP014,72,64,8,0.8890144095142986
2024-10-01,PROP014,72,61,11,0.8597572010940036
2024-10-02,PROP014,72,62,10,0.8654018495595037
2024-10-03,PROP014,72,63,9,0.8883067740904378
2024-10-04,PROP014,72,62,10,0.8703074770953938
2024-10-05,PROP014,72,64,8,0.8944349779021014
2024-10-06,PROP014,72,62,10,0.8738378468114611
2024-10-07,PROP014,72,63,9,0.8868651404688983
2024-10-08,PROP014,72,62,10,0.8712799972056425
2024-10-09,PROP014,72,62,10,0.872185856312845
2024-10-10,PROP014,72,62,10,0.870503041441715
2024-10-11,PROP014,72,63,9,0.8839507403707801
2024-10-12,PROP014,72,63,9,0.8770884309127475
2024-10-13,PROP014,72,64,8,0.8929388400050825
2024-10-14,PROP014,72,62,10,0.8652233282117119
2024-10-15,PROP014,72,61,11,0.8592102248336855
2024-10-16,PROP014,72,62,10,0.8709181749543163
2024-10-17,PROP014,72,63,9,0.8798562238562188
2024-10-18,PROP014,72,64,8,0.8896196730269675
2024-10-19,PROP014,72,62,10,0.8690355910175608
2024-10-20,PROP014,72,63,9,0.8813391855953262
2024-10-21,PROP014,72,62,10,0.8691956627912765
2024-10-22,PROP014,72,63,9,0.879876498870126
2024-10-23,PROP014,72,64,8,0.8905800334315738
2024-10-24,PROP014,72,62,10,0.864442021240724
2024-10-25,PROP014,72,62,10,0.8713573812346292
2024-10-26,PROP014,72,64,8,0.8949183234075375
2024-10-27,PROP014,72,64,8,0.8899299966803261
2024-10-28,PROP014,72,63,9,0.8777733098661957
2024-10-29,PROP014,72,63,9,0.8758528192245187
2024-10-30,PROP014,72,62,10,0.8665717308425349
2024-10-31,PROP014,72,63,9,0.8758760926580889
2024-11-01,PROP014,72,62,10,0.8628593440150352
2024-11-02,PROP014,72,61,11,0.8563390646149485
2024-11-03,PROP014,72,60,12,0.8405338452109568
2024-11-04,PROP014,72,60,12,0.8369906409259785
2024-11-05,PROP014,72,60,12,0.8395404255637104
2024-11-06,PROP014,72,60,12,0.8357224521395503
2024-11-07,PROP014,72,59,13,0.8327577119247859
2024-11-08,PROP014,72,60,12,0.8456975310615195
2024-11-09,PROP014,72,60,12,0.8334640682597679
2024-11-10,PROP014,72,60,12,0.8358085863929214
2024-11-11,PROP014,72,61,11,0.8508250714574167
2024-11-12,PROP014,72,60,12,0.8355160550318202
2024-11-13,PROP014,72,59,13,0.8314872747810733
2024-11-14,PROP014,72,60,12,0.8416276380849527
2024-11-15,PROP014,72,60,12,0.837744848028716
2024-11-16,PROP014,72,61,11,0.8495442916036123
2024-11-17,PROP014,72,59,13,0.8330267674671656
2024-11-18,PROP014,72,61,11,0.8590029155911564
2024-11-19,PROP014,72,62,10,0.8651814248612428
2024-11-20,PROP014,72,61,11,0.858669491042085
2024-11-21,PROP014,72,61,11,0.850245165579893
2024-11-22,PROP014,72,62,10,0.8633587969553926
2024-11-23,PROP014,72,61,11,0.8567288192750976
2024-11-24,PROP014,72,59,13,0.8293541289818448
2024-11-25,PROP014,72,60,12,0.8446956901948174
2024-11-26,PROP014,72,62,10,0.8629701600601093
2024-11-27,PROP014,72,60,12,0.842766438402848
2024-11-28,PROP014,72,59,13,0.8303406910248582
2024-11-29,PROP014,72,61,11,0.8587792696259281
2024-11-30,PROP014,72,61,11,0.8610136148951519
2024-12-01,PROP014,72,60,12,0.8353558318855696
2024-12-02,PROP014,72,61,11,0.8504257039575644
2024-12-03,PROP014,72,60,12,0.8366103016436662
2024-12-04,PROP014,72,61,11,0.8577014608456032
2024-12-05,PROP014,72,60,12,0.8397941022909367
2024-12-06,PROP014,72,60,12,0.8415806889863704
2024-12-07,PROP014,72,62,10,0.8627309182294413
2024-12-08,PROP014,72,61,11,0.8479849781721134
2024-12-09,PROP014,72,61,11,0.8557222621325672
2024-12-10,PROP014,72,60,12,0.845027006112736
2024-12-11,PROP014,72,60,12,0.8408523583715874
2024-12-12,PROP014,72,61,11,0.8539512065008237
2024-12-13,PROP014,72,60,12,0.83512638704699
2024-12-14,PROP014,72,60,12,0.8438520775065118
2024-12-15,PROP014,72,60,12,0.8372935655792741
2024-12-16,PROP014,72,61,11,0.8567638827614671
2024-12-17,PROP014,72,62,10,0.8667004376176816
2024-12-18,PROP014,72,62,10,0.8687525228044719
2024-12-19,PROP014,72,60,12,0.8469431565015009
2024-12-20,PROP014,72,60,12,0.8390332996692951
2024-12-21,PROP014,72,60,12,0.8466452588992102
2024-12-22,PROP014,72,62,10,0.8628228604823462
2024-12-23,PROP014,72,60,12,0.8371723112259188
2024-12-24,PROP014,72,62,10,0.8670159101499542
2024-12-25,PROP014,72,60,12,0.8426067148357633
2024-12-26,PROP014,72,62,10,0.8683642304618494
2024-12-27,PROP014,72,62,10,0.8624764395851957
2024-12-28,PROP014,72,62,10,0.8612749054497328
2024-12-29,PROP014,72,60,12,0.8416482710347686
2024-12-30,PROP014,72,59,13,0.8292831725617544
2024-12-31,PROP014,72,60,12,0.8442174004368768
2025-01-01,PROP014,72,60,12,0.841004458870345
2025-01-02,PROP014,72,59,13,0.8304279637001891
2025-01-03,PROP014,72,61,11,0.8491466943440744
2025-01-04,PROP014,72,60,12,0.8450533365351467
2025-01-05,PROP014,72,61,11,0.8543143427934983
2025-01-06,PROP014,72,61,11,0.8537795369716006
2025-01-07,PROP014,72,60,12,0.8337619495197045
2025-01-08,PROP014,72,62,10,0.8680107059289022
2025-01-09,PROP014,72,60,12,0.8364093412614951
2025-01-10,PROP014,72,60,12,0.8467430450744254
2025-01-11,PROP014,72,61,11,0.8484567858211867
2025-01-12,PROP014,72,62,10,0.861454595972402
2025-01-13,PROP014,72,59,13,0.8329012679276231
2025-01-14,PROP014,72,60,12,0.8460778552521785
2025-01-15,PROP014,72,61,11,0.8540721708932854
2025-01-16,PROP014,72,60,12,0.8375383089487994
2025-01-17,PROP014,72,61,11,0.8540308000344802
2025-01-18,PROP014,72,62,10,0.8658786775858234
2025-01-19,PROP014,72,62,10,0.8688328093307442
2025-01-20,PROP014,72,59,13,0.8302301271554643
2025-01-21,PROP014,72,60,12,0.8383556132136244
2025-01-22,PROP014,72,60,12,0.8413443687155051
2025-01-23,PROP014,72,60,12,0.8448971281016359
2025-01-24,PROP014,72,60,12,0.838622370387228
2025-01-25,PROP014,72,60,12,0.8370716038660497
2025-01-26,PROP014,72,62,10,0.8671142377805372
2025-01-27,PROP014,72,62,10,0.865672948194658
2025-01-28,PROP014,72,59,13,0.830811784123962
2025-01-29,PROP014,72,60,12,0.8424846049480311
2025-01-30,PROP014,72,60,12,0.8451380262309736
2025-01-31,PROP014,72,60,12,0.838492665470475
2024-02-01,PROP015,149,138,11,0.9310799775043507
2024-02-02,PROP015,149,139,10,0.9394849167717249
2024-02-03,PROP015,149,139,10,0.9350995183739897
2024-02-04,PROP015,149,138,11,0.9271676807172192
2024-02-05,PROP015,149,138,11,0.9316082184403578
2024-02-06,PROP015,149,136,13,0.9164242989003017
2024-02-07,PROP015,149,138,11,0.9291869952372753
2024-02-08,PROP015,149,137,12,0.9250338378285777
2024-02-09,PROP015,149,135,14,0.9107985263312358
2024-02-10,PROP015,149,136,13,0.9151665187018998
2024-02-11,PROP015,149,136,13,0.9171324856674444
2024-02-12,PROP015,149,140,9,0.9424371303206833
2024-02-13,PROP015,149,136,13,0.9146802132140166
2024-02-14,PROP015,149,136,13,0.9170345037513677
2024-02-15,PROP015,149,137,12,0.9202389128421583
2024-02-16,PROP015,149,138,11,0.9320144571835964
2024-02-17,PROP015,149,135,14,0.9101942833374667
2024-02-18,PROP015,149,140,9,0.943622556138332
2024-02-19,PROP015,149,140,9,0.9400875964423716
2024-02-20,PROP015,149,138,11,0.928553390558939
2024-02-21,PROP015,149,138,11,0.9324262623355792
2024-02-22,PROP015,149,135,14,0.9061311664883497
2024-02-23,PROP015,149,136,13,0.9190225386525189
2024-02-24,PROP015,149,139,10,0.9372911568650387
2024-02-25,PROP015,149,135,14,0.9085640665902764
2024-02-26,PROP015,149,136,13,0.9167573010070098
2024-02-27,PROP015,149,138,11,0.9288766207719534
2024-02-28,PROP015,149,136,13,0.9157212687465387
2024-02-29,PROP015,149,140,9,0.9428238666043618
2024-03-01,PROP015,149,135,14,0.9107070928707526
2024-03-02,PROP015,149,139,10,0.9373605219548922
2024-03-03,PROP015,149,137,12,0.9257826953148374
2024-03-04,PROP015,149,139,10,0.9354779786713793
2024-03-05,PROP015,149,136,13,0.9178933607710389
2024-03-06,PROP015,149,137,12,0.9260443317310626
2024-03-07,PROP015,149,140,9,0.939738161627508
2024-03-08,PROP015,149,137,12,0.9241398716035052
2024-03-09,PROP015,149,137,12,0.9198535421149918
2024-03-10,PROP015,149,138,11,0.9269109630886905
2024-03-11,PROP015,149,139,10,0.9341592577600357
2024-03-12,PROP015,149,137,12,0.9232072814585212
2024-03-13,PROP015,149,140,9,0.9430198266442719
2024-03-14,PROP015,149,136,13,0.9172625806002747
2024-03-15,PROP015,149,137,12,0.9244832918853458
2024-03-16,PROP015,149,139,10,0.9357418540122386
2024-03-17,PROP015,149,139,10,0.9330295912584113
2024-03-18,PROP015,149,140,9,0.9400103897352673
2024-03-19,PROP015,149,140,9,0.9453371148658254
2024-03-20,PROP015,149,137,12,0.9225390807903846
2024-03-21,PROP015,149,135,14,0.9099107828299134
2024-03-22,PROP015,149,135,14,0.9066813828708997
2024-03-23,PROP015,149,139,10,0.9345398238841719
2024-03-24,PROP015,149,140,9,0.9404252944909296
2024-03-25,PROP015,149,136,13,0.9142932510763577
2024-03-26,PROP015,149,135,14,0.9118026691261772
2024-03-27,PROP015,149,135,14,0.9079529512996086
2024-03-28,PROP015,149,139,10,0.9383728645072692
2024-03-29,PROP015,149,136,13,0.9179200252342844
2024-03-30,PROP015,149,137,12,0.921532623348972
2024-03-31,PROP015,149,137,12,0.9255747553029655
2024-04-01,PROP015,149,139,10,0.939042877006963
2024-04-02,PROP015,149,138,11,0.9314980765010404
2024-04-03,PROP015,149,138,11,0.9300673328328934
2024-04-04,PROP015,149,135,14,0.9124916316368175
2024-04-05,PROP015,149,137,12,0.9259923433069742
2024-04-06,PROP015,149,139,10,0.9340799883257273
2024-04-07,PROP015,149,140,9,0.9443951829598006
2024-04-08,PROP015,149,136,13,0.9135210000071151
2024-04-09,PROP015,149,134,15,0.90584648176127
2024-04-10,PROP015,149,135,14,0.9084768049825198
2024-04-11,PROP015,149,137,12,0.9204988462458602
2024-04-12,PROP015,149,139,10,0.9382865335484205
2024-04-13,PROP015,149,134,15,0.9057504309093108
2024-04-14,PROP015,149,137,12,0.9237339713540146
2024-04-15,PROP015,149,136,13,0.9186339722522368
2024-04-16,PROP015,149,135,14,0.9075640160425701
2024-04-17,PROP015,149,137,12,0.9234741991054857
2024-04-18,PROP015,149,136,13,0.9156546959320497
2024-04-19,PROP015,149,137,12,0.9195401410124613
2024-04-20,PROP015,149,139,10,0.9336893598299527
2024-04-21,PROP015,149,138,11,0.9263267869950197
2024-04-22,PROP015,149,135,14,0.9104506447982935
2024-04-23,PROP015,149,140,9,0.9439213292555265
2024-04-24,PROP015,149,138,11,0.9309011782669705
2024-04-25,PROP015,149,139,10,0.9360994846650823
2024-04-26,PROP015,149,135,14,0.9086332736389158
2024-04-27,PROP015,149,135,14,0.9073470828169817
2024-04-28,PROP015,149,135,14,0.9062426696533042
2024-04-29,PROP015,149,136,13,0.9130165087495188
2024-04-30,PROP015,149,137,12,0.9220410835473208
2024-05-01,PROP015,149,144,5,0.9706617354038514
2024-05-02,PROP015,149,141,8,0.9515110764383695
2024-05-03,PROP015,149,140,9,0.9448388942826397
2024-05-04,PROP015,149,142,7,0.955706100208525
2024-05-05,PROP015,149,139,10,0.93770607319313
2024-05-06,PROP015,149,142,7,0.9576089257079378
2024-05-07,PROP015,149,142,7,0.9559659682409586
2024-05-08,PROP015,149,143,6,0.9649084114039669
2024-05-09,PROP015,149,144,5,0.9726961945324194
2024-05-10,PROP015,149,140,9,0.9432636289363829
2024-05-11,PROP015,149,142,7,0.9536149480998889
2024-05-12,PROP015,149,144,5,0.9695833063204986
2024-05-13,PROP015,149,143,6,0.9646362854446521
2024-05-14,PROP015,149,141,8,0.9527249421917707
2024-05-15,PROP015,149,144,5,0.9710435560523296
2024-05-16,PROP015,149,139,10,0.9355181578084109
2024-05-17,PROP015,149,144,5,0.9704686348562418
2024-05-18,PROP015,149,139,10,0.9352489857630507
2024-05-19,PROP015,149,142,7,0.9551208798323259
2024-05-20,PROP015,149,144,5,0.9688463279877819
2024-05-21,PROP015,149,140,9,0.9437375278101906
2024-05-22,PROP015,149,141,8,0.9521186300255449
2024-05-23,PROP015,149,140,9,0.9462018452332172
2024-05-24,PROP015,149,144,5,0.9713144467507925
2024-05-25,PROP015,149,143,6,0.9661745138578621
2024-05-26,PROP015,149,143,6,0.9615887505207936
2024-05-27,PROP015,149,142,7,0.9567337695323428
2024-05-28,PROP015,149,143,6,0.9660523616407044
2024-05-29,PROP015,149,141,8,0.9489193717286803
2024-05-30,PROP015,149,141,8,0.951130764271981
2024-05-31,PROP015,149,143,6,0.9624287589109729
2024-06-01,PROP015,149,141,8,0.947538880599487
2024-06-02,PROP015,149,139,10,0.9357847277496735
2024-06-03,PROP015,149,139,10,0.9362020744231814
2024-06-04,PROP015,149,139,10,0.9378432021199666
2024-06-05,PROP015,149,144,5,0.968015943001485
2024-06-06,PROP015,149,141,8,0.9521177470979867
2024-06-07,PROP015,149,143,6,0.9617439848415279
2024-06-08,PROP015,149,141,8,0.9489450634919342
2024-06-09,PROP015,149,140,9,0.9435771279643639
2024-06-10,PROP015,149,141,8,0.947116376770227
2024-06-11,PROP015,149,143,6,0.9649959838804258
2024-06-12,PROP015,149,142,7,0.958237335068996
2024-06-13,PROP015,149,144,5,0.9707342812660545
2024-06-14,PROP015,149,143,6,0.9604168812108118
2024-06-15,PROP015,149,142,7,0.9560359553379262
2024-06-16,PROP015,149,142,7,0.9576365304271719
2024-06-17,PROP015,149,144,5,0.970923547646475
2024-06-18,PROP015,149,143,6,0.9647567272624067
2024-06-19,PROP015,149,139,10,0.9341903395623959
2024-06-20,PROP015,149,142,7,0.9545942779131663
2024-06-21,PROP015,149,143,6,0.9607622265296011
2024-06-22,PROP015,149,143,6,0.9631766292053047
2024-06-23,PROP015,149,140,9,0.9417543748402959
2024-06-24,PROP015,149,144,5,0.9679157842457926
2024-06-25,PROP015,149,144,5,0.971462415954745
2024-06-26,PROP015,149,140,9,0.9426973023015333
2024-06-27,PROP015,149,144,5,0.9685333083684283
2024-06-28,PROP015,149,139,10,0.9371078405683823
2024-06-29,PROP015,149,139,10,0.9354569635123483
2024-06-30,PROP015,149,139,10,0.9383976420718484
2024-07-01,PROP015,149,139,10,0.9355383332464199
2024-07-02,PROP015,149,144,5,0.9670291795539695
2024-07-03,PROP015,149,139,10,0.9355906958460694
2024-07-04,PROP015,149,140,9,0.9440952577222846
2024-07-05,PROP015,149,139,10,0.9373789438091727
2024-07-06,PROP015,149,140,9,0.9450455715202891
2024-07-07,PROP015,149,139,10,0.9368510687717753
2024-07-08,PROP015,149,143,6,0.9599488200974591
2024-07-09,PROP015,149,139,10,0.9385617627214414
2024-07-10,PROP015,149,144,5,0.9673025271012939
2024-07-11,PROP015,149,143,6,0.9659163320968042
2024-07-12,PROP015,149,139,10,0.9337751574865628
2024-07-13,PROP015,149,144,5,0.969057744288343
2024-07-14,PROP015,149,139,10,0.9343864627374732
2024-07-15,PROP015,149,140,9,0.9428145214660407
2024-07-16,PROP015,149,139,10,0.9345242555787783
2024-07-17,PROP015,149,141,8,0.9466624295493111
2024-07-18,PROP015,149,142,7,0.9537833510962693
2024-07-19,PROP015,149,143,6,0.965094484828344
2024-07-20,PROP015,149,141,8,0.946747952086532
2024-07-21,PROP015,149,143,6,0.9614482910546631
2024-07-22,PROP015,149,140,9,0.9407288683524977
2024-07-23,PROP015,149,143,6,0.9632526283375036
2024-07-24,PROP015,149,140,9,0.942668554304108
2024-07-25,PROP015,149,139,10,0.9389704803054892
2024-07-26,PROP015,149,140,9,0.9406450440827007
2024-07-27,PROP015,149,140,9,0.9405112152230127
2024-07-28,PROP015,149,142,7,0.9537432052428181
2024-07-29,PROP015,149,144,5,0.9670205933152644
2024-07-30,PROP015,149,139,10,0.9364128931474387
2024-07-31,PROP015,149,143,6,0.9615069428074754
2024-08-01,PROP015,149,142,7,0.9594025484538528
2024-08-02,PROP015,149,144,5,0.9681294881409129
2024-08-03,PROP015,149,140,9,0.9429945924880148
2024-08-04,PROP015,149,141,8,0.9512330844151397
2024-08-05,PROP015,149,144,5,0.9702617850454792
2024-08-06,PROP015,149,142,7,0.9596284280731512
2024-08-07,PROP015,149,141,8,0.9487794265822024
2024-08-08,PROP015,149,139,10,0.9384851853819492
2024-08-09,PROP015,149,140,9,0.9437280903837622
2024-08-10,PROP015,149,142,7,0.9564773091673138
2024-08-11,PROP015,149,143,6,0.961955407970159
2024-08-12,PROP015,149,139,10,0.9382055655418142
2024-08-13,PROP015,149,142,7,0.9572125804695006
2024-08-14,PROP015,149,142,7,0.9552427412212885
2024-08-15,PROP015,149,142,7,0.9537869079353668
2024-08-16,PROP015,149,143,6,0.9608336147750188
2024-08-17,PROP015,149,144,5,0.9667266738710769
2024-08-18,PROP015,149,140,9,0.9461482773948132
2024-08-19,PROP015,149,144,5,0.9687891776721769
2024-08-20,PROP015,149,140,9,0.9396540345724805
2024-08-21,PROP015,149,140,9,0.9401496448577851
2024-08-22,PROP015,149,140,9,0.9438995726126954
2024-08-23,PROP015,149,139,10,0.9380099248496215
2024-08-24,PROP015,149,140,9,0.9424414590550536
2024-08-25,PROP015,149,139,10,0.9374851605838522
2024-08-26,PROP015,149,143,6,0.9660987867471541
2024-08-27,PROP015,149,139,10,0.9387874497432035
2024-08-28,PROP015,149,143,6,0.9631205923701327
2024-08-29,PROP015,149,139,10,0.9351452447842719
2024-08-30,PROP015,149,144,5,0.9711695031682951
2024-08-31,PROP015,149,143,6,0.9616750935688492
2024-09-01,PROP015,149,134,15,0.9057366095820255
2024-09-02,PROP015,149,139,10,0.9360190076465895
2024-09-03,PROP015,149,137,12,0.9260280244692284
2024-09-04,PROP015,149,139,10,0.9366393544519858
2024-09-05,PROP015,149,138,11,0.9263646199942045
2024-09-06,PROP015,149,138,11,0.9311057419439952
2024-09-07,PROP015,149,139,10,0.9369180138543827
2024-09-08,PROP015,149,137,12,0.9216690698220953
2024-09-09,PROP015,149,134,15,0.905573073631399
2024-09-10,PROP015,149,139,10,0.9394626074763885
2024-09-11,PROP015,149,137,12,0.9207003621435675
2024-09-12,PROP015,149,137,12,0.9253064566792443
2024-09-13,PROP015,149,134,15,0.9057754133247398
2024-09-14,PROP015,149,137,12,0.9251484280525849
2024-09-15,PROP015,149,140,9,0.9449242437014502
2024-09-16,PROP015,149,136,13,0.9165954540713318
2024-09-17,PROP015,149,137,12,0.9212814784482761
2024-09-18,PROP015,149,139,10,0.932952347497328
2024-09-19,PROP015,149,139,10,0.9380564943395273
2024-09-20,PROP015,149,137,12,0.922160412598825
2024-09-21,PROP015,149,136,13,0.9178515024546327
2024-09-22,PROP015,149,140,9,0.9429777796379837
2024-09-23,PROP015,149,138,11,0.9325505463054478
2024-09-24,PROP015,149,135,14,0.9102255998183066
2024-09-25,PROP015,149,135,14,0.908221862763967
2024-09-26,PROP015,149,137,12,0.9248067416701957
2024-09-27,PROP015,149,136,13,0.9142683502804719
2024-09-28,PROP015,149,136,13,0.9156241377736312
2024-09-29,PROP015,149,140,9,0.940572434791695
2024-09-30,PROP015,149,135,14,0.9090473886112335
2024-10-01,PROP015,149,139,10,0.9340793122477365
2024-10-02,PROP015,149,136,13,0.9163104377738045
2024-10-03,PROP015,149,139,10,0.9358778764947465
2024-10-04,PROP015,149,139,10,0.9343612030171228
2024-10-05,PROP015,149,134,15,0.9057604236963527
2024-10-06,PROP015,149,137,12,0.925830164155445
2024-10-07,PROP015,149,135,14,0.9110375269337029
2024-10-08,PROP015,149,140,9,0.9401138288617281
2024-10-09,PROP015,149,140,9,0.9403281829530773
2024-10-10,PROP015,149,137,12,0.9221985799383313
2024-10-11,PROP015,149,137,12,0.9232405723766243
2024-10-12,PROP015,149,136,13,0.9175960652147621
2024-10-13,PROP015,149,139,10,0.9341289995969823
2024-10-14,PROP015,149,137,12,0.9198112021596394
2024-10-15,PROP015,149,136,13,0.9161764466194864
2024-10-16,PROP015,149,137,12,0.9227539900187613
2024-10-17,PROP015,149,135,14,0.9091242483740793
2024-10-18,PROP015,149,139,10,0.9353288758243492
2024-10-19,PROP015,149,134,15,0.9059686036894524
2024-10-20,PROP015,149,138,11,0.9312441500994048
2024-10-21,PROP015,149,136,13,0.9127793287087759
2024-10-22,PROP015,149,136,13,0.9147609094871575
2024-10-23,PROP015,149,138,11,0.9308900275841826
2024-10-24,PROP015,149,140,9,0.9451824862698973
2024-10-25,PROP015,149,139,10,0.9365734472014831
2024-10-26,PROP015,149,136,13,0.9144983329275167
2024-10-27,PROP015,149,135,14,0.9125057378402264
2024-10-28,PROP015,149,140,9,0.9401140624492879
2024-10-29,PROP015,149,137,12,0.9232321055554412
2024-10-30,PROP015,149,135,14,0.9109468597517072
2024-10-31,PROP015,149,140,9,0.9399532045714585
2024-11-01,PROP015,149,135,14,0.9103444993259939
2024-11-02,PROP015,149,136,13,0.91705705976531
2024-11-03,PROP015,149,136,13,0.9140905526779309
2024-11-04,PROP015,149,135,14,0.9117724187558451
2024-11-05,PROP015,149,131,18,0.8798037811218636
2024-11-06,PROP015,149,131,18,0.8818774199893482
2024-11-07,PROP015,149,134,15,0.9004601329815884
2024-11-08,PROP015,149,133,16,0.8989599750606964
2024-11-09,PROP015,149,133,16,0.8960193337890049
2024-11-10,PROP015,149,133,16,0.8935723782260069
2024-11-11,PROP015,149,133,16,0.8949492246039967
2024-11-12,PROP015,149,134,15,0.9004727225748154
2024-11-13,PROP015,149,130,19,0.8777838659134267
2024-11-14,PROP015,149,132,17,0.8881291561747376
2024-11-15,PROP015,149,133,16,0.8984319940369719
2024-11-16,PROP015,149,135,14,0.9065894491563694
2024-11-17,PROP015,149,131,18,0.8846670729052394
2024-11-18,PROP015,149,134,15,0.8995760521609208
2024-11-19,PROP015,149,135,14,0.9062791925648548
2024-11-20,PROP015,149,133,16,0.8954859115259797
2024-11-21,PROP015,149,130,19,0.8787840505562255
2024-11-22,PROP015,149,133,16,0.895671531548049
2024-11-23,PROP015,149,132,17,0.8895586007191897
2024-11-24,PROP015,149,136,13,0.9148867895174767
2024-11-25,PROP015,149,131,18,0.8826853406365566
2024-11-26,PROP015,149,134,15,0.9037998434297128
2024-11-27,PROP015,149,131,18,0.8798095958628036
2024-11-28,PROP015,149,133,16,0.8955476227219313
2024-11-29,PROP015,149,134,15,0.8998599846982267
2024-11-30,PROP015,149,132,17,0.8896190024620981
2024-12-01,PROP015,149,133,16,0.8959038306302389
2024-12-02,PROP015,149,131,18,0.884242956990631
2024-12-03,PROP015,149,132,17,0.8898657591881449
2024-12-04,PROP015,149,134,15,0.9025450582058316
2024-12-05,PROP015,149,132,17,0.8897728074438698
2024-12-06,PROP015,149,136,13,0.9136905283457784
2024-12-07,PROP015,149,134,15,0.9028370835150631
2024-12-08,PROP015,149,133,16,0.8952467659468629
2024-12-09,PROP015,149,131,18,0.8792510826315908
2024-12-10,PROP015,149,133,16,0.8976827386176104
2024-12-11,PROP015,149,135,14,0.9082918548944271
2024-12-12,PROP015,149,132,17,0.8883231091299201
2024-12-13,PROP015,149,135,14,0.9099717479953742
2024-12-14,PROP015,149,132,17,0.8877730758514588
2024-12-15,PROP015,149,135,14,0.9106506607274556
2024-12-16,PROP015,149,131,18,0.8811115388738906
2024-12-17,PROP015,149,135,14,0.9123481535641847
2024-12-18,PROP015,149,133,16,0.8976682632467567
2024-12-19,PROP015,149,132,17,0.889562308794234
2024-12-20,PROP015,149,132,17,0.8883053352260295
2024-12-21,PROP015,149,133,16,0.894981227566638
2024-12-22,PROP015,149,136,13,0.9176627851335694
2024-12-23,PROP015,149,132,17,0.8865139009469268
2024-12-24,PROP015,149,131,18,0.8818294711645835
2024-12-25,PROP015,149,134,15,0.90110221195817
2024-12-26,PROP015,149,133,16,0.8972425038670339
2024-12-27,PROP015,149,133,16,0.8986686560519558
2024-12-28,PROP015,149,134,15,0.9043782219117122
2024-12-29,PROP015,149,132,17,0.8883865680042495
2024-12-30,PROP015,149,136,13,0.9141274050247791
2024-12-31,PROP015,149,133,16,0.8951276878543152
2025-01-01,PROP015,149,131,18,0.882864253015122
2025-01-02,PROP015,149,135,14,0.9073927554787813
2025-01-03,PROP015,149,134,15,0.9034249793141376
2025-01-04,PROP015,149,132,17,0.890330541308785
2025-01-05,PROP015,149,134,15,0.9025615541707854
2025-01-06,PROP015,149,132,17,0.8864952834641826
2025-01-07,PROP015,149,133,16,0.8954943795830447
2025-01-08,PROP015,149,136,13,0.9136773060961165
2025-01-09,PROP015,149,131,18,0.8830421745358535
2025-01-10,PROP015,149,133,16,0.893168663208922
2025-01-11,PROP015,149,135,14,0.9105465021982374
2025-01-12,PROP015,149,136,13,0.9164804411856706
2025-01-13,PROP015,149,133,16,0.8958578506662953
2025-01-14,PROP015,149,133,16,0.8979807900151574
2025-01-15,PROP015,149,134,15,0.9005876836807744
2025-01-16,PROP015,149,136,13,0.914994730874772
2025-01-17,PROP015,149,135,14,0.9120290768485048
2025-01-18,PROP015,149,131,18,0.8845248501942893
2025-01-19,PROP015,149,133,16,0.8951711179233065
2025-01-20,PROP015,149,133,16,0.8962608223372805
2025-01-21,PROP015,149,135,14,0.9092646496753738
2025-01-22,PROP015,149,134,15,0.9018165205136409
2025-01-23,PROP015,149,134,15,0.903869623690584
2025-01-24,PROP015,149,136,13,0.9176288015160482
2025-01-25,PROP015,149,131,18,0.880699206948224
2025-01-26,PROP015,149,132,17,0.8866211981507729
2025-01-27,PROP015,149,133,16,0.8940166427042854
2025-01-28,PROP015,149,132,17,0.891612101331379
2025-01-29,PROP015,149,130,19,0.8785666276633028
2025-01-30,PROP015,149,131,18,0.8813719094682706
2025-01-31,PROP015,149,134,15,0.9049389368655666
2024-02-01,PROP016,103,98,5,0.9560880160541463
2024-02-02,PROP016,103,98,5,0.9570865787840526
2024-02-03,PROP016,103,97,6,0.9457226729168023
2024-02-04,PROP016,103,99,4,0.9662339901488557
2024-02-05,PROP016,103,99,4,0.9655907190981975
2024-02-06,PROP016,103,98,5,0.9590535631722135
2024-02-07,PROP016,103,97,6,0.9440255070639609
2024-02-08,PROP016,103,96,7,0.9393996643329908
2024-02-09,PROP016,103,96,7,0.9380884786377922
2024-02-10,PROP016,103,98,5,0.9592267782692223
2024-02-11,PROP016,103,99,4,0.9685203483692192
2024-02-12,PROP016,103,99,4,0.9698521528747442
2024-02-13,PROP016,103,98,5,0.9540638185772452
2024-02-14,PROP016,103,99,4,0.9668897875757759
2024-02-15,PROP016,103,100,3,0.9733941434571481
2024-02-16,PROP016,103,97,6,0.9465257401030299
2024-02-17,PROP016,103,97,6,0.9514373494587375
2024-02-18,PROP016,103,100,3,0.9727780953073745
2024-02-19,PROP016,103,97,6,0.9490481742961986
2024-02-20,PROP016,103,100,3,0.972073987216379
2024-02-21,PROP016,103,100,3,0.9747607300936858
2024-02-22,PROP016,103,99,4,0.9619913647464842
2024-02-23,PROP016,103,99,4,0.9681945471836739
2024-02-24,PROP016,103,99,4,0.9655007581723506
2024-02-25,PROP016,103,99,4,0.9635003059081282
2024-02-26,PROP016,103,97,6,0.9477961785227565
2024-02-27,PROP016,103,96,7,0.937802709119825
2024-02-28,PROP016,103,97,6,0.9492410049042932
2024-02-29,PROP016,103,99,4,0.9621963750116634
2024-03-01,PROP016,103,96,7,0.9396201035326193
2024-03-02,PROP016,103,96,7,0.9359956549226369
2024-03-03,PROP016,103,96,7,0.9411066305076248
2024-03-04,PROP016,103,99,4,0.964148372659939
2024-03-05,PROP016,103,100,3,0.9744306836697649
2024-03-06,PROP016,103,100,3,0.9748415235881001
2024-03-07,PROP016,103,98,5,0.9552781015691147
2024-03-08,PROP016,103,99,4,0.9702930276432011
2024-03-09,PROP016,103,99,4,0.9649919938335674
2024-03-10,PROP016,103,98,5,0.9555605450828913
2024-03-11,PROP016,103,98,5,0.9584293569217107
2024-03-12,PROP016,103,96,7,0.9410080214681821
2024-03-13,PROP016,103,100,3,0.9730253940281709
2024-03-14,PROP016,103,97,6,0.9495961264327782
2024-03-15,PROP016,103,98,5,0.953364905861794
2024-03-16,PROP016,103,99,4,0.9623853448434232
2024-03-17,PROP016,103,97,6,0.9488750344645693
2024-03-18,PROP016,103,97,6,0.9456893020430645
2024-03-19,PROP016,103,98,5,0.9607609113343161
2024-03-20,PROP016,103,96,7,0.9365182988947812
2024-03-21,PROP016,103,99,4,0.9643479400845744
2024-03-22,PROP016,103,98,5,0.9560798703985676
2024-03-23,PROP016,103,98,5,0.9597490848243446
2024-03-24,PROP016,103,98,5,0.9607941419733826
2024-03-25,PROP016,103,98,5,0.9566009418632098
2024-03-26,PROP016,103,98,5,0.9588202867011366
2024-03-27,PROP016,103,99,4,0.9628704636391022
2024-03-28,PROP016,103,99,4,0.9656436894906941
2024-03-29,PROP016,103,99,4,0.964617031254952
2024-03-30,PROP016,103,99,4,0.9703035939127976
2024-03-31,PROP016,103,97,6,0.9430966729302033
2024-04-01,PROP016,103,98,5,0.9515648543831791
2024-04-02,PROP016,103,100,3,0.9734307782440855
2024-04-03,PROP016,103,97,6,0.9513825585789604
2024-04-04,PROP016,103,96,7,0.9405137386797441
2024-04-05,PROP016,103,98,5,0.9565367406579944
2024-04-06,PROP016,103,96,7,0.9398985745056857
2024-04-07,PROP016,103,97,6,0.9436330651526218
2024-04-08,PROP016,103,100,3,0.9754516858663455
2024-04-09,PROP016,103,98,5,0.9571734411393524
2024-04-10,PROP016,103,97,6,0.9468812711651243
2024-04-11,PROP016,103,100,3,0.9753099337864635
2024-04-12,PROP016,103,100,3,0.9741812923457129
2024-04-13,PROP016,103,98,5,0.9531484972468778
2024-04-14,PROP016,103,97,6,0.9459350599550236
2024-04-15,PROP016,103,99,4,0.9690549211271948
2024-04-16,PROP016,103,99,4,0.9641437642823786
2024-04-17,PROP016,103,99,4,0.9629965930036476
2024-04-18,PROP016,103,100,3,0.9712434852564061
2024-04-19,PROP016,103,99,4,0.9630956209583602
2024-04-20,PROP016,103,97,6,0.9468708533251692
2024-04-21,PROP016,103,99,4,0.9632734620785365
2024-04-22,PROP016,103,97,6,0.9477514760548538
2024-04-23,PROP016,103,99,4,0.965888494789787
2024-04-24,PROP016,103,98,5,0.9603088497831699
2024-04-25,PROP016,103,96,7,0.9386153976828973
2024-04-26,PROP016,103,98,5,0.9560323501009129
2024-04-27,PROP016,103,97,6,0.9492509743713369
2024-04-28,PROP016,103,97,6,0.948661760912799
2024-04-29,PROP016,103,98,5,0.9596091876985975
2024-04-30,PROP016,103,97,6,0.9484119285822842
2024-05-01,PROP016,103,102,1,0.9952602535998074
2024-05-02,PROP016,103,99,4,0.9670161611120595
2024-05-03,PROP016,103,102,1,0.9906000337674455
2024-05-04,PROP016,103,102,1,0.9965522958178821
2024-05-05,PROP016,103,102,1,0.9910977712684297
2024-05-06,PROP016,103,101,2,0.9840736714724123
2024-05-07,PROP016,103,103,0,1.0
2024-05-08,PROP016,103,100,3,0.976182043263535
2024-05-09,PROP016,103,99,4,0.9649512191726116
2024-05-10,PROP016,103,101,2,0.9814640785301502
2024-05-11,PROP016,103,99,4,0.9655049811076256
2024-05-12,PROP016,103,103,0,1.0
2024-05-13,PROP016,103,100,3,0.9725812255015346
2024-05-14,PROP016,103,102,1,0.9957415846295676
2024-05-15,PROP016,103,102,1,0.9951673869985871
2024-05-16,PROP016,103,100,3,0.9728936596589298
2024-05-17,PROP016,103,101,2,0.9890335648908192
2024-05-18,PROP016,103,99,4,0.9661076624110705
2024-05-19,PROP016,103,101,2,0.9835274870997672
2024-05-20,PROP016,103,99,4,0.964770388762512
2024-05-21,PROP016,103,103,0,1.0
2024-05-22,PROP016,103,103,0,1.0
2024-05-23,PROP016,103,100,3,0.9730758143371558
2024-05-24,PROP016,103,100,3,0.9725087450554674
2024-05-25,PROP016,103,102,1,0.9943333107340977
2024-05-26,PROP016,103,100,3,0.9743196796247858
2024-05-27,PROP016,103,102,1,0.9999875660380863
2024-05-28,PROP016,103,101,2,0.9871416691165318
2024-05-29,PROP016,103,100,3,0.9782156085920249
2024-05-30,PROP016,103,102,1,0.9974922535255892
2024-05-31,PROP016,103,101,2,0.9839207716881483
2024-06-01,PROP016,103,103,0,1.0
2024-06-02,PROP016,103,103,0,1.0
2024-06-03,PROP016,103,99,4,0.9708013097567488
2024-06-04,PROP016,103,99,4,0.9642774399168896
2024-06-05,PROP016,103,103,0,1.0
2024-06-06,PROP016,103,103,0,1.0
2024-06-07,PROP016,103,99,4,0.9664023130997661
2024-06-08,PROP016,103,102,1,0.9975058742292553
2024-06-09,PROP016,103,101,2,0.9824967009739808
2024-06-10,PROP016,103,100,3,0.9745429678726115
2024-06-11,PROP016,103,102,1,0.9993343646186896
2024-06-12,PROP016,103,100,3,0.9720511929672248
2024-06-13,PROP016,103,103,0,1.0
2024-06-14,PROP016,103,100,3,0.9724093631795862
2024-06-15,PROP016,103,101,2,0.9887318311807622
2024-06-16,PROP016,103,100,3,0.9731079570527714
2024-06-17,PROP016,103,101,2,0.9860112502703579
2024-06-18,PROP016,103,102,1,0.9915435088682182
2024-06-19,PROP016,103,100,3,0.971793620904418
2024-06-20,PROP016,103,101,2,0.9850199349796397
2024-06-21,PROP016,103,101,2,0.9829468934472172
2024-06-22,PROP016,103,99,4,0.9670260005277461
2024-06-23,PROP016,103,102,1,0.9969168163786246
2024-06-24,PROP016,103,100,3,0.9776117996973261
2024-06-25,PROP016,103,101,2,0.9871677915736876
2024-06-26,PROP016,103,101,2,0.9847758730689379
2024-06-27,PROP016,103,101,2,0.9847149238544302
2024-06-28,PROP016,103,99,4,0.9684733994399519
2024-06-29,PROP016,103,101,2,0.9811237840415857
2024-06-30,PROP016,103,101,2,0.9822791740398753
2024-07-01,PROP016,103,102,1,0.9935302172861904
2024-07-02,PROP016,103,102,1,0.9977852569484404
2024-07-03,PROP016,103,101,2,0.9859837947956132
2024-07-04,PROP016,103,99,4,0.9676558218342121
2024-07-05,PROP016,103,100,3,0.9736584824954744
2024-07-06,PROP016,103,99,4,0.9707818647457217
2024-07-07,PROP016,103,99,4,0.9691691061991775
2024-07-08,PROP016,103,100,3,0.9788204756163248
2024-07-09,PROP016,103,100,3,0.9733602437577877
2024-07-10,PROP016,103,100,3,0.972916628144073
2024-07-11,PROP016,103,99,4,0.9663722306546632
2024-07-12,PROP016,103,99,4,0.9648913054634298
2024-07-13,PROP016,103,99,4,0.9682952333776037
2024-07-14,PROP016,103,100,3,0.9710724028485578
2024-07-15,PROP016,103,101,2,0.9814238528255406
2024-07-16,PROP016,103,101,2,0.9846053141235662
2024-07-17,PROP016,103,99,4,0.9698081803985471
2024-07-18,PROP016,103,101,2,0.98117583733258
2024-07-19,PROP016,103,100,3,0.9778544573646496
2024-07-20,PROP016,103,100,3,0.9715214494115307
2024-07-21,PROP016,103,99,4,0.9644581335975471
2024-07-22,PROP016,103,101,2,0.9828652183324822
2024-07-23,PROP016,103,102,1,0.9916105736422205
2024-07-24,PROP016,103,100,3,0.9732355970373647
2024-07-25,PROP016,103,99,4,0.9694567768674797
2024-07-26,PROP016,103,102,1,0.9996662134494909
2024-07-27,PROP016,103,100,3,0.9751854945711244
2024-07-28,PROP016,103,100,3,0.9731290084633191
2024-07-29,PROP016,103,102,1,0.9984683812560091
2024-07-30,PROP016,103,102,1,0.9968687876382829
2024-07-31,PROP016,103,101,2,0.9821183624925979
2024-08-01,PROP016,103,101,2,0.9837540581287234
2024-08-02,PROP016,103,100,3,0.9728944518649734
2024-08-03,PROP016,103,99,4,0.9673165704907948
2024-08-04,PROP016,103,101,2,0.9871217766858389
2024-08-05,PROP016,103,99,4,0.968118300535221
2024-08-06,PROP016,103,101,2,0.9821554855498784
2024-08-07,PROP016,103,103,0,1.0
2024-08-08,PROP016,103,103,0,1.0
2024-08-09,PROP016,103,100,3,0.9737577951335068
2024-08-10,PROP016,103,101,2,0.9891490404734387
2024-08-11,PROP016,103,101,2,0.9831475542359268
2024-08-12,PROP016,103,102,1,0.9992119087750567
2024-08-13,PROP016,103,100,3,0.9750417382426546
2024-08-14,PROP016,103,99,4,0.9643325999449092
2024-08-15,PROP016,103,99,4,0.9706869519088691
2024-08-16,PROP016,103,100,3,0.9781654157183884
2024-08-17,PROP016,103,100,3,0.976813348862432
2024-08-18,PROP016,103,102,1,0.9958390204365279
2024-08-19,PROP016,103,102,1,0.991406930317166
2024-08-20,PROP016,103,100,3,0.9761667564562083
2024-08-21,PROP016,103,101,2,0.982494256358261
2024-08-22,PROP016,103,99,4,0.9680068678299458
2024-08-23,PROP016,103,103,0,1.0
2024-08-24,PROP016,103,103,0,1.0
2024-08-25,PROP016,103,103,0,1.0
2024-08-26,PROP016,103,102,1,0.998926616903046
2024-08-27,PROP016,103,100,3,0.9711429391794615
2024-08-28,PROP016,103,99,4,0.9660323629996777
2024-08-29,PROP016,103,101,2,0.9873683727681194
2024-08-30,PROP016,103,103,0,1.0
2024-08-31,PROP016,103,100,3,0.9712785581380022
2024-09-01,PROP016,103,96,7,0.9358006521884729
2024-09-02,PROP016,103,99,4,0.967738777444797
2024-09-03,PROP016,103,96,7,0.9385907629749766
2024-09-04,PROP016,103,98,5,0.9520671768799084
2024-09-05,PROP016,103,99,4,0.9626744290910586
2024-09-06,PROP016,103,97,6,0.9449908390217544
2024-09-07,PROP016,103,96,7,0.9388774381413763
2024-09-08,PROP016,103,99,4,0.9663197847417403
2024-09-09,PROP016,103,98,5,0.9607259389989888
2024-09-10,PROP016,103,100,3,0.9750585549829794
2024-09-11,PROP016,103,97,6,0.9492912569363056
2024-09-12,PROP016,103,96,7,0.9379894310551152
2024-09-13,PROP016,103,99,4,0.964892937016919
2024-09-14,PROP016,103,98,5,0.956388272357637
2024-09-15,PROP016,103,97,6,0.9440470928590726
2024-09-16,PROP016,103,99,4,0.9667880951636976
2024-09-17,PROP016,103,97,6,0.9436691550375049
2024-09-18,PROP016,103,97,6,0.9459454017968246
2024-09-19,PROP016,103,96,7,0.939220077778176
2024-09-20,PROP016,103,98,5,0.9514962267647413
2024-09-21,PROP016,103,98,5,0.952276104561004
2024-09-22,PROP016,103,98,5,0.9561014072174392
2024-09-23,PROP016,103,99,4,0.9638775062884583
2024-09-24,PROP016,103,100,3,0.9717629727507242
2024-09-25,PROP016,103,96,7,0.9410282995590196
2024-09-26,PROP016,103,96,7,0.9376928595374535
2024-09-27,PROP016,103,96,7,0.9362601849472806
2024-09-28,PROP016,103,96,7,0.9412637907262599
2024-09-29,PROP016,103,99,4,0.9618369150347722
2024-09-30,PROP016,103,99,4,0.964618018723367
2024-10-01,PROP016,103,99,4,0.9669791641446321
2024-10-02,PROP016,103,97,6,0.9452672640796809
2024-10-03,PROP016,103,97,6,0.947754728133968
2024-10-04,PROP016,103,98,5,0.9548443214261272
2024-10-05,PROP016,103,96,7,0.9380462594779163
2024-10-06,PROP016,103,98,5,0.9599645965319571
2024-10-07,PROP016,103,100,3,0.9748683369505375
2024-10-08,PROP016,103,97,6,0.9499511880586273
2024-10-09,PROP016,103,99,4,0.9656328346071625
2024-10-10,PROP016,103,98,5,0.9555202922262915
2024-10-11,PROP016,103,96,7,0.9406314093779226
2024-10-12,PROP016,103,98,5,0.9588084335556106
2024-10-13,PROP016,103,97,6,0.9475139063412698
2024-10-14,PROP016,103,96,7,0.9368950639416456
2024-10-15,PROP016,103,98,5,0.960916124808217
2024-10-16,PROP016,103,99,4,0.9698762295764963
2024-10-17,PROP016,103,97,6,0.9493097262795022
2024-10-18,PROP016,103,97,6,0.951130757492018
2024-10-19,PROP016,103,100,3,0.9711598029221956
2024-10-20,PROP016,103,99,4,0.9680632881382014
2024-10-21,PROP016,103,99,4,0.9641170485455783
2024-10-22,PROP016,103,97,6,0.9454708181536331
2024-10-23,PROP016,103,100,3,0.971927601802173
2024-10-24,PROP016,103,96,7,0.9416955659050757
2024-10-25,PROP016,103,98,5,0.9605897563801961
2024-10-26,PROP016,103,96,7,0.936670982825368
2024-10-27,PROP016,103,99,4,0.961267727856505
2024-10-28,PROP016,103,97,6,0.9466047096784416
2024-10-29,PROP016,103,98,5,0.953506014690856
2024-10-30,PROP016,103,97,6,0.9493295176857893
2024-10-31,PROP016,103,97,6,0.9424292058533555
2024-11-01,PROP016,103,95,8,0.9317325991391568
2024-11-02,PROP016,103,97,6,0.9421323897410262
2024-11-03,PROP016,103,97,6,0.9452167372266981
2024-11-04,PROP016,103,94,9,0.9145472220615586
2024-11-05,PROP016,103,96,7,0.9355482784979209
2024-11-06,PROP016,103,96,7,0.9334269421996292
2024-11-07,PROP016,103,94,9,0.9205884791183848
2024-11-08,PROP016,103,93,10,0.9076173355095509
2024-11-09,PROP016,103,96,7,0.9344450174279165
2024-11-10,PROP016,103,97,6,0.944673161957782
2024-11-11,PROP016,103,96,7,0.932138172412028
2024-11-12,PROP016,103,95,8,0.9242650765029073
2024-11-13,PROP016,103,95,8,0.9278595232998671
2024-11-14,PROP016,103,94,9,0.9148385198417986
2024-11-15,PROP016,103,96,7,0.9368751340855515
2024-11-16,PROP016,103,96,7,0.9367101607357959
2024-11-17,PROP016,103,94,9,0.912674059550899
2024-11-18,PROP016,103,97,6,0.9419725028353882
2024-11-19,PROP016,103,94,9,0.9176209571143341
2024-11-20,PROP016,103,97,6,0.9461436099728665
2024-11-21,PROP016,103,94,9,0.9221694880968918
2024-11-22,PROP016,103,94,9,0.913968729884782
2024-11-23,PROP016,103,94,9,0.920922171989228
2024-11-24,PROP016,103,95,8,0.9244605806832896
2024-11-25,PROP016,103,93,10,0.9096256784569338
2024-11-26,PROP016,103,95,8,0.9299821027843335
2024-11-27,PROP016,103,95,8,0.9307586651301579
2024-11-28,PROP016,103,96,7,0.9364105857493809
2024-11-29,PROP016,103,93,10,0.9080201632270316
2024-11-30,PROP016,103,95,8,0.9285028961127552
2024-12-01,PROP016,103,93,10,0.9089696648662285
2024-12-02,PROP016,103,96,7,0.9348991363340681
2024-12-03,PROP016,103,93,10,0.9090824869634413
2024-12-04,PROP016,103,97,6,0.9433224814690673
2024-12-05,PROP016,103,96,7,0.9349366702107818
2024-12-06,PROP016,103,95,8,0.9271489581388083
2024-12-07,PROP016,103,95,8,0.9245135244666489
2024-12-08,PROP016,103,93,10,0.9120802727519324
2024-12-09,PROP016,103,94,9,0.9184933431179885
2024-12-10,PROP016,103,96,7,0.9416117317362378
2024-12-11,PROP016,103,97,6,0.9430314799979017
2024-12-12,PROP016,103,93,10,0.9068832758702232
2024-12-13,PROP016,103,95,8,0.930618823194504
2024-12-14,PROP016,103,96,7,0.9356253918964065
2024-12-15,PROP016,103,95,8,0.9316032468337062
2024-12-16,PROP016,103,93,10,0.9101205581300561
2024-12-17,PROP016,103,94,9,0.915562363487358
2024-12-18,PROP016,103,94,9,0.9168669782306573
2024-12-19,PROP016,103,96,7,0.9401223527876055
2024-12-20,PROP016,103,95,8,0.9253813449877587
2024-12-21,PROP016,103,95,8,0.9263264960130514
2024-12-22,PROP016,103,97,6,0.9442490893975822
2024-12-23,PROP016,103,96,7,0.9323368030895905
2024-12-24,PROP016,103,97,6,0.9428000755975084
2024-12-25,PROP016,103,95,8,0.9251137217490633
2024-12-26,PROP016,103,94,9,0.9128308178761337
2024-12-27,PROP016,103,97,6,0.9440507912983653
2024-12-28,PROP016,103,95,8,0.9252015721621034
2024-12-29,PROP016,103,94,9,0.9141186244105548
2024-12-30,PROP016,103,94,9,0.9189491971475588
2024-12-31,PROP016,103,93,10,0.9088854711229596
2025-01-01,PROP016,103,95,8,0.9255853911936573
2025-01-02,PROP016,103,96,7,0.9409784944118114
2025-01-03,PROP016,103,97,6,0.9441965857756695
2025-01-04,PROP016,103,97,6,0.9441574558355477
2025-01-05,PROP016,103,93,10,0.9118625685605518
2025-01-06,PROP016,103,94,9,0.9221355228358442
2025-01-07,PROP016,103,93,10,0.9079825179214301
2025-01-08,PROP016,103,96,7,0.9410599813342608
2025-01-09,PROP016,103,94,9,0.9212035980162528
2025-01-10,PROP016,103,96,7,0.9320980486510914
2025-01-11,PROP016,103,96,7,0.9354493050584934
2025-01-12,PROP016,103,95,8,0.9240471543251282
2025-01-13,PROP016,103,94,9,0.9191110609974117
2025-01-14,PROP016,103,97,6,0.9453418839400397
2025-01-15,PROP016,103,97,6,0.9454328965363561
2025-01-16,PROP016,103,94,9,0.9184308222566028
2025-01-17,PROP016,103,95,8,0.9260383714051803
2025-01-18,PROP016,103,97,6,0.9457671338818028
2025-01-19,PROP016,103,93,10,0.907048103841622
2025-01-20,PROP016,103,95,8,0.9233604974705679
2025-01-21,PROP016,103,93,10,0.9108716695226406
2025-01-22,PROP016,103,95,8,0.9272196861579061
2025-01-23,PROP016,103,93,10,0.9078401657170214
2025-01-24,PROP016,103,95,8,0.9231293047910271
2025-01-25,PROP016,103,94,9,0.9156813305268153
2025-01-26,PROP016,103,95,8,0.9281857020337516
2025-01-27,PROP016,103,97,6,0.9466931134994299
2025-01-28,PROP016,103,96,7,0.9388748117404718
2025-01-29,PROP016,103,96,7,0.9406790512003788
2025-01-30,PROP016,103,96,7,0.9322639670297652
2025-01-31,PROP016,103,93,10,0.9085157614662923
2024-02-01,PROP017,111,98,13,0.8918183033831795
2024-02-02,PROP017,111,96,15,0.8694602458424473
2024-02-03,PROP017,111,95,16,0.8589611901845291
2024-02-04,PROP017,111,98,13,0.8829119357599453
2024-02-05,PROP017,111,96,15,0.8667940300826674
2024-02-06,PROP017,111,96,15,0.8655699976414641
2024-02-07,PROP017,111,99,12,0.8947348193476277
2024-02-08,PROP017,111,98,13,0.8891412781263635
2024-02-09,PROP017,111,96,15,0.871133233860011
2024-02-10,PROP017,111,99,12,0.8940261694379572
2024-02-11,PROP017,111,97,14,0.8808202500620658
2024-02-12,PROP017,111,98,13,0.8844966192004877
2024-02-13,PROP017,111,95,16,0.8560762428485857
2024-02-14,PROP017,111,95,16,0.8596799314992195
2024-02-15,PROP017,111,97,14,0.8801391261851468
2024-02-16,PROP017,111,98,13,0.8907766804312767
2024-02-17,PROP017,111,97,14,0.8797654701688011
2024-02-18,PROP017,111,95,16,0.860176716898057
2024-02-19,PROP017,111,95,16,0.8594461229751502
2024-02-20,PROP017,111,98,13,0.8885831569582605
2024-02-21,PROP017,111,95,16,0.8603878146736138
2024-02-22,PROP017,111,97,14,0.8756249995454582
2024-02-23,PROP017,111,95,16,0.8563002539237894
2024-02-24,PROP017,111,95,16,0.8580425118209444
2024-02-25,PROP017,111,97,14,0.8817096518310119
2024-02-26,PROP017,111,97,14,0.8823829775423979
2024-02-27,PROP017,111,96,15,0.868474497389635
2024-02-28,PROP017,111,95,16,0.863440111735019
2024-02-29,PROP017,111,98,13,0.8873641319555896
2024-03-01,PROP017,111,95,16,0.8634998503040929
2024-03-02,PROP017,111,97,14,0.8764968039119525
2024-03-03,PROP017,111,99,12,0.8935440747598135
2024-03-04,PROP017,111,95,16,0.8607298186397926
2024-03-05,PROP017,111,99,12,0.8924507718250856
2024-03-06,PROP017,111,95,16,0.862131443248044
2024-03-07,PROP017,111,97,14,0.8775134494462264
2024-03-08,PROP017,111,96,15,0.8698960296036471
2024-03-09,PROP017,111,99,12,0.8934128651853703
2024-03-10,PROP017,111,96,15,0.8657574022853748
2024-03-11,PROP017,111,96,15,0.8708020412087274
2024-03-12,PROP017,111,99,12,0.8941301258395141
2024-03-13,PROP017,111,97,14,0.8762745367728362
2024-03-14,PROP017,111,97,14,0.8749209257501473
2024-03-15,PROP017,111,96,15,0.8651268606534569
2024-03-16,PROP017,111,97,14,0.8828702635377149
2024-03-17,PROP017,111,94,17,0.8553906391964083
2024-03-18,PROP017,111,95,16,0.856796226313389
2024-03-19,PROP017,111,97,14,0.8787900646107294
2024-03-20,PROP017,111,96,15,0.8684827040780354
2024-03-21,PROP017,111,99,12,0.8929483760133357
2024-03-22,PROP017,111,98,13,0.8909433487542087
2024-03-23,PROP017,111,98,13,0.8833639714723656
2024-03-24,PROP017,111,98,13,0.8875415443704093
2024-03-25,PROP017,111,97,14,0.881508995112005
2024-03-26,PROP017,111,95,16,0.8598390052337037
2024-03-27,PROP017,111,98,13,0.8854374559128654
2024-03-28,PROP017,111,95,16,0.8632233998740512
2024-03-29,PROP017,111,96,15,0.8677534353293052
2024-03-30,PROP017,111,98,13,0.8875850896093941
2024-03-31,PROP017,111,97,14,0.8762767454610352
2024-04-01,PROP017,111,98,13,0.8892133496926337
2024-04-02,PROP017,111,95,16,0.8633371339190278
2024-04-03,PROP017,111,97,14,0.8791268586695727
2024-04-04,PROP017,111,95,16,0.8581673600272277
2024-04-05,PROP017,111,97,14,0.8805381608668984
2024-04-06,PROP017,111,98,13,0.8853170826363187
2024-04-07,PROP017,111,97,14,0.8782129568844461
2024-04-08,PROP017,111,96,15,0.8654649811852497
2024-04-09,PROP017,111,95,16,0.8560694278796519
2024-04-10,PROP017,111,95,16,0.8595936764838686
2024-04-11,PROP017,111,97,14,0.8797078402882583
2024-04-12,PROP017,111,99,12,0.8921925297989978
2024-04-13,PROP017,111,95,16,0.8630770972841775
2024-04-14,PROP017,111,98,13,0.8842167670895013
2024-04-15,PROP017,111,98,13,0.8894737636552589
2024-04-16,PROP017,111,97,14,0.8756510082631977
2024-04-17,PROP017,111,97,14,0.8815863529590435
2024-04-18,PROP017,111,98,13,0.8874163337923432
2024-04-19,PROP017,111,96,15,0.865242727434921
2024-04-20,PROP017,111,96,15,0.866691548096019
2024-04-21,PROP017,111,94,17,0.8548408217904355
2024-04-22,PROP017,111,99,12,0.8933394863612094
2024-04-23,PROP017,111,98,13,0.891517516909151
2024-04-24,PROP017,111,98,13,0.8853984516756744
2024-04-25,PROP017,111,95,16,0.8579787619643632
2024-04-26,PROP017,111,96,15,0.8727158367132776
2024-04-27,PROP017,111,95,16,0.8588913912841594
2024-04-28,PROP017,111,94,17,0.8554525318158092
2024-04-29,PROP017,111,97,14,0.8794630397338011
2024-04-30,PROP017,111,99,12,0.8932488978085048
2024-05-01,PROP017,111,101,10,0.9171749136963423
2024-05-02,PROP017,111,100,11,0.9089303853564724
2024-05-03,PROP017,111,98,13,0.8849258161256511
2024-05-04,PROP017,111,99,12,0.8920267542659482
2024-05-05,PROP017,111,99,12,0.8938624618344679
2024-05-06,PROP017,111,101,10,0.9115861950688787
2024-05-07,PROP017,111,101,10,0.9131501599284608
2024-05-08,PROP017,111,99,12,0.896464437678653
2024-05-09,PROP017,111,99,12,0.8977755526237606
2024-05-10,PROP017,111,97,14,0.8828405543301031
2024-05-11,PROP017,111,99,12,0.8926256614958067
2024-05-12,PROP017,111,99,12,0.8991115998461618
2024-05-13,PROP017,111,98,13,0.8857395146144665
2024-05-14,PROP017,111,99,12,0.8991908911892571
2024-05-15,PROP017,111,101,10,0.9151872252493682
2024-05-16,PROP017,111,100,11,0.9043130335480584
2024-05-17,PROP017,111,98,13,0.8842173869605927
2024-05-18,PROP017,111,98,13,0.8887270455122672
2024-05-19,PROP017,111,99,12,0.9000419667653985
2024-05-20,PROP017,111,99,12,0.8955196787519287
2024-05-21,PROP017,111,99,12,0.8954092735409002
2024-05-22,PROP017,111,100,11,0.9022308906847999
2024-05-23,PROP017,111,100,11,0.9044360296226346
2024-05-24,PROP017,111,101,10,0.9129346555701039
2024-05-25,PROP017,111,99,12,0.8946988552975557
2024-05-26,PROP017,111,101,10,0.9132788440806797
2024-05-27,PROP017,111,99,12,0.8946046419235616
2024-05-28,PROP017,111,98,13,0.8832775123167056
2024-05-29,PROP017,111,100,11,0.9032276987992479
2024-05-30,PROP017,111,100,11,0.9045762857548488
2024-05-31,PROP017,111,101,10,0.9184418025839306
2024-06-01,PROP017,111,101,10,0.9101026458015552
2024-06-02,PROP017,111,101,10,0.9177710988588338
2024-06-03,PROP017,111,101,10,0.9173940811687766
2024-06-04,PROP017,111,100,11,0.905243157169386
2024-06-05,PROP017,111,100,11,0.9021706753725142
2024-06-06,PROP017,111,100,11,0.9033578314456002
2024-06-07,PROP017,111,102,9,0.9201934250661462
2024-06-08,PROP017,111,101,10,0.9119869004289346
2024-06-09,PROP017,111,98,13,0.8853108289507521
2024-06-10,PROP017,111,101,10,0.9121973290303123
2024-06-11,PROP017,111,98,13,0.8878817147149852
2024-06-12,PROP017,111,99,12,0.8989542147192813
2024-06-13,PROP017,111,98,13,0.8894785796461177
2024-06-14,PROP017,111,100,11,0.9086435153803855
2024-06-15,PROP017,111,101,10,0.9161525822067776
2024-06-16,PROP017,111,99,12,0.8926746681737234
2024-06-17,PROP017,111,98,13,0.8843406224073838
2024-06-18,PROP017,111,99,12,0.8929999166820548
2024-06-19,PROP017,111,100,11,0.907954667076344
2024-06-20,PROP017,111,99,12,0.8942105978612342
2024-06-21,PROP017,111,99,12,0.8921846794612084
2024-06-22,PROP017,111,98,13,0.8884376003824268
2024-06-23,PROP017,111,100,11,0.9009608498340336
2024-06-24,PROP017,111,99,12,0.8920981458853438
2024-06-25,PROP017,111,101,10,0.9103006067246355
2024-06-26,PROP017,111,98,13,0.8841250888387443
2024-06-27,PROP017,111,100,11,0.907621514083509
2024-06-28,PROP017,111,98,13,0.890562593341767
2024-06-29,PROP017,111,99,12,0.9006313632011204
2024-06-30,PROP017,111,99,12,0.8925037896403066
2024-07-01,PROP017,111,101,10,0.9099709397994881
2024-07-02,PROP017,111,101,10,0.9188724743691217
2024-07-03,PROP017,111,101,10,0.9177432639378488
2024-07-04,PROP017,111,100,11,0.9043972413648199
2024-07-05,PROP017,111,99,12,0.8995646048893354
2024-07-06,PROP017,111,101,10,0.9137922131366315
2024-07-07,PROP017,111,100,11,0.9083932472641655
2024-07-08,PROP017,111,98,13,0.8884027573277335
2024-07-09,PROP017,111,101,10,0.9138969613035762
2024-07-10,PROP017,111,99,12,0.8982155683348446
2024-07-11,PROP017,111,98,13,0.8886196191579032
2024-07-12,PROP017,111,99,12,0.8923320867749159
2024-07-13,PROP017,111,98,13,0.89176127396899
2024-07-14,PROP017,111,100,11,0.9018284717431947
2024-07-15,PROP017,111,98,13,0.8904349963861713
2024-07-16,PROP017,111,98,13,0.8860028522551193
2024-07-17,PROP017,111,98,13,0.8860078267836067
2024-07-18,PROP017,111,100,11,0.9043912406446201
2024-07-19,PROP017,111,101,10,0.9104505643130314
2024-07-20,PROP017,111,99,12,0.8939215131125898
2024-07-21,PROP017,111,97,14,0.882446221151617
2024-07-22,PROP017,111,98,13,0.8861491882365367
2024-07-23,PROP017,111,101,10,0.9176479751725385
2024-07-24,PROP017,111,99,12,0.9008019391426344
2024-07-25,PROP017,111,99,12,0.8992031051436632
2024-07-26,PROP017,111,97,14,0.8825821598914598
2024-07-27,PROP017,111,101,10,0.9102056736517322
2024-07-28,PROP017,111,100,11,0.9021829159963394
2024-07-29,PROP017,111,98,13,0.8891434302025171
2024-07-30,PROP017,111,98,13,0.8854631431662985
2024-07-31,PROP017,111,99,12,0.8963957073043362
2024-08-01,PROP017,111,101,10,0.9145466713268573
2024-08-02,PROP017,111,101,10,0.9156719751270972
2024-08-03,PROP017,111,100,11,0.9051740479748817
2024-08-04,PROP017,111,101,10,0.910161649848262
2024-08-05,PROP017,111,98,13,0.8856664242551711
2024-08-06,PROP017,111,100,11,0.9045852353777705
2024-08-07,PROP017,111,100,11,0.9077388208985435
2024-08-08,PROP017,111,98,13,0.8890887064756079
2024-08-09,PROP017,111,101,10,0.9162663820754666
2024-08-10,PROP017,111,98,13,0.888860062259897
2024-08-11,PROP017,111,99,12,0.8935992871529143
2024-08-12,PROP017,111,100,11,0.9058824666399946
2024-08-13,PROP017,111,100,11,0.9065941953642854
2024-08-14,PROP017,111,100,11,0.909035582398551
2024-08-15,PROP017,111,98,13,0.8855406612817844
2024-08-16,PROP017,111,101,10,0.9150387699561985
2024-08-17,PROP017,111,100,11,0.9023740780503866
2024-08-18,PROP017,111,99,12,0.899913064523259
2024-08-19,PROP017,111,102,9,0.9203040977395966
2024-08-20,PROP017,111,101,10,0.910675324636697
2024-08-21,PROP017,111,98,13,0.8857804338238312
2024-08-22,PROP017,111,101,10,0.9113217594481059
2024-08-23,PROP017,111,98,13,0.884870150117971
2024-08-24,PROP017,111,97,14,0.8821590152595756
2024-08-25,PROP017,111,99,12,0.8972052285698521
2024-08-26,PROP017,111,102,9,0.9208033196718249
2024-08-27,PROP017,111,98,13,0.8880555502068508
2024-08-28,PROP017,111,100,11,0.9079659665001278
2024-08-29,PROP017,111,98,13,0.887996035407301
2024-08-30,PROP017,111,101,10,0.9100516717573917
2024-08-31,PROP017,111,100,11,0.9012743394885693
2024-09-01,PROP017,111,97,14,0.8820145895288724
2024-09-02,PROP017,111,95,16,0.8629306481618666
2024-09-03,PROP017,111,98,13,0.8846408544261174
2024-09-04,PROP017,111,99,12,0.8946404835102055
2024-09-05,PROP017,111,97,14,0.8814417411503357
2024-09-06,PROP017,111,97,14,0.8745549210482124
2024-09-07,PROP017,111,98,13,0.8917426806700679
2024-09-08,PROP017,111,94,17,0.8554497948145723
2024-09-09,PROP017,111,98,13,0.8840126618967301
2024-09-10,PROP017,111,98,13,0.8903655817978497
2024-09-11,PROP017,111,95,16,0.8572827044701355
2024-09-12,PROP017,111,96,15,0.8728182879419276
2024-09-13,PROP017,111,95,16,0.8630044992832973
2024-09-14,PROP017,111,97,14,0.8774764477488105
2024-09-15,PROP017,111,97,14,0.8807974394694437
2024-09-16,PROP017,111,96,15,0.8669206484424474
2024-09-17,PROP017,111,96,15,0.8732149879124212
2024-09-18,PROP017,111,96,15,0.8659893005363597
2024-09-19,PROP017,111,96,15,0.8695913677035018
2024-09-20,PROP017,111,95,16,0.8611973193928342
2024-09-21,PROP017,111,98,13,0.8902380988687225
2024-09-22,PROP017,111,94,17,0.8552161375476627
2024-09-23,PROP017,111,98,13,0.8901120885830488
2024-09-24,PROP017,111,97,14,0.8776828762592868
2024-09-25,PROP017,111,96,15,0.868082034892378
2024-09-26,PROP017,111,98,13,0.8837380061437105
2024-09-27,PROP017,111,97,14,0.8751258071998038
2024-09-28,PROP017,111,97,14,0.8747800674496016
2024-09-29,PROP017,111,95,16,0.859221412442056
2024-09-30,PROP017,111,96,15,0.8703963621631136
2024-10-01,PROP017,111,95,16,0.8644582949595667
2024-10-02,PROP017,111,94,17,0.8554435573491485
2024-10-03,PROP017,111,96,15,0.8692197063565817
2024-10-04,PROP017,111,95,16,0.8584086063023214
2024-10-05,PROP017,111,96,15,0.8650889226343047
2024-10-06,PROP017,111,95,16,0.858516385972621
2024-10-07,PROP017,111,95,16,0.8588533861475532
2024-10-08,PROP017,111,95,16,0.8627761729019048
2024-10-09,PROP017,111,99,12,0.8948096909047533
2024-10-10,PROP017,111,94,17,0.8549030868395873
2024-10-11,PROP017,111,97,14,0.8803626265701134
2024-10-12,PROP017,111,95,16,0.8604654690463596
2024-10-13,PROP017,111,98,13,0.8916408465937283
2024-10-14,PROP017,111,95,16,0.8585610368586424
2024-10-15,PROP017,111,99,12,0.8930182486103467
2024-10-16,PROP017,111,97,14,0.8792527766246364
2024-10-17,PROP017,111,94,17,0.8548664442019168
2024-10-18,PROP017,111,98,13,0.8905760090419695
2024-10-19,PROP017,111,97,14,0.875684193179974
2024-10-20,PROP017,111,96,15,0.8653225105385166
2024-10-21,PROP017,111,98,13,0.8855068882259225
2024-10-22,PROP017,111,98,13,0.8918823432807721
2024-10-23,PROP017,111,97,14,0.8741633540511691
2024-10-24,PROP017,111,96,15,0.8674378601030217
2024-10-25,PROP017,111,98,13,0.8863735260826944
2024-10-26,PROP017,111,97,14,0.8820871410368355
2024-10-27,PROP017,111,98,13,0.8903658204753082
2024-10-28,PROP017,111,97,14,0.882516281635745
2024-10-29,PROP017,111,95,16,0.8645568546812787
2024-10-30,PROP017,111,99,12,0.8920820911156581
2024-10-31,PROP017,111,95,16,0.8590091510135369
2024-11-01,PROP017,111,93,18,0.8392889594958122
2024-11-02,PROP017,111,94,17,0.8493790338004937
2024-11-03,PROP017,111,94,17,0.8512009305343743
2024-11-04,PROP017,111,92,19,0.8291836729566145
2024-11-05,PROP017,111,95,16,0.8597941585243759
2024-11-06,PROP017,111,93,18,0.8430355422285538
2024-11-07,PROP017,111,93,18,0.8448279911316238
2024-11-08,PROP017,111,95,16,0.8609460312690161
2024-11-09,PROP017,111,93,18,0.84374258516064
2024-11-10,PROP017,111,92,19,0.8304602445513285
2024-11-11,PROP017,111,92,19,0.8356288403103523
2024-11-12,PROP017,111,96,15,0.8668073763870656
2024-11-13,PROP017,111,92,19,0.8313874639876389
2024-11-14,PROP017,111,93,18,0.842768497530259
2024-11-15,PROP017,111,94,17,0.8486984161735921
2024-11-16,PROP017,111,94,17,0.8483024825850807
2024-11-17,PROP017,111,91,20,0.828729647212024
2024-11-18,PROP017,111,94,17,0.8486177587498379
2024-11-19,PROP017,111,93,18,0.8439221478106347
2024-11-20,PROP017,111,96,15,0.8674544229105206
2024-11-21,PROP017,111,92,19,0.8349376128512914
2024-11-22,PROP017,111,93,18,0.8427374173619181
2024-11-23,PROP017,111,93,18,0.8453505088951311
2024-11-24,PROP017,111,93,18,0.8441989909755763
2024-11-25,PROP017,111,94,17,0.8552044825976128
2024-11-26,PROP017,111,92,19,0.8371917637934491
2024-11-27,PROP017,111,92,19,0.837414111604098
2024-11-28,PROP017,111,95,16,0.8577396874315724
2024-11-29,PROP017,111,94,17,0.8485828702386655
2024-11-30,PROP017,111,93,18,0.8451774765338307
2024-12-01,PROP017,111,92,19,0.8353393715586284
2024-12-02,PROP017,111,92,19,0.836072338408025
2024-12-03,PROP017,111,92,19,0.8289933149641743
2024-12-04,PROP017,111,92,19,0.8322283002460067
2024-12-05,PROP017,111,94,17,0.850844797279148
2024-12-06,PROP017,111,95,16,0.8642461746918747
2024-12-07,PROP017,111,93,18,0.8400578400967605
2024-12-08,PROP017,111,93,18,0.8416811385273834
2024-12-09,PROP017,111,92,19,0.8331954739159988
2024-12-10,PROP017,111,93,18,0.8441164873158223
2024-12-11,PROP017,111,92,19,0.8300601176743114
2024-12-12,PROP017,111,96,15,0.8652752773420143
2024-12-13,PROP017,111,94,17,0.8554957034165195
2024-12-14,PROP017,111,96,15,0.868201201867267
2024-12-15,PROP017,111,95,16,0.8638841759986781
2024-12-16,PROP017,111,94,17,0.8474908732394644
2024-12-17,PROP017,111,94,17,0.8493586507375533
2024-12-18,PROP017,111,92,19,0.836194291352226
2024-12-19,PROP017,111,94,17,0.8470528232051205
2024-12-20,PROP017,111,95,16,0.8646923644312507
2024-12-21,PROP017,111,92,19,0.8306053864369711
2024-12-22,PROP017,111,95,16,0.8631135216114707
2024-12-23,PROP017,111,93,18,0.8422091615572427
2024-12-24,PROP017,111,95,16,0.8645517600953907
2024-12-25,PROP017,111,96,15,0.8662064457451977
2024-12-26,PROP017,111,94,17,0.8554058449716145
2024-12-27,PROP017,111,94,17,0.8551482009552454
2024-12-28,PROP017,111,93,18,0.8466814229998879
2024-12-29,PROP017,111,95,16,0.8619928584732865
2024-12-30,PROP017,111,96,15,0.8670357598288696
2024-12-31,PROP017,111,95,16,0.859574521505103
2025-01-01,PROP017,111,94,17,0.8534487188418066
2025-01-02,PROP017,111,94,17,0.8528429653243917
2025-01-03,PROP017,111,95,16,0.8625500455548848
2025-01-04,PROP017,111,94,17,0.8502194001223902
2025-01-05,PROP017,111,95,16,0.8607256449414912
2025-01-06,PROP017,111,94,17,0.8489266596985081
2025-01-07,PROP017,111,92,19,0.8310690204904952
2025-01-08,PROP017,111,93,18,0.8439291298477045
2025-01-09,PROP017,111,93,18,0.8463488877983982
2025-01-10,PROP017,111,92,19,0.8342359392910029
2025-01-11,PROP017,111,92,19,0.8326711026591068
2025-01-12,PROP017,111,94,17,0.8499898474778165
2025-01-13,PROP017,111,92,19,0.8319769949537815
2025-01-14,PROP017,111,93,18,0.8406890562071416
2025-01-15,PROP017,111,95,16,0.8583551285300614
2025-01-16,PROP017,111,96,15,0.8671485366742575
2025-01-17,PROP017,111,95,16,0.8572860727136155
2025-01-18,PROP017,111,96,15,0.8682762714296531
2025-01-19,PROP017,111,95,16,0.8565047683427144
2025-01-20,PROP017,111,93,18,0.8403230283177113
2025-01-21,PROP017,111,94,17,0.8554533511117528
2025-01-22,PROP017,111,95,16,0.8566575200994144
2025-01-23,PROP017,111,93,18,0.8434403288761967
2025-01-24,PROP017,111,92,19,0.8292798035159138
2025-01-25,PROP017,111,95,16,0.8566992408825578
2025-01-26,PROP017,111,92,19,0.82943925330256
2025-01-27,PROP017,111,94,17,0.8538187726139411
2025-01-28,PROP017,111,92,19,0.8351159090412404
2025-01-29,PROP017,111,94,17,0.85119539060146
2025-01-30,PROP017,111,94,17,0.8487277705067623
2025-01-31,PROP017,111,92,19,0.8291117951837856
2024-02-01,PROP018,130,116,14,0.8975875447352645
2024-02-02,PROP018,130,117,13,0.9074881601153636
2024-02-03,PROP018,130,118,12,0.9090895825928731
2024-02-04,PROP018,130,116,14,0.8928978968407413
2024-02-05,PROP018,130,117,13,0.9026807975313899
2024-02-06,PROP018,130,115,15,0.8862020811007507
2024-02-07,PROP018,130,115,15,0.8872313542697586
2024-02-08,PROP018,130,114,16,0.8813224388067049
2024-02-09,PROP018,130,116,14,0.896021822439142
2024-02-10,PROP018,130,115,15,0.886126464076507
2024-02-11,PROP018,130,113,17,0.8769187338969525
2024-02-12,PROP018,130,117,13,0.9009441415059395
2024-02-13,PROP018,130,117,13,0.9018540263436283
2024-02-14,PROP018,130,115,15,0.8879435947905747
2024-02-15,PROP018,130,113,17,0.8766128340176533
2024-02-16,PROP018,130,115,15,0.8905958067355494
2024-02-17,PROP018,130,115,15,0.891237316361421
2024-02-18,PROP018,130,117,13,0.9002907334353281
2024-02-19,PROP018,130,115,15,0.8861605536897597
2024-02-20,PROP018,130,117,13,0.9008478692306646
2024-02-21,PROP018,130,118,12,0.9084034397097079
2024-02-22,PROP018,130,114,16,0.8830433397339004
2024-02-23,PROP018,130,118,12,0.9127006802842084
2024-02-24,PROP018,130,115,15,0.8889986235248847
2024-02-25,PROP018,130,114,16,0.8842342454452948
2024-02-26,PROP018,130,115,15,0.8904043453398239
2024-02-27,PROP018,130,114,16,0.8773197970755667
2024-02-28,PROP018,130,114,16,0.878572134299897
2024-02-29,PROP018,130,115,15,0.8901212599181456
2024-03-01,PROP018,130,117,13,0.9040416789169764
2024-03-02,PROP018,130,118,12,0.909556387622392
2024-03-03,PROP018,130,117,13,0.9001366176680632
2024-03-04,PROP018,130,114,16,0.8777526802489392
2024-03-05,PROP018,130,117,13,0.9004246885266338
2024-03-06,PROP018,130,116,14,0.8989610148675312
2024-03-07,PROP018,130,117,13,0.9057744547711456
2024-03-08,PROP018,130,117,13,0.9065538447054996
2024-03-09,PROP018,130,118,12,0.9082720210705715
2024-03-10,PROP018,130,115,15,0.8901091586225763
2024-03-11,PROP018,130,117,13,0.9014584738534981
2024-03-12,PROP018,130,114,16,0.8842739123963048
2024-03-13,PROP018,130,118,12,0.9135173492387525
2024-03-14,PROP018,130,114,16,0.8805572676944867
2024-03-15,PROP018,130,113,17,0.8739484753058459
2024-03-16,PROP018,130,114,16,0.8794962466201394
2024-03-17,PROP018,130,117,13,0.9045787896211774
2024-03-18,PROP018,130,115,15,0.8914152450997408
2024-03-19,PROP018,130,115,15,0.8914439079518295
2024-03-20,PROP018,130,118,12,0.9117448148238791
2024-03-21,PROP018,130,118,12,0.9103292943605353
2024-03-22,PROP018,130,115,15,0.8859916875515728
2024-03-23,PROP018,130,114,16,0.881906223190647
2024-03-24,PROP018,130,117,13,0.907483186436762
2024-03-25,PROP018,130,118,12,0.9097846608811869
2024-03-26,PROP018,130,116,14,0.8952077749513518
2024-03-27,PROP018,130,116,14,0.8987208464840963
2024-03-28,PROP018,130,114,16,0.8838204694271041
2024-03-29,PROP018,130,117,13,0.9055760055585533
2024-03-30,PROP018,130,116,14,0.8988287951773732
2024-03-31,PROP018,130,116,14,0.8936844384913323
2024-04-01,PROP018,130,113,17,0.8759482402825483
2024-04-02,PROP018,130,118,12,0.9101812965398585
2024-04-03,PROP018,130,116,14,0.8981619548547886
2024-04-04,PROP018,130,114,16,0.8812515418271311
2024-04-05,PROP018,130,116,14,0.8977993427187345
2024-04-06,PROP018,130,117,13,0.9006424322090113
2024-04-07,PROP018,130,116,14,0.8945747115067414
2024-04-08,PROP018,130,117,13,0.9022679675576533
2024-04-09,PROP018,130,116,14,0.8968020559565574
2024-04-10,PROP018,130,118,12,0.9114546813206983
2024-04-11,PROP018,130,113,17,0.8756917811833846
2024-04-12,PROP018,130,114,16,0.8777937263781947
2024-04-13,PROP018,130,114,16,0.8804907635175859
2024-04-14,PROP018,130,117,13,0.9011507408635856
2024-04-15,PROP018,130,116,14,0.8993677329494048
2024-04-16,PROP018,130,118,12,0.9092262524478001
2024-04-17,PROP018,130,117,13,0.9028589961547683
2024-04-18,PROP018,130,116,14,0.8938781175419961
2024-04-19,PROP018,130,118,12,0.9132171697379575
2024-04-20,PROP018,130,114,16,0.8841882162861844
2024-04-21,PROP018,130,117,13,0.9068715644308305
2024-04-22,PROP018,130,115,15,0.8906155129271691
2024-04-23,PROP018,130,116,14,0.8994933035944417
2024-04-24,PROP018,130,117,13,0.9026346368575098
2024-04-25,PROP018,130,116,14,0.8988940615270258
2024-04-26,PROP018,130,114,16,0.8791641901637561
2024-04-27,PROP018,130,115,15,0.8912619384693297
2024-04-28,PROP018,130,116,14,0.8960014331567373
2024-04-29,PROP018,130,117,13,0.9075056484065562
2024-04-30,PROP018,130,115,15,0.8912897279913553
2024-05-01,PROP018,130,121,9,0.9371001071727648
2024-05-02,PROP018,130,119,11,0.9179651839016032
2024-05-03,PROP018,130,119,11,0.9223014093511153
2024-05-04,PROP018,130,121,9,0.9322016422983068
2024-05-05,PROP018,130,120,10,0.9236729223574806
2024-05-06,PROP018,130,122,8,0.9387589378759078
2024-05-07,PROP018,130,120,10,0.9267636482011599
2024-05-08,PROP018,130,119,11,0.9212585931432988
2024-05-09,PROP018,130,117,13,0.9012938936918266
2024-05-10,PROP018,130,119,11,0.9168995308838079
2024-05-11,PROP018,130,118,12,0.9123201517510012
2024-05-12,PROP018,130,120,10,0.9302744416960943
2024-05-13,PROP018,130,118,12,0.9086813219867366
2024-05-14,PROP018,130,118,12,0.9085590184723576
2024-05-15,PROP018,130,118,12,0.9079309767100898
2024-05-16,PROP018,130,117,13,0.9053748395068442
2024-05-17,PROP018,130,118,12,0.9127904951274303
2024-05-18,PROP018,130,121,9,0.9357870995583317
2024-05-19,PROP018,130,121,9,0.931347353872833
2024-05-20,PROP018,130,120,10,0.9297602636328665
2024-05-21,PROP018,130,121,9,0.9322436872065932
2024-05-22,PROP018,130,118,12,0.9111269305537777
2024-05-23,PROP018,130,121,9,0.9358478826106943
2024-05-24,PROP018,130,117,13,0.9058423499862589
2024-05-25,PROP018,130,118,12,0.913804044049218
2024-05-26,PROP018,130,120,10,0.9238201397392884
2024-05-27,PROP018,130,117,13,0.9044664185142748
2024-05-28,PROP018,130,120,10,0.9295554224916518
2024-05-29,PROP018,130,119,11,0.9158400569087338
2024-05-30,PROP018,130,121,9,0.9317264416049308
2024-05-31,PROP018,130,119,11,0.9200660664039789
2024-06-01,PROP018,130,117,13,0.9075851959576082
2024-06-02,PROP018,130,120,10,0.9297406874348085
2024-06-03,PROP018,130,118,12,0.9104359732141525
2024-06-04,PROP018,130,119,11,0.9199826270313165
2024-06-05,PROP018,130,117,13,0.9033715457468711
2024-06-06,PROP018,130,120,10,0.9250648811570762
2024-06-07,PROP018,130,120,10,0.9269845256292458
2024-06-08,PROP018,130,119,11,0.9154971833795061
2024-06-09,PROP018,130,122,8,0.9385271261934377
2024-06-10,PROP018,130,121,9,0.9353169718398775
2024-06-11,PROP018,130,120,10,0.9286678516101946
2024-06-12,PROP018,130,120,10,0.9288962979603445
2024-06-13,PROP018,130,118,12,0.9104462835782808
2024-06-14,PROP018,130,120,10,0.9266228242241328
2024-06-15,PROP018,130,118,12,0.9082784655900156
2024-06-16,PROP018,130,117,13,0.9061103439373877
2024-06-17,PROP018,130,122,8,0.9403289307486979
2024-06-18,PROP018,130,120,10,0.9252452522395217
2024-06-19,PROP018,130,119,11,0.9175897298868824
2024-06-20,PROP018,130,118,12,0.9118767958959528
2024-06-21,PROP018,130,120,10,0.9245070327270839
2024-06-22,PROP018,130,117,13,0.9023339553093982
2024-06-23,PROP018,130,117,13,0.9041374546007865
2024-06-24,PROP018,130,117,13,0.9016644828902106
2024-06-25,PROP018,130,119,11,0.9203170083111012
2024-06-26,PROP018,130,120,10,0.9243744801480821
2024-06-27,PROP018,130,117,13,0.9028494054349077
2024-06-28,PROP018,130,120,10,0.9291991936805515
2024-06-29,PROP018,130,118,12,0.9095660178411773
2024-06-30,PROP018,130,120,10,0.9277582731313894
2024-07-01,PROP018,130,122,8,0.9396261005820046
2024-07-02,PROP018,130,120,10,0.9279944497827488
2024-07-03,PROP018,130,121,9,0.9356779370975391
2024-07-04,PROP018,130,121,9,0.9382781552503174
2024-07-05,PROP018,130,119,11,0.9198202569146874
2024-07-06,PROP018,130,120,10,0.9284432141573831
2024-07-07,PROP018,130,121,9,0.9344289851228285
2024-07-08,PROP018,130,118,12,0.9146145714955702
2024-07-09,PROP018,130,118,12,0.9108061076430106
2024-07-10,PROP018,130,121,9,0.9382141578917284
2024-07-11,PROP018,130,120,10,0.9294023549953475
2024-07-12,PROP018,130,118,12,0.9091375003156278
2024-07-13,PROP018,130,119,11,0.9183135506876393
2024-07-14,PROP018,130,121,9,0.9322082857621071
2024-07-15,PROP018,130,119,11,0.9222327346173325
2024-07-16,PROP018,130,120,10,0.9263482989072304
2024-07-17,PROP018,130,120,10,0.9305009430623968
2024-07-18,PROP018,130,120,10,0.925230582532954
2024-07-19,PROP018,130,119,11,0.9219533878574826
2024-07-20,PROP018,130,120,10,0.9303347863561057
2024-07-21,PROP018,130,120,10,0.9294527363978828
2024-07-22,PROP018,130,120,10,0.9255451109879219
2024-07-23,PROP018,130,118,12,0.914741791515872
2024-07-24,PROP018,130,119,11,0.9165826986686056
2024-07-25,PROP018,130,122,8,0.9391677569359587
2024-07-26,PROP018,130,117,13,0.9048456522722558
2024-07-27,PROP018,130,118,12,0.9110904116707081
2024-07-28,PROP018,130,119,11,0.9200462853487682
2024-07-29,PROP018,130,121,9,0.9338194024263462
2024-07-30,PROP018,130,117,13,0.9068972415297839
2024-07-31,PROP018,130,118,12,0.9114283997055792
2024-08-01,PROP018,130,117,13,0.9029821436924044
2024-08-02,PROP018,130,120,10,0.9285896256226275
2024-08-03,PROP018,130,118,12,0.9098785923996194
2024-08-04,PROP018,130,119,11,0.9158972050074328
2024-08-05,PROP018,130,119,11,0.9180982728617815
2024-08-06,PROP018,130,121,9,0.936002772404853
2024-08-07,PROP018,130,119,11,0.9168034265938443
2024-08-08,PROP018,130,117,13,0.9061592157772047
2024-08-09,PROP018,130,119,11,0.9213228125141996
2024-08-10,PROP018,130,122,8,0.93886853476654
2024-08-11,PROP018,130,120,10,0.9246576406226272
2024-08-12,PROP018,130,122,8,0.9396857037990177
2024-08-13,PROP018,130,121,9,0.9339945073381496
2024-08-14,PROP018,130,117,13,0.9017888452291313
2024-08-15,PROP018,130,120,10,0.9266861987956765
2024-08-16,PROP018,130,118,12,0.9118208900829101
2024-08-17,PROP018,130,119,11,0.9227348892063837
2024-08-18,PROP018,130,118,12,0.9115240226178438
2024-08-19,PROP018,130,118,12,0.9143050316448064
2024-08-20,PROP018,130,121,9,0.937276963450762
2024-08-21,PROP018,130,118,12,0.908615942376263
2024-08-22,PROP018,130,121,9,0.935314579701628
2024-08-23,PROP018,130,117,13,0.9015685273034146
2024-08-24,PROP018,130,117,13,0.9039852765153807
2024-08-25,PROP018,130,121,9,0.9345372166359653
2024-08-26,PROP018,130,120,10,0.9255724562169626
2024-08-27,PROP018,130,120,10,0.9302396605021768
2024-08-28,PROP018,130,118,12,0.9087269218134689
2024-08-29,PROP018,130,119,11,0.9218335532041989
2024-08-30,PROP018,130,120,10,0.929838983923447
2024-08-31,PROP018,130,120,10,0.9254427804610053
2024-09-01,PROP018,130,116,14,0.8924118487150607
2024-09-02,PROP018,130,118,12,0.911935249496921
2024-09-03,PROP018,130,117,13,0.9005901913775501
2024-09-04,PROP018,130,118,12,0.9098539300490619
2024-09-05,PROP018,130,117,13,0.9027347185023596
2024-09-06,PROP018,130,117,13,0.9029624391833196
2024-09-07,PROP018,130,113,17,0.8767446288297195
2024-09-08,PROP018,130,115,15,0.8879224829135701
2024-09-09,PROP018,130,118,12,0.9078786743081987
2024-09-10,PROP018,130,114,16,0.8828480525253626
2024-09-11,PROP018,130,114,16,0.8781641326856711
2024-09-12,PROP018,130,115,15,0.8865881403049641
2024-09-13,PROP018,130,114,16,0.8823614134351169
2024-09-14,PROP018,130,118,12,0.9105554258311386
2024-09-15,PROP018,130,118,12,0.9082625637194977
2024-09-16,PROP018,130,116,14,0.8935312272507285
2024-09-17,PROP018,130,113,17,0.8759976530187671
2024-09-18,PROP018,130,117,13,0.9021263918831386
2024-09-19,PROP018,130,116,14,0.898480367292863
2024-09-20,PROP018,130,118,12,0.9123660848685522
2024-09-21,PROP018,130,116,14,0.8959020276502274
2024-09-22,PROP018,130,115,15,0.8869996469755287
2024-09-23,PROP018,130,116,14,0.8943047657825546
2024-09-24,PROP018,130,118,12,0.912714429695593
2024-09-25,PROP018,130,117,13,0.9013983953407336
2024-09-26,PROP018,130,117,13,0.9004229435564944
2024-09-27,PROP018,130,114,16,0.8831711616284478
2024-09-28,PROP018,130,117,13,0.9032879987418371
2024-09-29,PROP018,130,117,13,0.9035547712182832
2024-09-30,PROP018,130,115,15,0.8862354573904486
2024-10-01,PROP018,130,116,14,0.8928924513350409
2024-10-02,PROP018,130,115,15,0.8853280313570306
2024-10-03,PROP018,130,114,16,0.8838921008523838
2024-10-04,PROP018,130,113,17,0.8745797408493917
2024-10-05,PROP018,130,115,15,0.8849523678255456
2024-10-06,PROP018,130,116,14,0.8957026960345433
2024-10-07,PROP018,130,113,17,0.8736079455413736
2024-10-08,PROP018,130,115,15,0.8848726613917991
2024-10-09,PROP018,130,118,12,0.9088003113323424
2024-10-10,PROP018,130,116,14,0.8972898414437068
2024-10-11,PROP018,130,116,14,0.8978584110026516
2024-10-12,PROP018,130,115,15,0.8896784702404665
2024-10-13,PROP018,130,117,13,0.9006027837791089
2024-10-14,PROP018,130,114,16,0.8811412086886268
2024-10-15,PROP018,130,117,13,0.90629377045478
2024-10-16,PROP018,130,114,16,0.8782114628368484
2024-10-17,PROP018,130,116,14,0.8997839522255368
2024-10-18,PROP018,130,115,15,0.8871898710721997
2024-10-19,PROP018,130,117,13,0.9034444168627115
2024-10-20,PROP018,130,116,14,0.8955344800900532
2024-10-21,PROP018,130,115,15,0.891638019578561
2024-10-22,PROP018,130,114,16,0.8803207941231422
2024-10-23,PROP018,130,116,14,0.8990167566107865
2024-10-24,PROP018,130,118,12,0.9125346917762289
2024-10-25,PROP018,130,117,13,0.9065680350356929
2024-10-26,PROP018,130,113,17,0.8759442257429728
2024-10-27,PROP018,130,115,15,0.88859307317386
2024-10-28,PROP018,130,118,12,0.9105672184070233
2024-10-29,PROP018,130,116,14,0.8936656479416932
2024-10-30,PROP018,130,117,13,0.9000283710717395
2024-10-31,PROP018,130,118,12,0.910047871863068
2024-11-01,PROP018,130,114,16,0.8816893687150252
2024-11-02,PROP018,130,112,18,0.8668103961198504
2024-11-03,PROP018,130,112,18,0.864243433204534
2024-11-04,PROP018,130,111,19,0.8603252858374134
2024-11-05,PROP018,130,113,17,0.8754983588247456
2024-11-06,PROP018,130,111,19,0.8582170530770917
2024-11-07,PROP018,130,111,19,0.856733085355466
2024-11-08,PROP018,130,111,19,0.8609875768823811
2024-11-09,PROP018,130,110,20,0.8538261833733817
2024-11-10,PROP018,130,113,17,0.8745423737360607
2024-11-11,PROP018,130,113,17,0.8713872070714545
2024-11-12,PROP018,130,112,18,0.8660527224628637
2024-11-13,PROP018,130,112,18,0.8623506122686921
2024-11-14,PROP018,130,114,16,0.8831000828140992
2024-11-15,PROP018,130,110,20,0.8479025324977941
2024-11-16,PROP018,130,114,16,0.8775018908385219
2024-11-17,PROP018,130,114,16,0.8828139639681855
2024-11-18,PROP018,130,112,18,0.8645917642754269
2024-11-19,PROP018,130,112,18,0.8687652007570559
2024-11-20,PROP018,130,114,16,0.8845161286135115
2024-11-21,PROP018,130,111,19,0.8552286817096505
2024-11-22,PROP018,130,112,18,0.8675429750096173
2024-11-23,PROP018,130,112,18,0.8657264261833585
2024-11-24,PROP018,130,111,19,0.8570732870130447
2024-11-25,PROP018,130,114,16,0.8794813103131542
2024-11-26,PROP018,130,114,16,0.8827216048887594
2024-11-27,PROP018,130,114,16,0.8780148842897583
2024-11-28,PROP018,130,111,19,0.8545519395321743
2024-11-29,PROP018,130,110,20,0.8502075265182852
2024-11-30,PROP018,130,113,17,0.8709553605104436
2024-12-01,PROP018,130,110,20,0.8490213715186253
2024-12-02,PROP018,130,113,17,0.8736506166405533
2024-12-03,PROP018,130,112,18,0.8679545499113197
2024-12-04,PROP018,130,113,17,0.8732490104079765
2024-12-05,PROP018,130,113,17,0.8703444120442198
2024-12-06,PROP018,130,112,18,0.8636456838793168
2024-12-07,PROP018,130,111,19,0.8547726683038391
2024-12-08,PROP018,130,111,19,0.8589656665306495
2024-12-09,PROP018,130,112,18,0.8677176040669891
2024-12-10,PROP018,130,113,17,0.8728123048441342
2024-12-11,PROP018,130,114,16,0.8779169017736111
2024-12-12,PROP018,130,114,16,0.8774244098361924
2024-12-13,PROP018,130,115,15,0.8856451308286734
2024-12-14,PROP018,130,111,19,0.8581712390447663
2024-12-15,PROP018,130,110,20,0.8495820094267674
2024-12-16,PROP018,130,111,19,0.8605638585199044
2024-12-17,PROP018,130,113,17,0.876469360107193
2024-12-18,PROP018,130,112,18,0.8642620471395618
2024-12-19,PROP018,130,114,16,0.8794491183218067
2024-12-20,PROP018,130,112,18,0.8687106357056705
2024-12-21,PROP018,130,114,16,0.8839292500034501
2024-12-22,PROP018,130,115,15,0.8846521187781927
2024-12-23,PROP018,130,110,20,0.8495097613389799
2024-12-24,PROP018,130,112,18,0.8649941186867269
2024-12-25,PROP018,130,113,17,0.8711251435482127
2024-12-26,PROP018,130,111,19,0.8569724827307185
2024-12-27,PROP018,130,112,18,0.8630206522733892
2024-12-28,PROP018,130,113,17,0.8738448427429379
2024-12-29,PROP018,130,111,19,0.8558069501741644
2024-12-30,PROP018,130,113,17,0.8708168352172081
2024-12-31,PROP018,130,113,17,0.8746354942248022
2025-01-01,PROP018,130,110,20,0.8503574335420646
2025-01-02,PROP018,130,112,18,0.8666387537393281
2025-01-03,PROP018,130,111,19,0.8572607822951976
2025-01-04,PROP018,130,113,17,0.8757130353381517
2025-01-05,PROP018,130,111,19,0.8543198014397075
2025-01-06,PROP018,130,114,16,0.8824270977197542
2025-01-07,PROP018,130,112,18,0.8639752345589631
2025-01-08,PROP018,130,111,19,0.8546577023105321
2025-01-09,PROP018,130,112,18,0.8642584529522431
2025-01-10,PROP018,130,112,18,0.863087331610571
2025-01-11,PROP018,130,112,18,0.8638943394779783
2025-01-12,PROP018,130,113,17,0.8701600328381278
2025-01-13,PROP018,130,112,18,0.8675845300947714
2025-01-14,PROP018,130,110,20,0.8527286663654661
2025-01-15,PROP018,130,110,20,0.8493607440040954
2025-01-16,PROP018,130,113,17,0.8759141990472916
2025-01-17,PROP018,130,112,18,0.8691262785353625
2025-01-18,PROP018,130,111,19,0.8610976118214005
2025-01-19,PROP018,130,114,16,0.8790718939981529
2025-01-20,PROP018,130,112,18,0.8622599200686683
2025-01-21,PROP018,130,114,16,0.8785761846822543
2025-01-22,PROP018,130,111,19,0.8589678261987249
2025-01-23,PROP018,130,110,20,0.849651393000038
2025-01-24,PROP018,130,114,16,0.8840431688502272
2025-01-25,PROP018,130,112,18,0.8625196262694849
2025-01-26,PROP018,130,114,16,0.8784452840122051
2025-01-27,PROP018,130,111,19,0.8579033464271222
2025-01-28,PROP018,130,113,17,0.8725921855831762
2025-01-29,PROP018,130,114,16,0.8816700160285391
2025-01-30,PROP018,130,110,20,0.8484033419918292
2025-01-31,PROP018,130,114,16,0.8799630116856735
2024-02-01,PROP019,27,24,3,0.9228588307529741
2024-02-02,PROP019,27,24,3,0.9194862806288707
2024-02-03,PROP019,27,25,2,0.933538964727977
2024-02-04,PROP019,27,24,3,0.9002972948860568
2024-02-05,PROP019,27,24,3,0.9090010962580652
2024-02-06,PROP019,27,25,2,0.9335904621509976
2024-02-07,PROP019,27,25,2,0.9286537886979096
2024-02-08,PROP019,27,24,3,0.8992657670037756
2024-02-09,PROP019,27,24,3,0.9192402119250197
2024-02-10,PROP019,27,24,3,0.9197428678251384
2024-02-11,PROP019,27,24,3,0.9145952460017478
2024-02-12,PROP019,27,24,3,0.910455693879111
2024-02-13,PROP019,27,24,3,0.9258289546131251
2024-02-14,PROP019,27,24,3,0.9068715791848215
2024-02-15,PROP019,27,25,2,0.9305179030794996
2024-02-16,PROP019,27,25,2,0.9306814470273302
2024-02-17,PROP019,27,24,3,0.9151704180995441
2024-02-18,PROP019,27,24,3,0.9099018810330173
2024-02-19,PROP019,27,24,3,0.9099150878602599
2024-02-20,PROP019,27,24,3,0.9178516135564798
2024-02-21,PROP019,27,25,2,0.9273431295866057
2024-02-22,PROP019,27,24,3,0.9129147082363858
2024-02-23,PROP019,27,24,3,0.9229616944149415
2024-02-24,PROP019,27,24,3,0.9138593390199351
2024-02-25,PROP019,27,24,3,0.9107408881626867
2024-02-26,PROP019,27,24,3,0.8995543412332632
2024-02-27,PROP019,27,24,3,0.898716524826047
2024-02-28,PROP019,27,24,3,0.9076482677099116
2024-02-29,PROP019,27,24,3,0.9148162120686711
2024-03-01,PROP019,27,25,2,0.9326104072911138
2024-03-02,PROP019,27,25,2,0.9304993303138483
2024-03-03,PROP019,27,24,3,0.909246571100151
2024-03-04,PROP019,27,24,3,0.9083415783160034
2024-03-05,PROP019,27,24,3,0.9076528434394324
2024-03-06,PROP019,27,24,3,0.912129454217786
2024-03-07,PROP019,27,24,3,0.9184879093790987
2024-03-08,PROP019,27,24,3,0.9161066714778944
2024-03-09,PROP019,27,24,3,0.9072908885478911
2024-03-10,PROP019,27,24,3,0.9037780169943761
2024-03-11,PROP019,27,24,3,0.8990630730960791
2024-03-12,PROP019,27,24,3,0.9047184901432915
2024-03-13,PROP019,27,25,2,0.9267742154043961
2024-03-14,PROP019,27,24,3,0.9083055033704547
2024-03-15,PROP019,27,24,3,0.9173040330014918
2024-03-16,PROP019,27,24,3,0.9222120065535612
2024-03-17,PROP019,27,25,2,0.9340335967098956
2024-03-18,PROP019,27,25,2,0.9341141645323682
2024-03-19,PROP019,27,25,2,0.9283893099438857
2024-03-20,PROP019,27,24,3,0.8999662402785714
2024-03-21,PROP019,27,24,3,0.921562777360048
2024-03-22,PROP019,27,25,2,0.9300232994298916
2024-03-23,PROP019,27,24,3,0.8992514823871659
2024-03-24,PROP019,27,24,3,0.9205473451428945
2024-03-25,PROP019,27,25,2,0.9328705264280726
2024-03-26,PROP019,27,24,3,0.917524043630322
2024-03-27,PROP019,27,24,3,0.8987242087125293
2024-03-28,PROP019,27,24,3,0.8990004949300556
2024-03-29,PROP019,27,24,3,0.9152254020931814
2024-03-30,PROP019,27,24,3,0.9047603072933016
2024-03-31,PROP019,27,24,3,0.9251379868803618
2024-04-01,PROP019,27,25,2,0.9269119311928775
2024-04-02,PROP019,27,24,3,0.9056751524150565
2024-04-03,PROP019,27,25,2,0.9341012921376107
2024-04-04,PROP019,27,24,3,0.9162362743957884
2024-04-05,PROP019,27,24,3,0.9042737969003083
2024-04-06,PROP019,27,25,2,0.9291300245194072
2024-04-07,PROP019,27,25,2,0.9301589405973023
2024-04-08,PROP019,27,24,3,0.9241317795032497
2024-04-09,PROP019,27,25,2,0.9326985827247335
2024-04-10,PROP019,27,25,2,0.9280548794778583
2024-04-11,PROP019,27,25,2,0.933848190085711
2024-04-12,PROP019,27,24,3,0.9159154825360506
2024-04-13,PROP019,27,25,2,0.928463845720609
2024-04-14,PROP019,27,25,2,0.9385500231337931
2024-04-15,PROP019,27,25,2,0.9275572084974162
2024-04-16,PROP019,27,24,3,0.9031273118061166
2024-04-17,PROP019,27,24,3,0.9192927094937987
2024-04-18,PROP019,27,24,3,0.9220538722463525
2024-04-19,PROP019,27,24,3,0.905528387599487
2024-04-20,PROP019,27,25,2,0.9370756259637528
2024-04-21,PROP019,27,24,3,0.905583151702016
2024-04-22,PROP019,27,24,3,0.9056622773851603
2024-04-23,PROP019,27,25,2,0.9351666461156135
2024-04-24,PROP019,27,24,3,0.9171681779214982
2024-04-25,PROP019,27,24,3,0.901087491767612
2024-04-26,PROP019,27,24,3,0.9224874605941725
2024-04-27,PROP019,27,24,3,0.9226330145419532
2024-04-28,PROP019,27,24,3,0.9011399909440938
2024-04-29,PROP019,27,25,2,0.9374608604219778
2024-04-30,PROP019,27,24,3,0.9203211592084144
2024-05-01,PROP019,27,25,2,0.9485085883017209
2024-05-02,PROP019,27,25,2,0.9469213759946261
2024-05-03,PROP019,27,25,2,0.9505460306003152
2024-05-04,PROP019,27,25,2,0.9366887495254805
2024-05-05,PROP019,27,25,2,0.937606413333524
2024-05-06,PROP019,27,25,2,0.9465703230063757
2024-05-07,PROP019,27,25,2,0.9583841936050735
2024-05-08,PROP019,27,25,2,0.9281113424742975
2024-05-09,PROP019,27,25,2,0.9502529279033401
2024-05-10,PROP019,27,25,2,0.9583878851147829
2024-05-11,PROP019,27,25,2,0.9323934502960194
2024-05-12,PROP019,27,25,2,0.926717661093753
2024-05-13,PROP019,27,25,2,0.9386252912201887
2024-05-14,PROP019,27,25,2,0.9496425076837143
2024-05-15,PROP019,27,25,2,0.9316480863507203
2024-05-16,PROP019,27,25,2,0.9431616542534298
2024-05-17,PROP019,27,25,2,0.9482096193095014
2024-05-18,PROP019,27,25,2,0.9500720832048231
2024-05-19,PROP019,27,25,2,0.9370932282545453
2024-05-20,PROP019,27,25,2,0.942117944853982
2024-05-21,PROP019,27,25,2,0.9572503285772327
2024-05-22,PROP019,27,26,1,0.9637653471793578
2024-05-23,PROP019,27,25,2,0.9605919726592607
2024-05-24,PROP019,27,25,2,0.9486880994838676
2024-05-25,PROP019,27,25,2,0.9425284715322881
2024-05-26,PROP019,27,25,2,0.939435023989387
2024-05-27,PROP019,27,25,2,0.9311150220578911
2024-05-28,PROP019,27,25,2,0.9303788093031748
2024-05-29,PROP019,27,25,2,0.9536510644110766
2024-05-30,PROP019,27,25,2,0.9365085360613767
2024-05-31,PROP019,27,25,2,0.9363032268718282
2024-06-01,PROP019,27,26,1,0.9660445615936417
2024-06-02,PROP019,27,25,2,0.9336337977294822
2024-06-03,PROP019,27,25,2,0.9320391497940835
2024-06-04,PROP019,27,25,2,0.9300641685249271
2024-06-05,PROP019,27,25,2,0.9493089732212022
2024-06-06,PROP019,27,25,2,0.9512313124546143
2024-06-07,PROP019,27,25,2,0.9407258764648057
2024-06-08,PROP019,27,25,2,0.947533292834989
2024-06-09,PROP019,27,25,2,0.9576527406523269
2024-06-10,PROP019,27,25,2,0.9588409261474002
2024-06-11,PROP019,27,26,1,0.9644332424431563
2024-06-12,PROP019,27,25,2,0.9590874788514453
2024-06-13,PROP019,27,25,2,0.9487104168832274
2024-06-14,PROP019,27,25,2,0.9333030380480042
2024-06-15,PROP019,27,25,2,0.930107301722644
2024-06-16,PROP019,27,25,2,0.9282972350109647
2024-06-17,PROP019,27,25,2,0.9527777926859456
2024-06-18,PROP019,27,25,2,0.9584182096304501
2024-06-19,PROP019,27,25,2,0.9464641174418935
2024-06-20,PROP019,27,25,2,0.9283053264078759
2024-06-21,PROP019,27,25,2,0.9475355823981838
2024-06-22,PROP019,27,26,1,0.9635467298755124
2024-06-23,PROP019,27,25,2,0.9500212870518288
2024-06-24,PROP019,27,25,2,0.958493858953043
2024-06-25,PROP019,27,25,2,0.9581228653502003
2024-06-26,PROP019,27,26,1,0.9634019234057565
2024-06-27,PROP019,27,25,2,0.9569259100405253
2024-06-28,PROP019,27,25,2,0.9560247799750539
2024-06-29,PROP019,27,25,2,0.935480866013356
2024-06-30,PROP019,27,25,2,0.9285137656273735
2024-07-01,PROP019,27,25,2,0.9468207380166827
2024-07-02,PROP019,27,25,2,0.9310941277324005
2024-07-03,PROP019,27,26,1,0.96460459446565
2024-07-04,PROP019,27,25,2,0.9377137499198515
2024-07-05,PROP019,27,25,2,0.960234527549902
2024-07-06,PROP019,27,25,2,0.9416217444226287
2024-07-07,PROP019,27,25,2,0.9390445294088254
2024-07-08,PROP019,27,26,1,0.9635231023095951
2024-07-09,PROP019,27,25,2,0.9406496622979793
2024-07-10,PROP019,27,25,2,0.9417282757610558
2024-07-11,PROP019,27,25,2,0.9303604305990467
2024-07-12,PROP019,27,25,2,0.9529346260258307
2024-07-13,PROP019,27,25,2,0.9376703359936309
2024-07-14,PROP019,27,25,2,0.9495409261281106
2024-07-15,PROP019,27,25,2,0.9497708275766588
2024-07-16,PROP019,27,25,2,0.954884747238361
2024-07-17,PROP019,27,25,2,0.9559264188614279
2024-07-18,PROP019,27,25,2,0.946694856790592
2024-07-19,PROP019,27,25,2,0.9393564373186665
2024-07-20,PROP019,27,25,2,0.9596147952079197
2024-07-21,PROP019,27,25,2,0.9385113853908698
2024-07-22,PROP019,27,25,2,0.9464171231933036
2024-07-23,PROP019,27,25,2,0.9421668627426795
2024-07-24,PROP019,27,25,2,0.9603198948533178
2024-07-25,PROP019,27,25,2,0.9433935006603634
2024-07-26,PROP019,27,25,2,0.9415607269680297
2024-07-27,PROP019,27,25,2,0.9537097071304358
2024-07-28,PROP019,27,25,2,0.950214403808988
2024-07-29,PROP019,27,25,2,0.9304066327543642
2024-07-30,PROP019,27,25,2,0.9464435116682889
2024-07-31,PROP019,27,25,2,0.9555358949478603
2024-08-01,PROP019,27,26,1,0.9657997499981846
2024-08-02,PROP019,27,25,2,0.9512826327733431
2024-08-03,PROP019,27,25,2,0.940928482072183
2024-08-04,PROP019,27,25,2,0.935162823406615
2024-08-05,PROP019,27,25,2,0.9610299687806632
2024-08-06,PROP019,27,25,2,0.9586993678990704
2024-08-07,PROP019,27,25,2,0.9354736722457058
2024-08-08,PROP019,27,25,2,0.9341420430203933
2024-08-09,PROP019,27,25,2,0.9547222304869774
2024-08-10,PROP019,27,25,2,0.9387148418912807
2024-08-11,PROP019,27,25,2,0.9383727113490087
2024-08-12,PROP019,27,25,2,0.9322083692972365
2024-08-13,PROP019,27,25,2,0.9366757802029235
2024-08-14,PROP019,27,25,2,0.9432170617182363
2024-08-15,PROP019,27,25,2,0.9554302929054269
2024-08-16,PROP019,27,25,2,0.9395690831910803
2024-08-17,PROP019,27,25,2,0.939260932993724
2024-08-18,PROP019,27,25,2,0.9375132895166277
2024-08-19,PROP019,27,25,2,0.945248106114972
2024-08-20,PROP019,27,25,2,0.933342227332183
2024-08-21,PROP019,27,25,2,0.9455419887758153
2024-08-22,PROP019,27,25,2,0.954283781662318
2024-08-23,PROP019,27,25,2,0.9273083795758352
2024-08-24,PROP019,27,25,2,0.9265079346267608
2024-08-25,PROP019,27,25,2,0.9291216758207107
2024-08-26,PROP019,27,25,2,0.9475431618836548
2024-08-27,PROP019,27,25,2,0.9602949627419465
2024-08-28,PROP019,27,25,2,0.9263121380553404
2024-08-29,PROP019,27,26,1,0.9635832115979176
2024-08-30,PROP019,27,25,2,0.9303678998773518
2024-08-31,PROP019,27,25,2,0.9597961005368594
2024-09-01,PROP019,27,24,3,0.9178741511959493
2024-09-02,PROP019,27,24,3,0.9249342560877851
2024-09-03,PROP019,27,24,3,0.9189872799745187
2024-09-04,PROP019,27,24,3,0.9176418896038055
2024-09-05,PROP019,27,25,2,0.931955937731207
2024-09-06,PROP019,27,25,2,0.928795415779344
2024-09-07,PROP019,27,24,3,0.9178960500575515
2024-09-08,PROP019,27,24,3,0.9030253977724738
2024-09-09,PROP019,27,24,3,0.9031760789692077
2024-09-10,PROP019,27,25,2,0.9306215390253944
2024-09-11,PROP019,27,24,3,0.9197355854505327
2024-09-12,PROP019,27,24,3,0.9178235262054059
2024-09-13,PROP019,27,24,3,0.92578263425106
2024-09-14,PROP019,27,25,2,0.9329136239332018
2024-09-15,PROP019,27,24,3,0.9237148863731636
2024-09-16,PROP019,27,25,2,0.9290738766904906
2024-09-17,PROP019,27,25,2,0.9291707815613096
2024-09-18,PROP019,27,24,3,0.9128104185483498
2024-09-19,PROP019,27,24,3,0.9095232884222711
2024-09-20,PROP019,27,25,2,0.9306065232836377
2024-09-21,PROP019,27,24,3,0.9136471122680011
2024-09-22,PROP019,27,25,2,0.9346934008575396
2024-09-23,PROP019,27,24,3,0.9013475884658362
2024-09-24,PROP019,27,24,3,0.9008886610796449
2024-09-25,PROP019,27,25,2,0.9356401270006877
2024-09-26,PROP019,27,24,3,0.9244981571638887
2024-09-27,PROP019,27,24,3,0.9137439348545646
2024-09-28,PROP019,27,25,2,0.9287623771892787
2024-09-29,PROP019,27,24,3,0.925453032996377
2024-09-30,PROP019,27,24,3,0.9198080024694152
2024-10-01,PROP019,27,24,3,0.9025148943031374
2024-10-02,PROP019,27,25,2,0.9310471440883414
2024-10-03,PROP019,27,25,2,0.9332008882238564
2024-10-04,PROP019,27,24,3,0.9054467081387373
2024-10-05,PROP019,27,25,2,0.9325804266757141
2024-10-06,PROP019,27,25,2,0.9336738530372939
2024-10-07,PROP019,27,24,3,0.920537105088172
2024-10-08,PROP019,27,24,3,0.9248071220455388
2024-10-09,PROP019,27,24,3,0.913849453397211
2024-10-10,PROP019,27,24,3,0.909831626497002
2024-10-11,PROP019,27,25,2,0.9274392864746972
2024-10-12,PROP019,27,25,2,0.9330349665572637
2024-10-13,PROP019,27,24,3,0.9247230627148613
2024-10-14,PROP019,27,24,3,0.9190235850224934
2024-10-15,PROP019,27,24,3,0.9049169512703982
2024-10-16,PROP019,27,24,3,0.900698309100824
2024-10-17,PROP019,27,24,3,0.9163876322065012
2024-10-18,PROP019,27,24,3,0.9005339431445282
2024-10-19,PROP019,27,24,3,0.9213333458729204
2024-10-20,PROP019,27,24,3,0.9138691282493422
2024-10-21,PROP019,27,25,2,0.9288475253839101
2024-10-22,PROP019,27,24,3,0.9107859004700787
2024-10-23,PROP019,27,24,3,0.9222792686353286
2024-10-24,PROP019,27,24,3,0.9200673014668354
2024-10-25,PROP019,27,24,3,0.898748457617521
2024-10-26,PROP019,27,24,3,0.9014555365272038
2024-10-27,PROP019,27,24,3,0.9101746890960721
2024-10-28,PROP019,27,25,2,0.933849363837462
2024-10-29,PROP019,27,24,3,0.9044405587926225
2024-10-30,PROP019,27,25,2,0.9269957338150531
2024-10-31,PROP019,27,25,2,0.9374946232427228
2024-11-01,PROP019,27,24,3,0.9026258638863786
2024-11-02,PROP019,27,23,4,0.8807209762462141
2024-11-03,PROP019,27,24,3,0.9073377721952557
2024-11-04,PROP019,27,23,4,0.874727448039068
2024-11-05,PROP019,27,24,3,0.8897288394535618
2024-11-06,PROP019,27,24,3,0.9065048380877889
2024-11-07,PROP019,27,24,3,0.8966537901490071
2024-11-08,PROP019,27,23,4,0.8875489443678404
2024-11-09,PROP019,27,23,4,0.8827156764482191
2024-11-10,PROP019,27,23,4,0.8860071379914664
2024-11-11,PROP019,27,24,3,0.8913608330191038
2024-11-12,PROP019,27,23,4,0.8837649189736447
2024-11-13,PROP019,27,24,3,0.9097618762620244
2024-11-14,PROP019,27,24,3,0.9083262679013782
2024-11-15,PROP019,27,24,3,0.9058300205073052
2024-11-16,PROP019,27,23,4,0.8878763551996386
2024-11-17,PROP019,27,24,3,0.8986552325521415
2024-11-18,PROP019,27,24,3,0.907116334060171
2024-11-19,PROP019,27,24,3,0.9050203412858895
2024-11-20,PROP019,27,23,4,0.8875762423395407
2024-11-21,PROP019,27,23,4,0.8754986037516228
2024-11-22,PROP019,27,23,4,0.8740283763321144
2024-11-23,PROP019,27,24,3,0.8940857235877605
2024-11-24,PROP019,27,24,3,0.8967082791871697
2024-11-25,PROP019,27,24,3,0.9049968659626134
2024-11-26,PROP019,27,23,4,0.8827037625923736
2024-11-27,PROP019,27,23,4,0.8777019814007341
2024-11-28,PROP019,27,23,4,0.8861633951058604
2024-11-29,PROP019,27,23,4,0.8851461667240234
2024-11-30,PROP019,27,23,4,0.8763019199394466
2024-12-01,PROP019,27,24,3,0.8978944678792585
2024-12-02,PROP019,27,24,3,0.8913508394079075
2024-12-03,PROP019,27,24,3,0.8998480720233231
2024-12-04,PROP019,27,23,4,0.8851108065855218
2024-12-05,PROP019,27,23,4,0.8840312502418405
2024-12-06,PROP019,27,24,3,0.8899061959004866
2024-12-07,PROP019,27,24,3,0.9060994555945383
2024-12-08,PROP019,27,23,4,0.8726144140480916
2024-12-09,PROP019,27,24,3,0.9031964744705913
2024-12-10,PROP019,27,23,4,0.8857626662850426
2024-12-11,PROP019,27,24,3,0.9051879228102715
2024-12-12,PROP019,27,24,3,0.9030912821321666
2024-12-13,PROP019,27,23,4,0.884953611674576
2024-12-14,PROP019,27,24,3,0.898758223191597
2024-12-15,PROP019,27,23,4,0.87738847204967
2024-12-16,PROP019,27,24,3,0.9068544238652839
2024-12-17,PROP019,27,23,4,0.8871828043568087
2024-12-18,PROP019,27,24,3,0.8892281863929404
2024-12-19,PROP019,27,24,3,0.8992335238202118
2024-12-20,PROP019,27,24,3,0.9038367712469264
2024-12-21,PROP019,27,23,4,0.8804568715118608
2024-12-22,PROP019,27,24,3,0.8974571673738122
2024-12-23,PROP019,27,23,4,0.8866830835342984
2024-12-24,PROP019,27,23,4,0.8857512787388908
2024-12-25,PROP019,27,24,3,0.8986041947363586
2024-12-26,PROP019,27,23,4,0.8864904927449698
2024-12-27,PROP019,27,23,4,0.8848475017853087
2024-12-28,PROP019,27,24,3,0.9044386981037821
2024-12-29,PROP019,27,23,4,0.8750542067319727
2024-12-30,PROP019,27,24,3,0.8980388666919408
2024-12-31,PROP019,27,23,4,0.8809521775303574
2025-01-01,PROP019,27,23,4,0.87162309145178
2025-01-02,PROP019,27,23,4,0.8776737325336401
2025-01-03,PROP019,27,24,3,0.8952696229697671
2025-01-04,PROP019,27,24,3,0.8993682494381698
2025-01-05,PROP019,27,23,4,0.8718454731209851
2025-01-06,PROP019,27,23,4,0.8724601795108012
2025-01-07,PROP019,27,24,3,0.9071048463724505
2025-01-08,PROP019,27,23,4,0.8739353945032812
2025-01-09,PROP019,27,24,3,0.9067704481233952
2025-01-10,PROP019,27,23,4,0.8801297983287686
2025-01-11,PROP019,27,24,3,0.9006038737850609
2025-01-12,PROP019,27,23,4,0.8833924917365729
2025-01-13,PROP019,27,24,3,0.9053532428030997
2025-01-14,PROP019,27,24,3,0.8990213563957067
2025-01-15,PROP019,27,23,4,0.8870757001228002
2025-01-16,PROP019,27,23,4,0.8740552599456956
2025-01-17,PROP019,27,24,3,0.9003111691335647
2025-01-18,PROP019,27,24,3,0.8956785520173397
2025-01-19,PROP019,27,23,4,0.871119630492084
2025-01-20,PROP019,27,23,4,0.8713799560176302
2025-01-21,PROP019,27,24,3,0.9033548807064402
2025-01-22,PROP019,27,23,4,0.8813791513308066
2025-01-23,PROP019,27,24,3,0.8964485084878551
2025-01-24,PROP019,27,24,3,0.8891717385693423
2025-01-25,PROP019,27,24,3,0.9055403623596031
2025-01-26,PROP019,27,24,3,0.9076816063028319
2025-01-27,PROP019,27,24,3,0.9108754702858866
2025-01-28,PROP019,27,23,4,0.8771505272110223
2025-01-29,PROP019,27,24,3,0.9055217236377514
2025-01-30,PROP019,27,23,4,0.8816440168478845
2025-01-31,PROP019,27,24,3,0.8946357967745527
2024-02-01,PROP020,54,48,6,0.8914122653272007
2024-02-02,PROP020,54,50,4,0.928003591260549
2024-02-03,PROP020,54,48,6,0.893825822270274
2024-02-04,PROP020,54,49,5,0.9182214968406147
2024-02-05,PROP020,54,49,5,0.9220930135126357
2024-02-06,PROP020,54,49,5,0.9225042540262126
2024-02-07,PROP020,54,48,6,0.896112520821459
2024-02-08,PROP020,54,49,5,0.9085955380846241
2024-02-09,PROP020,54,49,5,0.9238698948816644
2024-02-10,PROP020,54,48,6,0.9027999084794555
2024-02-11,PROP020,54,49,5,0.9094026870792917
2024-02-12,PROP020,54,48,6,0.9016044957722991
2024-02-13,PROP020,54,49,5,0.9092347967797182
2024-02-14,PROP020,54,50,4,0.9262062569680204
2024-02-15,PROP020,54,49,5,0.908897709305616
2024-02-16,PROP020,54,49,5,0.912929220747278
2024-02-17,PROP020,54,48,6,0.9068517913964286
2024-02-18,PROP020,54,49,5,0.9090974273924383
2024-02-19,PROP020,54,48,6,0.8912997080261621
2024-02-20,PROP020,54,48,6,0.9020425604627235
2024-02-21,PROP020,54,49,5,0.9081560089339782
2024-02-22,PROP020,54,49,5,0.9160446191040144
2024-02-23,PROP020,54,49,5,0.908694817286461
2024-02-24,PROP020,54,48,6,0.9042054217971678
2024-02-25,PROP020,54,48,6,0.9062166894780715
2024-02-26,PROP020,54,48,6,0.9003844732323238
2024-02-27,PROP020,54,50,4,0.9276725113752673
2024-02-28,PROP020,54,49,5,0.9115624690959419
2024-02-29,PROP020,54,48,6,0.8912291182191902
2024-03-01,PROP020,54,48,6,0.8914705904010871
2024-03-02,PROP020,54,50,4,0.9296112054623868
2024-03-03,PROP020,54,48,6,0.899550775719235
2024-03-04,PROP020,54,49,5,0.9229170716168779
2024-03-05,PROP020,54,48,6,0.8930237521267282
2024-03-06,PROP020,54,50,4,0.9275392495320872
2024-03-07,PROP020,54,49,5,0.9256694202109723
2024-03-08,PROP020,54,49,5,0.9135364665616859
2024-03-09,PROP020,54,48,6,0.8910526863556355
2024-03-10,PROP020,54,48,6,0.9010051750252387
2024-03-11,PROP020,54,48,6,0.9069656459602439
2024-03-12,PROP020,54,49,5,0.9090953047342077
2024-03-13,PROP020,54,48,6,0.9025998904068001
2024-03-14,PROP020,54,48,6,0.8920106547941264
2024-03-15,PROP020,54,49,5,0.914297836301367
2024-03-16,PROP020,54,49,5,0.9116589267720955
2024-03-17,PROP020,54,48,6,0.9020127654814684
2024-03-18,PROP020,54,48,6,0.8922117787670895
2024-03-19,PROP020,54,50,4,0.9304765075531828
2024-03-20,PROP020,54,49,5,0.9099721875373614
2024-03-21,PROP020,54,49,5,0.9209329097352683
2024-03-22,PROP020,54,49,5,0.9087853014663586
2024-03-23,PROP020,54,48,6,0.8924195516988229
2024-03-24,PROP020,54,48,6,0.9030767698677252
2024-03-25,PROP020,54,48,6,0.9034971457045413
2024-03-26,PROP020,54,49,5,0.9242268562262659
2024-03-27,PROP020,54,49,5,0.9168619391843003
2024-03-28,PROP020,54,48,6,0.9017099362098842
2024-03-29,PROP020,54,50,4,0.9294023382506686
2024-03-30,PROP020,54,48,6,0.9035544133602201
2024-03-31,PROP020,54,50,4,0.930622101097454
2024-04-01,PROP020,54,50,4,0.9305392877911157
2024-04-02,PROP020,54,48,6,0.8983411607741749
2024-04-03,PROP020,54,48,6,0.9032023847118412
2024-04-04,PROP020,54,49,5,0.9101345080036914
2024-04-05,PROP020,54,49,5,0.9172567669102208
2024-04-06,PROP020,54,49,5,0.9118146380244572
2024-04-07,PROP020,54,50,4,0.9294703988295955
2024-04-08,PROP020,54,49,5,0.9196523066337329
2024-04-09,PROP020,54,48,6,0.8991745340396242
2024-04-10,PROP020,54,48,6,0.8948966420728508
2024-04-11,PROP020,54,49,5,0.9182287916926795
2024-04-12,PROP020,54,48,6,0.8970308376715358
2024-04-13,PROP020,54,49,5,0.9221998136777354
2024-04-14,PROP020,54,48,6,0.9031342067547187
2024-04-15,PROP020,54,48,6,0.9037684705865295
2024-04-16,PROP020,54,48,6,0.8911246757598857
2024-04-17,PROP020,54,49,5,0.9187331907481069
2024-04-18,PROP020,54,48,6,0.8952235301868927
2024-04-19,PROP020,54,49,5,0.921607963162846
2024-04-20,PROP020,54,49,5,0.9103674529409935
2024-04-21,PROP020,54,49,5,0.922063932662488
2024-04-22,PROP020,54,49,5,0.9140498016322148
2024-04-23,PROP020,54,48,6,0.8939900709450649
2024-04-24,PROP020,54,49,5,0.9213188335325125
2024-04-25,PROP020,54,48,6,0.8934847194600952
2024-04-26,PROP020,54,49,5,0.9098408088870785
2024-04-27,PROP020,54,48,6,0.8975867086301038
2024-04-28,PROP020,54,49,5,0.9207861471834207
2024-04-29,PROP020,54,50,4,0.9271563891765503
2024-04-30,PROP020,54,49,5,0.9128577865986361
2024-05-01,PROP020,54,50,4,0.9390994140382016
2024-05-02,PROP020,54,51,3,0.948572050119259
2024-05-03,PROP020,54,49,5,0.9182166747852635
2024-05-04,PROP020,54,51,3,0.9547238679716408
2024-05-05,PROP020,54,49,5,0.9259114749498796
2024-05-06,PROP020,54,51,3,0.9573782776192838
2024-05-07,PROP020,54,51,3,0.9474636801846529
2024-05-08,PROP020,54,51,3,0.9489835681742612
2024-05-09,PROP020,54,50,4,0.9442616414811786
2024-05-10,PROP020,54,50,4,0.9368800495776408
2024-05-11,PROP020,54,50,4,0.940878630000681
2024-05-12,PROP020,54,49,5,0.9198696377068394
2024-05-13,PROP020,54,50,4,0.9429719026435149
2024-05-14,PROP020,54,50,4,0.9430574463457162
2024-05-15,PROP020,54,51,3,0.9536615541623067
2024-05-16,PROP020,54,50,4,0.9382397765634432
2024-05-17,PROP020,54,49,5,0.9210992972296768
2024-05-18,PROP020,54,50,4,0.9302613590855177
2024-05-19,PROP020,54,50,4,0.944238698750807
2024-05-20,PROP020,54,50,4,0.927583876776293
2024-05-21,PROP020,54,50,4,0.9292346351404503
2024-05-22,PROP020,54,51,3,0.9508322829206685
2024-05-23,PROP020,54,50,4,0.9413863115367427
2024-05-24,PROP020,54,50,4,0.9383546195371772
2024-05-25,PROP020,54,50,4,0.9307516009384665
2024-05-26,PROP020,54,51,3,0.9472506437035557
2024-05-27,PROP020,54,50,4,0.9295222596458356
2024-05-28,PROP020,54,51,3,0.9474960629720014
2024-05-29,PROP020,54,49,5,0.920817581476932
2024-05-30,PROP020,54,51,3,0.9525951759295177
2024-05-31,PROP020,54,50,4,0.9379961808012717
2024-06-01,PROP020,54,50,4,0.9355538429341932
2024-06-02,PROP020,54,50,4,0.9424544587279113
2024-06-03,PROP020,54,50,4,0.9429812051820852
2024-06-04,PROP020,54,49,5,0.9232949293418342
2024-06-05,PROP020,54,51,3,0.9482628658588829
2024-06-06,PROP020,54,50,4,0.9290506541842368
2024-06-07,PROP020,54,51,3,0.9542119974730309
2024-06-08,PROP020,54,51,3,0.9507275488028276
2024-06-09,PROP020,54,50,4,0.9318641639276243
2024-06-10,PROP020,54,51,3,0.950323093994263
2024-06-11,PROP020,54,50,4,0.9322691422382305
2024-06-12,PROP020,54,49,5,0.922051429531676
2024-06-13,PROP020,54,51,3,0.9564890518152627
2024-06-14,PROP020,54,50,4,0.9441176028748519
2024-06-15,PROP020,54,50,4,0.936257503332738
2024-06-16,PROP020,54,50,4,0.9339244563274759
2024-06-17,PROP020,54,50,4,0.931001735636565
2024-06-18,PROP020,54,51,3,0.9572714260833995
2024-06-19,PROP020,54,49,5,0.9234034128714707
2024-06-20,PROP020,54,50,4,0.9306057246230571
2024-06-21,PROP020,54,50,4,0.9374334278775409
2024-06-22,PROP020,54,50,4,0.9371335040684068
2024-06-23,PROP020,54,50,4,0.9368681816425481
2024-06-24,PROP020,54,49,5,0.9250448748994496
2024-06-25,PROP020,54,49,5,0.9238108233506144
2024-06-26,PROP020,54,50,4,0.9282042257193791
2024-06-27,PROP020,54,51,3,0.9545945684183166
2024-06-28,PROP020,54,49,5,0.9225356409796147
2024-06-29,PROP020,54,51,3,0.9483105264011673
2024-06-30,PROP020,54,51,3,0.9483154579915692
2024-07-01,PROP020,54,51,3,0.9504043384221248
2024-07-02,PROP020,54,51,3,0.9534781418258086
2024-07-03,PROP020,54,50,4,0.9285349693677916
2024-07-04,PROP020,54,50,4,0.9269959010369903
2024-07-05,PROP020,54,50,4,0.9366337489273335
2024-07-06,PROP020,54,50,4,0.9286170890163158
2024-07-07,PROP020,54,51,3,0.9473859218255587
2024-07-08,PROP020,54,50,4,0.9434511053358917
2024-07-09,PROP020,54,51,3,0.9530130297883405
2024-07-10,PROP020,54,49,5,0.9213230544057173
2024-07-11,PROP020,54,51,3,0.9546168556005573
2024-07-12,PROP020,54,50,4,0.9297474673330379
2024-07-13,PROP020,54,50,4,0.9376412961033137
2024-07-14,PROP020,54,50,4,0.9355579797038202
2024-07-15,PROP020,54,51,3,0.9484259883104114
2024-07-16,PROP020,54,50,4,0.934826854643508
2024-07-17,PROP020,54,51,3,0.9557556480922107
2024-07-18,PROP020,54,51,3,0.9541148775717774
2024-07-19,PROP020,54,51,3,0.9528999683450147
2024-07-20,PROP020,54,49,5,0.9208638555721634
2024-07-21,PROP020,54,51,3,0.9521838447283919
2024-07-22,PROP020,54,51,3,0.9492789400839627
2024-07-23,PROP020,54,49,5,0.9221540401464796
2024-07-24,PROP020,54,49,5,0.9223100952836832
2024-07-25,PROP020,54,49,5,0.922060074726936
2024-07-26,PROP020,54,49,5,0.9184668259944139
2024-07-27,PROP020,54,50,4,0.9399588944740177
2024-07-28,PROP020,54,51,3,0.9569492939236761
2024-07-29,PROP020,54,50,4,0.9355609103822261
2024-07-30,PROP020,54,50,4,0.9396438223417286
2024-07-31,PROP020,54,51,3,0.9567323141370325
2024-08-01,PROP020,54,50,4,0.9282208114172036
2024-08-02,PROP020,54,51,3,0.9523523323701649
2024-08-03,PROP020,54,50,4,0.9398691409547038
2024-08-04,PROP020,54,50,4,0.9407925828527548
2024-08-05,PROP020,54,50,4,0.9317404765545257
2024-08-06,PROP020,54,50,4,0.9404768967049106
2024-08-07,PROP020,54,49,5,0.9209392226453658
2024-08-08,PROP020,54,51,3,0.9485992651707988
2024-08-09,PROP020,54,50,4,0.9294010327280052
2024-08-10,PROP020,54,51,3,0.9535178554459925
2024-08-11,PROP020,54,50,4,0.9327275500505326
2024-08-12,PROP020,54,49,5,0.9237264866857097
2024-08-13,PROP020,54,51,3,0.9458487852409737
2024-08-14,PROP020,54,49,5,0.9245966480547745
2024-08-15,PROP020,54,51,3,0.9481607428879539
2024-08-16,PROP020,54,51,3,0.956738011722479
2024-08-17,PROP020,54,51,3,0.9491956370180449
2024-08-18,PROP020,54,49,5,0.9189114922034873
2024-08-19,PROP020,54,50,4,0.9420089537883454
2024-08-20,PROP020,54,51,3,0.9458299491050234
2024-08-21,PROP020,54,51,3,0.9510318552980858
2024-08-22,PROP020,54,49,5,0.9202536146237944
2024-08-23,PROP020,54,50,4,0.9372178353843258
2024-08-24,PROP020,54,50,4,0.9394283571717701
2024-08-25,PROP020,54,49,5,0.9247785167720015
2024-08-26,PROP020,54,50,4,0.9309115146546604
2024-08-27,PROP020,54,50,4,0.935622391316481
2024-08-28,PROP020,54,51,3,0.9513419097845465
2024-08-29,PROP020,54,51,3,0.9551898249090426
2024-08-30,PROP020,54,50,4,0.9431504354229413
2024-08-31,PROP020,54,50,4,0.9338113297070928
2024-09-01,PROP020,54,48,6,0.9008539807762647
2024-09-02,PROP020,54,50,4,0.9299781474417512
2024-09-03,PROP020,54,50,4,0.9300135399873596
2024-09-04,PROP020,54,50,4,0.9276918179937066
2024-09-05,PROP020,54,49,5,0.922119506059418
2024-09-06,PROP020,54,48,6,0.90372392181413
2024-09-07,PROP020,54,49,5,0.9233727594042105
2024-09-08,PROP020,54,48,6,0.9070444607551521
2024-09-09,PROP020,54,48,6,0.903763663990507
2024-09-10,PROP020,54,49,5,0.9204873544029564
2024-09-11,PROP020,54,48,6,0.8938788971691222
2024-09-12,PROP020,54,48,6,0.8926352489961317
2024-09-13,PROP020,54,49,5,0.9086108879515526
2024-09-14,PROP020,54,49,5,0.9085182920971917
2024-09-15,PROP020,54,50,4,0.9265185061868586
2024-09-16,PROP020,54,48,6,0.8957388639158179
2024-09-17,PROP020,54,48,6,0.8956240971624018
2024-09-18,PROP020,54,48,6,0.8965908440833013
2024-09-19,PROP020,54,48,6,0.8918821905160893
2024-09-20,PROP020,54,48,6,0.8935620095769016
2024-09-21,PROP020,54,49,5,0.9170875347374667
2024-09-22,PROP020,54,49,5,0.9079561132290056
2024-09-23,PROP020,54,49,5,0.9212368627478258
2024-09-24,PROP020,54,50,4,0.9303966488075717
2024-09-25,PROP020,54,49,5,0.9170541273082653
2024-09-26,PROP020,54,48,6,0.8927109628891102
2024-09-27,PROP020,54,48,6,0.8948752546544789
2024-09-28,PROP020,54,50,4,0.9259329034568935
2024-09-29,PROP020,54,49,5,0.9117925778466357
2024-09-30,PROP020,54,49,5,0.9236862264401349
2024-10-01,PROP020,54,49,5,0.9249572335133023
2024-10-02,PROP020,54,50,4,0.927799721724286
2024-10-03,PROP020,54,50,4,0.9286859082837599
2024-10-04,PROP020,54,49,5,0.9128857719244374
2024-10-05,PROP020,54,48,6,0.9043335469545466
2024-10-06,PROP020,54,50,4,0.9291673350382251
2024-10-07,PROP020,54,49,5,0.9125889963043542
2024-10-08,PROP020,54,48,6,0.8932628489824896
2024-10-09,PROP020,54,49,5,0.9164038020666998
2024-10-10,PROP020,54,49,5,0.9142001300801057
2024-10-11,PROP020,54,50,4,0.9265244549800935
2024-10-12,PROP020,54,49,5,0.9168202276306178
2024-10-13,PROP020,54,48,6,0.9046548370427673
2024-10-14,PROP020,54,50,4,0.9293417690925381
2024-10-15,PROP020,54,49,5,0.9227575195035865
2024-10-16,PROP020,54,49,5,0.9159094447995594
2024-10-17,PROP020,54,48,6,0.9024097482004302
2024-10-18,PROP020,54,48,6,0.905634351916877
2024-10-19,PROP020,54,49,5,0.9174915370281715
2024-10-20,PROP020,54,48,6,0.8935719728028381
2024-10-21,PROP020,54,48,6,0.9009599637303157
2024-10-22,PROP020,54,49,5,0.9192487774001692
2024-10-23,PROP020,54,49,5,0.90989348045809
2024-10-24,PROP020,54,48,6,0.9067884826568824
2024-10-25,PROP020,54,48,6,0.8967510449603218
2024-10-26,PROP020,54,49,5,0.9083667014434146
2024-10-27,PROP020,54,49,5,0.9215204188947146
2024-10-28,PROP020,54,48,6,0.9012532539071809
2024-10-29,PROP020,54,48,6,0.8909086817516523
2024-10-30,PROP020,54,49,5,0.9174329361103445
2024-10-31,PROP020,54,50,4,0.9295978042416073
2024-11-01,PROP020,54,47,7,0.8876450204059194
2024-11-02,PROP020,54,46,8,0.8681688322194613
2024-11-03,PROP020,54,47,7,0.8762012815561631
2024-11-04,PROP020,54,48,6,0.898077622451185
2024-11-05,PROP020,54,47,7,0.8726746808326492
2024-11-06,PROP020,54,47,7,0.8876797940022805
2024-11-07,PROP020,54,47,7,0.879478806192536
2024-11-08,PROP020,54,47,7,0.871685706719162
2024-11-09,PROP020,54,48,6,0.8959082336049633
2024-11-10,PROP020,54,48,6,0.8930852089210037
2024-11-11,PROP020,54,48,6,0.8898356005007467
2024-11-12,PROP020,54,47,7,0.8728254214731261
2024-11-13,PROP020,54,46,8,0.8672862379710341
2024-11-14,PROP020,54,47,7,0.8864183310554148
2024-11-15,PROP020,54,47,7,0.8855190712039535
2024-11-16,PROP020,54,47,7,0.870907358235771
2024-11-17,PROP020,54,46,8,0.865621825634983
2024-11-18,PROP020,54,46,8,0.8666002960301356
2024-11-19,PROP020,54,48,6,0.9030827973228854
2024-11-20,PROP020,54,48,6,0.8947153136520914
2024-11-21,PROP020,54,48,6,0.900251456900983
2024-11-22,PROP020,54,47,7,0.8711741467518306
2024-11-23,PROP020,54,48,6,0.9017946993153135
2024-11-24,PROP020,54,46,8,0.8690781319213026
2024-11-25,PROP020,54,47,7,0.8837352310050349
2024-11-26,PROP020,54,48,6,0.8965597852390587
2024-11-27,PROP020,54,47,7,0.8773640920428393
2024-11-28,PROP020,54,47,7,0.8803650991894522
2024-11-29,PROP020,54,46,8,0.86849936227434
2024-11-30,PROP020,54,46,8,0.8682888330623351
2024-12-01,PROP020,54,47,7,0.8881546868535225
2024-12-02,PROP020,54,48,6,0.8903932526071784
2024-12-03,PROP020,54,48,6,0.8944652584256638
2024-12-04,PROP020,54,47,7,0.8856392399696462
2024-12-05,PROP020,54,48,6,0.8892023295528283
2024-12-06,PROP020,54,46,8,0.8639126487303649
2024-12-07,PROP020,54,46,8,0.8698587869478637
2024-12-08,PROP020,54,48,6,0.9027685485030523
2024-12-09,PROP020,54,46,8,0.8664116981150094
2024-12-10,PROP020,54,48,6,0.8905234867527859
2024-12-11,PROP020,54,47,7,0.8704152631836447
2024-12-12,PROP020,54,48,6,0.8920407012930818
2024-12-13,PROP020,54,48,6,0.8916115739808559
2024-12-14,PROP020,54,47,7,0.8727399202538997
2024-12-15,PROP020,54,47,7,0.8741573338311442
2024-12-16,PROP020,54,48,6,0.8895627864064596
2024-12-17,PROP020,54,47,7,0.8789753994135846
2024-12-18,PROP020,54,47,7,0.8711538766503726
2024-12-19,PROP020,54,48,6,0.8926391418138754
2024-12-20,PROP020,54,46,8,0.8695378588358295
2024-12-21,PROP020,54,48,6,0.897597704428174
2024-12-22,PROP020,54,47,7,0.8839587388244492
2024-12-23,PROP020,54,46,8,0.8675999820175482
2024-12-24,PROP020,54,48,6,0.8911348512036155
2024-12-25,PROP020,54,47,7,0.8841384794453577
2024-12-26,PROP020,54,47,7,0.8752942607341685
2024-12-27,PROP020,54,47,7,0.8802735330713303
2024-12-28,PROP020,54,47,7,0.875305467605876
2024-12-29,PROP020,54,47,7,0.8738929912920874
2024-12-30,PROP020,54,46,8,0.8699162946961246
2024-12-31,PROP020,54,47,7,0.8778826431878751
2025-01-01,PROP020,54,47,7,0.873411446115019
2025-01-02,PROP020,54,48,6,0.8907093373445328
2025-01-03,PROP020,54,48,6,0.8907270275089083
2025-01-04,PROP020,54,47,7,0.8834455675646017
2025-01-05,PROP020,54,48,6,0.894489738961189
2025-01-06,PROP020,54,48,6,0.897025546622618
2025-01-07,PROP020,54,47,7,0.8865626161597471
2025-01-08,PROP020,54,47,7,0.8881293643729135
2025-01-09,PROP020,54,47,7,0.8746873942538307
2025-01-10,PROP020,54,48,6,0.8991667258905969
2025-01-11,PROP020,54,46,8,0.8643401996392773
2025-01-12,PROP020,54,47,7,0.8773160566400899
2025-01-13,PROP020,54,48,6,0.8922439747243703
2025-01-14,PROP020,54,46,8,0.8665755382492225
2025-01-15,PROP020,54,47,7,0.8706987389595078
2025-01-16,PROP020,54,47,7,0.8869433869768901
2025-01-17,PROP020,54,47,7,0.8857717047209184
2025-01-18,PROP020,54,48,6,0.8929290897076143
2025-01-19,PROP020,54,48,6,0.895876463425903
2025-01-20,PROP020,54,46,8,0.8685151410028429
2025-01-21,PROP020,54,46,8,0.8641071974533858
2025-01-22,PROP020,54,48,6,0.8909574986487323
2025-01-23,PROP020,54,47,7,0.8754276296930305
2025-01-24,PROP020,54,47,7,0.8884113144190943
2025-01-25,PROP020,54,46,8,0.8693937413848651
2025-01-26,PROP020,54,47,7,0.8821335597290146
2025-01-27,PROP020,54,47,7,0.8835489477049135
2025-01-28,PROP020,54,47,7,0.8867750705173048
2025-01-29,PROP020,54,47,7,0.8838987585155986
2025-01-30,PROP020,54,47,7,0.8831995886715247
2025-01-31,PROP020,54,47,7,0.8766813240217303
2024-02-01,PROP021,100,84,16,0.842122436230044
2024-02-02,PROP021,100,85,15,0.8558927593344564
2024-02-03,PROP021,100,85,15,0.85277335347101
2024-02-04,PROP021,100,85,15,0.8591870205451502
2024-02-05,PROP021,100,85,15,0.8507351551284209
2024-02-06,PROP021,100,86,14,0.8660580320163832
2024-02-07,PROP021,100,87,13,0.8730998212385507
2024-02-08,PROP021,100,85,15,0.850496155909645
2024-02-09,PROP021,100,84,16,0.8462609886757314
2024-02-10,PROP021,100,84,16,0.8431888513283339
2024-02-11,PROP021,100,86,14,0.8631917899810028
2024-02-12,PROP021,100,85,15,0.8562958680037931
2024-02-13,PROP021,100,84,16,0.8460622570460218
2024-02-14,PROP021,100,86,14,0.8646670976898445
2024-02-15,PROP021,100,84,16,0.8444809556783817
2024-02-16,PROP021,100,86,14,0.8607136565920884
2024-02-17,PROP021,100,85,15,0.8596275636231808
2024-02-18,PROP021,100,86,14,0.8679107404056136
2024-02-19,PROP021,100,84,16,0.840746013955797
2024-02-20,PROP021,100,87,13,0.8740565456322235
2024-02-21,PROP021,100,86,14,0.8666612974040431
2024-02-22,PROP021,100,84,16,0.8471866682921207
2024-02-23,PROP021,100,84,16,0.8458778423025599
2024-02-24,PROP021,100,85,15,0.8558080369239216
2024-02-25,PROP021,100,87,13,0.8712442415399542
2024-02-26,PROP021,100,87,13,0.8722596280837346
2024-02-27,PROP021,100,85,15,0.8593598720437456
2024-02-28,PROP021,100,87,13,0.8729740628656397
2024-02-29,PROP021,100,83,17,0.8387593767258379
2024-03-01,PROP021,100,83,17,0.8399486136194342
2024-03-02,PROP021,100,87,13,0.87501449210364
2024-03-03,PROP021,100,86,14,0.8695549055536069
2024-03-04,PROP021,100,85,15,0.8565698706881857
2024-03-05,PROP021,100,86,14,0.8686860336172898
2024-03-06,PROP021,100,87,13,0.8767672068271072
2024-03-07,PROP021,100,86,14,0.8694252093134217
2024-03-08,PROP021,100,87,13,0.8722364817109032
2024-03-09,PROP021,100,86,14,0.8689658916137727
2024-03-10,PROP021,100,84,16,0.845270072055512
2024-03-11,PROP021,100,87,13,0.8718845927439998
2024-03-12,PROP021,100,84,16,0.8463459811591387
2024-03-13,PROP021,100,87,13,0.8742460814799361
2024-03-14,PROP021,100,85,15,0.8568876242814133
2024-03-15,PROP021,100,86,14,0.8656206984506114
2024-03-16,PROP021,100,85,15,0.8584312622733961
2024-03-17,PROP021,100,84,16,0.8423012655348343
2024-03-18,PROP021,100,85,15,0.8501705206629969
2024-03-19,PROP021,100,87,13,0.8778909025180505
2024-03-20,PROP021,100,87,13,0.8769702184249629
2024-03-21,PROP021,100,85,15,0.8513611042643922
2024-03-22,PROP021,100,87,13,0.8783935005279793
2024-03-23,PROP021,100,87,13,0.8723636761780462
2024-03-24,PROP021,100,86,14,0.8629800083354605
2024-03-25,PROP021,100,84,16,0.8401466131686106
2024-03-26,PROP021,100,87,13,0.8745995015397054
2024-03-27,PROP021,100,86,14,0.8608387995287431
2024-03-28,PROP021,100,87,13,0.8732806744062811
2024-03-29,PROP021,100,87,13,0.8719187931544
2024-03-30,PROP021,100,87,13,0.8718618769662138
2024-03-31,PROP021,100,86,14,0.8664685827867665
2024-04-01,PROP021,100,85,15,0.8501982339052122
2024-04-02,PROP021,100,85,15,0.851988038667951
2024-04-03,PROP021,100,85,15,0.8508803968614778
2024-04-04,PROP021,100,83,17,0.8393434683394728
2024-04-05,PROP021,100,86,14,0.8618443847267627
2024-04-06,PROP021,100,86,14,0.8664949751760116
2024-04-07,PROP021,100,87,13,0.8726962680991784
2024-04-08,PROP021,100,84,16,0.8441482456934795
2024-04-09,PROP021,100,86,14,0.8603089543172423
2024-04-10,PROP021,100,83,17,0.8388619539851215
2024-04-11,PROP021,100,84,16,0.8423453742665995
2024-04-12,PROP021,100,84,16,0.84071009812641
2024-04-13,PROP021,100,86,14,0.8675607497187897
2024-04-14,PROP021,100,84,16,0.8417840109132744
2024-04-15,PROP021,100,86,14,0.8671997476205219
2024-04-16,PROP021,100,84,16,0.8485266165345936
2024-04-17,PROP021,100,87,13,0.8736501467860478
2024-04-18,PROP021,100,87,13,0.8710676278927229
2024-04-19,PROP021,100,87,13,0.8768548370571814
2024-04-20,PROP021,100,87,13,0.8738921089764915
2024-04-21,PROP021,100,87,13,0.8758748051228241
2024-04-22,PROP021,100,87,13,0.8728913242187026
2024-04-23,PROP021,100,86,14,0.8662769043827645
2024-04-24,PROP021,100,84,16,0.8453519944431878
2024-04-25,PROP021,100,84,16,0.849409929112334
2024-04-26,PROP021,100,84,16,0.8470507070033811
2024-04-27,PROP021,100,86,14,0.8626850598644985
2024-04-28,PROP021,100,85,15,0.8586864258771143
2024-04-29,PROP021,100,87,13,0.8732248282445072
2024-04-30,PROP021,100,87,13,0.8766485430181333
2024-05-01,PROP021,100,88,12,0.8804922727936412
2024-05-02,PROP021,100,88,12,0.8845518993401479
2024-05-03,PROP021,100,90,10,0.9031585314810809
2024-05-04,PROP021,100,87,13,0.8753474348738411
2024-05-05,PROP021,100,89,11,0.895993508223268
2024-05-06,PROP021,100,87,13,0.8733074733023253
2024-05-07,PROP021,100,89,11,0.8915562818259263
2024-05-08,PROP021,100,87,13,0.874442502314458
2024-05-09,PROP021,100,89,11,0.8996472127621709
2024-05-10,PROP021,100,88,12,0.8867569949583824
2024-05-11,PROP021,100,87,13,0.8717352228438908
2024-05-12,PROP021,100,87,13,0.8732726442368548
2024-05-13,PROP021,100,88,12,0.8840518450372394
2024-05-14,PROP021,100,90,10,0.9027619582319105
2024-05-15,PROP021,100,89,11,0.8950835637642616
2024-05-16,PROP021,100,88,12,0.8838302629219492
2024-05-17,PROP021,100,87,13,0.8778066429914041
2024-05-18,PROP021,100,88,12,0.8862686169428531
2024-05-19,PROP021,100,89,11,0.8942323105460602
2024-05-20,PROP021,100,89,11,0.8956550207470274
2024-05-21,PROP021,100,87,13,0.8772822291327932
2024-05-22,PROP021,100,89,11,0.8931442479374705
2024-05-23,PROP021,100,89,11,0.8906094284103628
2024-05-24,PROP021,100,90,10,0.9026623688887672
2024-05-25,PROP021,100,90,10,0.901541488829236
2024-05-26,PROP021,100,89,11,0.8958730502330585
2024-05-27,PROP021,100,89,11,0.8932336647631125
2024-05-28,PROP021,100,87,13,0.8752595407970865
2024-05-29,PROP021,100,89,11,0.8981364874528567
2024-05-30,PROP021,100,88,12,0.88139810535745
2024-05-31,PROP021,100,87,13,0.8751874989091571
2024-06-01,PROP021,100,87,13,0.8796643075270539
2024-06-02,PROP021,100,89,11,0.8977352968095758
2024-06-03,PROP021,100,87,13,0.8702432058320307
2024-06-04,PROP021,100,88,12,0.8825442268537083
2024-06-05,PROP021,100,88,12,0.883992180990095
2024-06-06,PROP021,100,86,14,0.8657630651128682
2024-06-07,PROP021,100,87,13,0.872127718390842
2024-06-08,PROP021,100,89,11,0.8973675743519497
2024-06-09,PROP021,100,89,11,0.8975285727527058
2024-06-10,PROP021,100,87,13,0.8759944805642853
2024-06-11,PROP021,100,89,11,0.8992937665928324
2024-06-12,PROP021,100,89,11,0.8951691947716494
2024-06-13,PROP021,100,88,12,0.8810141765607318
2024-06-14,PROP021,100,89,11,0.894234130985117
2024-06-15,PROP021,100,90,10,0.9027512624567077
2024-06-16,PROP021,100,88,12,0.8826566659315294
2024-06-17,PROP021,100,87,13,0.8738349643670548
2024-06-18,PROP021,100,90,10,0.9019705372109216
2024-06-19,PROP021,100,88,12,0.8884476487514457
2024-06-20,PROP021,100,86,14,0.8685084837081324
2024-06-21,PROP021,100,88,12,0.887205189843183
2024-06-22,PROP021,100,88,12,0.8843211127868473
2024-06-23,PROP021,100,89,11,0.898521432971938
2024-06-24,PROP021,100,88,12,0.8855256847994563
2024-06-25,PROP021,100,87,13,0.8745071745826868
2024-06-26,PROP021,100,89,11,0.8913236397635109
2024-06-27,PROP021,100,88,12,0.8860008953103387
2024-06-28,PROP021,100,87,13,0.8736196623395903
2024-06-29,PROP021,100,88,12,0.8872429915266317
2024-06-30,PROP021,100,89,11,0.8971593003245029
2024-07-01,PROP021,100,86,14,0.8654407139178758
2024-07-02,PROP021,100,88,12,0.8895319187547198
2024-07-03,PROP021,100,87,13,0.8782812850402911
2024-07-04,PROP021,100,87,13,0.8760047350392923
2024-07-05,PROP021,100,88,12,0.8800013872233599
2024-07-06,PROP021,100,87,13,0.8779787837788346
2024-07-07,PROP021,100,89,11,0.8975874414772531
2024-07-08,PROP021,100,87,13,0.8752897896396314
2024-07-09,PROP021,100,89,11,0.8936239981331788
2024-07-10,PROP021,100,86,14,0.868060270018059
2024-07-11,PROP021,100,90,10,0.9023537321082921
2024-07-12,PROP021,100,88,12,0.8891905426988574
2024-07-13,PROP021,100,89,11,0.8925666202906978
2024-07-14,PROP021,100,87,13,0.8762194504926935
2024-07-15,PROP021,100,88,12,0.88078173995724
2024-07-16,PROP021,100,87,13,0.8732490126597544
2024-07-17,PROP021,100,90,10,0.9015993206410043
2024-07-18,PROP021,100,88,12,0.8838220550929705
2024-07-19,PROP021,100,88,12,0.889515801835235
2024-07-20,PROP021,100,89,11,0.893668758430144
2024-07-21,PROP021,100,87,13,0.879142120852897
2024-07-22,PROP021,100,89,11,0.893101943390481
2024-07-23,PROP021,100,89,11,0.891337576799169
2024-07-24,PROP021,100,89,11,0.8925242505638733
2024-07-25,PROP021,100,88,12,0.8838670732170999
2024-07-26,PROP021,100,87,13,0.8796153725005801
2024-07-27,PROP021,100,87,13,0.873181164737275
2024-07-28,PROP021,100,89,11,0.8972829313209512
2024-07-29,PROP021,100,88,12,0.8886318790701826
2024-07-30,PROP021,100,88,12,0.8820719650528152
2024-07-31,PROP021,100,90,10,0.9020577134773399
2024-08-01,PROP021,100,86,14,0.866211429709197
2024-08-02,PROP021,100,89,11,0.8983047550171173
2024-08-03,PROP021,100,90,10,0.9042011809267543
2024-08-04,PROP021,100,89,11,0.8997755616442301
2024-08-05,PROP021,100,89,11,0.8967153406335404
2024-08-06,PROP021,100,87,13,0.8792701169451684
2024-08-07,PROP021,100,87,13,0.8735504444994071
2024-08-08,PROP021,100,89,11,0.8936918980288995
2024-08-09,PROP021,100,87,13,0.8764808918604581
2024-08-10,PROP021,100,87,13,0.8713394644951142
2024-08-11,PROP021,100,89,11,0.8957589126930591
2024-08-12,PROP021,100,87,13,0.8767996232983842
2024-08-13,PROP021,100,90,10,0.9008755463884089
2024-08-14,PROP021,100,89,11,0.8979231830016804
2024-08-15,PROP021,100,89,11,0.8982034903892856
2024-08-16,PROP021,100,89,11,0.8951606662511484
2024-08-17,PROP021,100,89,11,0.8995331341599049
2024-08-18,PROP021,100,89,11,0.8965277528960403
2024-08-19,PROP021,100,88,12,0.8883983317519045
2024-08-20,PROP021,100,87,13,0.87613078595219
2024-08-21,PROP021,100,89,11,0.8998262449374813
2024-08-22,PROP021,100,89,11,0.8979220221198431
2024-08-23,PROP021,100,88,12,0.8832130500973372
2024-08-24,PROP021,100,86,14,0.8658610246489936
2024-08-25,PROP021,100,88,12,0.8898396263049919
2024-08-26,PROP021,100,86,14,0.8663217513559787
2024-08-27,PROP021,100,90,10,0.9013490756828517
2024-08-28,PROP021,100,90,10,0.9027631274739277
2024-08-29,PROP021,100,87,13,0.8718774830448995
2024-08-30,PROP021,100,89,11,0.8913534523311117
2024-08-31,PROP021,100,86,14,0.867988637391426
2024-09-01,PROP021,100,86,14,0.8677223055010952
2024-09-02,PROP021,100,85,15,0.8524331350042773
2024-09-03,PROP021,100,86,14,0.8657836328273881
2024-09-04,PROP021,100,85,15,0.8534566887262574
2024-09-05,PROP021,100,84,16,0.8443643287514997
2024-09-06,PROP021,100,85,15,0.8547860275782726
2024-09-07,PROP021,100,84,16,0.8430485694235619
2024-09-08,PROP021,100,86,14,0.8616169593572481
2024-09-09,PROP021,100,84,16,0.8401796896441495
2024-09-10,PROP021,100,85,15,0.8596344155421647
2024-09-11,PROP021,100,87,13,0.873996374241992
2024-09-12,PROP021,100,87,13,0.8720565591629448
2024-09-13,PROP021,100,87,13,0.8738528963432302
2024-09-14,PROP021,100,87,13,0.8754235804432545
2024-09-15,PROP021,100,84,16,0.842722743873198
2024-09-16,PROP021,100,84,16,0.8436915164731988
2024-09-17,PROP021,100,86,14,0.8608219006106954
2024-09-18,PROP021,100,87,13,0.8743005350951475
2024-09-19,PROP021,100,87,13,0.8775156066191315
2024-09-20,PROP021,100,84,16,0.8403921050517703
2024-09-21,PROP021,100,85,15,0.8527725917261967
2024-09-22,PROP021,100,84,16,0.84705739854457
2024-09-23,PROP021,100,86,14,0.8687802623154202
2024-09-24,PROP021,100,86,14,0.8641493830996515
2024-09-25,PROP021,100,84,16,0.843337149617524
2024-09-26,PROP021,100,85,15,0.8578825110527691
2024-09-27,PROP021,100,86,14,0.8659592492530219
2024-09-28,PROP021,100,86,14,0.8697018441151317
2024-09-29,PROP021,100,83,17,0.8393437367495307
2024-09-30,PROP021,100,87,13,0.8741604113175259
2024-10-01,PROP021,100,86,14,0.8613128836761913
2024-10-02,PROP021,100,87,13,0.8710179929565665
2024-10-03,PROP021,100,87,13,0.8708591495587417
2024-10-04,PROP021,100,84,16,0.846135734769009
2024-10-05,PROP021,100,84,16,0.8429485131683156
2024-10-06,PROP021,100,86,14,0.8673931191171234
2024-10-07,PROP021,100,84,16,0.844798705111035
2024-10-08,PROP021,100,87,13,0.8725391280143592
2024-10-09,PROP021,100,86,14,0.8675892077126545
2024-10-10,PROP021,100,87,13,0.8722146429327807
2024-10-11,PROP021,100,85,15,0.8505021355425442
2024-10-12,PROP021,100,85,15,0.851205550774593
2024-10-13,PROP021,100,86,14,0.865390490612023
2024-10-14,PROP021,100,83,17,0.8397994665605282
2024-10-15,PROP021,100,86,14,0.8676014982116672
2024-10-16,PROP021,100,87,13,0.8719729511923543
2024-10-17,PROP021,100,85,15,0.8551481718223344
2024-10-18,PROP021,100,86,14,0.869136781561709
2024-10-19,PROP021,100,84,16,0.8455260650374608
2024-10-20,PROP021,100,85,15,0.8514320441109496
2024-10-21,PROP021,100,87,13,0.8775138268825894
2024-10-22,PROP021,100,87,13,0.8779947553005754
2024-10-23,PROP021,100,85,15,0.8590458304790338
2024-10-24,PROP021,100,87,13,0.8759124200167253
2024-10-25,PROP021,100,85,15,0.8594508554804444
2024-10-26,PROP021,100,85,15,0.8502051534846166
2024-10-27,PROP021,100,84,16,0.8492175998821212
2024-10-28,PROP021,100,87,13,0.8757218565728963
2024-10-29,PROP021,100,84,16,0.8454394839171246
2024-10-30,PROP021,100,86,14,0.861726926686243
2024-10-31,PROP021,100,86,14,0.8607626310806791
2024-11-01,PROP021,100,84,16,0.8423702468935449
2024-11-02,PROP021,100,83,17,0.8327550958084161
2024-11-03,PROP021,100,82,18,0.8236768059357505
2024-11-04,PROP021,100,81,19,0.8195612394926883
2024-11-05,PROP021,100,83,17,0.8376181316476609
2024-11-06,PROP021,100,84,16,0.8415450097815544
2024-11-07,PROP021,100,83,17,0.8355662306547065
2024-11-08,PROP021,100,84,16,0.842319430592273
2024-11-09,PROP021,100,81,19,0.8184462276054235
2024-11-10,PROP021,100,84,16,0.8480841873051506
2024-11-11,PROP021,100,83,17,0.8360811998437653
2024-11-12,PROP021,100,81,19,0.817859136583129
2024-11-13,PROP021,100,83,17,0.8312623876756545
2024-11-14,PROP021,100,84,16,0.8465770490220617
2024-11-15,PROP021,100,84,16,0.8486878672455516
2024-11-16,PROP021,100,82,18,0.8233713597073756
2024-11-17,PROP021,100,84,16,0.8412360124958432
2024-11-18,PROP021,100,81,19,0.8167847894067762
2024-11-19,PROP021,100,81,19,0.8141272143639114
2024-11-20,PROP021,100,83,17,0.8352013376602229
2024-11-21,PROP021,100,84,16,0.8405784826805501
2024-11-22,PROP021,100,84,16,0.8446168487544853
2024-11-23,PROP021,100,82,18,0.8263940290456385
2024-11-24,PROP021,100,81,19,0.8130463959245806
2024-11-25,PROP021,100,83,17,0.8319661489918793
2024-11-26,PROP021,100,81,19,0.8134195213223678
2024-11-27,PROP021,100,81,19,0.8164647599342572
2024-11-28,PROP021,100,82,18,0.8258529404086951
2024-11-29,PROP021,100,83,17,0.8302722614898322
2024-11-30,PROP021,100,82,18,0.8239641571566111
2024-12-01,PROP021,100,83,17,0.8360599901676135
2024-12-02,PROP021,100,81,19,0.814999371076149
2024-12-03,PROP021,100,81,19,0.8185685679170085
2024-12-04,PROP021,100,84,16,0.8405957155376425
2024-12-05,PROP021,100,81,19,0.8184710136513419
2024-12-06,PROP021,100,83,17,0.838376387570242
2024-12-07,PROP021,100,81,19,0.8149727643375597
2024-12-08,PROP021,100,82,18,0.8290806706721907
2024-12-09,PROP021,100,81,19,0.8198817583122724
2024-12-10,PROP021,100,81,19,0.8171708308088326
2024-12-11,PROP021,100,83,17,0.8354666908474743
2024-12-12,PROP021,100,84,16,0.84991881038765
2024-12-13,PROP021,100,81,19,0.8149768614243671
2024-12-14,PROP021,100,82,18,0.8296475494361465
2024-12-15,PROP021,100,84,16,0.8410867970172429
2024-12-16,PROP021,100,83,17,0.8312928927749382
2024-12-17,PROP021,100,84,16,0.845045217351635
2024-12-18,PROP021,100,81,19,0.8199711921419904
2024-12-19,PROP021,100,85,15,0.8511691477085348
2024-12-20,PROP021,100,82,18,0.8281918846183268
2024-12-21,PROP021,100,82,18,0.8264481648251961
2024-12-22,PROP021,100,84,16,0.8477696112875518
2024-12-23,PROP021,100,83,17,0.8353400607830959
2024-12-24,PROP021,100,83,17,0.833443153183538
2024-12-25,PROP021,100,84,16,0.8418644962885624
2024-12-26,PROP021,100,83,17,0.8359787490386688
2024-12-27,PROP021,100,81,19,0.8192860052977098
2024-12-28,PROP021,100,83,17,0.8397532844220224
2024-12-29,PROP021,100,81,19,0.8181241346787103
2024-12-30,PROP021,100,84,16,0.8450196877207876
2024-12-31,PROP021,100,85,15,0.852374843415916
2025-01-01,PROP021,100,82,18,0.8278808845064162
2025-01-02,PROP021,100,83,17,0.8305756154355056
2025-01-03,PROP021,100,81,19,0.8146427257267377
2025-01-04,PROP021,100,81,19,0.8133347070307283
2025-01-05,PROP021,100,84,16,0.8496421529024782
2025-01-06,PROP021,100,81,19,0.8179303419249928
2025-01-07,PROP021,100,83,17,0.830616529409804
2025-01-08,PROP021,100,84,16,0.8453995644616477
2025-01-09,PROP021,100,84,16,0.848358129904558
2025-01-10,PROP021,100,83,17,0.8335612869187639
2025-01-11,PROP021,100,83,17,0.8353866805064631
2025-01-12,PROP021,100,83,17,0.839572738405956
2025-01-13,PROP021,100,85,15,0.8512406783131737
2025-01-14,PROP021,100,83,17,0.8368921779452053
2025-01-15,PROP021,100,83,17,0.835164389885679
2025-01-16,PROP021,100,81,19,0.8133667449180648
2025-01-17,PROP021,100,81,19,0.8160233675883194
2025-01-18,PROP021,100,83,17,0.835872244572385
2025-01-19,PROP021,100,85,15,0.8502349950197132
2025-01-20,PROP021,100,84,16,0.847453033443401
2025-01-21,PROP021,100,85,15,0.8520885364271134
2025-01-22,PROP021,100,83,17,0.8338987410098762
2025-01-23,PROP021,100,84,16,0.8443026170449358
2025-01-24,PROP021,100,84,16,0.8464013927669988
2025-01-25,PROP021,100,83,17,0.8387066458006596
2025-01-26,PROP021,100,82,18,0.8263353756760055
2025-01-27,PROP021,100,83,17,0.8315845168937369
2025-01-28,PROP021,100,84,16,0.8471020623971679
2025-01-29,PROP021,100,82,18,0.8247272965467117
2025-01-30,PROP021,100,84,16,0.8497351047580911
2025-01-31,PROP021,100,82,18,0.8219776331643317
2024-02-01,PROP022,69,65,4,0.9451643391926432
2024-02-02,PROP022,69,65,4,0.9499259474636441
2024-02-03,PROP022,69,64,5,0.9374358727161174
2024-02-04,PROP022,69,66,3,0.957247612320973
2024-02-05,PROP022,69,65,4,0.9452408579152727
2024-02-06,PROP022,69,64,5,0.9314738020009838
2024-02-07,PROP022,69,65,4,0.9454801726448994
2024-02-08,PROP022,69,64,5,0.9314145997070948
2024-02-09,PROP022,69,64,5,0.9316872654892085
2024-02-10,PROP022,69,64,5,0.9359259102836484
2024-02-11,PROP022,69,65,4,0.9540391865215784
2024-02-12,PROP022,69,64,5,0.9399538847945733
2024-02-13,PROP022,69,65,4,0.9470980035080219
2024-02-14,PROP022,69,64,5,0.9356206794297921
2024-02-15,PROP022,69,64,5,0.9304861874110889
2024-02-16,PROP022,69,66,3,0.9581275762474629
2024-02-17,PROP022,69,65,4,0.9440852197037362
2024-02-18,PROP022,69,66,3,0.9573000233621224
2024-02-19,PROP022,69,64,5,0.9280784899067462
2024-02-20,PROP022,69,63,6,0.9258177363753309
2024-02-21,PROP022,69,65,4,0.9541748861037698
2024-02-22,PROP022,69,65,4,0.9471786583235037
2024-02-23,PROP022,69,63,6,0.9274051097889593
2024-02-24,PROP022,69,64,5,0.9307163578453551
2024-02-25,PROP022,69,65,4,0.9519685274798261
2024-02-26,PROP022,69,64,5,0.9380967146186511
2024-02-27,PROP022,69,65,4,0.9467635900790573
2024-02-28,PROP022,69,64,5,0.9326760507042541
2024-02-29,PROP022,69,64,5,0.9351911679298087
2024-03-01,PROP022,69,66,3,0.9595704721637378
2024-03-02,PROP022,69,64,5,0.9298466533058024
2024-03-03,PROP022,69,64,5,0.9402002249002742
2024-03-04,PROP022,69,65,4,0.953718063546435
2024-03-05,PROP022,69,64,5,0.929510898365448
2024-03-06,PROP022,69,64,5,0.9365505200861869
2024-03-07,PROP022,69,65,4,0.9445456213136132
2024-03-08,PROP022,69,64,5,0.9391894958778177
2024-03-09,PROP022,69,64,5,0.9383220604816264
2024-03-10,PROP022,69,64,5,0.9344423590716986
2024-03-11,PROP022,69,65,4,0.9434078229298106
2024-03-12,PROP022,69,65,4,0.944916877735758
2024-03-13,PROP022,69,65,4,0.9460735514548682
2024-03-14,PROP022,69,63,6,0.9227566941350548
2024-03-15,PROP022,69,65,4,0.9451833368472956
2024-03-16,PROP022,69,66,3,0.9580714569700629
2024-03-17,PROP022,69,64,5,0.941581419239937
2024-03-18,PROP022,69,65,4,0.9485526531191834
2024-03-19,PROP022,69,65,4,0.9422112621291824
2024-03-20,PROP022,69,65,4,0.9541315945624927
2024-03-21,PROP022,69,66,3,0.9571252936027164
2024-03-22,PROP022,69,63,6,0.927310765790668
2024-03-23,PROP022,69,64,5,0.9374163712810987
2024-03-24,PROP022,69,64,5,0.9356372538561225
2024-03-25,PROP022,69,64,5,0.9361505747507848
2024-03-26,PROP022,69,63,6,0.9249629370679286
2024-03-27,PROP022,69,65,4,0.9524865988580424
2024-03-28,PROP022,69,63,6,0.9213726195394111
2024-03-29,PROP022,69,64,5,0.9410710341278999
2024-03-30,PROP022,69,65,4,0.9464171053406013
2024-03-31,PROP022,69,64,5,0.9282407473411687
2024-04-01,PROP022,69,65,4,0.9561759775027654
2024-04-02,PROP022,69,65,4,0.9534839380998054
2024-04-03,PROP022,69,64,5,0.9387853189981706
2024-04-04,PROP022,69,64,5,0.9363879271124191
2024-04-05,PROP022,69,64,5,0.9294046868272576
2024-04-06,PROP022,69,65,4,0.9491416988046122
2024-04-07,PROP022,69,63,6,0.9252117218040922
2024-04-08,PROP022,69,65,4,0.947151479972565
2024-04-09,PROP022,69,65,4,0.9536402492635502
2024-04-10,PROP022,69,64,5,0.9290808328554946
2024-04-11,PROP022,69,65,4,0.9545990659347638
2024-04-12,PROP022,69,63,6,0.9212748977963939
2024-04-13,PROP022,69,65,4,0.9564534652342747
2024-04-14,PROP022,69,63,6,0.9246764589328655
2024-04-15,PROP022,69,65,4,0.9457723369363349
2024-04-16,PROP022,69,64,5,0.9299452685753713
2024-04-17,PROP022,69,65,4,0.9534040654655982
2024-04-18,PROP022,69,64,5,0.9404339842554322
2024-04-19,PROP022,69,63,6,0.9253516174686737
2024-04-20,PROP022,69,65,4,0.9427816326718528
2024-04-21,PROP022,69,64,5,0.9362572742266929
2024-04-22,PROP022,69,65,4,0.9463998824833376
2024-04-23,PROP022,69,65,4,0.955218101209352
2024-04-24,PROP022,69,64,5,0.9363175350661503
2024-04-25,PROP022,69,64,5,0.931537197000168
2024-04-26,PROP022,69,63,6,0.920522573599918
2024-04-27,PROP022,69,65,4,0.9429355313332086
2024-04-28,PROP022,69,64,5,0.936032960516071
2024-04-29,PROP022,69,64,5,0.9349279385794068
2024-04-30,PROP022,69,63,6,0.9272593826701822
2024-05-01,PROP022,69,66,3,0.965342442721029
2024-05-02,PROP022,69,68,1,0.9875179070567127
2024-05-03,PROP022,69,66,3,0.9600503950602678
2024-05-04,PROP022,69,67,2,0.972128405449702
2024-05-05,PROP022,69,67,2,0.9791997041660047
2024-05-06,PROP022,69,67,2,0.9781065418404393
2024-05-07,PROP022,69,66,3,0.9612912004130817
2024-05-08,PROP022,69,67,2,0.972574632254052
2024-05-09,PROP022,69,67,2,0.9829908163241843
2024-05-10,PROP022,69,65,4,0.9487581260227012
2024-05-11,PROP022,69,66,3,0.9655696031871104
2024-05-12,PROP022,69,66,3,0.9571111656430542
2024-05-13,PROP022,69,66,3,0.9636855205293315
2024-05-14,PROP022,69,66,3,0.9647798132323877
2024-05-15,PROP022,69,67,2,0.9780070675048436
2024-05-16,PROP022,69,65,4,0.9518931038091958
2024-05-17,PROP022,69,66,3,0.9686435850386784
2024-05-18,PROP022,69,66,3,0.9707080205853278
2024-05-19,PROP022,69,66,3,0.9679065330554502
2024-05-20,PROP022,69,67,2,0.9774151590358868
2024-05-21,PROP022,69,66,3,0.963491879149652
2024-05-22,PROP022,69,68,1,0.985938911458981
2024-05-23,PROP022,69,66,3,0.9674123666149357
2024-05-24,PROP022,69,66,3,0.97098878529797
2024-05-25,PROP022,69,67,2,0.9811614618472481
2024-05-26,PROP022,69,66,3,0.9591496731506229
2024-05-27,PROP022,69,65,4,0.9511483100638901
2024-05-28,PROP022,69,67,2,0.9764515880478774
2024-05-29,PROP022,69,66,3,0.9674607031353132
2024-05-30,PROP022,69,67,2,0.9840003989517379
2024-05-31,PROP022,69,68,1,0.9874474308622754
2024-06-01,PROP022,69,66,3,0.9641046029363672
2024-06-02,PROP022,69,66,3,0.9647577895637645
2024-06-03,PROP022,69,66,3,0.9644587330016071
2024-06-04,PROP022,69,66,3,0.9611223933026151
2024-06-05,PROP022,69,67,2,0.9794077128240339
2024-06-06,PROP022,69,67,2,0.9785000594130071
2024-06-07,PROP022,69,66,3,0.9672860237353991
2024-06-08,PROP022,69,65,4,0.949926677568534
2024-06-09,PROP022,69,66,3,0.960522600973901
2024-06-10,PROP022,69,66,3,0.9598323507755715
2024-06-11,PROP022,69,67,2,0.9805837187613884
2024-06-12,PROP022,69,65,4,0.9516432518500251
2024-06-13,PROP022,69,67,2,0.9803672440750862
2024-06-14,PROP022,69,67,2,0.9749075750013437
2024-06-15,PROP022,69,67,2,0.977437887278596
2024-06-16,PROP022,69,66,3,0.9654287564167789
2024-06-17,PROP022,69,67,2,0.9753292607534484
2024-06-18,PROP022,69,67,2,0.9725013867016546
2024-06-19,PROP022,69,67,2,0.9788994367225232
2024-06-20,PROP022,69,66,3,0.9660110222921081
2024-06-21,PROP022,69,66,3,0.9670532539092301
2024-06-22,PROP022,69,67,2,0.9738832778229708
2024-06-23,PROP022,69,65,4,0.9524633286600336
2024-06-24,PROP022,69,66,3,0.9655900068479507
2024-06-25,PROP022,69,68,1,0.9870182627237702
2024-06-26,PROP022,69,65,4,0.9496423217157799
2024-06-27,PROP022,69,66,3,0.9607804178280338
2024-06-28,PROP022,69,66,3,0.9607046216769528
2024-06-29,PROP022,69,67,2,0.973478793682809
2024-06-30,PROP022,69,65,4,0.9523722432903436
2024-07-01,PROP022,69,67,2,0.9732819901485324
2024-07-02,PROP022,69,65,4,0.9519418385394428
2024-07-03,PROP022,69,65,4,0.9519383748101112
2024-07-04,PROP022,69,67,2,0.9772675632009173
2024-07-05,PROP022,69,66,3,0.9611056358666898
2024-07-06,PROP022,69,68,1,0.987237146821928
2024-07-07,PROP022,69,65,4,0.9496343463708002
2024-07-08,PROP022,69,66,3,0.9659444954620978
2024-07-09,PROP022,69,65,4,0.952665666420339
2024-07-10,PROP022,69,66,3,0.9621953875837024
2024-07-11,PROP022,69,68,1,0.9880691269377401
2024-07-12,PROP022,69,67,2,0.9836939293829193
2024-07-13,PROP022,69,65,4,0.9500732052675939
2024-07-14,PROP022,69,66,3,0.9706704626664053
2024-07-15,PROP022,69,67,2,0.9740531211063554
2024-07-16,PROP022,69,65,4,0.956521613871383
2024-07-17,PROP022,69,65,4,0.953944451849236
2024-07-18,PROP022,69,67,2,0.984315474299999
2024-07-19,PROP022,69,68,1,0.9868928865727131
2024-07-20,PROP022,69,68,1,0.9878159432061637
2024-07-21,PROP022,69,67,2,0.9797306998627634
2024-07-22,PROP022,69,67,2,0.9746803116895884
2024-07-23,PROP022,69,66,3,0.961969439001098
2024-07-24,PROP022,69,65,4,0.9549961614063681
2024-07-25,PROP022,69,65,4,0.9512994528880273
2024-07-26,PROP022,69,67,2,0.9758721276554377
2024-07-27,PROP022,69,67,2,0.9795291655205524
2024-07-28,PROP022,69,67,2,0.9811983750115773
2024-07-29,PROP022,69,67,2,0.98469082904553
2024-07-30,PROP022,69,67,2,0.983337411458913
2024-07-31,PROP022,69,68,1,0.9881298798037017
2024-08-01,PROP022,69,66,3,0.9579027893520681
2024-08-02,PROP022,69,67,2,0.9786725335218665
2024-08-03,PROP022,69,67,2,0.97159860940837
2024-08-04,PROP022,69,66,3,0.9585900342115213
2024-08-05,PROP022,69,68,1,0.9874164418048558
2024-08-06,PROP022,69,67,2,0.9840561531043481
2024-08-07,PROP022,69,65,4,0.9532808556511427
2024-08-08,PROP022,69,65,4,0.9491865626063148
2024-08-09,PROP022,69,67,2,0.9756734594066852
2024-08-10,PROP022,69,67,2,0.9723054540676395
2024-08-11,PROP022,69,68,1,0.9855728538778239
2024-08-12,PROP022,69,66,3,0.9575004403997929
2024-08-13,PROP022,69,65,4,0.9515157468291775
2024-08-14,PROP022,69,66,3,0.9585088422642575
2024-08-15,PROP022,69,65,4,0.9488973345338366
2024-08-16,PROP022,69,65,4,0.9495759389609353
2024-08-17,PROP022,69,67,2,0.9847345411502084
2024-08-18,PROP022,69,66,3,0.9622208922134532
2024-08-19,PROP022,69,66,3,0.9645725889537653
2024-08-20,PROP022,69,65,4,0.9488750950949022
2024-08-21,PROP022,69,66,3,0.9589611001202519
2024-08-22,PROP022,69,67,2,0.9803292682630352
2024-08-23,PROP022,69,67,2,0.9727598673000468
2024-08-24,PROP022,69,67,2,0.9782914529568346
2024-08-25,PROP022,69,66,3,0.9660287785451295
2024-08-26,PROP022,69,66,3,0.9605293977834313
2024-08-27,PROP022,69,66,3,0.9674526326465128
2024-08-28,PROP022,69,66,3,0.961063071649608
2024-08-29,PROP022,69,67,2,0.9816990727803407
2024-08-30,PROP022,69,66,3,0.9600471775370919
2024-08-31,PROP022,69,67,2,0.9745307745315014
2024-09-01,PROP022,69,63,6,0.9254212587111947
2024-09-02,PROP022,69,65,4,0.94741662956821
2024-09-03,PROP022,69,65,4,0.956473958282815
2024-09-04,PROP022,69,65,4,0.9442852960044099
2024-09-05,PROP022,69,65,4,0.9423361850201927
2024-09-06,PROP022,69,66,3,0.9583867005396792
2024-09-07,PROP022,69,65,4,0.9450378320314474
2024-09-08,PROP022,69,64,5,0.930323987149737
2024-09-09,PROP022,69,64,5,0.9316376107727232
2024-09-10,PROP022,69,65,4,0.9481542355202507
2024-09-11,PROP022,69,65,4,0.949359433574501
2024-09-12,PROP022,69,64,5,0.9320818190903742
2024-09-13,PROP022,69,64,5,0.9337557289358668
2024-09-14,PROP022,69,66,3,0.9595842301683771
2024-09-15,PROP022,69,63,6,0.9240200718020247
2024-09-16,PROP022,69,64,5,0.9361277709564176
2024-09-17,PROP022,69,63,6,0.9224398710667139
2024-09-18,PROP022,69,65,4,0.9527851042987433
2024-09-19,PROP022,69,63,6,0.9236358033766309
2024-09-20,PROP022,69,65,4,0.946902264077322
2024-09-21,PROP022,69,63,6,0.9222013067789528
2024-09-22,PROP022,69,65,4,0.9468561713312013
2024-09-23,PROP022,69,65,4,0.9536634476959217
2024-09-24,PROP022,69,64,5,0.935894830895776
2024-09-25,PROP022,69,64,5,0.9408270295561006
2024-09-26,PROP022,69,64,5,0.9360036393390249
2024-09-27,PROP022,69,64,5,0.9319615201641192
2024-09-28,PROP022,69,65,4,0.9520725058438988
2024-09-29,PROP022,69,64,5,0.9308220727680532
2024-09-30,PROP022,69,65,4,0.9488597067943915
2024-10-01,PROP022,69,64,5,0.9281898529890217
2024-10-02,PROP022,69,64,5,0.9299361216619468
2024-10-03,PROP022,69,64,5,0.9334004163219021
2024-10-04,PROP022,69,65,4,0.9435082249145651
2024-10-05,PROP022,69,64,5,0.9381188625851953
2024-10-06,PROP022,69,65,4,0.9497477622119265
2024-10-07,PROP022,69,64,5,0.9284846618322613
2024-10-08,PROP022,69,63,6,0.920368861332767
2024-10-09,PROP022,69,65,4,0.9510042686902224
2024-10-10,PROP022,69,65,4,0.9528079431740165
2024-10-11,PROP022,69,63,6,0.9223211763431491
2024-10-12,PROP022,69,65,4,0.9443782707051495
2024-10-13,PROP022,69,64,5,0.9350702411737367
2024-10-14,PROP022,69,65,4,0.9516977960265943
2024-10-15,PROP022,69,65,4,0.9549185519866727
2024-10-16,PROP022,69,65,4,0.9539821204907036
2024-10-17,PROP022,69,65,4,0.9510301397128477
2024-10-18,PROP022,69,64,5,0.9307040589685002
2024-10-19,PROP022,69,65,4,0.9524175555615463
2024-10-20,PROP022,69,64,5,0.9412811088550653
2024-10-21,PROP022,69,63,6,0.9220522344120973
2024-10-22,PROP022,69,64,5,0.9382195238147436
2024-10-23,PROP022,69,66,3,0.9576282865000133
2024-10-24,PROP022,69,65,4,0.9554563438082357
2024-10-25,PROP022,69,63,6,0.9240325410586983
2024-10-26,PROP022,69,65,4,0.9497070372473885
2024-10-27,PROP022,69,65,4,0.952173684457143
2024-10-28,PROP022,69,64,5,0.9307974973482842
2024-10-29,PROP022,69,64,5,0.9388063126484573
2024-10-30,PROP022,69,65,4,0.948381487477361
2024-10-31,PROP022,69,64,5,0.9375036293716595
2024-11-01,PROP022,69,61,8,0.8962555874789123
2024-11-02,PROP022,69,63,6,0.919979008511518
2024-11-03,PROP022,69,64,5,0.9282092583136613
2024-11-04,PROP022,69,63,6,0.9178430998604955
2024-11-05,PROP022,69,63,6,0.9226957406670105
2024-11-06,PROP022,69,62,7,0.9060782121505624
2024-11-07,PROP022,69,62,7,0.8990716405293145
2024-11-08,PROP022,69,63,6,0.9174546571889809
2024-11-09,PROP022,69,62,7,0.9048545589578979
2024-11-10,PROP022,69,63,6,0.9261466514838409
2024-11-11,PROP022,69,61,8,0.8966488327233695
2024-11-12,PROP022,69,62,7,0.9090822587135742
2024-11-13,PROP022,69,62,7,0.9076128147429846
2024-11-14,PROP022,69,64,5,0.9292658648664064
2024-11-15,PROP022,69,61,8,0.8978691027484254
2024-11-16,PROP022,69,61,8,0.8921375837247296
2024-11-17,PROP022,69,62,7,0.9012671192365339
2024-11-18,PROP022,69,63,6,0.9245547851149953
2024-11-19,PROP022,69,62,7,0.9001165833661299
2024-11-20,PROP022,69,62,7,0.9013788332724685
2024-11-21,PROP022,69,61,8,0.8969396629057216
2024-11-22,PROP022,69,63,6,0.9203611588553108
2024-11-23,PROP022,69,61,8,0.8945106783444658
2024-11-24,PROP022,69,62,7,0.9049920428173901
2024-11-25,PROP022,69,62,7,0.9030436597890877
2024-11-26,PROP022,69,63,6,0.9139500999158554
2024-11-27,PROP022,69,63,6,0.9209603613250387
2024-11-28,PROP022,69,63,6,0.9130587681121191
2024-11-29,PROP022,69,64,5,0.9289847504432519
2024-11-30,PROP022,69,64,5,0.9298014162797424
2024-12-01,PROP022,69,62,7,0.9062023238641899
2024-12-02,PROP022,69,63,6,0.9228509257752449
2024-12-03,PROP022,69,63,6,0.9212957660549768
2024-12-04,PROP022,69,63,6,0.9274622943924423
2024-12-05,PROP022,69,62,7,0.9096614563325573
2024-12-06,PROP022,69,62,7,0.9129626382121608
2024-12-07,PROP022,69,62,7,0.9083746832675121
2024-12-08,PROP022,69,63,6,0.9257587874962374
2024-12-09,PROP022,69,62,7,0.9009318033387346
2024-12-10,PROP022,69,62,7,0.901332073853947
2024-12-11,PROP022,69,62,7,0.9066479148673324
2024-12-12,PROP022,69,62,7,0.9009574240083432
2024-12-13,PROP022,69,63,6,0.914183984180846
2024-12-14,PROP022,69,61,8,0.8971233149840693
2024-12-15,PROP022,69,62,7,0.9045511595004114
2024-12-16,PROP022,69,64,5,0.9282814986632728
2024-12-17,PROP022,69,62,7,0.908112729931921
2024-12-18,PROP022,69,63,6,0.9216730593839896
2024-12-19,PROP022,69,61,8,0.8962821983925121
2024-12-20,PROP022,69,62,7,0.9016462910499206
2024-12-21,PROP022,69,63,6,0.924037535572264
2024-12-22,PROP022,69,63,6,0.922263428175837
2024-12-23,PROP022,69,62,7,0.9071899474680021
2024-12-24,PROP022,69,64,5,0.9299195868055882
2024-12-25,PROP022,69,64,5,0.928169431357631
2024-12-26,PROP022,69,64,5,0.9302357406887388
2024-12-27,PROP022,69,62,7,0.9088602983317606
2024-12-28,PROP022,69,62,7,0.8996426540716765
2024-12-29,PROP022,69,63,6,0.9168100562879028
2024-12-30,PROP022,69,63,6,0.9191346370554171
2024-12-31,PROP022,69,61,8,0.89676138210227
2025-01-01,PROP022,69,63,6,0.9232030320960855
2025-01-02,PROP022,69,61,8,0.8924661195146476
2025-01-03,PROP022,69,62,7,0.9110528462233205
2025-01-04,PROP022,69,62,7,0.904984361104045
2025-01-05,PROP022,69,63,6,0.9213558331202125
2025-01-06,PROP022,69,62,7,0.9042541398211218
2025-01-07,PROP022,69,63,6,0.9248159952354905
2025-01-08,PROP022,69,63,6,0.9155418502754816
2025-01-09,PROP022,69,63,6,0.923499445194732
2025-01-10,PROP022,69,64,5,0.9313173362378342
2025-01-11,PROP022,69,63,6,0.9189100445539915
2025-01-12,PROP022,69,64,5,0.9311417233787149
2025-01-13,PROP022,69,61,8,0.8928971638011174
2025-01-14,PROP022,69,62,7,0.9052693102636016
2025-01-15,PROP022,69,61,8,0.8960578413067416
2025-01-16,PROP022,69,62,7,0.9022359079796268
2025-01-17,PROP022,69,63,6,0.9252992266892802
2025-01-18,PROP022,69,61,8,0.8930366413372928
2025-01-19,PROP022,69,62,7,0.9125510281535449
2025-01-20,PROP022,69,63,6,0.9144288590255442
2025-01-21,PROP022,69,63,6,0.9141897565911274
2025-01-22,PROP022,69,62,7,0.9107555936771794
2025-01-23,PROP022,69,63,6,0.9233678293150395
2025-01-24,PROP022,69,61,8,0.8970854343044713
2025-01-25,PROP022,69,62,7,0.9041667913462806
2025-01-26,PROP022,69,63,6,0.9163727528620561
2025-01-27,PROP022,69,63,6,0.9193817653749674
2025-01-28,PROP022,69,62,7,0.9079096479953315
2025-01-29,PROP022,69,63,6,0.9267585612573386
2025-01-30,PROP022,69,62,7,0.9083634465920858
2025-01-31,PROP022,69,62,7,0.9078547560981826
2024-02-01,PROP023,123,105,18,0.8563905248262755
2024-02-02,PROP023,123,106,17,0.8626921049189623
2024-02-03,PROP023,123,103,20,0.83892239791916
2024-02-04,PROP023,123,104,19,0.846562182022001
2024-02-05,PROP023,123,106,17,0.8655951495298002
2024-02-06,PROP023,123,104,19,0.8489816487950291
2024-02-07,PROP023,123,103,20,0.8440089698600878
2024-02-08,PROP023,123,105,18,0.8612328979210906
2024-02-09,PROP023,123,103,20,0.8422152224853524
2024-02-10,PROP023,123,107,16,0.8701709881618133
2024-02-11,PROP023,123,103,20,0.8385688072195318
2024-02-12,PROP023,123,106,17,0.8626068634697992
2024-02-13,PROP023,123,105,18,0.8543268194299412
2024-02-14,PROP023,123,106,17,0.8691420538743658
2024-02-15,PROP023,123,103,20,0.8393926750195356
2024-02-16,PROP023,123,105,18,0.8614606681183297
2024-02-17,PROP023,123,105,18,0.8572270569457414
2024-02-18,PROP023,123,104,19,0.853548477068088
2024-02-19,PROP023,123,105,18,0.8540011619157929
2024-02-20,PROP023,123,106,17,0.8632239498504274
2024-02-21,PROP023,123,107,16,0.871854537575879
2024-02-22,PROP023,123,103,20,0.8379949377432481
2024-02-23,PROP023,123,102,21,0.8351249772829069
2024-02-24,PROP023,123,106,17,0.8665730630777343
2024-02-25,PROP023,123,103,20,0.8386716468805165
2024-02-26,PROP023,123,107,16,0.8738127432217031
2024-02-27,PROP023,123,105,18,0.8591188013368396
2024-02-28,PROP023,123,105,18,0.8603795271886517
2024-02-29,PROP023,123,103,20,0.8423005394960068
2024-03-01,PROP023,123,103,20,0.8439573637903531
2024-03-02,PROP023,123,105,18,0.8607188835024562
2024-03-03,PROP023,123,107,16,0.870733944895854
2024-03-04,PROP023,123,107,16,0.8736404935591888
2024-03-05,PROP023,123,103,20,0.8422661092437299
2024-03-06,PROP023,123,103,20,0.8397096562868778
2024-03-07,PROP023,123,102,21,0.8366009256889178
2024-03-08,PROP023,123,106,17,0.8690767521049393
2024-03-09,PROP023,123,104,19,0.8461334652527449
2024-03-10,PROP023,123,102,21,0.8344173527332562
2024-03-11,PROP023,123,103,20,0.8432975948207433
2024-03-12,PROP023,123,104,19,0.8479625145824629
2024-03-13,PROP023,123,107,16,0.8739843181583535
2024-03-14,PROP023,123,105,18,0.8552865351327694
2024-03-15,PROP023,123,103,20,0.8425334292822901
2024-03-16,PROP023,123,104,19,0.8477376051670242
2024-03-17,PROP023,123,104,19,0.8475571788807613
2024-03-18,PROP023,123,102,21,0.8351339012370131
2024-03-19,PROP023,123,103,20,0.8397521935453434
2024-03-20,PROP023,123,106,17,0.8621527297666146
2024-03-21,PROP023,123,103,20,0.8391549108413155
2024-03-22,PROP023,123,103,20,0.8435742424427309
2024-03-23,PROP023,123,104,19,0.8483743633146585
2024-03-24,PROP023,123,106,17,0.8646542691585779
2024-03-25,PROP023,123,105,18,0.8576409099732037
2024-03-26,PROP023,123,106,17,0.8619048707780289
2024-03-27,PROP023,123,105,18,0.857025364395293
2024-03-28,PROP023,123,105,18,0.8616885683873609
2024-03-29,PROP023,123,102,21,0.834458557525045
2024-03-30,PROP023,123,107,16,0.8715807971533434
2024-03-31,PROP023,123,103,20,0.8387816806134784
2024-04-01,PROP023,123,104,19,0.8505948352175623
2024-04-02,PROP023,123,106,17,0.8651864061882804
2024-04-03,PROP023,123,104,19,0.8517541000988631
2024-04-04,PROP023,123,107,16,0.8722185734451867
2024-04-05,PROP023,123,104,19,0.8530484293184368
2024-04-06,PROP023,123,106,17,0.8693424476025929
2024-04-07,PROP023,123,106,17,0.866777995912977
2024-04-08,PROP023,123,107,16,0.8735843234904335
2024-04-09,PROP023,123,107,16,0.8714067826085251
2024-04-10,PROP023,123,107,16,0.8702698247670013
2024-04-11,PROP023,123,106,17,0.8636090449992648
2024-04-12,PROP023,123,104,19,0.849024797269215
2024-04-13,PROP023,123,103,20,0.8385898881210823
2024-04-14,PROP023,123,106,17,0.8618906734690618
2024-04-15,PROP023,123,107,16,0.8734910346320047
2024-04-16,PROP023,123,106,17,0.8634090488717608
2024-04-17,PROP023,123,107,16,0.8714940461495796
2024-04-18,PROP023,123,106,17,0.8665170598967068
2024-04-19,PROP023,123,103,20,0.8408694583831533
2024-04-20,PROP023,123,103,20,0.8443130222021377
2024-04-21,PROP023,123,104,19,0.8480194954489801
2024-04-22,PROP023,123,103,20,0.8410752891520064
2024-04-23,PROP023,123,105,18,0.8576109246854065
2024-04-24,PROP023,123,107,16,0.8733628923438842
2024-04-25,PROP023,123,106,17,0.8648032247159325
2024-04-26,PROP023,123,104,19,0.8512803413411846
2024-04-27,PROP023,123,102,21,0.8345250506176977
2024-04-28,PROP023,123,104,19,0.8468759118240133
2024-04-29,PROP023,123,105,18,0.8554152428861748
2024-04-30,PROP023,123,104,19,0.847314906332565
2024-05-01,PROP023,123,106,17,0.8644166144407951
2024-05-02,PROP023,123,107,16,0.8776858157943166
2024-05-03,PROP023,123,107,16,0.8701053301984694
2024-05-04,PROP023,123,110,13,0.8963445125783008
2024-05-05,PROP023,123,106,17,0.8640453986598814
2024-05-06,PROP023,123,106,17,0.8619413226688292
2024-05-07,PROP023,123,105,18,0.8601877842860353
2024-05-08,PROP023,123,107,16,0.873098004899267
2024-05-09,PROP023,123,109,14,0.8863906910478763
2024-05-10,PROP023,123,109,14,0.8891917676351124
2024-05-11,PROP023,123,108,15,0.8781056848551096
2024-05-12,PROP023,123,109,14,0.8873483635380515
2024-05-13,PROP023,123,107,16,0.8743717789684553
2024-05-14,PROP023,123,109,14,0.8866874663193054
2024-05-15,PROP023,123,105,18,0.8615990569319357
2024-05-16,PROP023,123,107,16,0.875605336902521
2024-05-17,PROP023,123,109,14,0.8916092046251679
2024-05-18,PROP023,123,109,14,0.8920954587382008
2024-05-19,PROP023,123,109,14,0.8886211686748685
2024-05-20,PROP023,123,106,17,0.8681447623426354
2024-05-21,PROP023,123,106,17,0.869863422277066
2024-05-22,PROP023,123,110,13,0.8998187666104213
2024-05-23,PROP023,123,106,17,0.8641103378079191
2024-05-24,PROP023,123,106,17,0.8672017254759371
2024-05-25,PROP023,123,106,17,0.8651762677458461
2024-05-26,PROP023,123,107,16,0.8730814160671854
2024-05-27,PROP023,123,106,17,0.8683822509291977
2024-05-28,PROP023,123,108,15,0.8798827359017516
2024-05-29,PROP023,123,108,15,0.8790160457950456
2024-05-30,PROP023,123,110,13,0.8960354422978929
2024-05-31,PROP023,123,105,18,0.861364815417632
2024-06-01,PROP023,123,107,16,0.8727704005865513
2024-06-02,PROP023,123,108,15,0.8838415331997244
2024-06-03,PROP023,123,108,15,0.8841672879935993
2024-06-04,PROP023,123,108,15,0.8791802666804092
2024-06-05,PROP023,123,109,14,0.8926018391524261
2024-06-06,PROP023,123,106,17,0.8624841043764191
2024-06-07,PROP023,123,109,14,0.8925947281430462
2024-06-08,PROP023,123,108,15,0.8797653871372689
2024-06-09,PROP023,123,106,17,0.8653256453229209
2024-06-10,PROP023,123,110,13,0.8954032940614599
2024-06-11,PROP023,123,108,15,0.8859443687014793
2024-06-12,PROP023,123,106,17,0.8665170449928064
2024-06-13,PROP023,123,105,18,0.8613212064558018
2024-06-14,PROP023,123,106,17,0.8656196034531467
2024-06-15,PROP023,123,108,15,0.8843271359270565
2024-06-16,PROP023,123,106,17,0.8671470669302427
2024-06-17,PROP023,123,106,17,0.8690057405148419
2024-06-18,PROP023,123,105,18,0.8609808065500933
2024-06-19,PROP023,123,109,14,0.8888924444093849
2024-06-20,PROP023,123,109,14,0.8923897935102182
2024-06-21,PROP023,123,109,14,0.8918491445907257
2024-06-22,PROP023,123,106,17,0.8650779435744121
2024-06-23,PROP023,123,110,13,0.8961072626153911
2024-06-24,PROP023,123,109,14,0.8868663706988039
2024-06-25,PROP023,123,110,13,0.8958763624149153
2024-06-26,PROP023,123,107,16,0.8778616377010673
2024-06-27,PROP023,123,107,16,0.8774534119631887
2024-06-28,PROP023,123,109,14,0.8913566782672365
2024-06-29,PROP023,123,106,17,0.8637071317389104
2024-06-30,PROP023,123,108,15,0.8808101789852362
2024-07-01,PROP023,123,109,14,0.8934305869450898
2024-07-02,PROP023,123,109,14,0.8931829200426236
2024-07-03,PROP023,123,110,13,0.8982205317735356
2024-07-04,PROP023,123,109,14,0.8879061212610626
2024-07-05,PROP023,123,106,17,0.8682860426974299
2024-07-06,PROP023,123,105,18,0.860786430115624
2024-07-07,PROP023,123,108,15,0.8791518494649249
2024-07-08,PROP023,123,108,15,0.880523372144743
2024-07-09,PROP023,123,106,17,0.869585720899798
2024-07-10,PROP023,123,106,17,0.8649631154047849
2024-07-11,PROP023,123,108,15,0.8834235441674612
2024-07-12,PROP023,123,109,14,0.8905454444808064
2024-07-13,PROP023,123,110,13,0.8997013816634472
2024-07-14,PROP023,123,109,14,0.8903073222082615
2024-07-15,PROP023,123,109,14,0.891720514090064
2024-07-16,PROP023,123,108,15,0.8846336526489926
2024-07-17,PROP023,123,110,13,0.8994121238786414
2024-07-18,PROP023,123,108,15,0.8855734729244236
2024-07-19,PROP023,123,110,13,0.8943853489758289
2024-07-20,PROP023,123,110,13,0.897806603369479
2024-07-21,PROP023,123,110,13,0.8971695575398632
2024-07-22,PROP023,123,107,16,0.875231831271175
2024-07-23,PROP023,123,106,17,0.863121699852411
2024-07-24,PROP023,123,106,17,0.8668501656214106
2024-07-25,PROP023,123,106,17,0.8623441497357051
2024-07-26,PROP023,123,106,17,0.8641910949130064
2024-07-27,PROP023,123,106,17,0.8673612673555887
2024-07-28,PROP023,123,107,16,0.8736189901833368
2024-07-29,PROP023,123,108,15,0.8817168033828438
2024-07-30,PROP023,123,109,14,0.8884424998940442
2024-07-31,PROP023,123,106,17,0.8684123109641012
2024-08-01,PROP023,123,109,14,0.8868761136893664
2024-08-02,PROP023,123,109,14,0.8881455804999375
2024-08-03,PROP023,123,108,15,0.8823201109944884
2024-08-04,PROP023,123,110,13,0.8961199323117892
2024-08-05,PROP023,123,106,17,0.8644150100767132
2024-08-06,PROP023,123,106,17,0.8670600758239375
2024-08-07,PROP023,123,107,16,0.8771218104954202
2024-08-08,PROP023,123,106,17,0.8650437269292103
2024-08-09,PROP023,123,108,15,0.8826270632688042
2024-08-10,PROP023,123,107,16,0.8759112361842177
2024-08-11,PROP023,123,107,16,0.8713590493012775
2024-08-12,PROP023,123,106,17,0.8667748100405462
2024-08-13,PROP023,123,107,16,0.8733887470537691
2024-08-14,PROP023,123,108,15,0.8842935915531345
2024-08-15,PROP023,123,108,15,0.8830066259554172
2024-08-16,PROP023,123,106,17,0.8665201775282501
2024-08-17,PROP023,123,106,17,0.8649720099494661
2024-08-18,PROP023,123,105,18,0.8610422880241957
2024-08-19,PROP023,123,105,18,0.860472241271598
2024-08-20,PROP023,123,110,13,0.8951676349486282
2024-08-21,PROP023,123,105,18,0.8617787717600564
2024-08-22,PROP023,123,109,14,0.8892240619147707
2024-08-23,PROP023,123,110,13,0.894854621369639
2024-08-24,PROP023,123,106,17,0.863897531462339
2024-08-25,PROP023,123,107,16,0.8774272744731615
2024-08-26,PROP023,123,110,13,0.8984673368468118
2024-08-27,PROP023,123,109,14,0.8933407639407842
2024-08-28,PROP023,123,108,15,0.8795633787941549
2024-08-29,PROP023,123,109,14,0.8904780620315029
2024-08-30,PROP023,123,109,14,0.8933103224971073
2024-08-31,PROP023,123,107,16,0.8738962960473895
2024-09-01,PROP023,123,107,16,0.8700309880532846
2024-09-02,PROP023,123,104,19,0.8531638041655724
2024-09-03,PROP023,123,105,18,0.8554571659208393
2024-09-04,PROP023,123,107,16,0.8743331768913594
2024-09-05,PROP023,123,106,17,0.8680769900245726
2024-09-06,PROP023,123,104,19,0.8488156716094053
2024-09-07,PROP023,123,102,21,0.8347586952373941
2024-09-08,PROP023,123,105,18,0.8593918343302419
2024-09-09,PROP023,123,106,17,0.8625014084236104
2024-09-10,PROP023,123,105,18,0.8603769789842213
2024-09-11,PROP023,123,107,16,0.8730593654250146
2024-09-12,PROP023,123,106,17,0.8688637124717719
2024-09-13,PROP023,123,104,19,0.8522981391057121
2024-09-14,PROP023,123,102,21,0.8368591708773814
2024-09-15,PROP023,123,104,19,0.853387222158566
2024-09-16,PROP023,123,106,17,0.8619146321769671
2024-09-17,PROP023,123,105,18,0.8586532637075663
2024-09-18,PROP023,123,105,18,0.8558703540869216
2024-09-19,PROP023,123,104,19,0.8530976296990957
2024-09-20,PROP023,123,104,19,0.8460953462995816
2024-09-21,PROP023,123,103,20,0.8454387418474713
2024-09-22,PROP023,123,105,18,0.8543541305355182
2024-09-23,PROP023,123,103,20,0.8407689972356721
2024-09-24,PROP023,123,104,19,0.8479722883214782
2024-09-25,PROP023,123,104,19,0.8473040423668902
2024-09-26,PROP023,123,105,18,0.8578301834418541
2024-09-27,PROP023,123,102,21,0.8370121633930071
2024-09-28,PROP023,123,106,17,0.8675316185890899
2024-09-29,PROP023,123,105,18,0.8568400065938622
2024-09-30,PROP023,123,105,18,0.8611779386095235
2024-10-01,PROP023,123,106,17,0.8624686275288634
2024-10-02,PROP023,123,104,19,0.8460042368521876
2024-10-03,PROP023,123,104,19,0.8531597340738808
2024-10-04,PROP023,123,107,16,0.8725947096132728
2024-10-05,PROP023,123,106,17,0.8650130808983587
2024-10-06,PROP023,123,107,16,0.8731271463874135
2024-10-07,PROP023,123,106,17,0.8641950451843377
2024-10-08,PROP023,123,103,20,0.8413688769668268
2024-10-09,PROP023,123,102,21,0.8369263067322732
2024-10-10,PROP023,123,105,18,0.8574513288472727
2024-10-11,PROP023,123,104,19,0.8486574025665905
2024-10-12,PROP023,123,103,20,0.845363187784013
2024-10-13,PROP023,123,106,17,0.8666333112355028
2024-10-14,PROP023,123,104,19,0.849024602061764
2024-10-15,PROP023,123,104,19,0.8470249101678583
2024-10-16,PROP023,123,106,17,0.8683443751052465
2024-10-17,PROP023,123,106,17,0.8681963648379445
2024-10-18,PROP023,123,104,19,0.8485995368886884
2024-10-19,PROP023,123,106,17,0.8676448194179248
2024-10-20,PROP023,123,106,17,0.8683760109917925
2024-10-21,PROP023,123,104,19,0.8513020927796728
2024-10-22,PROP023,123,102,21,0.837003796586853
2024-10-23,PROP023,123,102,21,0.8344082571571397
2024-10-24,PROP023,123,105,18,0.855276569894046
2024-10-25,PROP023,123,104,19,0.8481078911133003
2024-10-26,PROP023,123,107,16,0.8742301471448207
2024-10-27,PROP023,123,106,17,0.8652413113635775
2024-10-28,PROP023,123,106,17,0.8647958896325026
2024-10-29,PROP023,123,107,16,0.8725545821099799
2024-10-30,PROP023,123,106,17,0.869853847294219
2024-10-31,PROP023,123,104,19,0.8470723705567417
2024-11-01,PROP023,123,100,23,0.8153540141012866
2024-11-02,PROP023,123,103,20,0.8385502158397508
2024-11-03,PROP023,123,101,22,0.8238454809844464
2024-11-04,PROP023,123,101,22,0.8276414313023698
2024-11-05,PROP023,123,102,21,0.8339304344881245
2024-11-06,PROP023,123,103,20,0.8450294323145412
2024-11-07,PROP023,123,101,22,0.8254780353839701
2024-11-08,PROP023,123,103,20,0.840047200845906
2024-11-09,PROP023,123,100,23,0.8194481168881178
2024-11-10,PROP023,123,102,21,0.836633396874076
2024-11-11,PROP023,123,99,24,0.808777702080248
2024-11-12,PROP023,123,103,20,0.8435748137767569
2024-11-13,PROP023,123,99,24,0.80992970843531
2024-11-14,PROP023,123,102,21,0.8372246754276349
2024-11-15,PROP023,123,99,24,0.8105648528075828
2024-11-16,PROP023,123,100,23,0.8193643532128917
2024-11-17,PROP023,123,101,22,0.8286026213793937
2024-11-18,PROP023,123,101,22,0.8255120726510611
2024-11-19,PROP023,123,100,23,0.8163879698211719
2024-11-20,PROP023,123,101,22,0.822067121705501
2024-11-21,PROP023,123,103,20,0.8378227800395702
2024-11-22,PROP023,123,102,21,0.8354848089403174
2024-11-23,PROP023,123,99,24,0.8115871085876881
2024-11-24,PROP023,123,103,20,0.838607158260047
2024-11-25,PROP023,123,99,24,0.8108363604850126
2024-11-26,PROP023,123,102,21,0.8304315808011229
2024-11-27,PROP023,123,100,23,0.8191170351588192
2024-11-28,PROP023,123,102,21,0.8322221303395243
2024-11-29,PROP023,123,100,23,0.8191676610747676
2024-11-30,PROP023,123,104,19,0.8481128440221648
2024-12-01,PROP023,123,100,23,0.8211036525862327
2024-12-02,PROP023,123,100,23,0.8183929506641113
2024-12-03,PROP023,123,100,23,0.8198531368737454
2024-12-04,PROP023,123,103,20,0.8445734395275033
2024-12-05,PROP023,123,102,21,0.8341632783839054
2024-12-06,PROP023,123,103,20,0.8379418891339626
2024-12-07,PROP023,123,103,20,0.8454349456409055
2024-12-08,PROP023,123,103,20,0.8451894246309318
2024-12-09,PROP023,123,103,20,0.8382723591002806
2024-12-10,PROP023,123,100,23,0.8166275023907844
2024-12-11,PROP023,123,103,20,0.8424494580641317
2024-12-12,PROP023,123,100,23,0.816865566604774
2024-12-13,PROP023,123,103,20,0.8384304778010688
2024-12-14,PROP023,123,102,21,0.8361386478989264
2024-12-15,PROP023,123,103,20,0.8390700792427493
2024-12-16,PROP023,123,102,21,0.8300219524656841
2024-12-17,PROP023,123,102,21,0.8342635725271003
2024-12-18,PROP023,123,104,19,0.8468473284545017
2024-12-19,PROP023,123,99,24,0.8127580690041001
2024-12-20,PROP023,123,100,23,0.8210684162283963
2024-12-21,PROP023,123,102,21,0.8331688057610668
2024-12-22,PROP023,123,104,19,0.8472766904423911
2024-12-23,PROP023,123,99,24,0.8125375031436356
2024-12-24,PROP023,123,99,24,0.809616494098335
2024-12-25,PROP023,123,99,24,0.8109445091759446
2024-12-26,PROP023,123,99,24,0.8108107526955795
2024-12-27,PROP023,123,103,20,0.8450271595482277
2024-12-28,PROP023,123,103,20,0.8375648415544845
2024-12-29,PROP023,123,102,21,0.8357987798849826
2024-12-30,PROP023,123,102,21,0.8296174380476039
2024-12-31,PROP023,123,103,20,0.8399926299160176
2025-01-01,PROP023,123,100,23,0.8149404449475951
2025-01-02,PROP023,123,101,22,0.8243921728286691
2025-01-03,PROP023,123,101,22,0.8283146952677053
2025-01-04,PROP023,123,100,23,0.8131309051442006
2025-01-05,PROP023,123,101,22,0.8254950736106322
2025-01-06,PROP023,123,101,22,0.8213745964076363
2025-01-07,PROP023,123,99,24,0.8101378110688701
2025-01-08,PROP023,123,100,23,0.8141839413463009
2025-01-09,PROP023,123,103,20,0.8392759981638304
2025-01-10,PROP023,123,99,24,0.8094360416173173
2025-01-11,PROP023,123,104,19,0.8460846572009859
2025-01-12,PROP023,123,99,24,0.812171510535021
2025-01-13,PROP023,123,103,20,0.8406840490052698
2025-01-14,PROP023,123,103,20,0.8446591868748703
2025-01-15,PROP023,123,104,19,0.8463599486311494
2025-01-16,PROP023,123,103,20,0.8434136061769704
2025-01-17,PROP023,123,100,23,0.8202165268141492
2025-01-18,PROP023,123,101,22,0.8220380104906706
2025-01-19,PROP023,123,101,22,0.8257763531815345
2025-01-20,PROP023,123,100,23,0.8142863928134155
2025-01-21,PROP023,123,99,24,0.8096054234398204
2025-01-22,PROP023,123,103,20,0.8434793898083729
2025-01-23,PROP023,123,102,21,0.8308796738855497
2025-01-24,PROP023,123,102,21,0.8330634429242602
2025-01-25,PROP023,123,104,19,0.8457940642298434
2025-01-26,PROP023,123,102,21,0.8353193323616761
2025-01-27,PROP023,123,102,21,0.8363486654107241
2025-01-28,PROP023,123,103,20,0.8401932711746012
2025-01-29,PROP023,123,100,23,0.8133684632314276
2025-01-30,PROP023,123,101,22,0.8231210113656832
2025-01-31,PROP023,123,104,19,0.8474428423452661
2024-02-01,PROP024,21,20,1,0.9761146212244801
2024-02-02,PROP024,21,20,1,0.9588351497856316
2024-02-03,PROP024,21,20,1,0.9750393275155449
2024-02-04,PROP024,21,19,2,0.9426874446499033
2024-02-05,PROP024,21,19,2,0.9466923063423575
2024-02-06,PROP024,21,20,1,0.9573103173114349
2024-02-07,PROP024,21,20,1,0.9600872920393577
2024-02-08,PROP024,21,19,2,0.9512918955129069
2024-02-09,PROP024,21,20,1,0.9550106762059842
2024-02-10,PROP024,21,19,2,0.9472626534130875
2024-02-11,PROP024,21,20,1,0.960316970640709
2024-02-12,PROP024,21,20,1,0.9725053410867872
2024-02-13,PROP024,21,20,1,0.9672060251185249
2024-02-14,PROP024,21,19,2,0.9450632992666944
2024-02-15,PROP024,21,20,1,0.9602548735079414
2024-02-16,PROP024,21,20,1,0.9686574646832617
2024-02-17,PROP024,21,20,1,0.9619474212342304
2024-02-18,PROP024,21,20,1,0.9564186332334946
2024-02-19,PROP024,21,20,1,0.9656281862234278
2024-02-20,PROP024,21,20,1,0.9794971559840837
2024-02-21,PROP024,21,19,2,0.9445479257627158
2024-02-22,PROP024,21,20,1,0.9563522518019751
2024-02-23,PROP024,21,20,1,0.9570158434939166
2024-02-24,PROP024,21,20,1,0.9638303017908075
2024-02-25,PROP024,21,19,2,0.9468385934473494
2024-02-26,PROP024,21,19,2,0.9478173305668915
2024-02-27,PROP024,21,19,2,0.9521660648119868
2024-02-28,PROP024,21,20,1,0.9789864111028135
2024-02-29,PROP024,21,20,1,0.9701159526213088
2024-03-01,PROP024,21,20,1,0.9672193414397329
2024-03-02,PROP024,21,20,1,0.9734299168678432
2024-03-03,PROP024,21,19,2,0.9458546681287404
2024-03-04,PROP024,21,20,1,0.9751249221610228
2024-03-05,PROP024,21,20,1,0.9645449179275729
2024-03-06,PROP024,21,20,1,0.9541647696704302
2024-03-07,PROP024,21,20,1,0.9733858196019003
2024-03-08,PROP024,21,20,1,0.9728541907460176
2024-03-09,PROP024,21,20,1,0.9745799526407418
2024-03-10,PROP024,21,19,2,0.945372325376352
2024-03-11,PROP024,21,20,1,0.9795260591719037
2024-03-12,PROP024,21,20,1,0.9791366555236619
2024-03-13,PROP024,21,20,1,0.9550503951921424
2024-03-14,PROP024,21,19,2,0.9433873701005495
2024-03-15,PROP024,21,19,2,0.9474338361508241
2024-03-16,PROP024,21,20,1,0.9804648423898606
2024-03-17,PROP024,21,20,1,0.9632721270989393
2024-03-18,PROP024,21,20,1,0.9550164813251147
2024-03-19,PROP024,21,19,2,0.9522797171260743
2024-03-20,PROP024,21,19,2,0.9510312787845107
2024-03-21,PROP024,21,20,1,0.967317719974252
2024-03-22,PROP024,21,20,1,0.9575271226328601
2024-03-23,PROP024,21,20,1,0.9793680373468172
2024-03-24,PROP024,21,20,1,0.9681053305978872
2024-03-25,PROP024,21,20,1,0.9724333930140312
2024-03-26,PROP024,21,20,1,0.9524612713153991
2024-03-27,PROP024,21,19,2,0.9439190657364177
2024-03-28,PROP024,21,20,1,0.960264522867348
2024-03-29,PROP024,21,20,1,0.9533348712339218
2024-03-30,PROP024,21,19,2,0.9488349359723897
2024-03-31,PROP024,21,20,1,0.9788572946041072
2024-04-01,PROP024,21,20,1,0.9585111379457539
2024-04-02,PROP024,21,19,2,0.9477399530540241
2024-04-03,PROP024,21,19,2,0.9486976354793183
2024-04-04,PROP024,21,19,2,0.9519799990706564
2024-04-05,PROP024,21,20,1,0.9807242600996612
2024-04-06,PROP024,21,19,2,0.9514720693928566
2024-04-07,PROP024,21,20,1,0.9539036815552109
2024-04-08,PROP024,21,20,1,0.9671247344914328
2024-04-09,PROP024,21,20,1,0.9525100644284846
2024-04-10,PROP024,21,19,2,0.9493837794144604
2024-04-11,PROP024,21,19,2,0.9470970968380567
2024-04-12,PROP024,21,20,1,0.9532589159731844
2024-04-13,PROP024,21,19,2,0.9449882369572237
2024-04-14,PROP024,21,19,2,0.941497472828664
2024-04-15,PROP024,21,20,1,0.9729372772654598
2024-04-16,PROP024,21,19,2,0.9462674070686558
2024-04-17,PROP024,21,20,1,0.9717906833646824
2024-04-18,PROP024,21,20,1,0.9726533085315391
2024-04-19,PROP024,21,20,1,0.9622683904252425
2024-04-20,PROP024,21,20,1,0.9531388877045908
2024-04-21,PROP024,21,19,2,0.9465529187220683
2024-04-22,PROP024,21,20,1,0.9702238136409127
2024-04-23,PROP024,21,20,1,0.9648070888113441
2024-04-24,PROP024,21,20,1,0.9669697476318153
2024-04-25,PROP024,21,19,2,0.941098372965878
2024-04-26,PROP024,21,20,1,0.9778522900003856
2024-04-27,PROP024,21,19,2,0.9434032168699347
2024-04-28,PROP024,21,20,1,0.955423844777673
2024-04-29,PROP024,21,20,1,0.9568600753581408
2024-04-30,PROP024,21,19,2,0.9408058303519906
2024-05-01,PROP024,21,20,1,0.9894577300272668
2024-05-02,PROP024,21,20,1,0.9996865174336753
2024-05-03,PROP024,21,21,0,1.0
2024-05-04,PROP024,21,21,0,1.0
2024-05-05,PROP024,21,20,1,0.9890829123858497
2024-05-06,PROP024,21,20,1,0.9947996052744209
2024-05-07,PROP024,21,20,1,0.9727549461850948
2024-05-08,PROP024,21,20,1,0.9890956866245049
2024-05-09,PROP024,21,20,1,0.9757667878481042
2024-05-10,PROP024,21,20,1,0.9843598823581358
2024-05-11,PROP024,21,20,1,0.9827463701678189
2024-05-12,PROP024,21,20,1,0.9865157807428951
2024-05-13,PROP024,21,20,1,0.9924396223722002
2024-05-14,PROP024,21,21,0,1.0
2024-05-15,PROP024,21,20,1,0.9853535429071351
2024-05-16,PROP024,21,21,0,1.0
2024-05-17,PROP024,21,20,1,0.9999352795752829
2024-05-18,PROP024,21,20,1,0.9900333995247702
2024-05-19,PROP024,21,20,1,0.9953352151377126
2024-05-20,PROP024,21,20,1,0.9736631244985127
2024-05-21,PROP024,21,21,0,1.0
2024-05-22,PROP024,21,20,1,0.9928684558557935
2024-05-23,PROP024,21,21,0,1.0
2024-05-24,PROP024,21,20,1,0.9950313074033488
2024-05-25,PROP024,21,21,0,1.0
2024-05-26,PROP024,21,21,0,1.0
2024-05-27,PROP024,21,20,1,0.9833926037119656
2024-05-28,PROP024,21,20,1,0.9799585826625633
2024-05-29,PROP024,21,20,1,0.9867939009904952
2024-05-30,PROP024,21,20,1,0.9882638114295883
2024-05-31,PROP024,21,20,1,0.9791775457307006
2024-06-01,PROP024,21,21,0,1.0
2024-06-02,PROP024,21,20,1,0.9912760721452607
2024-06-03,PROP024,21,21,0,1.0
2024-06-04,PROP024,21,21,0,1.0
2024-06-05,PROP024,21,20,1,0.9918023520689127
2024-06-06,PROP024,21,21,0,1.0
2024-06-07,PROP024,21,20,1,0.9897691502570471
2024-06-08,PROP024,21,21,0,1.0
2024-06-09,PROP024,21,20,1,0.9838999489010671
2024-06-10,PROP024,21,20,1,0.9847198529893987
2024-06-11,PROP024,21,20,1,0.9862993849720721
2024-06-12,PROP024,21,20,1,0.9914391834909647
2024-06-13,PROP024,21,20,1,0.9917137684611879
2024-06-14,PROP024,21,20,1,0.9894301145203183
2024-06-15,PROP024,21,20,1,0.9818141965965616
2024-06-16,PROP024,21,21,0,1.0
2024-06-17,PROP024,21,20,1,0.9931176015472051
2024-06-18,PROP024,21,20,1,0.9858837263008987
2024-06-19,PROP024,21,20,1,0.9956212360829796
2024-06-20,PROP024,21,21,0,1.0
2024-06-21,PROP024,21,21,0,1.0
2024-06-22,PROP024,21,20,1,0.9895561241439381
2024-06-23,PROP024,21,20,1,0.9740580980672652
2024-06-24,PROP024,21,20,1,0.9872047897106965
2024-06-25,PROP024,21,20,1,0.9887329801113737
2024-06-26,PROP024,21,21,0,1.0
2024-06-27,PROP024,21,20,1,0.9853661883917529
2024-06-28,PROP024,21,21,0,1.0
2024-06-29,PROP024,21,20,1,0.9889794339618082
2024-06-30,PROP024,21,21,0,1.0
2024-07-01,PROP024,21,20,1,0.9699020904984733
2024-07-02,PROP024,21,21,0,1.0
2024-07-03,PROP024,21,21,0,1.0
2024-07-04,PROP024,21,21,0,1.0
2024-07-05,PROP024,21,20,1,0.9700972190202195
2024-07-06,PROP024,21,20,1,0.9764421911152472
2024-07-07,PROP024,21,20,1,0.9957247377769644
2024-07-08,PROP024,21,20,1,0.9705930653226391
2024-07-09,PROP024,21,20,1,0.9721185175002949
2024-07-10,PROP024,21,20,1,0.9784173126009725
2024-07-11,PROP024,21,20,1,0.9900717484029903
2024-07-12,PROP024,21,20,1,0.9914102600239072
2024-07-13,PROP024,21,20,1,0.9709446025649751
2024-07-14,PROP024,21,20,1,0.9763888476844961
2024-07-15,PROP024,21,20,1,0.989562384586621
2024-07-16,PROP024,21,20,1,0.9933317824909711
2024-07-17,PROP024,21,20,1,0.9755102255126835
2024-07-18,PROP024,21,20,1,0.9855278141311137
2024-07-19,PROP024,21,21,0,1.0
2024-07-20,PROP024,21,21,0,1.0
2024-07-21,PROP024,21,21,0,1.0
2024-07-22,PROP024,21,21,0,1.0
2024-07-23,PROP024,21,20,1,0.9853605611712327
2024-07-24,PROP024,21,20,1,0.9970371293362262
2024-07-25,PROP024,21,20,1,0.9862378467646028
2024-07-26,PROP024,21,20,1,0.995515238726203
2024-07-27,PROP024,21,20,1,0.9819514564920142
2024-07-28,PROP024,21,20,1,0.9938222477976482
2024-07-29,PROP024,21,20,1,0.9905244975153489
2024-07-30,PROP024,21,20,1,0.9705533682857629
2024-07-31,PROP024,21,21,0,1.0
2024-08-01,PROP024,21,20,1,0.9700500709430411
2024-08-02,PROP024,21,20,1,0.9813003953433669
2024-08-03,PROP024,21,20,1,0.9698111202713949
2024-08-04,PROP024,21,20,1,0.9846222141850428
2024-08-05,PROP024,21,20,1,0.9721005787798004
2024-08-06,PROP024,21,21,0,1.0
2024-08-07,PROP024,21,20,1,0.9862013294597496
2024-08-08,PROP024,21,20,1,0.9879539886478113
2024-08-09,PROP024,21,20,1,0.983568167096869
2024-08-10,PROP024,21,20,1,0.9946744038213056
2024-08-11,PROP024,21,21,0,1.0
2024-08-12,PROP024,21,20,1,0.9955000273751939
2024-08-13,PROP024,21,20,1,0.99950244238904
2024-08-14,PROP024,21,21,0,1.0
2024-08-15,PROP024,21,21,0,1.0
2024-08-16,PROP024,21,20,1,0.9965364957633827
2024-08-17,PROP024,21,20,1,0.978159676169412
2024-08-18,PROP024,21,20,1,0.995082271694912
2024-08-19,PROP024,21,20,1,0.9898174814828553
2024-08-20,PROP024,21,20,1,0.9982629268936517
2024-08-21,PROP024,21,21,0,1.0
2024-08-22,PROP024,21,20,1,0.9992830175406916
2024-08-23,PROP024,21,21,0,1.0
2024-08-24,PROP024,21,20,1,0.9721288125868758
2024-08-25,PROP024,21,20,1,0.9708389591827334
2024-08-26,PROP024,21,20,1,0.9799141803612186
2024-08-27,PROP024,21,21,0,1.0
2024-08-28,PROP024,21,21,0,1.0
2024-08-29,PROP024,21,20,1,0.9968832495650474
2024-08-30,PROP024,21,20,1,0.9976045043508235
2024-08-31,PROP024,21,20,1,0.9986409764235634
2024-09-01,PROP024,21,20,1,0.9784557173914626
2024-09-02,PROP024,21,20,1,0.974039255464375
2024-09-03,PROP024,21,20,1,0.9656872248531546
2024-09-04,PROP024,21,20,1,0.9673802267823584
2024-09-05,PROP024,21,19,2,0.9493012198545175
2024-09-06,PROP024,21,20,1,0.9670443623783236
2024-09-07,PROP024,21,20,1,0.957738769868811
2024-09-08,PROP024,21,19,2,0.9468700841963025
2024-09-09,PROP024,21,20,1,0.9730077221419356
2024-09-10,PROP024,21,20,1,0.9611614933641985
2024-09-11,PROP024,21,20,1,0.9798486110396496
2024-09-12,PROP024,21,19,2,0.9520187835510537
2024-09-13,PROP024,21,20,1,0.9599784138642757
2024-09-14,PROP024,21,20,1,0.9586714275588274
2024-09-15,PROP024,21,19,2,0.9455827902693759
2024-09-16,PROP024,21,20,1,0.9577962205253039
2024-09-17,PROP024,21,19,2,0.9522537476289097
2024-09-18,PROP024,21,19,2,0.9471644282267501
2024-09-19,PROP024,21,19,2,0.9520378327335183
2024-09-20,PROP024,21,19,2,0.9500816770227284
2024-09-21,PROP024,21,20,1,0.9701145506123078
2024-09-22,PROP024,21,19,2,0.9419826165024391
2024-09-23,PROP024,21,20,1,0.9654501192886016
2024-09-24,PROP024,21,20,1,0.971178063053017
2024-09-25,PROP024,21,20,1,0.9599805476308316
2024-09-26,PROP024,21,20,1,0.9780142085723894
2024-09-27,PROP024,21,20,1,0.9690668371815341
2024-09-28,PROP024,21,20,1,0.9706685554245295
2024-09-29,PROP024,21,19,2,0.9486289488697075
2024-09-30,PROP024,21,20,1,0.9718434324056356
2024-10-01,PROP024,21,20,1,0.9740353988153974
2024-10-02,PROP024,21,20,1,0.9552022649083123
2024-10-03,PROP024,21,19,2,0.9492861320933915
2024-10-04,PROP024,21,20,1,0.9561536365402173
2024-10-05,PROP024,21,20,1,0.9703359281320783
2024-10-06,PROP024,21,20,1,0.9574571696068208
2024-10-07,PROP024,21,20,1,0.9702176843810643
2024-10-08,PROP024,21,19,2,0.9452941910111742
2024-10-09,PROP024,21,20,1,0.9729920777916121
2024-10-10,PROP024,21,19,2,0.9508799086377671
2024-10-11,PROP024,21,19,2,0.9507087688806565
2024-10-12,PROP024,21,20,1,0.9643668479802271
2024-10-13,PROP024,21,19,2,0.9435563312019523
2024-10-14,PROP024,21,19,2,0.9418035184394594
2024-10-15,PROP024,21,19,2,0.9511927559838107
2024-10-16,PROP024,21,20,1,0.9622743114014656
2024-10-17,PROP024,21,20,1,0.9770562648210818
2024-10-18,PROP024,21,20,1,0.974609016424365
2024-10-19,PROP024,21,20,1,0.9603694677689117
2024-10-20,PROP024,21,19,2,0.9422336891198124
2024-10-21,PROP024,21,20,1,0.9621617187572451
2024-10-22,PROP024,21,20,1,0.9689434333690845
2024-10-23,PROP024,21,20,1,0.9543181906730741
2024-10-24,PROP024,21,19,2,0.9451941415033389
2024-10-25,PROP024,21,19,2,0.9518943275002991
2024-10-26,PROP024,21,20,1,0.9716151639507853
2024-10-27,PROP024,21,20,1,0.9548013626634059
2024-10-28,PROP024,21,20,1,0.9732308689995011
2024-10-29,PROP024,21,20,1,0.9535324674443717
2024-10-30,PROP024,21,19,2,0.9472938109086254
2024-10-31,PROP024,21,20,1,0.958185543752617
2024-11-01,PROP024,21,19,2,0.9300200415824761
2024-11-02,PROP024,21,19,2,0.912573389832884
2024-11-03,PROP024,21,19,2,0.9166108639991636
2024-11-04,PROP024,21,19,2,0.9193261018418233
2024-11-05,PROP024,21,19,2,0.9164725537860575
2024-11-06,PROP024,21,19,2,0.9255901041077651
2024-11-07,PROP024,21,19,2,0.9505139753155912
2024-11-08,PROP024,21,19,2,0.9322979626239937
2024-11-09,PROP024,21,19,2,0.9370313020457364
2024-11-10,PROP024,21,19,2,0.9261845202318317
2024-11-11,PROP024,21,19,2,0.9248685715566364
2024-11-12,PROP024,21,19,2,0.9128549319675109
2024-11-13,PROP024,21,19,2,0.9319424073179514
2024-11-14,PROP024,21,19,2,0.9312734213609772
2024-11-15,PROP024,21,19,2,0.9182422901381555
2024-11-16,PROP024,21,19,2,0.9425020210991787
2024-11-17,PROP024,21,19,2,0.9316360343033506
2024-11-18,PROP024,21,19,2,0.9254888198973735
2024-11-19,PROP024,21,19,2,0.9178054174518276
2024-11-20,PROP024,21,19,2,0.934015494169751
2024-11-21,PROP024,21,19,2,0.9420417421344629
2024-11-22,PROP024,21,19,2,0.9232090351983094
2024-11-23,PROP024,21,19,2,0.9206808351539795
2024-11-24,PROP024,21,19,2,0.9328064596534936
2024-11-25,PROP024,21,19,2,0.9181427931913112
2024-11-26,PROP024,21,19,2,0.938593596554682
2024-11-27,PROP024,21,19,2,0.9361428062086797
2024-11-28,PROP024,21,19,2,0.9154123430745678
2024-11-29,PROP024,21,19,2,0.9133898762661655
2024-11-30,PROP024,21,19,2,0.936740607194454
2024-12-01,PROP024,21,19,2,0.9237008120504602
2024-12-02,PROP024,21,19,2,0.9153868912178464
2024-12-03,PROP024,21,19,2,0.94230620928917
2024-12-04,PROP024,21,19,2,0.9244908212116163
2024-12-05,PROP024,21,19,2,0.9303130430764395
2024-12-06,PROP024,21,19,2,0.9214015781890613
2024-12-07,PROP024,21,19,2,0.9370217442252291
2024-12-08,PROP024,21,19,2,0.9239885977050849
2024-12-09,PROP024,21,19,2,0.9506498995400157
2024-12-10,PROP024,21,19,2,0.9400469630355868
2024-12-11,PROP024,21,19,2,0.9173979521458492
2024-12-12,PROP024,21,19,2,0.9285968546778492
2024-12-13,PROP024,21,19,2,0.9273459050801057
2024-12-14,PROP024,21,19,2,0.9332989455197259
2024-12-15,PROP024,21,19,2,0.9456062880700807
2024-12-16,PROP024,21,19,2,0.9352659416982306
2024-12-17,PROP024,21,19,2,0.9143913281949105
2024-12-18,PROP024,21,19,2,0.9381456889630247
2024-12-19,PROP024,21,19,2,0.9122596730087449
2024-12-20,PROP024,21,19,2,0.9431274795125263
2024-12-21,PROP024,21,19,2,0.9385945039873602
2024-12-22,PROP024,21,19,2,0.924280487425014
2024-12-23,PROP024,21,19,2,0.9236267332744912
2024-12-24,PROP024,21,19,2,0.9438599809527628
2024-12-25,PROP024,21,19,2,0.9432625287678954
2024-12-26,PROP024,21,19,2,0.9260211552659809
2024-12-27,PROP024,21,19,2,0.9238869702141018
2024-12-28,PROP024,21,19,2,0.9343220526462221
2024-12-29,PROP024,21,19,2,0.9122636874902763
2024-12-30,PROP024,21,19,2,0.9152357426103722
2024-12-31,PROP024,21,19,2,0.91697584469686
2025-01-01,PROP024,21,19,2,0.9193455338039975
2025-01-02,PROP024,21,19,2,0.9324097861579294
2025-01-03,PROP024,21,19,2,0.9516187376853554
2025-01-04,PROP024,21,19,2,0.9380335971608047
2025-01-05,PROP024,21,19,2,0.9143810128688795
2025-01-06,PROP024,21,19,2,0.9329522360534003
2025-01-07,PROP024,21,19,2,0.9317948695864907
2025-01-08,PROP024,21,19,2,0.9176957737236325
2025-01-09,PROP024,21,19,2,0.9487399558430069
2025-01-10,PROP024,21,19,2,0.9295596709979254
2025-01-11,PROP024,21,19,2,0.9517114267153002
2025-01-12,PROP024,21,19,2,0.9287319529009971
2025-01-13,PROP024,21,19,2,0.9362473691982549
2025-01-14,PROP024,21,19,2,0.9161195625489682
2025-01-15,PROP024,21,19,2,0.9300981740431853
2025-01-16,PROP024,21,19,2,0.9214796968510695
2025-01-17,PROP024,21,19,2,0.94535165303376
2025-01-18,PROP024,21,19,2,0.9432858444856121
2025-01-19,PROP024,21,19,2,0.944896261075925
2025-01-20,PROP024,21,19,2,0.9408734386012286
2025-01-21,PROP024,21,19,2,0.9452363900357126
2025-01-22,PROP024,21,19,2,0.9199622110979074
2025-01-23,PROP024,21,19,2,0.9300108121541026
2025-01-24,PROP024,21,19,2,0.9396029362887492
2025-01-25,PROP024,21,19,2,0.937424761008316
2025-01-26,PROP024,21,19,2,0.940583240405874
2025-01-27,PROP024,21,19,2,0.9208993964169598
2025-01-28,PROP024,21,19,2,0.9158664494527101
2025-01-29,PROP024,21,19,2,0.9486013242139016
2025-01-30,PROP024,21,19,2,0.934335936913605
2025-01-31,PROP024,21,19,2,0.918082098071207
2024-02-01,PROP025,73,70,3,0.9618095872916547
2024-02-02,PROP025,73,68,5,0.9319949305693277
2024-02-03,PROP025,73,69,4,0.9579088880372478
2024-02-04,PROP025,73,70,3,0.9625413922792485
2024-02-05,PROP025,73,70,3,0.962746853838324
2024-02-06,PROP025,73,70,3,0.9617786482926234
2024-02-07,PROP025,73,69,4,0.9470692303208875
2024-02-08,PROP025,73,68,5,0.9394608425166381
2024-02-09,PROP025,73,67,6,0.9255033021342437
2024-02-10,PROP025,73,67,6,0.9276488789013444
2024-02-11,PROP025,73,68,5,0.942365950438379
2024-02-12,PROP025,73,68,5,0.9411854356821437
2024-02-13,PROP025,73,68,5,0.9326009462092787
2024-02-14,PROP025,73,68,5,0.9410315909477497
2024-02-15,PROP025,73,68,5,0.932198392444698
2024-02-16,PROP025,73,70,3,0.959164039937517
2024-02-17,PROP025,73,68,5,0.9371401849415073
2024-02-18,PROP025,73,69,4,0.9491549638328157
2024-02-19,PROP025,73,69,4,0.9453261123064468
2024-02-20,PROP025,73,67,6,0.9272876729302431
2024-02-21,PROP025,73,70,3,0.96290173860613
2024-02-22,PROP025,73,69,4,0.9463014289565027
2024-02-23,PROP025,73,68,5,0.938214695562156
2024-02-24,PROP025,73,68,5,0.9315374526118061
2024-02-25,PROP025,73,68,5,0.9387534552155568
2024-02-26,PROP025,73,67,6,0.926032853947419
2024-02-27,PROP025,73,68,5,0.9397547160404153
2024-02-28,PROP025,73,69,4,0.9464718269186636
2024-02-29,PROP025,73,70,3,0.9600870396605211
2024-03-01,PROP025,73,69,4,0.9527073665343953
2024-03-02,PROP025,73,67,6,0.929675682351813
2024-03-03,PROP025,73,67,6,0.9311222428040018
2024-03-04,PROP025,73,68,5,0.9423373245392184
2024-03-05,PROP025,73,68,5,0.9330406998920349
2024-03-06,PROP025,73,67,6,0.9263263809297936
2024-03-07,PROP025,73,69,4,0.9574129850312062
2024-03-08,PROP025,73,67,6,0.9259932926544031
2024-03-09,PROP025,73,69,4,0.958439974034404
2024-03-10,PROP025,73,67,6,0.930976548347802
2024-03-11,PROP025,73,70,3,0.964199526258768
2024-03-12,PROP025,73,69,4,0.949367346299531
2024-03-13,PROP025,73,69,4,0.9546117086916792
2024-03-14,PROP025,73,67,6,0.929631734945206
2024-03-15,PROP025,73,70,3,0.9596965527645426
2024-03-16,PROP025,73,69,4,0.9587800835413449
2024-03-17,PROP025,73,69,4,0.9513320990881521
2024-03-18,PROP025,73,69,4,0.9453033844102988
2024-03-19,PROP025,73,69,4,0.9540719567517503
2024-03-20,PROP025,73,67,6,0.9254495184399585
2024-03-21,PROP025,73,69,4,0.9489100200424218
2024-03-22,PROP025,73,70,3,0.9591086352236529
2024-03-23,PROP025,73,68,5,0.9394883853134736
2024-03-24,PROP025,73,67,6,0.9295439640858001
2024-03-25,PROP025,73,68,5,0.9420474798162116
2024-03-26,PROP025,73,69,4,0.9542965677888237
2024-03-27,PROP025,73,67,6,0.9295044382413102
2024-03-28,PROP025,73,68,5,0.933454332234999
2024-03-29,PROP025,73,67,6,0.9311144636996314
2024-03-30,PROP025,73,69,4,0.9570903000494924
2024-03-31,PROP025,73,67,6,0.9277280947245828
2024-04-01,PROP025,73,69,4,0.9526758499110607
2024-04-02,PROP025,73,68,5,0.939870666656611
2024-04-03,PROP025,73,69,4,0.9554440395418955
2024-04-04,PROP025,73,70,3,0.9637877265778448
2024-04-05,PROP025,73,67,6,0.9297942018099427
2024-04-06,PROP025,73,68,5,0.9377877914691817
2024-04-07,PROP025,73,69,4,0.9576174069352377
2024-04-08,PROP025,73,68,5,0.9358587252685304
2024-04-09,PROP025,73,68,5,0.933817213708325
2024-04-10,PROP025,73,69,4,0.9582275089412422
2024-04-11,PROP025,73,70,3,0.9646956843867222
2024-04-12,PROP025,73,69,4,0.947487613432402
2024-04-13,PROP025,73,68,5,0.936334339759817
2024-04-14,PROP025,73,68,5,0.9411550282904855
2024-04-15,PROP025,73,68,5,0.9320176029218278
2024-04-16,PROP025,73,69,4,0.9556878809821134
2024-04-17,PROP025,73,69,4,0.956151350539394
2024-04-18,PROP025,73,70,3,0.9602172295217831
2024-04-19,PROP025,73,67,6,0.9262764923703459
2024-04-20,PROP025,73,69,4,0.9476916434915386
2024-04-21,PROP025,73,68,5,0.9337826072002108
2024-04-22,PROP025,73,68,5,0.9388477104461777
2024-04-23,PROP025,73,69,4,0.9566106144379437
2024-04-24,PROP025,73,68,5,0.9328937359209433
2024-04-25,PROP025,73,69,4,0.9507460598497269
2024-04-26,PROP025,73,69,4,0.9513950374754273
2024-04-27,PROP025,73,70,3,0.9633761464225754
2024-04-28,PROP025,73,69,4,0.9562188269676408
2024-04-29,PROP025,73,69,4,0.9573577957126311
2024-04-30,PROP025,73,69,4,0.9464764197871991
2024-05-01,PROP025,73,70,3,0.9610399938077727
2024-05-02,PROP025,73,70,3,0.9705912961500119
2024-05-03,PROP025,73,71,2,0.9755483444617508
2024-05-04,PROP025,73,71,2,0.9807055315898264
2024-05-05,PROP025,73,71,2,0.977877125994555
2024-05-06,PROP025,73,70,3,0.9693278746779677
2024-05-07,PROP025,73,70,3,0.9641812858011116
2024-05-08,PROP025,73,70,3,0.9602979952494253
2024-05-09,PROP025,73,71,2,0.9813225769721685
2024-05-10,PROP025,73,71,2,0.9793847084937773
2024-05-11,PROP025,73,71,2,0.9810636601515902
2024-05-12,PROP025,73,70,3,0.9684698596333897
2024-05-13,PROP025,73,70,3,0.9640650744241077
2024-05-14,PROP025,73,71,2,0.983957614668515
2024-05-15,PROP025,73,71,2,0.9845146573234913
2024-05-16,PROP025,73,70,3,0.9717934164799515
2024-05-17,PROP025,73,71,2,0.9780449249119709
2024-05-18,PROP025,73,70,3,0.9685095480905476
2024-05-19,PROP025,73,71,2,0.9816466495260702
2024-05-20,PROP025,73,72,1,0.9869976253871927
2024-05-21,PROP025,73,71,2,0.9810980926147039
2024-05-22,PROP025,73,71,2,0.9740720665951633
2024-05-23,PROP025,73,70,3,0.9719150799009727
2024-05-24,PROP025,73,71,2,0.9792615475603077
2024-05-25,PROP025,73,71,2,0.9807611971853312
2024-05-26,PROP025,73,71,2,0.9759179392622594
2024-05-27,PROP025,73,71,2,0.9785664525255737
2024-05-28,PROP025,73,69,4,0.9574323088210592
2024-05-29,PROP025,73,72,1,0.991639382166971
2024-05-30,PROP025,73,71,2,0.9851996840705592
2024-05-31,PROP025,73,70,3,0.9685258763095492
2024-06-01,PROP025,73,71,2,0.9760812659594231
2024-06-02,PROP025,73,69,4,0.9554617427267348
2024-06-03,PROP025,73,69,4,0.9552178740812404
2024-06-04,PROP025,73,70,3,0.9636006949257564
2024-06-05,PROP025,73,71,2,0.9811568272158628
2024-06-06,PROP025,73,72,1,0.9876546714332783
2024-06-07,PROP025,73,71,2,0.9759361967204718
2024-06-08,PROP025,73,71,2,0.974854071104572
2024-06-09,PROP025,73,70,3,0.9696611428729366
2024-06-10,PROP025,73,70,3,0.9600326797595987
2024-06-11,PROP025,73,69,4,0.9583029255743414
2024-06-12,PROP025,73,71,2,0.9839959519701166
2024-06-13,PROP025,73,72,1,0.990668903573141
2024-06-14,PROP025,73,70,3,0.9719000901767288
2024-06-15,PROP025,73,71,2,0.9799465878699034
2024-06-16,PROP025,73,72,1,0.9901470675565156
2024-06-17,PROP025,73,69,4,0.9571733068386437
2024-06-18,PROP025,73,71,2,0.9843880196460391
2024-06-19,PROP025,73,71,2,0.9782414368963009
2024-06-20,PROP025,73,71,2,0.9775142486744723
2024-06-21,PROP025,73,70,3,0.9652703786605407
2024-06-22,PROP025,73,71,2,0.9809244957123849
2024-06-23,PROP025,73,71,2,0.985360671714109
2024-06-24,PROP025,73,69,4,0.9580830881190258
2024-06-25,PROP025,73,71,2,0.9749096187605173
2024-06-26,PROP025,73,69,4,0.9576193687607742
2024-06-27,PROP025,73,72,1,0.9884717222931837
2024-06-28,PROP025,73,71,2,0.9738742304275319
2024-06-29,PROP025,73,71,2,0.9858873890917083
2024-06-30,PROP025,73,70,3,0.9682921870279265
2024-07-01,PROP025,73,69,4,0.9585718905939309
2024-07-02,PROP025,73,69,4,0.9552287336967064
2024-07-03,PROP025,73,70,3,0.964829146352173
2024-07-04,PROP025,73,70,3,0.9633381095358411
2024-07-05,PROP025,73,71,2,0.9759828404820764
2024-07-06,PROP025,73,69,4,0.9544383150438263
2024-07-07,PROP025,73,71,2,0.9743915832932448
2024-07-08,PROP025,73,70,3,0.969239631201758
2024-07-09,PROP025,73,71,2,0.9766536523178556
2024-07-10,PROP025,73,71,2,0.9816654626472925
2024-07-11,PROP025,73,71,2,0.9789324393244715
2024-07-12,PROP025,73,72,1,0.9929545362962126
2024-07-13,PROP025,73,70,3,0.9590993752763528
2024-07-14,PROP025,73,70,3,0.970758241878469
2024-07-15,PROP025,73,70,3,0.9705619909870103
2024-07-16,PROP025,73,70,3,0.9702508896693948
2024-07-17,PROP025,73,71,2,0.9801206972029847
2024-07-18,PROP025,73,71,2,0.9731618839431468
2024-07-19,PROP025,73,71,2,0.9742660639137964
2024-07-20,PROP025,73,70,3,0.9708630012071485
2024-07-21,PROP025,73,72,1,0.9932367399620204
2024-07-22,PROP025,73,72,1,0.9906712154740396
2024-07-23,PROP025,73,70,3,0.9658777290958528
2024-07-24,PROP025,73,69,4,0.9580325185119446
2024-07-25,PROP025,73,72,1,0.987159350482822
2024-07-26,PROP025,73,72,1,0.9934555715783069
2024-07-27,PROP025,73,70,3,0.9652731172828637
2024-07-28,PROP025,73,70,3,0.9678801585549486
2024-07-29,PROP025,73,72,1,0.9912340887806861
2024-07-30,PROP025,73,71,2,0.9820139422414015
2024-07-31,PROP025,73,70,3,0.9653942947924634
2024-08-01,PROP025,73,71,2,0.9768106211726345
2024-08-02,PROP025,73,72,1,0.9913379446958481
2024-08-03,PROP025,73,71,2,0.9860412857991091
2024-08-04,PROP025,73,71,2,0.9832420700704243
2024-08-05,PROP025,73,71,2,0.9830486139903588
2024-08-06,PROP025,73,70,3,0.9606895744929688
2024-08-07,PROP025,73,72,1,0.9865560110903954
2024-08-08,PROP025,73,70,3,0.9646135068190163
2024-08-09,PROP025,73,72,1,0.9907834278373391
2024-08-10,PROP025,73,70,3,0.9681543611618292
2024-08-11,PROP025,73,72,1,0.9878751774029682
2024-08-12,PROP025,73,70,3,0.9642181013019899
2024-08-13,PROP025,73,71,2,0.9741498389845675
2024-08-14,PROP025,73,69,4,0.9578441733408404
2024-08-15,PROP025,73,71,2,0.9799735176411248
2024-08-16,PROP025,73,72,1,0.9870119325279515
2024-08-17,PROP025,73,71,2,0.9823066527733746
2024-08-18,PROP025,73,71,2,0.9744991020388242
2024-08-19,PROP025,73,69,4,0.9553733966653363
2024-08-20,PROP025,73,72,1,0.9909064018081123
2024-08-21,PROP025,73,71,2,0.9817883434644233
2024-08-22,PROP025,73,71,2,0.9834033310558913
2024-08-23,PROP025,73,71,2,0.9853559845417103
2024-08-24,PROP025,73,71,2,0.9834784985583823
2024-08-25,PROP025,73,70,3,0.9712134080852113
2024-08-26,PROP025,73,71,2,0.9829136346927958
2024-08-27,PROP025,73,71,2,0.978569833033691
2024-08-28,PROP025,73,72,1,0.9877294148680293
2024-08-29,PROP025,73,71,2,0.9856671541347727
2024-08-30,PROP025,73,69,4,0.9552237368199683
2024-08-31,PROP025,73,70,3,0.9687242451345821
2024-09-01,PROP025,73,67,6,0.9266010359138391
2024-09-02,PROP025,73,67,6,0.9292953868171273
2024-09-03,PROP025,73,69,4,0.9492688187066278
2024-09-04,PROP025,73,70,3,0.9601652626729735
2024-09-05,PROP025,73,67,6,0.930005380174854
2024-09-06,PROP025,73,68,5,0.9432559613251567
2024-09-07,PROP025,73,70,3,0.9616475460187411
2024-09-08,PROP025,73,69,4,0.9577844291733468
2024-09-09,PROP025,73,69,4,0.9459991056851206
2024-09-10,PROP025,73,69,4,0.9560752473996366
2024-09-11,PROP025,73,69,4,0.9461201407882649
2024-09-12,PROP025,73,68,5,0.9315360833177974
2024-09-13,PROP025,73,67,6,0.9302018343553505
2024-09-14,PROP025,73,68,5,0.9327471191091662
2024-09-15,PROP025,73,68,5,0.9392492736251106
2024-09-16,PROP025,73,70,3,0.9624335605334441
2024-09-17,PROP025,73,69,4,0.9571995263726274
2024-09-18,PROP025,73,68,5,0.942524452275536
2024-09-19,PROP025,73,68,5,0.9449354582179863
2024-09-20,PROP025,73,68,5,0.93583676813314
2024-09-21,PROP025,73,69,4,0.9533865080853686
2024-09-22,PROP025,73,69,4,0.9573230166849649
2024-09-23,PROP025,73,68,5,0.9347685776531864
2024-09-24,PROP025,73,67,6,0.926885254777942
2024-09-25,PROP025,73,69,4,0.9501679475530022
2024-09-26,PROP025,73,69,4,0.947712874591896
2024-09-27,PROP025,73,68,5,0.9412976360276384
2024-09-28,PROP025,73,69,4,0.9509681474974118
2024-09-29,PROP025,73,69,4,0.9472369217458891
2024-09-30,PROP025,73,68,5,0.9352356528902511
2024-10-01,PROP025,73,68,5,0.9411215488513922
2024-10-02,PROP025,73,68,5,0.9423369326163731
2024-10-03,PROP025,73,70,3,0.9604223096055059
2024-10-04,PROP025,73,70,3,0.9636485559916418
2024-10-05,PROP025,73,70,3,0.9609324443223433
2024-10-06,PROP025,73,69,4,0.9539795107885626
2024-10-07,PROP025,73,69,4,0.9486120991707162
2024-10-08,PROP025,73,69,4,0.9527828552451215
2024-10-09,PROP025,73,70,3,0.9627767586557909
2024-10-10,PROP025,73,68,5,0.9352123392354367
2024-10-11,PROP025,73,69,4,0.9466172101334196
2024-10-12,PROP025,73,69,4,0.9527967105864997
2024-10-13,PROP025,73,69,4,0.9523822698794544
2024-10-14,PROP025,73,68,5,0.9353035482095569
2024-10-15,PROP025,73,69,4,0.9486816509220735
2024-10-16,PROP025,73,69,4,0.9570489155232896
2024-10-17,PROP025,73,68,5,0.9442155490284931
2024-10-18,PROP025,73,69,4,0.9569443128944327
2024-10-19,PROP025,73,68,5,0.9396076937366655
2024-10-20,PROP025,73,70,3,0.9627627949130337
2024-10-21,PROP025,73,69,4,0.9465695274464474
2024-10-22,PROP025,73,69,4,0.9490503078581879
2024-10-23,PROP025,73,67,6,0.9264668525786669
2024-10-24,PROP025,73,68,5,0.9320231553116272
2024-10-25,PROP025,73,69,4,0.9505297450453252
2024-10-26,PROP025,73,68,5,0.9420072046977742
2024-10-27,PROP025,73,69,4,0.9455389414448103
2024-10-28,PROP025,73,67,6,0.9277312461758314
2024-10-29,PROP025,73,69,4,0.9585777993628988
2024-10-30,PROP025,73,69,4,0.9565926139183321
2024-10-31,PROP025,73,68,5,0.9326265488553573
2024-11-01,PROP025,73,67,6,0.922229192421984
2024-11-02,PROP025,73,67,6,0.9295886265978597
2024-11-03,PROP025,73,67,6,0.9224901835883128
2024-11-04,PROP025,73,66,7,0.9092719419435226
2024-11-05,PROP025,73,67,6,0.9231004641508155
2024-11-06,PROP025,73,66,7,0.9052744880390173
2024-11-07,PROP025,73,66,7,0.9095862180228657
2024-11-08,PROP025,73,66,7,0.9064588042559759
2024-11-09,PROP025,73,67,6,0.9191330222272971
2024-11-10,PROP025,73,65,8,0.9011850840023108
2024-11-11,PROP025,73,68,5,0.9341884333456224
2024-11-12,PROP025,73,66,7,0.9101965122782035
2024-11-13,PROP025,73,66,7,0.9056148232159209
2024-11-14,PROP025,73,66,7,0.9167180106757621
2024-11-15,PROP025,73,66,7,0.9079359308698775
2024-11-16,PROP025,73,67,6,0.9182521815869946
2024-11-17,PROP025,73,66,7,0.9107963841229723
2024-11-18,PROP025,73,65,8,0.9021386905624504
2024-11-19,PROP025,73,66,7,0.9074918278127793
2024-11-20,PROP025,73,66,7,0.9143936119301498
2024-11-21,PROP025,73,65,8,0.8980677471908738
2024-11-22,PROP025,73,67,6,0.9276817192122793
2024-11-23,PROP025,73,67,6,0.9217290007153055
2024-11-24,PROP025,73,67,6,0.920910402422823
2024-11-25,PROP025,73,67,6,0.9186980154069995
2024-11-26,PROP025,73,67,6,0.9204685450246916
2024-11-27,PROP025,73,68,5,0.9342420962399777
2024-11-28,PROP025,73,65,8,0.8971987865641184
2024-11-29,PROP025,73,65,8,0.8987680065179988
2024-11-30,PROP025,73,66,7,0.904515754528921
2024-12-01,PROP025,73,65,8,0.9035480733314148
2024-12-02,PROP025,73,65,8,0.9041037965104561
2024-12-03,PROP025,73,67,6,0.9237337735656348
2024-12-04,PROP025,73,66,7,0.9152353501736954
2024-12-05,PROP025,73,68,5,0.9365271732650765
2024-12-06,PROP025,73,66,7,0.9059314547238067
2024-12-07,PROP025,73,66,7,0.9092892221727886
2024-12-08,PROP025,73,68,5,0.9362256468037548
2024-12-09,PROP025,73,67,6,0.9301263437637787
2024-12-10,PROP025,73,66,7,0.9156479869588301
2024-12-11,PROP025,73,67,6,0.9190398935535284
2024-12-12,PROP025,73,67,6,0.9305831349578024
2024-12-13,PROP025,73,66,7,0.9160952279735419
2024-12-14,PROP025,73,66,7,0.9050969670749722
2024-12-15,PROP025,73,67,6,0.9299937996738642
2024-12-16,PROP025,73,67,6,0.9183669177827145
2024-12-17,PROP025,73,65,8,0.9029777220182417
2024-12-18,PROP025,73,66,7,0.9170794513790648
2024-12-19,PROP025,73,66,7,0.9133841533555632
2024-12-20,PROP025,73,68,5,0.9319297194069591
2024-12-21,PROP025,73,65,8,0.9018982353861169
2024-12-22,PROP025,73,68,5,0.9318644103096099
2024-12-23,PROP025,73,66,7,0.9173444588041002
2024-12-24,PROP025,73,66,7,0.9130305953309348
2024-12-25,PROP025,73,65,8,0.9033347055078065
2024-12-26,PROP025,73,67,6,0.924888736637236
2024-12-27,PROP025,73,68,5,0.9339282864960904
2024-12-28,PROP025,73,66,7,0.9118711122876616
2024-12-29,PROP025,73,66,7,0.9065194181585221
2024-12-30,PROP025,73,67,6,0.9190506948116551
2024-12-31,PROP025,73,67,6,0.9287034560690436
2025-01-01,PROP025,73,65,8,0.8970067259137101
2025-01-02,PROP025,73,67,6,0.922111115587506
2025-01-03,PROP025,73,67,6,0.9207166581596341
2025-01-04,PROP025,73,66,7,0.9095821055638552
2025-01-05,PROP025,73,66,7,0.9149129382758876
2025-01-06,PROP025,73,66,7,0.9067345470981617
2025-01-07,PROP025,73,67,6,0.9284514476497625
2025-01-08,PROP025,73,67,6,0.9222374154663331
2025-01-09,PROP025,73,67,6,0.9181644830132483
2025-01-10,PROP025,73,66,7,0.9125570660684019
2025-01-11,PROP025,73,66,7,0.9085113935725181
2025-01-12,PROP025,73,67,6,0.9297654775734261
2025-01-13,PROP025,73,66,7,0.9149123249490316
2025-01-14,PROP025,73,66,7,0.9169139149253557
2025-01-15,PROP025,73,66,7,0.9176891673533185
2025-01-16,PROP025,73,66,7,0.9147906955489519
2025-01-17,PROP025,73,66,7,0.9070995551812258
2025-01-18,PROP025,73,65,8,0.9016696357414109
2025-01-19,PROP025,73,65,8,0.9007975088183985
2025-01-20,PROP025,73,67,6,0.9271545190653163
2025-01-21,PROP025,73,66,7,0.9057971310237493
2025-01-22,PROP025,73,65,8,0.8990829307298478
2025-01-23,PROP025,73,67,6,0.9287567143995242
2025-01-24,PROP025,73,65,8,0.9030184842461147
2025-01-25,PROP025,73,67,6,0.921861861801023
2025-01-26,PROP025,73,66,7,0.9104017489896034
2025-01-27,PROP025,73,65,8,0.9019152283993412
2025-01-28,PROP025,73,66,7,0.9134352573018633
2025-01-29,PROP025,73,65,8,0.8974483725769938
2025-01-30,PROP025,73,67,6,0.9304978174321913
2025-01-31,PROP025,73,66,7,0.9173959365853631
