TicketID,OpenDate,PropertyID,Category,Priority,Status,ClosedDate,DaysToResolve,Cost
TICKET000001,2024-02-01,PROP008,Plumbing,Low,Closed,2024-02-18,17,1040.9909395487985
TICKET000002,2024-02-01,PROP004,Pest Control,Medium,Closed,2024-02-05,4,1426.110141094124
TICKET000003,2024-02-01,PROP005,Structural,Medium,Closed,2024-02-07,6,692.3466602939601
TICKET000004,2024-02-01,PROP024,General Maintenance,High,Closed,2024-02-03,2,790.9381824708809
TICKET000005,2024-02-01,PROP010,Electrical,Medium,Closed,2024-02-08,7,1447.7452043147346
TICKET000006,2024-02-01,PROP018,Landscaping,Medium,Pending Parts,,365,
TICKET000007,2024-02-01,PROP025,Landscaping,Low,Closed,2024-02-12,11,835.7129963384962
TICKET000008,2024-02-01,PROP003,Landscaping,Medium,Closed,2024-02-04,3,460.711140302193
TICKET000009,2024-02-01,PROP009,Landscaping,Low,Closed,2024-02-07,6,872.0456167276817
TICKET000010,2024-02-01,PROP010,Electrical,High,Closed,2024-02-03,2,1498.9509626220438
TICKET000011,2024-02-01,PROP008,Pest Control,High,Closed,2024-02-02,1,901.0704592557641
TICKET000012,2024-02-01,PROP003,General Maintenance,High,Closed,2024-02-05,4,700.7076382189102
TICKET000013,2024-02-01,PROP017,Landscaping,Low,Closed,2024-02-10,9,1362.167615631607
TICKET000014,2024-02-01,PROP001,General Maintenance,High,Closed,2024-02-03,2,64.21076405425801
TICKET000015,2024-02-01,PROP021,Pest Control,Medium,In Progress,,365,
TICKET000016,2024-02-01,PROP014,Electrical,High,Closed,2024-02-03,2,373.6297915942664
TICKET000017,2024-02-02,PROP015,Plumbing,Low,Closed,2024-02-16,14,785.7219076299236
TICKET000018,2024-02-02,PROP022,Electrical,Medium,Closed,2024-02-10,8,702.4110601014884
TICKET000019,2024-02-02,PROP017,General Maintenance,Low,Closed,2024-02-11,9,235.9598981853441
TICKET000020,2024-02-02,PROP002,Landscaping,High,Closed,2024-02-04,2,721.7285458453136
TICKET000021,2024-02-02,PROP012,Electrical,Low,Closed,2024-02-18,16,490.7302646594768
TICKET000022,2024-02-02,PROP004,Electrical,Low,Closed,2024-02-15,13,340.94252244263055
TICKET000023,2024-02-02,PROP023,Plumbing,Low,Closed,2024-02-09,7,838.5981213229679
TICKET000024,2024-02-02,PROP013,Structural,Medium,Closed,2024-02-07,5,1312.3636689031125
TICKET000025,2024-02-02,PROP023,Structural,Low,Closed,2024-02-11,9,1168.147593240684
TICKET000026,2024-02-02,PROP017,Electrical,Medium,Closed,2024-02-06,4,1320.530311856347
TICKET000027,2024-02-02,PROP024,Electrical,High,Closed,2024-02-04,2,830.4471999583441
TICKET000028,2024-02-02,PROP014,Plumbing,Medium,Closed,2024-02-05,3,439.6245990532153
TICKET000029,2024-02-02,PROP001,Appliance,Medium,Closed,2024-02-11,9,285.6324762858144
TICKET000030,2024-02-02,PROP010,Structural,Low,Closed,2024-02-18,16,1077.514512057926
TICKET000031,2024-02-02,PROP007,HVAC,Medium,Closed,2024-02-10,8,972.0329139570013
TICKET000032,2024-02-02,PROP011,Electrical,High,Closed,2024-02-04,2,1488.0789290607568
TICKET000033,2024-02-02,PROP007,HVAC,Medium,Closed,2024-02-07,5,1027.9285350024327
TICKET000034,2024-02-02,PROP010,Appliance,Low,Closed,2024-02-09,7,610.7041801080558
TICKET000035,2024-02-02,PROP019,Plumbing,High,Closed,2024-02-03,1,840.3201747091517
TICKET000036,2024-02-02,PROP025,Landscaping,Medium,Closed,2024-02-11,9,487.65538191800124
TICKET000037,2024-02-02,PROP004,Plumbing,Medium,Closed,2024-02-06,4,719.324664318414
TICKET000038,2024-02-03,PROP006,HVAC,Low,Open,,363,
TICKET000039,2024-02-03,PROP018,Electrical,Low,Closed,2024-02-15,12,436.991581916866
TICKET000040,2024-02-03,PROP001,Electrical,Low,Closed,2024-02-22,19,780.425110137667
TICKET000041,2024-02-03,PROP024,Pest Control,Low,Closed,2024-02-12,9,1184.8052844756057
TICKET000042,2024-02-03,PROP014,Electrical,Medium,Closed,2024-02-10,7,852.1934631524528
TICKET000043,2024-02-03,PROP009,General Maintenance,Low,Closed,2024-02-10,7,1027.7912907798873
TICKET000044,2024-02-03,PROP009,Electrical,Low,Closed,2024-02-11,8,887.4058674730426
TICKET000045,2024-02-03,PROP016,Landscaping,Medium,Closed,2024-02-11,8,556.1088880563772
TICKET000046,2024-02-03,PROP015,Structural,Low,Closed,2024-02-15,12,1247.8190009635337
TICKET000047,2024-02-03,PROP009,Structural,Low,Closed,2024-02-19,16,796.1026428108662
TICKET000048,2024-02-03,PROP015,Landscaping,Medium,Closed,2024-02-10,7,1083.3900832638908
TICKET000049,2024-02-03,PROP010,Landscaping,Low,Closed,2024-02-16,13,1292.2515318139565
TICKET000050,2024-02-03,PROP012,Plumbing,Low,Closed,2024-02-17,14,159.7680974293832
TICKET000051,2024-02-03,PROP012,Structural,Medium,Closed,2024-02-08,5,631.7928582465355
TICKET000052,2024-02-03,PROP025,Electrical,Medium,Closed,2024-02-07,4,930.7781052398664
TICKET000053,2024-02-03,PROP010,Electrical,Low,Closed,2024-02-09,6,1344.2464757649493
TICKET000054,2024-02-03,PROP025,Plumbing,High,Closed,2024-02-04,1,1322.493360510963
TICKET000055,2024-02-03,PROP018,Landscaping,Low,Closed,2024-02-18,15,154.23744253742782
TICKET000056,2024-02-03,PROP024,Structural,Medium,Closed,2024-02-11,8,719.498231341702
TICKET000057,2024-02-04,PROP010,General Maintenance,Low,In Progress,,362,
TICKET000058,2024-02-04,PROP007,General Maintenance,Low,Closed,2024-02-09,5,398.139049603807
TICKET000059,2024-02-04,PROP025,Structural,Medium,Closed,2024-02-07,3,438.951905087884
TICKET000060,2024-02-04,PROP006,General Maintenance,High,Closed,2024-02-06,2,1298.2527451448595
TICKET000061,2024-02-04,PROP010,Structural,Medium,Pending Parts,,362,
TICKET000062,2024-02-04,PROP021,HVAC,Emergency,Closed,2024-02-04,0,591.936690532332
TICKET000063,2024-02-04,PROP013,Landscaping,Medium,Closed,2024-02-10,6,488.935387106083
TICKET000064,2024-02-04,PROP004,Pest Control,Medium,Closed,2024-02-09,5,1147.7343796142816
TICKET000065,2024-02-04,PROP025,Landscaping,High,Closed,2024-02-08,4,1396.2903908221751
TICKET000066,2024-02-04,PROP013,Electrical,Medium,Closed,2024-02-10,6,426.09017361008415
TICKET000067,2024-02-04,PROP009,Electrical,Low,Closed,2024-02-18,14,1295.1248937344712
TICKET000068,2024-02-04,PROP023,Electrical,Medium,Closed,2024-02-12,8,144.6295187408556
TICKET000069,2024-02-04,PROP020,HVAC,Medium,Closed,2024-02-10,6,466.2320788727758
TICKET000070,2024-02-04,PROP018,Pest Control,Medium,Closed,2024-02-07,3,1105.1955896737297
TICKET000071,2024-02-04,PROP010,Appliance,Low,Closed,2024-02-18,14,361.68105272753513
TICKET000072,2024-02-04,PROP014,General Maintenance,High,Closed,2024-02-08,4,456.67783285752824
TICKET000073,2024-02-04,PROP024,General Maintenance,Low,In Progress,,362,
TICKET000074,2024-02-04,PROP019,Plumbing,Low,Closed,2024-02-20,16,1362.3792102537832
TICKET000075,2024-02-05,PROP002,Plumbing,Medium,Closed,2024-02-09,4,1362.0944157219785
TICKET000076,2024-02-05,PROP005,Plumbing,Medium,Closed,2024-02-11,6,900.3782694587935
TICKET000077,2024-02-05,PROP003,Pest Control,High,In Progress,,361,
TICKET000078,2024-02-05,PROP005,Structural,High,Closed,2024-02-08,3,471.5147297880348
TICKET000079,2024-02-05,PROP013,Structural,Medium,Closed,2024-02-11,6,455.60958287104177
TICKET000080,2024-02-05,PROP003,HVAC,Medium,Closed,2024-02-11,6,1277.878794846184
TICKET000081,2024-02-05,PROP018,Landscaping,Low,Closed,2024-02-22,17,1055.4042540819921
TICKET000082,2024-02-05,PROP009,Landscaping,High,Closed,2024-02-08,3,512.2576916639005
TICKET000083,2024-02-05,PROP022,Landscaping,Medium,Closed,2024-02-11,6,631.2516962671434
TICKET000084,2024-02-05,PROP020,Appliance,Low,Closed,2024-02-19,14,455.2361457375208
TICKET000085,2024-02-05,PROP021,Appliance,High,Closed,2024-02-06,1,1411.3919492246955
TICKET000086,2024-02-05,PROP023,Landscaping,Low,Closed,2024-02-17,12,672.8409006419741
TICKET000087,2024-02-05,PROP021,Appliance,Medium,Closed,2024-02-08,3,1364.347161787046
TICKET000088,2024-02-05,PROP010,Electrical,High,Closed,2024-02-09,4,1287.1060820924242
TICKET000089,2024-02-05,PROP003,Structural,High,Closed,2024-02-09,4,514.1349921660558
TICKET000090,2024-02-05,PROP004,General Maintenance,Low,In Progress,,361,
TICKET000091,2024-02-05,PROP005,Appliance,Low,Closed,2024-02-17,12,1145.8748217418813
TICKET000092,2024-02-05,PROP003,Pest Control,High,Closed,2024-02-08,3,123.43975205408313
TICKET000093,2024-02-05,PROP013,Landscaping,High,Closed,2024-02-07,2,711.6061598967623
TICKET000094,2024-02-06,PROP025,General Maintenance,Medium,Closed,2024-02-15,9,1290.3776372894627
TICKET000095,2024-02-06,PROP012,General Maintenance,Low,Pending Parts,,360,
TICKET000096,2024-02-06,PROP015,Structural,Medium,Closed,2024-02-14,8,1377.4439741610863
TICKET000097,2024-02-06,PROP005,Electrical,Low,Closed,2024-02-20,14,1484.4626080984465
TICKET000098,2024-02-06,PROP007,Plumbing,High,Closed,2024-02-08,2,495.0568284989107
TICKET000099,2024-02-06,PROP024,Landscaping,Medium,Closed,2024-02-10,4,872.5521885268929
TICKET000100,2024-02-06,PROP013,Landscaping,Low,Pending Parts,,360,
TICKET000101,2024-02-06,PROP018,Structural,Low,Closed,2024-02-12,6,744.6832855213821
TICKET000102,2024-02-06,PROP014,Appliance,High,Closed,2024-02-07,1,986.6132476039492
TICKET000103,2024-02-06,PROP018,Plumbing,Low,Closed,2024-02-22,16,1322.3518599104236
TICKET000104,2024-02-06,PROP004,Appliance,Low,Closed,2024-02-18,12,512.5489496052952
TICKET000105,2024-02-06,PROP019,Structural,Medium,Pending Parts,,360,
TICKET000106,2024-02-06,PROP010,Plumbing,Low,Closed,2024-02-15,9,1273.8680997834033
TICKET000107,2024-02-06,PROP025,Pest Control,High,Closed,2024-02-10,4,167.78151092089732
TICKET000108,2024-02-06,PROP023,Landscaping,Medium,Closed,2024-02-09,3,631.9036002284388
TICKET000109,2024-02-06,PROP005,General Maintenance,Low,In Progress,,360,
TICKET000110,2024-02-06,PROP018,Landscaping,Low,Open,,360,
TICKET000111,2024-02-07,PROP007,Pest Control,Low,Closed,2024-02-21,14,306.4534886557615
TICKET000112,2024-02-07,PROP004,HVAC,Low,Closed,2024-02-21,14,327.31817159574797
TICKET000113,2024-02-07,PROP020,Appliance,Medium,Closed,2024-02-16,9,812.8317147864537
TICKET000114,2024-02-07,PROP009,HVAC,Medium,Closed,2024-02-13,6,230.1472371020373
TICKET000115,2024-02-07,PROP023,Plumbing,Medium,In Progress,,359,
TICKET000116,2024-02-07,PROP016,General Maintenance,Medium,Closed,2024-02-13,6,839.9433583488244
TICKET000117,2024-02-07,PROP017,Structural,High,Closed,2024-02-09,2,368.12523031718524
TICKET000118,2024-02-07,PROP009,HVAC,Medium,Pending Parts,,359,
TICKET000119,2024-02-07,PROP014,Appliance,Medium,Closed,2024-02-11,4,588.9731363829551
TICKET000120,2024-02-07,PROP014,Landscaping,Medium,Closed,2024-02-11,4,1145.862731376474
TICKET000121,2024-02-07,PROP002,Electrical,Low,Closed,2024-02-24,17,978.4137829831168
TICKET000122,2024-02-07,PROP010,General Maintenance,Medium,Closed,2024-02-16,9,1173.3249586225643
TICKET000123,2024-02-07,PROP007,Electrical,High,Closed,2024-02-10,3,706.6003168170668
TICKET000124,2024-02-07,PROP001,HVAC,High,Closed,2024-02-11,4,971.1257510380441
TICKET000125,2024-02-07,PROP008,Appliance,Medium,Closed,2024-02-14,7,1181.3299678965334
TICKET000126,2024-02-07,PROP006,Structural,Medium,Closed,2024-02-14,7,401.4458664914212
TICKET000127,2024-02-07,PROP024,Plumbing,Low,Closed,2024-02-23,16,573.5036598731091
TICKET000128,2024-02-07,PROP005,Electrical,Medium,Closed,2024-02-16,9,1395.5307697001665
TICKET000129,2024-02-07,PROP014,General Maintenance,Medium,Closed,2024-02-13,6,815.0378804696543
TICKET000130,2024-02-07,PROP007,Plumbing,Low,Closed,2024-02-25,18,1203.1951978661157
TICKET000131,2024-02-07,PROP024,Landscaping,Low,Closed,2024-02-26,19,953.5232577372926
TICKET000132,2024-02-07,PROP004,Electrical,Low,Closed,2024-02-12,5,731.6736607963799
TICKET000133,2024-02-07,PROP022,Landscaping,Emergency,Closed,2024-02-08,1,1285.8099139309822
TICKET000134,2024-02-07,PROP006,Pest Control,Low,Closed,2024-02-24,17,58.70113342727389
TICKET000135,2024-02-07,PROP022,Pest Control,Low,Closed,2024-02-24,17,349.38396432744224
TICKET000136,2024-02-07,PROP012,Electrical,Low,Closed,2024-02-12,5,621.5464282659235
TICKET000137,2024-02-07,PROP013,Electrical,High,Closed,2024-02-11,4,534.5287024783403
TICKET000138,2024-02-07,PROP015,Appliance,Medium,Closed,2024-02-10,3,78.33674675658463
TICKET000139,2024-02-07,PROP023,HVAC,Low,Closed,2024-02-14,7,1312.404166946404
TICKET000140,2024-02-07,PROP009,General Maintenance,Medium,Closed,2024-02-15,8,1073.4489981590596
TICKET000141,2024-02-07,PROP025,HVAC,High,Closed,2024-02-10,3,305.8324398593322
TICKET000142,2024-02-07,PROP024,Pest Control,High,Closed,2024-02-09,2,373.93670572252836
TICKET000143,2024-02-07,PROP023,Appliance,Medium,Closed,2024-02-14,7,257.650375503909
TICKET000144,2024-02-08,PROP006,General Maintenance,Low,Closed,2024-02-25,17,829.3204368900526
TICKET000145,2024-02-08,PROP023,Appliance,Medium,Closed,2024-02-15,7,1181.7811043272754
TICKET000146,2024-02-08,PROP011,Structural,Medium,Closed,2024-02-17,9,1222.3709298698154
TICKET000147,2024-02-08,PROP008,HVAC,Low,Closed,2024-02-17,9,1032.910824325308
TICKET000148,2024-02-08,PROP005,HVAC,Low,Closed,2024-02-13,5,1339.6127340136863
TICKET000149,2024-02-08,PROP012,Plumbing,Medium,Closed,2024-02-17,9,304.3104309266507
TICKET000150,2024-02-08,PROP015,Structural,Medium,Closed,2024-02-14,6,726.0725445888002
TICKET000151,2024-02-08,PROP007,Landscaping,Medium,Closed,2024-02-11,3,1115.626579131372
TICKET000152,2024-02-08,PROP002,Appliance,Emergency,Closed,2024-02-09,1,295.81625454359073
TICKET000153,2024-02-08,PROP023,General Maintenance,High,Closed,2024-02-12,4,130.71626956627603
TICKET000154,2024-02-08,PROP003,Appliance,Emergency,Closed,2024-02-09,1,884.8321122659187
TICKET000155,2024-02-08,PROP005,Pest Control,Medium,Closed,2024-02-15,7,432.6040702578839
TICKET000156,2024-02-08,PROP005,Pest Control,Medium,Closed,2024-02-13,5,1060.9880536383926
TICKET000157,2024-02-08,PROP018,Electrical,High,Closed,2024-02-10,2,1444.9847496400753
TICKET000158,2024-02-08,PROP020,Landscaping,Low,Closed,2024-02-22,14,1429.2744311774275
TICKET000159,2024-02-08,PROP016,Landscaping,High,Closed,2024-02-10,2,1058.809265646977
TICKET000160,2024-02-08,PROP010,Electrical,Medium,Closed,2024-02-11,3,98.9390352273144
TICKET000161,2024-02-08,PROP018,Landscaping,Low,Closed,2024-02-14,6,1235.025275970126
TICKET000162,2024-02-08,PROP020,HVAC,Low,Closed,2024-02-13,5,1395.0746911771207
TICKET000163,2024-02-08,PROP004,Structural,Medium,Open,,358,
TICKET000164,2024-02-08,PROP024,Pest Control,Low,Closed,2024-02-20,12,1081.9593610637885
TICKET000165,2024-02-08,PROP010,HVAC,Low,Closed,2024-02-15,7,87.05371274160024
TICKET000166,2024-02-08,PROP021,Structural,Medium,Pending Parts,,358,
TICKET000167,2024-02-08,PROP007,Landscaping,Low,Closed,2024-02-16,8,733.7119539055158
TICKET000168,2024-02-08,PROP014,Plumbing,Low,Open,,358,
TICKET000169,2024-02-08,PROP016,General Maintenance,Low,Closed,2024-02-19,11,1490.1055162819575
TICKET000170,2024-02-08,PROP010,Landscaping,High,Closed,2024-02-12,4,300.3540219161123
TICKET000171,2024-02-09,PROP022,General Maintenance,High,Closed,2024-02-12,3,1489.7985635300827
TICKET000172,2024-02-09,PROP018,Pest Control,High,Closed,2024-02-13,4,210.85661623335105
TICKET000173,2024-02-09,PROP019,Pest Control,Medium,Closed,2024-02-12,3,1189.9763613944797
TICKET000174,2024-02-09,PROP011,Electrical,Low,Closed,2024-02-18,9,1028.8527292491458
TICKET000175,2024-02-09,PROP009,Appliance,Low,Open,,357,
TICKET000176,2024-02-09,PROP013,General Maintenance,Medium,Closed,2024-02-18,9,511.8644465104626
TICKET000177,2024-02-09,PROP024,Plumbing,Low,Closed,2024-02-22,13,679.7111014192199
TICKET000178,2024-02-09,PROP025,General Maintenance,Medium,In Progress,,357,
TICKET000179,2024-02-09,PROP025,Landscaping,Medium,Closed,2024-02-15,6,449.5945730287499
TICKET000180,2024-02-09,PROP010,HVAC,High,Closed,2024-02-10,1,136.45253289324927
TICKET000181,2024-02-09,PROP017,Appliance,Low,Closed,2024-02-18,9,1129.9668918087534
TICKET000182,2024-02-09,PROP009,Appliance,Low,Closed,2024-02-20,11,544.7110791705159
TICKET000183,2024-02-09,PROP006,Appliance,Medium,Closed,2024-02-18,9,1386.265776226808
TICKET000184,2024-02-09,PROP007,Pest Control,Medium,Closed,2024-02-13,4,811.4804902279799
TICKET000185,2024-02-09,PROP010,Plumbing,Low,Pending Parts,,357,
TICKET000186,2024-02-09,PROP001,Plumbing,Medium,Closed,2024-02-13,4,962.9572914830441
TICKET000187,2024-02-09,PROP006,Electrical,Low,In Progress,,357,
TICKET000188,2024-02-09,PROP017,Structural,Medium,Closed,2024-02-16,7,803.2352944460222
TICKET000189,2024-02-09,PROP018,General Maintenance,Medium,Closed,2024-02-17,8,275.96652796597164
TICKET000190,2024-02-09,PROP013,Plumbing,Low,Closed,2024-02-23,14,1319.2434162024922
TICKET000191,2024-02-09,PROP007,Appliance,Medium,In Progress,,357,
TICKET000192,2024-02-09,PROP025,General Maintenance,Medium,Closed,2024-02-18,9,519.7520526042831
TICKET000193,2024-02-09,PROP009,Appliance,Medium,Closed,2024-02-14,5,1208.523128270739
TICKET000194,2024-02-09,PROP006,HVAC,Emergency,Closed,2024-02-09,0,460.37001446737366
TICKET000195,2024-02-09,PROP006,Plumbing,Medium,Pending Parts,,357,
TICKET000196,2024-02-10,PROP008,Electrical,Low,Closed,2024-02-19,9,207.14332557509636
TICKET000197,2024-02-10,PROP005,Landscaping,Low,Closed,2024-02-15,5,641.1250643147681
TICKET000198,2024-02-10,PROP013,Electrical,Emergency,Closed,2024-02-11,1,982.5785244355749
TICKET000199,2024-02-10,PROP001,Structural,High,Closed,2024-02-13,3,315.6260813825266
TICKET000200,2024-02-10,PROP025,Pest Control,Medium,Closed,2024-02-15,5,1013.0621916134232
TICKET000201,2024-02-10,PROP023,Structural,Low,Closed,2024-02-28,18,455.47557567500394
TICKET000202,2024-02-10,PROP012,HVAC,Low,Pending Parts,,356,
TICKET000203,2024-02-10,PROP015,General Maintenance,Low,In Progress,,356,
TICKET000204,2024-02-10,PROP009,Plumbing,Medium,In Progress,,356,
TICKET000205,2024-02-10,PROP002,Pest Control,Low,Pending Parts,,356,
TICKET000206,2024-02-10,PROP014,HVAC,Medium,Closed,2024-02-17,7,335.36340154632387
TICKET000207,2024-02-10,PROP002,Structural,High,Closed,2024-02-12,2,607.2068242666451
TICKET000208,2024-02-10,PROP007,Appliance,Low,Closed,2024-02-15,5,1070.9204020559132
TICKET000209,2024-02-10,PROP012,Landscaping,Low,Closed,2024-02-19,9,1422.9868492985368
TICKET000210,2024-02-10,PROP019,General Maintenance,Medium,Open,,356,
TICKET000211,2024-02-10,PROP008,Structural,Medium,Closed,2024-02-16,6,980.9772091010399
TICKET000212,2024-02-10,PROP023,Appliance,Medium,In Progress,,356,
TICKET000213,2024-02-10,PROP010,HVAC,Medium,Closed,2024-02-19,9,1329.6150347577625
TICKET000214,2024-02-10,PROP010,Landscaping,Medium,Closed,2024-02-18,8,1049.4484434666497
TICKET000215,2024-02-10,PROP022,General Maintenance,Low,Closed,2024-02-20,10,1232.2456478997663
TICKET000216,2024-02-10,PROP013,Electrical,Low,Closed,2024-02-28,18,429.75461662010724
TICKET000217,2024-02-10,PROP020,Electrical,Medium,Closed,2024-02-14,4,95.20096936070975
TICKET000218,2024-02-10,PROP016,HVAC,Medium,Closed,2024-02-19,9,384.2759268879903
TICKET000219,2024-02-10,PROP005,Structural,Low,Closed,2024-02-23,13,426.4385739107139
TICKET000220,2024-02-10,PROP015,Landscaping,Low,Closed,2024-02-24,14,1000.3403286611505
TICKET000221,2024-02-10,PROP018,Electrical,Low,Closed,2024-02-29,19,181.05570206500346
TICKET000222,2024-02-10,PROP023,Plumbing,Medium,Closed,2024-02-18,8,776.233911194358
TICKET000223,2024-02-10,PROP003,Landscaping,Emergency,Closed,2024-02-10,0,112.87678524392912
TICKET000224,2024-02-10,PROP003,Structural,High,Closed,2024-02-12,2,266.86770646314756
TICKET000225,2024-02-10,PROP011,Pest Control,High,Closed,2024-02-13,3,558.0929699861557
TICKET000226,2024-02-10,PROP010,Landscaping,Low,Closed,2024-02-17,7,149.4598097876663
TICKET000227,2024-02-11,PROP014,Pest Control,High,Closed,2024-02-14,3,1295.3262935205394
TICKET000228,2024-02-11,PROP016,Electrical,Low,Closed,2024-02-20,9,251.4894833561014
TICKET000229,2024-02-11,PROP017,HVAC,Low,Closed,2024-02-18,7,1000.2412674489714
TICKET000230,2024-02-11,PROP001,HVAC,Medium,Closed,2024-02-20,9,423.4750971593608
TICKET000231,2024-02-11,PROP003,Appliance,Low,Closed,2024-02-17,6,933.6194387505984
TICKET000232,2024-02-11,PROP024,Structural,High,Closed,2024-02-14,3,555.9183790860159
TICKET000233,2024-02-11,PROP017,Appliance,Medium,Closed,2024-02-18,7,411.7750090440532
TICKET000234,2024-02-11,PROP010,Pest Control,Low,Closed,2024-02-29,18,535.7783943811403
TICKET000235,2024-02-11,PROP015,HVAC,Low,In Progress,,355,
TICKET000236,2024-02-11,PROP019,Pest Control,Emergency,Closed,2024-02-12,1,924.6999160224768
TICKET000237,2024-02-11,PROP022,Landscaping,Low,Closed,2024-02-20,9,1282.1744552252246
TICKET000238,2024-02-11,PROP024,Electrical,Medium,Closed,2024-02-14,3,346.3794473701121
TICKET000239,2024-02-11,PROP020,Electrical,High,Closed,2024-02-15,4,1151.9031561957654
TICKET000240,2024-02-11,PROP010,Pest Control,Low,Closed,2024-02-29,18,589.9866166770532
TICKET000241,2024-02-11,PROP001,Plumbing,Medium,Closed,2024-02-20,9,1299.328022254506
TICKET000242,2024-02-11,PROP022,Structural,Low,Closed,2024-02-22,11,1242.6139459337808
TICKET000243,2024-02-11,PROP017,Landscaping,Low,Open,,355,
TICKET000244,2024-02-11,PROP007,General Maintenance,Medium,Closed,2024-02-20,9,948.6793238614255
TICKET000245,2024-02-11,PROP004,Structural,Low,Closed,2024-02-29,18,771.4992703749605
TICKET000246,2024-02-11,PROP016,Appliance,Medium,Closed,2024-02-19,8,1178.1922563358887
TICKET000247,2024-02-11,PROP007,Structural,Low,Pending Parts,,355,
TICKET000248,2024-02-11,PROP009,Landscaping,Medium,Closed,2024-02-15,4,1284.3449610080518
TICKET000249,2024-02-11,PROP013,HVAC,Low,Closed,2024-02-25,14,1389.5628221036852
TICKET000250,2024-02-11,PROP006,Appliance,High,Closed,2024-02-14,3,67.23529282870633
TICKET000251,2024-02-11,PROP018,Landscaping,Medium,In Progress,,355,
TICKET000252,2024-02-11,PROP019,Plumbing,Low,Closed,2024-02-23,12,957.3816276850303
TICKET000253,2024-02-11,PROP017,Pest Control,Medium,Closed,2024-02-17,6,1149.8985838340266
TICKET000254,2024-02-12,PROP021,Electrical,Low,Pending Parts,,354,
TICKET000255,2024-02-12,PROP002,General Maintenance,Medium,Open,,354,
TICKET000256,2024-02-12,PROP007,General Maintenance,Emergency,In Progress,,354,
TICKET000257,2024-02-12,PROP025,Electrical,Medium,Closed,2024-02-15,3,825.6918781040549
TICKET000258,2024-02-12,PROP019,Appliance,Low,Closed,2024-02-29,17,1356.355018517457
TICKET000259,2024-02-12,PROP007,HVAC,Low,Closed,2024-02-17,5,1214.1724299402604
TICKET000260,2024-02-12,PROP006,Pest Control,Medium,Closed,2024-02-18,6,1467.2711351695814
TICKET000261,2024-02-12,PROP010,HVAC,High,Closed,2024-02-14,2,553.9694277640808
TICKET000262,2024-02-12,PROP015,Pest Control,Medium,Pending Parts,,354,
TICKET000263,2024-02-12,PROP012,Appliance,Medium,Closed,2024-02-18,6,625.4544733404354
TICKET000264,2024-02-12,PROP004,Plumbing,Medium,Closed,2024-02-16,4,1480.9041297439533
TICKET000265,2024-02-12,PROP008,Electrical,Low,Closed,2024-02-28,16,96.81668062237904
TICKET000266,2024-02-12,PROP001,Pest Control,High,Closed,2024-02-13,1,1476.151485872773
TICKET000267,2024-02-12,PROP005,Pest Control,Medium,Closed,2024-02-17,5,979.6120758810354
TICKET000268,2024-02-12,PROP005,Landscaping,Low,Closed,2024-03-01,18,743.9077467351889
TICKET000269,2024-02-12,PROP012,Structural,Low,Closed,2024-02-20,8,958.7003582267687
TICKET000270,2024-02-12,PROP007,General Maintenance,Emergency,Closed,2024-02-12,0,845.2162232075488
TICKET000271,2024-02-12,PROP006,Pest Control,Low,Pending Parts,,354,
TICKET000272,2024-02-12,PROP022,General Maintenance,Low,Closed,2024-02-23,11,591.0653785817922
TICKET000273,2024-02-12,PROP001,Structural,Medium,Closed,2024-02-19,7,1261.1909761640932
TICKET000274,2024-02-12,PROP021,Appliance,Medium,Closed,2024-02-15,3,749.0113936920244
TICKET000275,2024-02-12,PROP019,Electrical,Low,Closed,2024-02-19,7,1298.8609763848688
TICKET000276,2024-02-12,PROP019,Landscaping,Emergency,Closed,2024-02-13,1,1081.893674945285
TICKET000277,2024-02-12,PROP019,Landscaping,Low,Closed,2024-03-02,19,711.296003437029
TICKET000278,2024-02-12,PROP005,Appliance,Medium,Closed,2024-02-17,5,420.9669605700138
TICKET000279,2024-02-12,PROP004,Appliance,Medium,Closed,2024-02-21,9,1289.56008593575
TICKET000280,2024-02-12,PROP021,Appliance,Medium,Closed,2024-02-16,4,551.7381118387834
TICKET000281,2024-02-12,PROP010,Electrical,Low,Open,,354,
TICKET000282,2024-02-12,PROP002,HVAC,Low,Closed,2024-02-20,8,459.84950663733105
TICKET000283,2024-02-12,PROP013,Landscaping,Low,Closed,2024-02-17,5,74.11942152416336
TICKET000284,2024-02-12,PROP023,Pest Control,High,Closed,2024-02-15,3,610.486262750561
TICKET000285,2024-02-12,PROP017,Electrical,Low,Open,,354,
TICKET000286,2024-02-12,PROP017,Plumbing,Medium,Closed,2024-02-17,5,1273.168223604898
TICKET000287,2024-02-13,PROP012,General Maintenance,Low,Closed,2024-02-28,15,563.5460338543729
TICKET000288,2024-02-13,PROP010,Landscaping,Emergency,Closed,2024-02-13,0,691.1904077069954
TICKET000289,2024-02-13,PROP013,Electrical,High,Closed,2024-02-17,4,645.8228250426375
TICKET000290,2024-02-13,PROP023,General Maintenance,High,Closed,2024-02-15,2,139.89123770173535
TICKET000291,2024-02-13,PROP015,Pest Control,Low,Closed,2024-02-27,14,854.2010432364868
TICKET000292,2024-02-13,PROP022,Plumbing,Medium,Open,,353,
TICKET000293,2024-02-13,PROP023,Landscaping,High,Closed,2024-02-15,2,89.08440170729028
TICKET000294,2024-02-13,PROP016,Plumbing,Low,Closed,2024-03-01,17,366.7637114111536
TICKET000295,2024-02-13,PROP010,Electrical,High,Closed,2024-02-14,1,1320.4093074446725
TICKET000296,2024-02-13,PROP019,Structural,Medium,Closed,2024-02-16,3,1179.8919050503557
TICKET000297,2024-02-13,PROP007,Pest Control,Medium,Closed,2024-02-21,8,494.0736307885614
TICKET000298,2024-02-13,PROP001,Pest Control,Low,Closed,2024-02-21,8,959.5552136540166
TICKET000299,2024-02-13,PROP006,Appliance,Low,Closed,2024-02-25,12,84.21233510164258
TICKET000300,2024-02-13,PROP021,General Maintenance,Medium,Closed,2024-02-16,3,1221.321695061922
TICKET000301,2024-02-13,PROP001,HVAC,Medium,Pending Parts,,353,
TICKET000302,2024-02-13,PROP024,Landscaping,Low,Open,,353,
TICKET000303,2024-02-13,PROP003,General Maintenance,Medium,Closed,2024-02-22,9,944.7285822015992
TICKET000304,2024-02-13,PROP002,Pest Control,High,Closed,2024-02-16,3,425.7648880558402
TICKET000305,2024-02-13,PROP006,Electrical,High,Closed,2024-02-14,1,495.70831885571636
TICKET000306,2024-02-13,PROP011,Electrical,High,In Progress,,353,
TICKET000307,2024-02-14,PROP008,General Maintenance,Medium,Closed,2024-02-22,8,241.07746649352202
TICKET000308,2024-02-14,PROP018,General Maintenance,Medium,Closed,2024-02-20,6,986.3318674083115
TICKET000309,2024-02-14,PROP013,General Maintenance,Low,Pending Parts,,352,
TICKET000310,2024-02-14,PROP006,HVAC,Medium,In Progress,,352,
TICKET000311,2024-02-14,PROP007,HVAC,Medium,Closed,2024-02-18,4,1051.2357287619097
TICKET000312,2024-02-14,PROP019,Plumbing,High,Closed,2024-02-17,3,1393.662161121981
TICKET000313,2024-02-14,PROP011,Appliance,Medium,Closed,2024-02-23,9,1104.1955022585175
TICKET000314,2024-02-14,PROP003,Electrical,High,Closed,2024-02-15,1,989.4262515928389
TICKET000315,2024-02-14,PROP022,HVAC,Low,Closed,2024-03-02,17,887.6963794777466
TICKET000316,2024-02-14,PROP020,Landscaping,High,Closed,2024-02-15,1,1203.7905221258457
TICKET000317,2024-02-14,PROP003,Appliance,Low,Closed,2024-02-26,12,517.2514078973411
TICKET000318,2024-02-14,PROP007,HVAC,Low,Closed,2024-02-24,10,364.85544802463954
TICKET000319,2024-02-14,PROP011,HVAC,Medium,Closed,2024-02-17,3,1104.0344909424841
TICKET000320,2024-02-14,PROP007,Landscaping,High,Closed,2024-02-15,1,909.2502182750995
TICKET000321,2024-02-14,PROP018,Electrical,Low,Closed,2024-03-04,19,947.5780729272042
TICKET000322,2024-02-14,PROP025,Landscaping,Low,Closed,2024-02-24,10,1496.2339250673995
TICKET000323,2024-02-15,PROP010,HVAC,High,Closed,2024-02-19,4,733.6116942771566
TICKET000324,2024-02-15,PROP005,Electrical,Low,Closed,2024-02-24,9,682.7702261732709
TICKET000325,2024-02-15,PROP004,HVAC,Low,Pending Parts,,351,
TICKET000326,2024-02-15,PROP014,Pest Control,Medium,Closed,2024-02-23,8,525.064169455112
TICKET000327,2024-02-15,PROP007,Pest Control,Low,Open,,351,
TICKET000328,2024-02-15,PROP015,Landscaping,Medium,Closed,2024-02-20,5,879.2147690385634
TICKET000329,2024-02-15,PROP011,Structural,Low,Closed,2024-03-05,19,1095.5133292690448
TICKET000330,2024-02-15,PROP002,Appliance,Low,In Progress,,351,
TICKET000331,2024-02-15,PROP012,HVAC,Medium,Closed,2024-02-19,4,397.40204681634833
TICKET000332,2024-02-15,PROP002,Electrical,Medium,Closed,2024-02-22,7,267.6745739293161
TICKET000333,2024-02-15,PROP018,Plumbing,Low,Closed,2024-02-22,7,1058.298874308677
TICKET000334,2024-02-15,PROP019,Electrical,High,Closed,2024-02-16,1,607.4224912062457
TICKET000335,2024-02-15,PROP019,Electrical,Low,Closed,2024-02-27,12,773.1720296778902
TICKET000336,2024-02-15,PROP010,Appliance,Medium,Closed,2024-02-20,5,885.1115248724234
TICKET000337,2024-02-15,PROP006,Plumbing,Medium,Pending Parts,,351,
TICKET000338,2024-02-15,PROP025,Electrical,Low,Closed,2024-02-26,11,870.7785263247771
TICKET000339,2024-02-15,PROP022,Electrical,High,Closed,2024-02-16,1,104.37305767740067
TICKET000340,2024-02-15,PROP018,Pest Control,Medium,In Progress,,351,
TICKET000341,2024-02-15,PROP008,HVAC,Medium,Closed,2024-02-20,5,1398.2095993719834
TICKET000342,2024-02-15,PROP025,Structural,Low,Closed,2024-03-05,19,634.3968850866958
TICKET000343,2024-02-15,PROP019,Appliance,Low,Closed,2024-03-01,15,1315.008934776038
TICKET000344,2024-02-15,PROP023,Landscaping,High,Closed,2024-02-16,1,864.2171559289419
TICKET000345,2024-02-16,PROP023,HVAC,High,Closed,2024-02-18,2,810.4678713064231
TICKET000346,2024-02-16,PROP018,Landscaping,High,Closed,2024-02-17,1,1225.6743498995836
TICKET000347,2024-02-16,PROP020,Landscaping,Low,Closed,2024-02-21,5,739.7650308204641
TICKET000348,2024-02-16,PROP012,Structural,Low,Closed,2024-02-21,5,310.2005611768763
TICKET000349,2024-02-16,PROP009,General Maintenance,High,Closed,2024-02-18,2,456.7931837671925
TICKET000350,2024-02-16,PROP021,General Maintenance,High,Closed,2024-02-20,4,540.7074258192947
TICKET000351,2024-02-16,PROP009,Plumbing,Low,Closed,2024-02-29,13,865.6415533519109
TICKET000352,2024-02-16,PROP009,Plumbing,Medium,Closed,2024-02-23,7,1100.7005060551596
TICKET000353,2024-02-16,PROP006,HVAC,Medium,Closed,2024-02-25,9,414.40663104019495
TICKET000354,2024-02-16,PROP010,Appliance,Low,In Progress,,350,
TICKET000355,2024-02-16,PROP012,Electrical,Medium,Closed,2024-02-21,5,1391.0973476109236
TICKET000356,2024-02-16,PROP018,Structural,Low,Closed,2024-03-05,18,498.6315956206513
TICKET000357,2024-02-16,PROP007,Appliance,Medium,Closed,2024-02-19,3,424.5995730971585
TICKET000358,2024-02-16,PROP007,HVAC,High,Closed,2024-02-17,1,1056.6616849462112
TICKET000359,2024-02-16,PROP009,Plumbing,Medium,Closed,2024-02-23,7,586.6132697331096
TICKET000360,2024-02-16,PROP018,Plumbing,Low,In Progress,,350,
TICKET000361,2024-02-16,PROP017,Appliance,Low,Closed,2024-03-01,14,1401.5983850959162
TICKET000362,2024-02-16,PROP021,Structural,High,Closed,2024-02-17,1,334.27880960931833
TICKET000363,2024-02-16,PROP004,HVAC,High,Closed,2024-02-20,4,868.1357661434788
TICKET000364,2024-02-17,PROP014,Plumbing,Low,Closed,2024-03-05,17,577.558296368208
TICKET000365,2024-02-17,PROP024,Electrical,Low,Closed,2024-02-25,8,1068.8471326124995
TICKET000366,2024-02-17,PROP006,Structural,Low,Closed,2024-03-07,19,1330.615346180455
TICKET000367,2024-02-17,PROP007,HVAC,Low,Closed,2024-02-27,10,700.1076552092487
TICKET000368,2024-02-17,PROP012,Electrical,Low,Closed,2024-02-23,6,949.8029311622515
TICKET000369,2024-02-17,PROP021,HVAC,Medium,Closed,2024-02-24,7,603.6174433966586
TICKET000370,2024-02-17,PROP011,Plumbing,Low,Closed,2024-02-26,9,869.1030946140681
TICKET000371,2024-02-17,PROP013,Plumbing,Low,Pending Parts,,349,
TICKET000372,2024-02-17,PROP009,Plumbing,Low,Closed,2024-03-07,19,359.26603102594987
TICKET000373,2024-02-17,PROP017,HVAC,Low,Closed,2024-03-03,15,1413.4177452760325
TICKET000374,2024-02-17,PROP024,Landscaping,Low,Closed,2024-02-26,9,834.9286124412881
TICKET000375,2024-02-17,PROP013,General Maintenance,High,Closed,2024-02-20,3,1105.114256459293
TICKET000376,2024-02-17,PROP007,Plumbing,Low,Open,,349,
TICKET000377,2024-02-17,PROP015,Pest Control,High,Closed,2024-02-20,3,1200.6140799280013
TICKET000378,2024-02-17,PROP002,Electrical,Medium,Closed,2024-02-22,5,387.51629154596844
TICKET000379,2024-02-17,PROP021,General Maintenance,Low,Closed,2024-02-28,11,599.9108914295695
TICKET000380,2024-02-17,PROP023,Structural,Emergency,Pending Parts,,349,
TICKET000381,2024-02-18,PROP013,Pest Control,Low,Closed,2024-03-01,12,1133.0945896489682
TICKET000382,2024-02-18,PROP008,Structural,Low,Open,,348,
TICKET000383,2024-02-18,PROP011,General Maintenance,High,In Progress,,348,
TICKET000384,2024-02-18,PROP006,HVAC,Medium,Closed,2024-02-21,3,1421.7632842066168
TICKET000385,2024-02-18,PROP007,Pest Control,Medium,Closed,2024-02-26,8,412.81459039358856
TICKET000386,2024-02-18,PROP001,Structural,Low,Closed,2024-03-08,19,267.39949983301545
TICKET000387,2024-02-18,PROP004,Electrical,Medium,Open,,348,
TICKET000388,2024-02-18,PROP014,Pest Control,Low,Pending Parts,,348,
TICKET000389,2024-02-18,PROP018,Electrical,Low,Closed,2024-02-29,11,584.6068970306451
TICKET000390,2024-02-18,PROP002,Plumbing,High,Closed,2024-02-19,1,456.2981299123005
TICKET000391,2024-02-18,PROP004,Electrical,High,Closed,2024-02-20,2,586.5396778921493
TICKET000392,2024-02-18,PROP018,Plumbing,Low,Closed,2024-02-23,5,1438.4354728142528
TICKET000393,2024-02-18,PROP009,Electrical,Medium,Closed,2024-02-26,8,604.1116519887141
TICKET000394,2024-02-18,PROP022,Pest Control,Low,Closed,2024-02-27,9,603.1677645680807
TICKET000395,2024-02-18,PROP006,Pest Control,Low,Closed,2024-02-24,6,1019.2373909542796
TICKET000396,2024-02-18,PROP009,Plumbing,Low,Closed,2024-03-01,12,170.9652962061727
TICKET000397,2024-02-18,PROP020,Plumbing,Medium,Closed,2024-02-27,9,89.48119788843013
TICKET000398,2024-02-18,PROP004,Structural,Medium,Closed,2024-02-22,4,602.3609736332804
TICKET000399,2024-02-18,PROP002,Pest Control,Medium,In Progress,,348,
TICKET000400,2024-02-18,PROP017,HVAC,Medium,Closed,2024-02-26,8,89.77171471134679
TICKET000401,2024-02-18,PROP017,Pest Control,Low,Closed,2024-02-25,7,840.2518083874382
TICKET000402,2024-02-18,PROP008,Landscaping,High,Closed,2024-02-21,3,1141.9710165261483
TICKET000403,2024-02-18,PROP001,Landscaping,High,Closed,2024-02-20,2,531.5538885663315
TICKET000404,2024-02-18,PROP015,Structural,Medium,Closed,2024-02-22,4,1372.693317636152
TICKET000405,2024-02-18,PROP020,Pest Control,Low,Closed,2024-02-25,7,835.4666044229965
TICKET000406,2024-02-18,PROP022,General Maintenance,Medium,Closed,2024-02-24,6,677.8192107833706
TICKET000407,2024-02-18,PROP021,Plumbing,Low,Closed,2024-02-28,10,975.601409068462
TICKET000408,2024-02-18,PROP025,Landscaping,High,Closed,2024-02-19,1,328.9110854619165
TICKET000409,2024-02-18,PROP001,Plumbing,Medium,Closed,2024-02-27,9,522.0673182778891
TICKET000410,2024-02-18,PROP024,Structural,High,Closed,2024-02-19,1,1065.703264572229
TICKET000411,2024-02-18,PROP024,Appliance,Low,Pending Parts,,348,
TICKET000412,2024-02-18,PROP020,Landscaping,Emergency,Closed,2024-02-19,1,590.0244866055452
TICKET000413,2024-02-18,PROP005,Electrical,Medium,Closed,2024-02-22,4,194.79384548443716
TICKET000414,2024-02-19,PROP020,HVAC,Medium,Closed,2024-02-23,4,1357.0564427500517
TICKET000415,2024-02-19,PROP023,Structural,Low,Closed,2024-03-05,15,1143.834385326736
TICKET000416,2024-02-19,PROP015,Electrical,Medium,Closed,2024-02-25,6,659.0503246617591
TICKET000417,2024-02-19,PROP022,Appliance,High,Closed,2024-02-23,4,1448.3117001282403
TICKET000418,2024-02-19,PROP021,General Maintenance,Medium,Closed,2024-02-23,4,256.9155217525587
TICKET000419,2024-02-19,PROP022,Appliance,Low,Closed,2024-03-09,19,456.54490679282895
TICKET000420,2024-02-19,PROP009,General Maintenance,High,Closed,2024-02-23,4,127.1795630695199
TICKET000421,2024-02-19,PROP020,Landscaping,High,Closed,2024-02-21,2,1258.2468421090218
TICKET000422,2024-02-19,PROP022,Electrical,Low,Closed,2024-03-05,15,1196.5877407948205
TICKET000423,2024-02-19,PROP021,General Maintenance,Low,Closed,2024-03-09,19,136.27768802599223
TICKET000424,2024-02-19,PROP007,Plumbing,High,In Progress,,347,
TICKET000425,2024-02-19,PROP014,Plumbing,Low,Closed,2024-02-24,5,1184.131302869647
TICKET000426,2024-02-19,PROP008,Appliance,Medium,Closed,2024-02-26,7,313.12746737334885
TICKET000427,2024-02-19,PROP018,General Maintenance,Medium,Closed,2024-02-24,5,1111.1387460836
TICKET000428,2024-02-19,PROP006,HVAC,Low,Closed,2024-02-26,7,1071.9634000192482
TICKET000429,2024-02-19,PROP015,Appliance,Medium,Closed,2024-02-26,7,889.9269139201973
TICKET000430,2024-02-19,PROP001,Appliance,Medium,Closed,2024-02-27,8,738.8046777170605
TICKET000431,2024-02-19,PROP025,Plumbing,High,Closed,2024-02-23,4,1006.4516604739393
TICKET000432,2024-02-19,PROP022,Electrical,Low,Closed,2024-02-26,7,1452.3186748898593
TICKET000433,2024-02-19,PROP021,Plumbing,Low,Closed,2024-03-06,16,657.9504620460998
TICKET000434,2024-02-19,PROP010,Landscaping,Medium,Closed,2024-02-25,6,1392.7573606696233
TICKET000435,2024-02-19,PROP020,General Maintenance,High,Closed,2024-02-20,1,724.7074380033963
TICKET000436,2024-02-19,PROP023,Appliance,High,Closed,2024-02-22,3,796.5758839597783
TICKET000437,2024-02-19,PROP018,General Maintenance,Low,Closed,2024-03-01,11,129.7901852599327
TICKET000438,2024-02-19,PROP012,Electrical,Medium,Closed,2024-02-27,8,580.3538261194695
TICKET000439,2024-02-19,PROP005,Electrical,High,Closed,2024-02-21,2,511.9764254524145
TICKET000440,2024-02-19,PROP015,HVAC,Medium,Pending Parts,,347,
TICKET000441,2024-02-19,PROP008,HVAC,Medium,Closed,2024-02-28,9,576.2214497039084
TICKET000442,2024-02-19,PROP025,HVAC,High,Closed,2024-02-20,1,1380.5511314371554
TICKET000443,2024-02-20,PROP022,Electrical,Medium,Closed,2024-02-29,9,706.9001241158112
TICKET000444,2024-02-20,PROP013,Appliance,Medium,Closed,2024-02-28,8,725.6620482035172
TICKET000445,2024-02-20,PROP014,Electrical,Medium,Closed,2024-02-25,5,1458.5863760530583
TICKET000446,2024-02-20,PROP003,Pest Control,Medium,Closed,2024-02-28,8,1457.289960384958
TICKET000447,2024-02-20,PROP003,Electrical,Low,Closed,2024-03-07,16,1180.4506471063146
TICKET000448,2024-02-20,PROP017,Structural,Medium,Closed,2024-02-23,3,286.06041389343966
TICKET000449,2024-02-20,PROP002,Electrical,Emergency,Closed,2024-02-21,1,1024.485102508959
TICKET000450,2024-02-20,PROP021,HVAC,Low,Closed,2024-03-09,18,1457.6146500069829
TICKET000451,2024-02-20,PROP025,General Maintenance,Low,Pending Parts,,346,
TICKET000452,2024-02-20,PROP021,Electrical,Low,Closed,2024-03-02,11,1430.967527645388
TICKET000453,2024-02-20,PROP024,HVAC,Low,Open,,346,
TICKET000454,2024-02-20,PROP019,Structural,High,Closed,2024-02-22,2,998.4944087113397
TICKET000455,2024-02-20,PROP023,HVAC,Low,Closed,2024-02-27,7,1092.5740589875027
TICKET000456,2024-02-20,PROP021,General Maintenance,Low,Closed,2024-03-07,16,1240.690708975188
TICKET000457,2024-02-20,PROP018,Appliance,Low,Closed,2024-03-05,14,993.6676016639092
TICKET000458,2024-02-20,PROP024,Appliance,Low,Closed,2024-03-01,10,471.20581839871664
TICKET000459,2024-02-20,PROP021,Electrical,Medium,Closed,2024-02-24,4,1182.9033112214763
TICKET000460,2024-02-20,PROP012,Electrical,High,Open,,346,
TICKET000461,2024-02-20,PROP022,Structural,Emergency,Closed,2024-02-20,0,950.0498174350923
TICKET000462,2024-02-20,PROP007,Electrical,Medium,Closed,2024-02-28,8,477.43710330895783
TICKET000463,2024-02-20,PROP010,Appliance,Medium,Closed,2024-02-28,8,655.6941769776816
TICKET000464,2024-02-20,PROP025,Landscaping,Medium,Pending Parts,,346,
TICKET000465,2024-02-20,PROP004,General Maintenance,Low,Closed,2024-02-26,6,223.01270063935573
TICKET000466,2024-02-21,PROP006,Plumbing,High,Closed,2024-02-22,1,1392.3233793304887
TICKET000467,2024-02-21,PROP006,HVAC,High,Closed,2024-02-24,3,1446.1813350710054
TICKET000468,2024-02-21,PROP022,Landscaping,Emergency,Closed,2024-02-22,1,1384.813018045507
TICKET000469,2024-02-21,PROP011,General Maintenance,Low,Pending Parts,,345,
TICKET000470,2024-02-21,PROP001,Landscaping,Low,Closed,2024-03-08,16,482.77140328094134
TICKET000471,2024-02-21,PROP014,Electrical,Medium,Closed,2024-02-29,8,1016.0113732123046
TICKET000472,2024-02-21,PROP021,Pest Control,Medium,Closed,2024-02-28,7,1159.7037381933517
TICKET000473,2024-02-21,PROP025,Pest Control,Medium,Closed,2024-03-01,9,146.85429143025465
TICKET000474,2024-02-21,PROP007,Structural,High,Closed,2024-02-23,2,1240.4799733438306
TICKET000475,2024-02-21,PROP013,General Maintenance,Low,Closed,2024-03-09,17,264.11658615515705
TICKET000476,2024-02-21,PROP006,Electrical,High,Closed,2024-02-23,2,992.5488421437204
TICKET000477,2024-02-21,PROP025,Landscaping,Medium,Closed,2024-02-28,7,1338.9271491794254
TICKET000478,2024-02-21,PROP020,Appliance,Low,Closed,2024-02-26,5,824.4305880494586
TICKET000479,2024-02-21,PROP009,Structural,Low,Closed,2024-02-27,6,1430.1220146065507
TICKET000480,2024-02-21,PROP001,HVAC,Medium,Closed,2024-03-01,9,1178.449107258346
TICKET000481,2024-02-21,PROP004,General Maintenance,Low,Closed,2024-03-09,17,698.1900461570483
TICKET000482,2024-02-21,PROP001,Electrical,Medium,Closed,2024-03-01,9,539.868897658529
TICKET000483,2024-02-21,PROP019,HVAC,Low,Closed,2024-03-08,16,733.1675574481848
TICKET000484,2024-02-21,PROP005,Landscaping,High,Closed,2024-02-24,3,1189.102721876734
TICKET000485,2024-02-22,PROP014,Plumbing,Low,Closed,2024-03-02,9,1239.4358631598068
TICKET000486,2024-02-22,PROP023,Plumbing,Low,Pending Parts,,344,
TICKET000487,2024-02-22,PROP009,HVAC,Low,Closed,2024-03-04,11,1074.2620701097196
TICKET000488,2024-02-22,PROP002,HVAC,High,Closed,2024-02-25,3,537.5162405789747
TICKET000489,2024-02-22,PROP022,General Maintenance,Emergency,Closed,2024-02-23,1,737.6501920669422
TICKET000490,2024-02-22,PROP001,Structural,High,Closed,2024-02-26,4,1010.2730054887311
TICKET000491,2024-02-22,PROP007,Electrical,Low,Closed,2024-02-29,7,161.76893822297788
TICKET000492,2024-02-22,PROP005,Landscaping,Low,Pending Parts,,344,
TICKET000493,2024-02-22,PROP016,General Maintenance,Medium,Closed,2024-02-28,6,1160.6898648860988
TICKET000494,2024-02-22,PROP006,Appliance,High,Closed,2024-02-25,3,1457.084060990215
TICKET000495,2024-02-22,PROP004,Appliance,Medium,Closed,2024-02-26,4,306.52396127899596
TICKET000496,2024-02-22,PROP020,HVAC,Medium,Closed,2024-02-27,5,1155.3573179226914
TICKET000497,2024-02-22,PROP003,Structural,Low,Pending Parts,,344,
TICKET000498,2024-02-22,PROP005,Appliance,Medium,Closed,2024-02-29,7,1323.9561153449674
TICKET000499,2024-02-22,PROP009,Landscaping,Low,Closed,2024-03-11,18,1456.3200048815163
TICKET000500,2024-02-22,PROP021,Structural,Medium,Closed,2024-03-01,8,162.2722682254422
TICKET000501,2024-02-22,PROP005,HVAC,Medium,Closed,2024-02-26,4,514.3166823425432
TICKET000502,2024-02-22,PROP025,Structural,Medium,Closed,2024-02-27,5,564.7715788611972
TICKET000503,2024-02-22,PROP019,Structural,Medium,Closed,2024-02-27,5,786.9229174479881
TICKET000504,2024-02-22,PROP003,Structural,Low,Closed,2024-03-04,11,271.9045060923853
TICKET000505,2024-02-22,PROP004,Structural,High,Closed,2024-02-23,1,930.5243977723001
TICKET000506,2024-02-22,PROP021,General Maintenance,High,Closed,2024-02-26,4,468.6233842443107
TICKET000507,2024-02-22,PROP009,Landscaping,Medium,Closed,2024-03-01,8,1363.9693679979227
TICKET000508,2024-02-23,PROP001,Plumbing,High,Closed,2024-02-25,2,1499.287753712473
TICKET000509,2024-02-23,PROP019,Appliance,Medium,Closed,2024-03-01,7,548.9572776183048
TICKET000510,2024-02-23,PROP008,Plumbing,Low,Closed,2024-03-07,13,363.25832548669064
TICKET000511,2024-02-23,PROP011,Structural,Low,In Progress,,343,
TICKET000512,2024-02-23,PROP024,Pest Control,Medium,Open,,343,
TICKET000513,2024-02-23,PROP022,Landscaping,Low,In Progress,,343,
TICKET000514,2024-02-23,PROP007,Appliance,Low,Closed,2024-03-11,17,1135.3799008926476
TICKET000515,2024-02-23,PROP019,Structural,Low,Closed,2024-03-03,9,639.3984654567678
TICKET000516,2024-02-23,PROP019,Structural,Medium,Closed,2024-03-02,8,250.32172605309947
TICKET000517,2024-02-23,PROP003,Structural,Medium,Closed,2024-03-03,9,1129.7190205393913
TICKET000518,2024-02-23,PROP025,Landscaping,Low,Closed,2024-02-28,5,609.5978285503282
TICKET000519,2024-02-23,PROP020,HVAC,Medium,Closed,2024-02-29,6,1452.6945213683869
TICKET000520,2024-02-23,PROP003,Electrical,High,Closed,2024-02-24,1,399.0939014858203
TICKET000521,2024-02-23,PROP022,Structural,High,Closed,2024-02-24,1,1091.7034975781357
TICKET000522,2024-02-23,PROP011,Appliance,Medium,Closed,2024-03-03,9,224.85001337144067
TICKET000523,2024-02-23,PROP014,Electrical,Medium,Closed,2024-02-29,6,723.0018434426388
TICKET000524,2024-02-23,PROP025,Plumbing,Low,In Progress,,343,
TICKET000525,2024-02-23,PROP021,General Maintenance,High,Closed,2024-02-27,4,1144.569542826831
TICKET000526,2024-02-23,PROP008,Electrical,Medium,Closed,2024-03-03,9,510.3646939293823
TICKET000527,2024-02-23,PROP012,Structural,High,In Progress,,343,
TICKET000528,2024-02-23,PROP016,Appliance,High,Closed,2024-02-24,1,330.79991440651344
TICKET000529,2024-02-23,PROP006,Pest Control,Low,Pending Parts,,343,
TICKET000530,2024-02-23,PROP018,General Maintenance,Medium,Closed,2024-03-01,7,1248.2925255499144
TICKET000531,2024-02-23,PROP013,Structural,Medium,Open,,343,
TICKET000532,2024-02-23,PROP021,Plumbing,Medium,Closed,2024-03-02,8,855.7522319940263
TICKET000533,2024-02-23,PROP010,Plumbing,Low,Closed,2024-03-12,18,1016.8917143366793
TICKET000534,2024-02-23,PROP007,HVAC,Low,Closed,2024-03-07,13,577.8259780931877
TICKET000535,2024-02-23,PROP017,Appliance,Low,Closed,2024-03-07,13,551.8829212209228
TICKET000536,2024-02-23,PROP013,Pest Control,Low,Closed,2024-03-08,14,223.80443828180597
TICKET000537,2024-02-23,PROP025,Landscaping,High,Closed,2024-02-26,3,1200.709445562577
TICKET000538,2024-02-23,PROP008,Structural,Medium,Closed,2024-02-27,4,1456.4485793644008
TICKET000539,2024-02-23,PROP013,Pest Control,Low,Open,,343,
TICKET000540,2024-02-23,PROP013,Plumbing,Medium,Closed,2024-02-26,3,167.68114579574063
TICKET000541,2024-02-23,PROP014,Structural,High,Closed,2024-02-24,1,674.530711633553
TICKET000542,2024-02-24,PROP025,Electrical,High,Open,,342,
TICKET000543,2024-02-24,PROP006,Electrical,Low,Closed,2024-03-06,11,1423.3228229582667
TICKET000544,2024-02-24,PROP015,General Maintenance,Low,Closed,2024-03-05,10,639.804474916158
TICKET000545,2024-02-24,PROP008,HVAC,Low,Closed,2024-03-12,17,139.07268622825114
TICKET000546,2024-02-24,PROP014,Electrical,Medium,Closed,2024-02-29,5,1383.8274826667403
TICKET000547,2024-02-24,PROP021,Electrical,Low,Closed,2024-03-11,16,352.2572061627537
TICKET000548,2024-02-24,PROP014,Pest Control,Medium,Closed,2024-02-29,5,1263.1240447116381
TICKET000549,2024-02-24,PROP009,Pest Control,Medium,Closed,2024-02-27,3,1489.2249112116813
TICKET000550,2024-02-24,PROP018,Appliance,Medium,Closed,2024-02-27,3,113.10702850379897
TICKET000551,2024-02-24,PROP018,HVAC,Low,In Progress,,342,
TICKET000552,2024-02-24,PROP012,Plumbing,Emergency,Closed,2024-02-25,1,244.28679159803167
TICKET000553,2024-02-24,PROP023,Pest Control,Low,Open,,342,
TICKET000554,2024-02-24,PROP024,General Maintenance,Medium,Closed,2024-03-02,7,767.5117725021123
TICKET000555,2024-02-24,PROP007,Pest Control,Low,Closed,2024-03-06,11,1499.1453523921236
TICKET000556,2024-02-24,PROP007,Structural,Low,Closed,2024-02-29,5,1023.8289770971338
TICKET000557,2024-02-24,PROP006,Pest Control,High,Open,,342,
TICKET000558,2024-02-24,PROP007,Electrical,Medium,Closed,2024-02-27,3,638.2740199299813
TICKET000559,2024-02-24,PROP016,General Maintenance,Low,Closed,2024-03-08,13,405.2332851945136
TICKET000560,2024-02-24,PROP019,HVAC,Low,Closed,2024-03-12,17,87.49755613096579
TICKET000561,2024-02-24,PROP017,Landscaping,Low,Closed,2024-03-12,17,720.8135734790761
TICKET000562,2024-02-24,PROP003,Pest Control,Medium,Closed,2024-02-28,4,1385.2500333220698
TICKET000563,2024-02-24,PROP003,General Maintenance,Low,Open,,342,
TICKET000564,2024-02-24,PROP016,Plumbing,High,Closed,2024-02-26,2,916.6410786739464
TICKET000565,2024-02-24,PROP019,Plumbing,High,Closed,2024-02-26,2,494.1274473828883
TICKET000566,2024-02-24,PROP007,Pest Control,Medium,Closed,2024-02-29,5,1073.361815496077
TICKET000567,2024-02-24,PROP011,Plumbing,Medium,Closed,2024-03-04,9,516.5675079740198
TICKET000568,2024-02-24,PROP022,Electrical,High,Pending Parts,,342,
TICKET000569,2024-02-24,PROP012,Appliance,Low,In Progress,,342,
TICKET000570,2024-02-24,PROP016,Plumbing,High,Closed,2024-02-28,4,84.1334122054053
TICKET000571,2024-02-24,PROP018,Structural,Low,Closed,2024-03-10,15,754.2853675810397
TICKET000572,2024-02-24,PROP013,Appliance,Low,Closed,2024-03-05,10,1063.3458842683467
TICKET000573,2024-02-25,PROP020,Structural,Emergency,Closed,2024-02-25,0,1467.0145230969538
TICKET000574,2024-02-25,PROP022,Landscaping,Low,Open,,341,
TICKET000575,2024-02-25,PROP007,Electrical,Low,Open,,341,
TICKET000576,2024-02-25,PROP016,Pest Control,High,Closed,2024-02-26,1,499.80460283047205
TICKET000577,2024-02-25,PROP005,General Maintenance,Low,Closed,2024-03-08,12,323.3014739930457
TICKET000578,2024-02-25,PROP003,HVAC,Low,Closed,2024-03-15,19,665.284681516128
TICKET000579,2024-02-25,PROP016,Appliance,Low,Closed,2024-03-08,12,1135.5182567045645
TICKET000580,2024-02-25,PROP025,Plumbing,Medium,Closed,2024-03-01,5,261.8507993847155
TICKET000581,2024-02-25,PROP008,Pest Control,Low,Closed,2024-03-09,13,604.6509665636186
TICKET000582,2024-02-25,PROP009,Pest Control,Medium,Closed,2024-03-03,7,459.8451368335145
TICKET000583,2024-02-25,PROP022,Appliance,Medium,Closed,2024-03-04,8,1351.6424511679315
TICKET000584,2024-02-25,PROP017,Plumbing,Medium,Closed,2024-03-01,5,598.004454200327
TICKET000585,2024-02-25,PROP008,Pest Control,High,Closed,2024-02-26,1,1284.8326156819337
TICKET000586,2024-02-25,PROP012,Structural,Medium,Closed,2024-03-03,7,689.5102072719638
TICKET000587,2024-02-25,PROP004,HVAC,Low,Closed,2024-03-01,5,319.43531308325237
TICKET000588,2024-02-25,PROP022,General Maintenance,Medium,Closed,2024-02-29,4,1417.2774923440118
TICKET000589,2024-02-25,PROP020,Appliance,Low,Closed,2024-03-05,9,870.9530855454431
TICKET000590,2024-02-26,PROP012,HVAC,Low,Closed,2024-03-10,13,419.9187287276492
TICKET000591,2024-02-26,PROP004,General Maintenance,Low,Closed,2024-03-09,12,1134.2253948315922
TICKET000592,2024-02-26,PROP003,Plumbing,Low,Closed,2024-03-02,5,1182.2286499871693
TICKET000593,2024-02-26,PROP022,HVAC,Medium,Closed,2024-03-03,6,1265.6969978281961
TICKET000594,2024-02-26,PROP008,Plumbing,Medium,Closed,2024-03-02,5,179.69996021602637
TICKET000595,2024-02-26,PROP013,Pest Control,Medium,Closed,2024-03-03,6,481.02489301034734
TICKET000596,2024-02-26,PROP004,HVAC,Medium,Closed,2024-02-29,3,75.56377862133645
TICKET000597,2024-02-26,PROP025,Electrical,Low,Closed,2024-03-10,13,1312.1647041063966
TICKET000598,2024-02-26,PROP024,Structural,Medium,In Progress,,340,
TICKET000599,2024-02-26,PROP007,Pest Control,Low,Closed,2024-03-03,6,63.36841160580889
TICKET000600,2024-02-26,PROP024,Structural,Low,Closed,2024-03-16,19,1053.5720418745134
TICKET000601,2024-02-26,PROP002,Plumbing,Low,Closed,2024-03-02,5,793.4362049715305
TICKET000602,2024-02-26,PROP019,Landscaping,Low,Closed,2024-03-09,12,1197.7465893250483
TICKET000603,2024-02-26,PROP013,Appliance,High,Closed,2024-02-29,3,212.08723370216595
TICKET000604,2024-02-26,PROP011,Landscaping,Medium,Closed,2024-03-04,7,1468.3975455098794
TICKET000605,2024-02-26,PROP008,Landscaping,Low,Closed,2024-03-09,12,1463.8377621822735
TICKET000606,2024-02-27,PROP020,Pest Control,Low,Closed,2024-03-10,12,109.4438546651493
TICKET000607,2024-02-27,PROP022,General Maintenance,Low,Closed,2024-03-07,9,1209.7944215416921
TICKET000608,2024-02-27,PROP021,Landscaping,Medium,Closed,2024-03-04,6,1038.1851832680336
TICKET000609,2024-02-27,PROP012,HVAC,Medium,Closed,2024-03-06,8,602.8494101348982
TICKET000610,2024-02-27,PROP023,Electrical,Low,Pending Parts,,339,
TICKET000611,2024-02-27,PROP016,Landscaping,Low,Closed,2024-03-09,11,617.3825871754497
TICKET000612,2024-02-27,PROP017,Plumbing,Medium,Closed,2024-03-01,3,597.5938787168312
TICKET000613,2024-02-27,PROP013,Landscaping,Low,Closed,2024-03-09,11,869.6848015015512
TICKET000614,2024-02-27,PROP018,Electrical,Medium,Closed,2024-03-03,5,639.8834204450742
TICKET000615,2024-02-27,PROP005,Structural,High,Closed,2024-03-02,4,1471.23022476781
TICKET000616,2024-02-27,PROP018,Appliance,High,Closed,2024-02-29,2,546.3099333661673
TICKET000617,2024-02-27,PROP005,Pest Control,Low,Closed,2024-03-03,5,649.1902428163401
TICKET000618,2024-02-27,PROP022,General Maintenance,Low,Closed,2024-03-15,17,919.7594707542753
TICKET000619,2024-02-27,PROP025,Landscaping,Low,Closed,2024-03-12,14,93.5152072725047
TICKET000620,2024-02-27,PROP006,Structural,Low,Closed,2024-03-08,10,1089.6895795162172
TICKET000621,2024-02-27,PROP025,Plumbing,Low,Closed,2024-03-16,18,96.56269623330671
TICKET000622,2024-02-27,PROP015,Electrical,Medium,Closed,2024-03-04,6,1051.466265154072
TICKET000623,2024-02-27,PROP023,Landscaping,Low,Closed,2024-03-16,18,56.64757045064912
TICKET000624,2024-02-27,PROP010,Appliance,Low,Closed,2024-03-11,13,659.1493955383323
TICKET000625,2024-02-27,PROP021,General Maintenance,High,Closed,2024-03-02,4,703.4381948308311
TICKET000626,2024-02-27,PROP017,Appliance,Medium,Closed,2024-03-01,3,822.0962999478531
TICKET000627,2024-02-27,PROP006,Plumbing,Low,Open,,339,
TICKET000628,2024-02-27,PROP011,Appliance,Medium,Closed,2024-03-05,7,1380.4950368432696
TICKET000629,2024-02-27,PROP015,Plumbing,High,Pending Parts,,339,
TICKET000630,2024-02-28,PROP016,Appliance,Medium,Closed,2024-03-08,9,1270.313078860554
TICKET000631,2024-02-28,PROP011,Pest Control,Emergency,Closed,2024-02-29,1,499.7321806407242
TICKET000632,2024-02-28,PROP003,Electrical,Medium,Closed,2024-03-07,8,189.20145637184598
TICKET000633,2024-02-28,PROP016,Appliance,High,Closed,2024-03-03,4,1264.6929025462964
TICKET000634,2024-02-28,PROP013,Structural,Medium,Closed,2024-03-05,6,498.8481858492264
TICKET000635,2024-02-28,PROP015,Structural,Medium,Closed,2024-03-03,4,987.443803172429
TICKET000636,2024-02-28,PROP007,Appliance,Medium,Closed,2024-03-04,5,511.9005993794991
TICKET000637,2024-02-28,PROP015,General Maintenance,Medium,Closed,2024-03-05,6,256.43975348827416
TICKET000638,2024-02-28,PROP020,General Maintenance,Low,Closed,2024-03-18,19,515.895076573206
TICKET000639,2024-02-28,PROP016,Pest Control,Medium,Closed,2024-03-08,9,1004.1899848042341
TICKET000640,2024-02-28,PROP004,Landscaping,Low,Closed,2024-03-04,5,219.78641765299722
TICKET000641,2024-02-28,PROP023,Pest Control,Low,Closed,2024-03-14,15,1123.0108935205287
TICKET000642,2024-02-28,PROP022,HVAC,Medium,Closed,2024-03-08,9,134.24014828577538
TICKET000643,2024-02-28,PROP017,Appliance,Low,Closed,2024-03-12,13,1481.8146004747466
TICKET000644,2024-02-28,PROP015,Landscaping,Medium,Closed,2024-03-03,4,241.56768434956453
TICKET000645,2024-02-28,PROP005,Structural,Low,Closed,2024-03-15,16,352.0516425811532
TICKET000646,2024-02-28,PROP023,HVAC,Low,Closed,2024-03-13,14,1043.9043688498834
TICKET000647,2024-02-28,PROP015,General Maintenance,Low,Closed,2024-03-16,17,650.8899407222716
TICKET000648,2024-02-28,PROP025,HVAC,Low,Closed,2024-03-06,7,551.185627194719
TICKET000649,2024-02-28,PROP021,Structural,High,Closed,2024-02-29,1,1073.9426471898105
TICKET000650,2024-02-28,PROP002,Landscaping,Low,Closed,2024-03-14,15,209.5650224930651
TICKET000651,2024-02-29,PROP012,Structural,Medium,Closed,2024-03-06,6,478.8234003133067
TICKET000652,2024-02-29,PROP016,Plumbing,Low,Closed,2024-03-13,13,1010.8756610021669
TICKET000653,2024-02-29,PROP013,Electrical,Low,Closed,2024-03-06,6,754.070705561132
TICKET000654,2024-02-29,PROP003,Landscaping,Low,Closed,2024-03-11,11,1498.9380708899537
TICKET000655,2024-02-29,PROP018,Plumbing,Medium,Closed,2024-03-05,5,1053.0274074616682
TICKET000656,2024-02-29,PROP012,Pest Control,High,Closed,2024-03-02,2,218.3550337895819
TICKET000657,2024-02-29,PROP014,Appliance,Medium,Closed,2024-03-08,8,1149.9537879490122
TICKET000658,2024-02-29,PROP023,Landscaping,Low,Closed,2024-03-14,14,567.3394844859899
TICKET000659,2024-02-29,PROP003,Structural,Medium,Closed,2024-03-04,4,286.321139561371
TICKET000660,2024-02-29,PROP009,Structural,High,Closed,2024-03-04,4,694.4316341730812
TICKET000661,2024-02-29,PROP012,Plumbing,Low,Closed,2024-03-07,7,1038.5302295213571
TICKET000662,2024-02-29,PROP013,Electrical,Medium,Closed,2024-03-09,9,1300.5476083600433
TICKET000663,2024-02-29,PROP023,Pest Control,Medium,Closed,2024-03-09,9,1397.3256979675289
TICKET000664,2024-02-29,PROP010,Landscaping,Low,Closed,2024-03-07,7,1186.691783745316
TICKET000665,2024-02-29,PROP023,Structural,Low,Closed,2024-03-19,19,550.9859431680987
TICKET000666,2024-02-29,PROP002,Structural,Low,Closed,2024-03-05,5,1098.077280190724
TICKET000667,2024-02-29,PROP014,Pest Control,Emergency,Open,,337,
TICKET000668,2024-02-29,PROP021,Plumbing,High,Pending Parts,,337,
TICKET000669,2024-02-29,PROP019,Electrical,High,Closed,2024-03-01,1,666.3525809581944
TICKET000670,2024-02-29,PROP015,Landscaping,High,Closed,2024-03-01,1,606.6761127267533
TICKET000671,2024-02-29,PROP022,Appliance,Emergency,Closed,2024-03-01,1,910.647629781289
TICKET000672,2024-03-01,PROP020,Electrical,Low,Closed,2024-03-14,13,1243.1309130075438
TICKET000673,2024-03-01,PROP010,General Maintenance,High,Closed,2024-03-03,2,1154.9630864332328
TICKET000674,2024-03-01,PROP019,HVAC,Low,In Progress,,336,
TICKET000675,2024-03-01,PROP005,General Maintenance,Low,Closed,2024-03-10,9,1225.7125680480665
TICKET000676,2024-03-01,PROP025,Landscaping,Low,Closed,2024-03-10,9,1109.1183976875916
TICKET000677,2024-03-01,PROP005,Structural,Low,Closed,2024-03-11,10,277.7089789014607
TICKET000678,2024-03-01,PROP003,General Maintenance,Low,Closed,2024-03-08,7,1221.0340636007559
TICKET000679,2024-03-01,PROP017,Pest Control,High,Pending Parts,,336,
TICKET000680,2024-03-01,PROP006,General Maintenance,Low,Closed,2024-03-09,8,233.99525742551083
TICKET000681,2024-03-01,PROP011,Landscaping,Low,Closed,2024-03-16,15,1039.4052184025536
TICKET000682,2024-03-01,PROP011,Electrical,Low,Closed,2024-03-13,12,1073.4724397025584
TICKET000683,2024-03-01,PROP002,HVAC,Low,Closed,2024-03-20,19,182.41762764251297
TICKET000684,2024-03-01,PROP014,Landscaping,High,Closed,2024-03-03,2,1028.6167321993203
TICKET000685,2024-03-01,PROP011,Plumbing,High,Closed,2024-03-04,3,636.2714844385201
TICKET000686,2024-03-01,PROP002,General Maintenance,High,Closed,2024-03-03,2,1214.8037227004697
TICKET000687,2024-03-01,PROP021,Pest Control,Medium,Closed,2024-03-09,8,1326.243224068936
TICKET000688,2024-03-01,PROP006,Structural,Low,Closed,2024-03-07,6,802.3570336806671
TICKET000689,2024-03-01,PROP023,Plumbing,Low,Closed,2024-03-12,11,680.0063554164665
TICKET000690,2024-03-01,PROP011,General Maintenance,Low,Closed,2024-03-10,9,377.99836041528755
TICKET000691,2024-03-01,PROP005,HVAC,Medium,Closed,2024-03-08,7,1355.2044002744929
TICKET000692,2024-03-01,PROP005,HVAC,Low,Closed,2024-03-18,17,774.2006430221821
TICKET000693,2024-03-01,PROP010,General Maintenance,Medium,Closed,2024-03-04,3,458.50949151701514
TICKET000694,2024-03-02,PROP014,Pest Control,Low,Pending Parts,,335,
TICKET000695,2024-03-02,PROP022,Electrical,Medium,Closed,2024-03-06,4,1468.0524995272037
TICKET000696,2024-03-02,PROP012,Landscaping,Low,Closed,2024-03-20,18,850.9951477375129
TICKET000697,2024-03-02,PROP008,Electrical,Emergency,Closed,2024-03-03,1,875.8818291410553
TICKET000698,2024-03-02,PROP020,Electrical,High,Closed,2024-03-04,2,782.8666775046328
TICKET000699,2024-03-02,PROP013,Appliance,Low,Closed,2024-03-09,7,1156.4995608734362
TICKET000700,2024-03-02,PROP022,Pest Control,Medium,Closed,2024-03-11,9,598.8584130217171
TICKET000701,2024-03-02,PROP008,Pest Control,High,Closed,2024-03-05,3,805.8360459155435
TICKET000702,2024-03-02,PROP008,Plumbing,High,Closed,2024-03-03,1,136.56184230587587
TICKET000703,2024-03-02,PROP009,Plumbing,Low,Closed,2024-03-15,13,921.6274684363023
TICKET000704,2024-03-02,PROP005,Pest Control,Medium,Open,,335,
TICKET000705,2024-03-02,PROP021,Structural,Medium,Closed,2024-03-05,3,541.9600336186156
TICKET000706,2024-03-02,PROP015,Electrical,Medium,Closed,2024-03-10,8,891.5945336080604
TICKET000707,2024-03-02,PROP024,Pest Control,Low,Closed,2024-03-21,19,667.0973222049586
TICKET000708,2024-03-02,PROP001,General Maintenance,Low,Closed,2024-03-20,18,871.9572447114509
TICKET000709,2024-03-02,PROP012,Pest Control,Medium,In Progress,,335,
TICKET000710,2024-03-02,PROP010,Pest Control,High,Closed,2024-03-06,4,1363.0045488317958
TICKET000711,2024-03-02,PROP011,Landscaping,Low,Closed,2024-03-07,5,601.9809036001291
TICKET000712,2024-03-02,PROP010,Landscaping,High,Closed,2024-03-03,1,871.007465120375
TICKET000713,2024-03-02,PROP002,Landscaping,High,Closed,2024-03-06,4,1060.6594438424995
TICKET000714,2024-03-02,PROP022,General Maintenance,High,Open,,335,
TICKET000715,2024-03-03,PROP007,HVAC,High,Closed,2024-03-06,3,1131.5253407151429
TICKET000716,2024-03-03,PROP018,Structural,Low,Closed,2024-03-17,14,321.5447145598569
TICKET000717,2024-03-03,PROP024,Electrical,Medium,Closed,2024-03-08,5,365.3493477412284
TICKET000718,2024-03-03,PROP006,Landscaping,Medium,Closed,2024-03-10,7,940.0701512997206
TICKET000719,2024-03-03,PROP020,Structural,Low,Open,,334,
TICKET000720,2024-03-03,PROP015,HVAC,High,Closed,2024-03-04,1,1211.2784826252807
TICKET000721,2024-03-03,PROP023,Structural,Low,Closed,2024-03-19,16,1373.4707864750367
TICKET000722,2024-03-03,PROP012,Pest Control,Emergency,In Progress,,334,
TICKET000723,2024-03-03,PROP005,Landscaping,Medium,Pending Parts,,334,
TICKET000724,2024-03-03,PROP007,Electrical,Medium,In Progress,,334,
TICKET000725,2024-03-03,PROP022,Electrical,Medium,In Progress,,334,
TICKET000726,2024-03-03,PROP021,Pest Control,Low,Closed,2024-03-14,11,397.34945618503065
TICKET000727,2024-03-03,PROP002,General Maintenance,Medium,Closed,2024-03-12,9,57.84142561300366
TICKET000728,2024-03-03,PROP011,Appliance,Low,Closed,2024-03-18,15,281.59167519629125
TICKET000729,2024-03-03,PROP022,Appliance,Low,Closed,2024-03-12,9,1240.9745993702786
TICKET000730,2024-03-03,PROP012,Pest Control,Low,Closed,2024-03-21,18,315.45979982864594
TICKET000731,2024-03-03,PROP022,HVAC,High,Open,,334,
TICKET000732,2024-03-04,PROP022,General Maintenance,High,Closed,2024-03-05,1,176.85569995917177
TICKET000733,2024-03-04,PROP018,Appliance,Emergency,Closed,2024-03-05,1,848.9179305524156
TICKET000734,2024-03-04,PROP012,Appliance,High,Closed,2024-03-08,4,1347.9680801309064
TICKET000735,2024-03-04,PROP007,Pest Control,High,Closed,2024-03-08,4,214.54078291411923
TICKET000736,2024-03-04,PROP016,Plumbing,High,Closed,2024-03-06,2,447.5572875277984
TICKET000737,2024-03-04,PROP007,Plumbing,Low,Closed,2024-03-18,14,825.5379629409234
TICKET000738,2024-03-04,PROP001,General Maintenance,Low,Closed,2024-03-13,9,682.9153240677092
TICKET000739,2024-03-04,PROP022,Appliance,Medium,Closed,2024-03-08,4,1090.7710449643032
TICKET000740,2024-03-04,PROP012,Electrical,Low,Closed,2024-03-17,13,1410.7582087740054
TICKET000741,2024-03-04,PROP010,Electrical,Medium,Closed,2024-03-07,3,667.9295714606516
TICKET000742,2024-03-04,PROP018,Pest Control,High,Closed,2024-03-05,1,673.7812341718352
TICKET000743,2024-03-04,PROP011,General Maintenance,Low,Closed,2024-03-13,9,537.5279799729826
TICKET000744,2024-03-04,PROP005,Appliance,Low,Closed,2024-03-22,18,1348.7973258970483
TICKET000745,2024-03-04,PROP020,Electrical,Emergency,Closed,2024-03-05,1,122.75254949559721
TICKET000746,2024-03-04,PROP016,Plumbing,Low,Closed,2024-03-15,11,1186.8276279682534
TICKET000747,2024-03-04,PROP003,Electrical,Low,Closed,2024-03-16,12,421.77586776249325
TICKET000748,2024-03-04,PROP021,General Maintenance,Emergency,Closed,2024-03-04,0,990.9115229117594
TICKET000749,2024-03-04,PROP015,Landscaping,High,Closed,2024-03-08,4,393.7680371503437
TICKET000750,2024-03-04,PROP011,Pest Control,Low,Closed,2024-03-15,11,1147.2047854276436
TICKET000751,2024-03-04,PROP001,Appliance,High,Closed,2024-03-06,2,1434.769550324749
TICKET000752,2024-03-04,PROP017,HVAC,High,Closed,2024-03-08,4,1426.3989246463527
TICKET000753,2024-03-04,PROP007,Structural,Emergency,Closed,2024-03-05,1,1337.7000796708196
TICKET000754,2024-03-04,PROP023,General Maintenance,High,Closed,2024-03-06,2,1354.1843204723389
TICKET000755,2024-03-04,PROP006,Electrical,High,Closed,2024-03-07,3,1181.9055904873678
TICKET000756,2024-03-04,PROP024,HVAC,Medium,Closed,2024-03-08,4,537.83792512575
TICKET000757,2024-03-04,PROP004,Landscaping,High,Closed,2024-03-07,3,478.6914294031932
TICKET000758,2024-03-04,PROP001,Electrical,Medium,Open,,333,
TICKET000759,2024-03-04,PROP011,General Maintenance,Medium,Closed,2024-03-10,6,426.25717569498676
TICKET000760,2024-03-04,PROP006,Electrical,High,Closed,2024-03-07,3,1479.2402087296434
TICKET000761,2024-03-04,PROP010,Pest Control,Low,Closed,2024-03-14,10,104.5853096193064
TICKET000762,2024-03-04,PROP015,Structural,Medium,Closed,2024-03-09,5,945.3814538068546
TICKET000763,2024-03-04,PROP017,Electrical,Medium,Closed,2024-03-08,4,488.6595404350473
TICKET000764,2024-03-04,PROP023,Pest Control,Low,Closed,2024-03-10,6,198.36292214974657
TICKET000765,2024-03-05,PROP020,General Maintenance,Medium,Closed,2024-03-08,3,528.9259195094876
TICKET000766,2024-03-05,PROP019,Pest Control,High,Closed,2024-03-07,2,1170.9526782241355
TICKET000767,2024-03-05,PROP020,HVAC,Low,Closed,2024-03-12,7,882.7205466955372
TICKET000768,2024-03-05,PROP013,Appliance,High,Closed,2024-03-07,2,963.4230930125914
TICKET000769,2024-03-05,PROP025,Appliance,Medium,Open,,332,
TICKET000770,2024-03-05,PROP005,HVAC,Low,Closed,2024-03-22,17,536.5447877841484
TICKET000771,2024-03-05,PROP023,Landscaping,Medium,Closed,2024-03-12,7,1340.0798965399806
TICKET000772,2024-03-05,PROP010,Appliance,Low,Closed,2024-03-20,15,510.2161222869791
TICKET000773,2024-03-05,PROP001,Landscaping,Emergency,Closed,2024-03-05,0,401.21558331220905
TICKET000774,2024-03-05,PROP002,Landscaping,Medium,Closed,2024-03-12,7,949.1988819429964
TICKET000775,2024-03-05,PROP009,Landscaping,Medium,Closed,2024-03-12,7,364.81682368477425
TICKET000776,2024-03-05,PROP004,Electrical,Low,Closed,2024-03-11,6,248.27596593696714
TICKET000777,2024-03-05,PROP012,Structural,Medium,Closed,2024-03-10,5,915.3593282341166
TICKET000778,2024-03-05,PROP020,Appliance,Low,Closed,2024-03-22,17,399.3421090837882
TICKET000779,2024-03-05,PROP009,Landscaping,Low,Closed,2024-03-22,17,1042.3141718100533
TICKET000780,2024-03-05,PROP014,General Maintenance,High,Closed,2024-03-07,2,195.29545077324534
TICKET000781,2024-03-05,PROP015,HVAC,High,Closed,2024-03-07,2,1186.8481924655377
TICKET000782,2024-03-05,PROP018,General Maintenance,Low,Pending Parts,,332,
TICKET000783,2024-03-05,PROP006,Appliance,Medium,Closed,2024-03-14,9,1110.869055833118
TICKET000784,2024-03-05,PROP005,Plumbing,High,Closed,2024-03-07,2,143.4851897662091
TICKET000785,2024-03-05,PROP021,Landscaping,Emergency,Closed,2024-03-05,0,904.4458944048662
TICKET000786,2024-03-05,PROP001,HVAC,High,In Progress,,332,
TICKET000787,2024-03-05,PROP002,Plumbing,Low,Closed,2024-03-21,16,784.2456706486859
TICKET000788,2024-03-05,PROP004,Pest Control,Medium,Closed,2024-03-08,3,1209.9167193078056
TICKET000789,2024-03-05,PROP020,HVAC,Low,Closed,2024-03-18,13,1222.3153437093222
TICKET000790,2024-03-05,PROP005,Structural,Emergency,Closed,2024-03-05,0,1418.0830964926506
TICKET000791,2024-03-05,PROP020,General Maintenance,Medium,Closed,2024-03-14,9,1170.7582629925655
TICKET000792,2024-03-05,PROP019,HVAC,Low,Closed,2024-03-18,13,1432.3031191692642
TICKET000793,2024-03-06,PROP006,Appliance,Low,Closed,2024-03-22,16,58.580430966653495
TICKET000794,2024-03-06,PROP023,Pest Control,Medium,Closed,2024-03-14,8,574.3561048726033
TICKET000795,2024-03-06,PROP009,HVAC,Low,Closed,2024-03-13,7,532.1661216441275
TICKET000796,2024-03-06,PROP011,Electrical,Low,Open,,331,
TICKET000797,2024-03-06,PROP024,Electrical,Low,Closed,2024-03-24,18,695.5219413226296
TICKET000798,2024-03-06,PROP022,Appliance,Emergency,Closed,2024-03-07,1,95.30759750553929
TICKET000799,2024-03-06,PROP007,Structural,Low,In Progress,,331,
TICKET000800,2024-03-06,PROP006,Pest Control,High,Pending Parts,,331,
TICKET000801,2024-03-06,PROP014,Plumbing,Medium,Closed,2024-03-11,5,192.64661770716768
TICKET000802,2024-03-06,PROP013,General Maintenance,Low,Closed,2024-03-16,10,665.4909276809767
TICKET000803,2024-03-06,PROP009,General Maintenance,Low,Closed,2024-03-19,13,1222.401554529761
TICKET000804,2024-03-06,PROP018,Appliance,High,Open,,331,
TICKET000805,2024-03-06,PROP021,Appliance,Low,Closed,2024-03-20,14,811.117335946919
TICKET000806,2024-03-06,PROP008,Appliance,Low,Closed,2024-03-17,11,554.4572337943705
TICKET000807,2024-03-06,PROP008,Structural,Medium,Closed,2024-03-15,9,116.2802048043242
TICKET000808,2024-03-06,PROP007,Pest Control,Low,Closed,2024-03-18,12,422.54105432437933
TICKET000809,2024-03-06,PROP019,Electrical,Medium,In Progress,,331,
TICKET000810,2024-03-06,PROP004,Pest Control,Low,Closed,2024-03-12,6,526.7256220977654
TICKET000811,2024-03-07,PROP007,Electrical,High,Closed,2024-03-09,2,1410.2950815584265
TICKET000812,2024-03-07,PROP016,Appliance,Low,Closed,2024-03-20,13,1107.1987389747853
TICKET000813,2024-03-07,PROP012,Landscaping,Low,Closed,2024-03-21,14,713.5187396656102
TICKET000814,2024-03-07,PROP019,Electrical,High,Open,,330,
TICKET000815,2024-03-07,PROP022,General Maintenance,Low,Closed,2024-03-25,18,55.171327385412106
TICKET000816,2024-03-07,PROP017,Appliance,High,Closed,2024-03-10,3,359.9841106594036
TICKET000817,2024-03-07,PROP016,General Maintenance,Low,Closed,2024-03-20,13,1062.6695382488579
TICKET000818,2024-03-07,PROP015,General Maintenance,High,In Progress,,330,
TICKET000819,2024-03-07,PROP004,Pest Control,Medium,Closed,2024-03-10,3,239.34325836318615
TICKET000820,2024-03-07,PROP009,General Maintenance,Low,Closed,2024-03-26,19,644.0317599436037
TICKET000821,2024-03-07,PROP011,Plumbing,Low,Closed,2024-03-19,12,936.7722219412908
TICKET000822,2024-03-07,PROP001,Appliance,Medium,Closed,2024-03-13,6,618.8139136128385
TICKET000823,2024-03-07,PROP022,General Maintenance,Medium,Closed,2024-03-13,6,704.6890865930724
TICKET000824,2024-03-07,PROP025,Appliance,Medium,Closed,2024-03-12,5,638.4785385978951
TICKET000825,2024-03-07,PROP022,Landscaping,Low,Closed,2024-03-17,10,181.47824338877604
TICKET000826,2024-03-07,PROP003,Landscaping,High,Closed,2024-03-09,2,823.0823620256942
TICKET000827,2024-03-07,PROP015,Plumbing,High,Closed,2024-03-09,2,773.174855366792
TICKET000828,2024-03-07,PROP019,Pest Control,Low,Closed,2024-03-23,16,1079.7287828374847
TICKET000829,2024-03-07,PROP014,Landscaping,Low,Pending Parts,,330,
TICKET000830,2024-03-07,PROP020,Structural,Low,Closed,2024-03-18,11,647.1547574220438
TICKET000831,2024-03-07,PROP025,Appliance,High,Closed,2024-03-11,4,787.8654735166004
TICKET000832,2024-03-07,PROP005,HVAC,Medium,Closed,2024-03-13,6,623.2552162074371
TICKET000833,2024-03-07,PROP007,General Maintenance,Medium,Closed,2024-03-15,8,141.96092064147948
TICKET000834,2024-03-07,PROP007,General Maintenance,Low,Closed,2024-03-15,8,1424.5732905174286
TICKET000835,2024-03-07,PROP005,Electrical,Medium,Closed,2024-03-16,9,264.93749074240554
TICKET000836,2024-03-07,PROP002,Structural,Medium,Closed,2024-03-15,8,1082.3189670084955
TICKET000837,2024-03-07,PROP014,Structural,Low,Closed,2024-03-16,9,1327.141870153604
TICKET000838,2024-03-08,PROP004,Plumbing,Medium,Closed,2024-03-11,3,943.7985891350893
TICKET000839,2024-03-08,PROP013,Pest Control,Low,Closed,2024-03-13,5,502.2677060401694
TICKET000840,2024-03-08,PROP016,General Maintenance,Medium,Closed,2024-03-13,5,936.8331410527405
TICKET000841,2024-03-08,PROP022,General Maintenance,Low,Closed,2024-03-27,19,992.3240634505657
TICKET000842,2024-03-08,PROP020,HVAC,Emergency,Closed,2024-03-09,1,726.0597853727871
TICKET000843,2024-03-08,PROP022,General Maintenance,Medium,Closed,2024-03-11,3,1360.0085171197702
TICKET000844,2024-03-08,PROP013,General Maintenance,Low,Closed,2024-03-27,19,162.68306990511365
TICKET000845,2024-03-08,PROP025,Electrical,Medium,Closed,2024-03-13,5,974.0510244294541
TICKET000846,2024-03-08,PROP006,Plumbing,High,Open,,329,
TICKET000847,2024-03-08,PROP003,Pest Control,Low,Closed,2024-03-19,11,96.12068226301697
TICKET000848,2024-03-08,PROP015,General Maintenance,Medium,Closed,2024-03-13,5,577.3731409950374
TICKET000849,2024-03-08,PROP011,Pest Control,Low,Closed,2024-03-22,14,655.0935826073161
TICKET000850,2024-03-08,PROP024,HVAC,High,In Progress,,329,
TICKET000851,2024-03-08,PROP020,General Maintenance,Medium,Closed,2024-03-17,9,1447.0838671084584
TICKET000852,2024-03-08,PROP008,Plumbing,Medium,Closed,2024-03-13,5,605.0189005388421
TICKET000853,2024-03-08,PROP021,Plumbing,Low,Closed,2024-03-19,11,408.0611054181652
TICKET000854,2024-03-08,PROP008,Appliance,High,Closed,2024-03-10,2,1308.855276435718
TICKET000855,2024-03-08,PROP024,Appliance,High,Closed,2024-03-12,4,461.87446838766573
TICKET000856,2024-03-09,PROP024,Appliance,Low,Closed,2024-03-14,5,847.9120573305411
TICKET000857,2024-03-09,PROP004,General Maintenance,Medium,Closed,2024-03-13,4,1422.1191970145337
TICKET000858,2024-03-09,PROP002,HVAC,Low,Closed,2024-03-23,14,812.8713320689423
TICKET000859,2024-03-09,PROP024,Plumbing,Low,Closed,2024-03-14,5,578.8682497135208
TICKET000860,2024-03-09,PROP017,Plumbing,High,Closed,2024-03-12,3,170.69908442409158
TICKET000861,2024-03-09,PROP016,Appliance,Low,Open,,328,
TICKET000862,2024-03-09,PROP012,General Maintenance,Medium,Closed,2024-03-17,8,140.62082338130602
TICKET000863,2024-03-09,PROP025,Landscaping,Low,Closed,2024-03-25,16,273.71849154424046
TICKET000864,2024-03-09,PROP010,General Maintenance,Medium,Closed,2024-03-18,9,581.5495085281474
TICKET000865,2024-03-09,PROP012,Pest Control,Medium,Closed,2024-03-18,9,854.6065859905608
TICKET000866,2024-03-09,PROP019,Appliance,Medium,Closed,2024-03-18,9,436.1946135634844
TICKET000867,2024-03-09,PROP001,Appliance,Low,Closed,2024-03-20,11,839.4571623978374
TICKET000868,2024-03-09,PROP014,Structural,Low,Closed,2024-03-20,11,1430.0181208803135
TICKET000869,2024-03-09,PROP009,Structural,Low,Closed,2024-03-28,19,1016.9249013741793
TICKET000870,2024-03-09,PROP009,Plumbing,Low,Closed,2024-03-16,7,1460.919732869058
TICKET000871,2024-03-09,PROP012,Electrical,High,Closed,2024-03-10,1,1220.0342226340058
TICKET000872,2024-03-09,PROP015,Plumbing,Medium,Closed,2024-03-12,3,691.5082343827971
TICKET000873,2024-03-09,PROP020,Landscaping,Low,Closed,2024-03-24,15,258.49618996906287
TICKET000874,2024-03-09,PROP016,HVAC,Low,Closed,2024-03-20,11,74.83058274385387
TICKET000875,2024-03-09,PROP023,HVAC,Medium,Closed,2024-03-16,7,950.0988705859211
TICKET000876,2024-03-09,PROP018,Electrical,High,Closed,2024-03-12,3,1135.7413498423227
TICKET000877,2024-03-09,PROP008,Landscaping,Low,Closed,2024-03-27,18,816.1563031097371
TICKET000878,2024-03-09,PROP019,Structural,Medium,Closed,2024-03-16,7,766.4247626851836
TICKET000879,2024-03-09,PROP009,Structural,Medium,Closed,2024-03-15,6,1372.4752233270226
TICKET000880,2024-03-09,PROP024,General Maintenance,High,Closed,2024-03-12,3,1334.2927607321928
TICKET000881,2024-03-09,PROP017,Electrical,Low,Pending Parts,,328,
TICKET000882,2024-03-09,PROP017,Appliance,Medium,Closed,2024-03-18,9,942.0049265057013
TICKET000883,2024-03-09,PROP001,Structural,Low,Closed,2024-03-25,16,603.9480181713953
TICKET000884,2024-03-09,PROP019,Structural,Emergency,Closed,2024-03-10,1,374.45782959116264
TICKET000885,2024-03-10,PROP020,Plumbing,Low,Closed,2024-03-22,12,674.2695291187617
TICKET000886,2024-03-10,PROP024,HVAC,Low,Closed,2024-03-24,14,371.3992786588193
TICKET000887,2024-03-10,PROP009,Plumbing,Low,Closed,2024-03-29,19,666.3664598556998
TICKET000888,2024-03-10,PROP001,Pest Control,Low,Closed,2024-03-23,13,869.4853840280838
TICKET000889,2024-03-10,PROP002,Plumbing,Low,In Progress,,327,
TICKET000890,2024-03-10,PROP004,Landscaping,Medium,Closed,2024-03-18,8,1355.4308225912296
TICKET000891,2024-03-10,PROP020,Structural,High,Closed,2024-03-11,1,508.5602406321476
TICKET000892,2024-03-10,PROP011,General Maintenance,Medium,Closed,2024-03-14,4,1394.1319230015263
TICKET000893,2024-03-10,PROP024,Landscaping,Low,Closed,2024-03-21,11,217.6844931940557
TICKET000894,2024-03-10,PROP012,Structural,Low,Closed,2024-03-27,17,290.3864900316497
TICKET000895,2024-03-10,PROP019,Landscaping,Medium,Closed,2024-03-16,6,667.6504092191359
TICKET000896,2024-03-10,PROP009,Electrical,Low,Closed,2024-03-24,14,976.753951170161
TICKET000897,2024-03-10,PROP009,Appliance,Low,Closed,2024-03-20,10,916.4522645481758
TICKET000898,2024-03-10,PROP010,Landscaping,Low,Closed,2024-03-28,18,536.1094563502764
TICKET000899,2024-03-10,PROP024,General Maintenance,Low,Closed,2024-03-19,9,1345.2672633861725
TICKET000900,2024-03-10,PROP010,Landscaping,Low,Closed,2024-03-26,16,461.0290660187676
TICKET000901,2024-03-10,PROP013,Appliance,Low,Closed,2024-03-22,12,1171.9933381631722
TICKET000902,2024-03-10,PROP006,Electrical,Low,Pending Parts,,327,
TICKET000903,2024-03-10,PROP024,Landscaping,Medium,Pending Parts,,327,
TICKET000904,2024-03-10,PROP020,Appliance,Low,Closed,2024-03-18,8,627.6108419647217
TICKET000905,2024-03-10,PROP009,Electrical,Medium,Closed,2024-03-17,7,289.3393424897803
TICKET000906,2024-03-10,PROP008,Landscaping,Low,In Progress,,327,
TICKET000907,2024-03-10,PROP013,Pest Control,Medium,Closed,2024-03-13,3,366.5026064662396
TICKET000908,2024-03-10,PROP016,Appliance,Low,Closed,2024-03-21,11,1056.28301217579
TICKET000909,2024-03-10,PROP007,Appliance,Low,Closed,2024-03-19,9,1308.4887862039843
TICKET000910,2024-03-11,PROP024,Electrical,Low,Closed,2024-03-30,19,744.5020219347623
TICKET000911,2024-03-11,PROP012,Plumbing,Low,Closed,2024-03-22,11,107.68032116320457
TICKET000912,2024-03-11,PROP023,Appliance,High,Closed,2024-03-13,2,139.7140532930352
TICKET000913,2024-03-11,PROP005,Electrical,Medium,Closed,2024-03-19,8,332.51184939089893
TICKET000914,2024-03-11,PROP021,Pest Control,Medium,Closed,2024-03-14,3,563.1279594631992
TICKET000915,2024-03-11,PROP002,HVAC,High,Closed,2024-03-13,2,1243.076194377531
TICKET000916,2024-03-11,PROP022,Electrical,Low,Closed,2024-03-17,6,752.8190000815416
TICKET000917,2024-03-11,PROP004,General Maintenance,Medium,Closed,2024-03-19,8,996.3931904731269
TICKET000918,2024-03-11,PROP001,Electrical,Low,Closed,2024-03-22,11,878.7054005491425
TICKET000919,2024-03-11,PROP015,Structural,Medium,Open,,326,
TICKET000920,2024-03-11,PROP018,Electrical,Medium,Closed,2024-03-16,5,897.5210327690675
TICKET000921,2024-03-11,PROP007,Pest Control,Low,Open,,326,
TICKET000922,2024-03-11,PROP016,Plumbing,Medium,Closed,2024-03-18,7,860.5793677715016
TICKET000923,2024-03-11,PROP006,Appliance,Medium,Closed,2024-03-19,8,1151.2327755740303
TICKET000924,2024-03-11,PROP021,HVAC,High,Closed,2024-03-13,2,1234.4992540443818
TICKET000925,2024-03-11,PROP022,Pest Control,Low,Closed,2024-03-16,5,1373.7964687813617
TICKET000926,2024-03-11,PROP025,Structural,Low,Closed,2024-03-21,10,390.7116365559845
TICKET000927,2024-03-11,PROP016,Appliance,Medium,Open,,326,
TICKET000928,2024-03-11,PROP019,General Maintenance,Medium,Closed,2024-03-15,4,1444.8173022264677
TICKET000929,2024-03-11,PROP006,HVAC,Low,Closed,2024-03-19,8,413.23421520215794
TICKET000930,2024-03-11,PROP022,Electrical,High,Closed,2024-03-12,1,1419.7742329385947
TICKET000931,2024-03-11,PROP003,Plumbing,Medium,Closed,2024-03-16,5,1045.927479189003
TICKET000932,2024-03-11,PROP024,Appliance,Medium,Closed,2024-03-16,5,863.7825437813473
TICKET000933,2024-03-11,PROP024,Electrical,Medium,Closed,2024-03-16,5,970.7776516042182
TICKET000934,2024-03-11,PROP024,Plumbing,Low,Closed,2024-03-25,14,254.75494845230722
TICKET000935,2024-03-11,PROP012,Plumbing,High,In Progress,,326,
TICKET000936,2024-03-11,PROP012,General Maintenance,Medium,Closed,2024-03-14,3,704.8703909021474
TICKET000937,2024-03-11,PROP025,Appliance,Medium,Closed,2024-03-14,3,729.7031490890749
TICKET000938,2024-03-11,PROP024,Electrical,Medium,Closed,2024-03-20,9,1043.2131013935789
TICKET000939,2024-03-11,PROP002,HVAC,High,Closed,2024-03-14,3,998.1611438958367
TICKET000940,2024-03-11,PROP015,General Maintenance,Medium,Closed,2024-03-15,4,915.3404272713011
TICKET000941,2024-03-12,PROP013,Plumbing,Low,Closed,2024-03-28,16,120.76583560819533
TICKET000942,2024-03-12,PROP010,Electrical,High,Closed,2024-03-16,4,314.0173532128696
TICKET000943,2024-03-12,PROP024,Structural,Medium,Closed,2024-03-15,3,1132.680439667145
TICKET000944,2024-03-12,PROP012,Appliance,Medium,Closed,2024-03-15,3,620.1276139027461
TICKET000945,2024-03-12,PROP009,Plumbing,Medium,Closed,2024-03-19,7,1272.1943772230002
TICKET000946,2024-03-12,PROP010,Landscaping,High,In Progress,,325,
TICKET000947,2024-03-12,PROP006,Landscaping,Medium,Closed,2024-03-17,5,1371.1561226587914
TICKET000948,2024-03-12,PROP005,HVAC,Medium,Closed,2024-03-16,4,1284.3043558771983
TICKET000949,2024-03-12,PROP019,Appliance,Low,Pending Parts,,325,
TICKET000950,2024-03-12,PROP015,Plumbing,Low,Closed,2024-03-23,11,698.6166288511823
TICKET000951,2024-03-12,PROP017,Landscaping,Low,Closed,2024-03-25,13,1426.413688470457
TICKET000952,2024-03-12,PROP011,Appliance,Medium,Closed,2024-03-17,5,1237.8853529619762
TICKET000953,2024-03-12,PROP025,General Maintenance,Medium,Closed,2024-03-18,6,930.2368584670621
TICKET000954,2024-03-12,PROP010,Appliance,High,Closed,2024-03-15,3,1267.2422223144704
TICKET000955,2024-03-12,PROP008,Pest Control,Low,Closed,2024-03-17,5,96.56162030284096
TICKET000956,2024-03-12,PROP004,Electrical,Medium,Closed,2024-03-20,8,1193.4398645329893
TICKET000957,2024-03-12,PROP024,Structural,Medium,Closed,2024-03-16,4,435.63447369343163
TICKET000958,2024-03-12,PROP002,General Maintenance,High,Closed,2024-03-14,2,150.82627140552384
TICKET000959,2024-03-12,PROP023,Landscaping,Medium,Closed,2024-03-17,5,1008.5739273950321
TICKET000960,2024-03-12,PROP017,HVAC,High,Pending Parts,,325,
TICKET000961,2024-03-12,PROP015,Appliance,Medium,Closed,2024-03-17,5,1470.9721692438757
TICKET000962,2024-03-12,PROP012,Pest Control,Low,Closed,2024-03-18,6,1055.1727430739256
TICKET000963,2024-03-12,PROP007,Pest Control,Medium,Closed,2024-03-20,8,602.7854019415822
TICKET000964,2024-03-12,PROP014,Electrical,Low,Closed,2024-03-25,13,716.0146699287126
TICKET000965,2024-03-12,PROP011,HVAC,High,Closed,2024-03-16,4,587.3743676175167
TICKET000966,2024-03-13,PROP018,HVAC,High,Closed,2024-03-15,2,1018.2837535938006
TICKET000967,2024-03-13,PROP001,Pest Control,Low,Closed,2024-03-29,16,356.1767474339866
TICKET000968,2024-03-13,PROP008,Structural,Low,Closed,2024-03-22,9,434.0151490582675
TICKET000969,2024-03-13,PROP003,Structural,Low,Closed,2024-03-29,16,227.39500088593266
TICKET000970,2024-03-13,PROP006,Pest Control,Medium,Closed,2024-03-21,8,259.4134750835228
TICKET000971,2024-03-13,PROP023,Pest Control,Medium,Closed,2024-03-20,7,532.1240903854756
TICKET000972,2024-03-13,PROP013,Plumbing,Low,Pending Parts,,324,
TICKET000973,2024-03-13,PROP025,Pest Control,Medium,Closed,2024-03-18,5,1311.6932608992297
TICKET000974,2024-03-13,PROP011,Landscaping,High,Closed,2024-03-15,2,737.8697350658426
TICKET000975,2024-03-13,PROP016,Structural,Low,Pending Parts,,324,
TICKET000976,2024-03-13,PROP024,Plumbing,Low,Closed,2024-03-29,16,1029.8677356522298
TICKET000977,2024-03-13,PROP012,Pest Control,Low,In Progress,,324,
TICKET000978,2024-03-13,PROP023,Plumbing,Low,Closed,2024-03-20,7,829.4007185709638
TICKET000979,2024-03-13,PROP010,Plumbing,Medium,Closed,2024-03-21,8,583.6179933883083
TICKET000980,2024-03-13,PROP010,Plumbing,Medium,Closed,2024-03-20,7,111.94206811812225
TICKET000981,2024-03-13,PROP023,Appliance,Low,Closed,2024-03-30,17,776.1992113513442
TICKET000982,2024-03-13,PROP015,Pest Control,Low,Closed,2024-03-21,8,1339.9409784970208
TICKET000983,2024-03-13,PROP025,Plumbing,Medium,Closed,2024-03-21,8,591.4883789550885
TICKET000984,2024-03-13,PROP019,Pest Control,High,Closed,2024-03-14,1,1203.47317859699
TICKET000985,2024-03-13,PROP017,Pest Control,Medium,Closed,2024-03-20,7,1309.6625551540762
TICKET000986,2024-03-13,PROP001,Electrical,Low,Open,,324,
TICKET000987,2024-03-13,PROP009,Landscaping,Low,Closed,2024-03-30,17,1272.2944285152419
TICKET000988,2024-03-13,PROP011,General Maintenance,Low,Closed,2024-03-21,8,873.6572786782964
TICKET000989,2024-03-13,PROP022,Appliance,Low,Closed,2024-03-22,9,811.1634916590459
TICKET000990,2024-03-13,PROP001,Plumbing,Medium,Closed,2024-03-22,9,1301.4196629899284
TICKET000991,2024-03-13,PROP023,Pest Control,Low,Closed,2024-03-31,18,1408.510001894839
TICKET000992,2024-03-13,PROP016,Landscaping,Low,Closed,2024-03-21,8,951.5377855494833
TICKET000993,2024-03-13,PROP006,HVAC,High,Closed,2024-03-15,2,444.4560520432654
TICKET000994,2024-03-13,PROP013,Electrical,Low,Closed,2024-03-29,16,598.921932774248
TICKET000995,2024-03-13,PROP011,Plumbing,Low,Closed,2024-03-19,6,523.6929915954261
TICKET000996,2024-03-13,PROP003,General Maintenance,High,Open,,324,
TICKET000997,2024-03-13,PROP024,HVAC,Emergency,Closed,2024-03-14,1,580.1916969787276
TICKET000998,2024-03-13,PROP020,General Maintenance,Medium,Closed,2024-03-17,4,563.5374931982835
TICKET000999,2024-03-13,PROP018,Pest Control,Low,Closed,2024-03-24,11,1486.3190685929576
TICKET001000,2024-03-14,PROP025,Plumbing,Low,Closed,2024-03-20,6,99.06042259052259
TICKET001001,2024-03-14,PROP015,Electrical,Medium,Closed,2024-03-20,6,464.9539033692434
TICKET001002,2024-03-14,PROP006,Appliance,Medium,Closed,2024-03-20,6,606.5604175481902
TICKET001003,2024-03-14,PROP012,Pest Control,High,Open,,323,
TICKET001004,2024-03-14,PROP004,General Maintenance,Low,Closed,2024-03-30,16,177.35975676789374
TICKET001005,2024-03-14,PROP011,Pest Control,Medium,Closed,2024-03-18,4,1241.8312944283757
TICKET001006,2024-03-14,PROP004,Structural,Medium,Closed,2024-03-18,4,1418.307037415037
TICKET001007,2024-03-14,PROP011,Landscaping,Low,Closed,2024-03-24,10,1418.6237548338936
TICKET001008,2024-03-14,PROP017,Structural,Medium,Pending Parts,,323,
TICKET001009,2024-03-14,PROP003,Structural,High,Closed,2024-03-15,1,1129.7399493855842
TICKET001010,2024-03-14,PROP016,Structural,High,Closed,2024-03-15,1,289.2131418773418
TICKET001011,2024-03-14,PROP020,HVAC,Low,Closed,2024-03-20,6,238.83052221987762
TICKET001012,2024-03-14,PROP013,HVAC,High,Open,,323,
TICKET001013,2024-03-14,PROP005,Landscaping,Medium,Closed,2024-03-17,3,1126.881530734918
TICKET001014,2024-03-14,PROP017,General Maintenance,Emergency,Closed,2024-03-14,0,508.33114875895467
TICKET001015,2024-03-14,PROP003,HVAC,High,Closed,2024-03-18,4,126.97762516180002
TICKET001016,2024-03-14,PROP022,Appliance,High,Closed,2024-03-16,2,789.3000862447677
TICKET001017,2024-03-14,PROP020,Structural,Emergency,In Progress,,323,
TICKET001018,2024-03-14,PROP025,General Maintenance,Medium,Closed,2024-03-22,8,54.25438381388096
TICKET001019,2024-03-14,PROP012,HVAC,Low,Closed,2024-03-24,10,428.21832842863506
TICKET001020,2024-03-14,PROP011,Appliance,Low,Closed,2024-03-25,11,522.031265916462
TICKET001021,2024-03-14,PROP012,Structural,High,Closed,2024-03-16,2,830.0875597733155
TICKET001022,2024-03-14,PROP012,Landscaping,High,Closed,2024-03-16,2,263.1948637547001
TICKET001023,2024-03-14,PROP023,Structural,Emergency,Closed,2024-03-14,0,1400.3780797075024
TICKET001024,2024-03-14,PROP023,Electrical,Medium,Closed,2024-03-23,9,605.5720761682018
TICKET001025,2024-03-14,PROP024,General Maintenance,Medium,Closed,2024-03-18,4,679.3005658485564
TICKET001026,2024-03-14,PROP018,Appliance,Medium,Closed,2024-03-23,9,71.61774388037682
TICKET001027,2024-03-14,PROP012,Appliance,Medium,Closed,2024-03-18,4,459.9007500975135
TICKET001028,2024-03-14,PROP016,General Maintenance,Medium,Pending Parts,,323,
TICKET001029,2024-03-14,PROP009,Landscaping,Low,Closed,2024-03-27,13,728.9713806323813
TICKET001030,2024-03-14,PROP001,Electrical,Low,Closed,2024-03-26,12,226.56979388446382
TICKET001031,2024-03-14,PROP023,Appliance,High,Closed,2024-03-16,2,1199.5753143709826
TICKET001032,2024-03-14,PROP003,Structural,Low,Closed,2024-03-21,7,906.3353502445669
TICKET001033,2024-03-14,PROP015,Pest Control,High,Closed,2024-03-16,2,407.48183692156545
TICKET001034,2024-03-15,PROP013,General Maintenance,Medium,Closed,2024-03-24,9,269.8130450177749
TICKET001035,2024-03-15,PROP001,General Maintenance,High,Closed,2024-03-18,3,532.5035725294404
TICKET001036,2024-03-15,PROP020,Pest Control,Low,Closed,2024-03-26,11,203.52254559019752
TICKET001037,2024-03-15,PROP010,HVAC,Medium,Closed,2024-03-24,9,1218.956186107047
TICKET001038,2024-03-15,PROP008,HVAC,Low,Closed,2024-03-22,7,242.4710149958163
TICKET001039,2024-03-15,PROP025,General Maintenance,Low,Closed,2024-03-23,8,1200.493861840616
TICKET001040,2024-03-15,PROP004,Appliance,Low,Closed,2024-04-02,18,435.63713649673036
TICKET001041,2024-03-15,PROP005,Structural,High,Closed,2024-03-16,1,733.0742026873339
TICKET001042,2024-03-15,PROP017,General Maintenance,Low,Closed,2024-04-03,19,356.1300816128306
TICKET001043,2024-03-15,PROP009,HVAC,Medium,Closed,2024-03-23,8,991.6409032746088
TICKET001044,2024-03-15,PROP023,HVAC,Medium,Closed,2024-03-24,9,820.7937611431911
TICKET001045,2024-03-15,PROP012,Structural,Emergency,Closed,2024-03-15,0,1068.956735439555
TICKET001046,2024-03-15,PROP013,General Maintenance,Medium,Closed,2024-03-23,8,597.7918581761467
TICKET001047,2024-03-15,PROP009,Appliance,High,Closed,2024-03-18,3,839.7207317246765
TICKET001048,2024-03-15,PROP007,General Maintenance,Low,Closed,2024-03-26,11,72.2555878109259
TICKET001049,2024-03-15,PROP007,Appliance,Medium,Closed,2024-03-20,5,1084.8549183612342
TICKET001050,2024-03-15,PROP012,General Maintenance,High,Closed,2024-03-18,3,1189.5139128965552
TICKET001051,2024-03-15,PROP018,Landscaping,Emergency,Closed,2024-03-15,0,455.42909226021163
TICKET001052,2024-03-15,PROP013,Appliance,Medium,Closed,2024-03-24,9,1488.5037482199414
TICKET001053,2024-03-15,PROP014,Landscaping,Medium,Open,,322,
TICKET001054,2024-03-15,PROP005,Landscaping,Medium,Pending Parts,,322,
TICKET001055,2024-03-15,PROP018,HVAC,Emergency,Closed,2024-03-15,0,580.7917727939762
TICKET001056,2024-03-15,PROP020,Plumbing,Medium,Pending Parts,,322,
TICKET001057,2024-03-15,PROP025,General Maintenance,Medium,Closed,2024-03-21,6,1488.0456917815866
TICKET001058,2024-03-15,PROP015,Appliance,Low,Closed,2024-03-20,5,809.6484795967954
TICKET001059,2024-03-15,PROP003,General Maintenance,Medium,Closed,2024-03-23,8,1145.8118628135069
TICKET001060,2024-03-15,PROP011,Electrical,Medium,In Progress,,322,
TICKET001061,2024-03-15,PROP022,Electrical,Medium,Closed,2024-03-19,4,1022.6750572727633
TICKET001062,2024-03-15,PROP002,HVAC,Low,Closed,2024-03-27,12,845.8275052034853
TICKET001063,2024-03-15,PROP008,Structural,Low,Open,,322,
TICKET001064,2024-03-15,PROP020,Structural,Low,In Progress,,322,
TICKET001065,2024-03-15,PROP004,HVAC,Medium,In Progress,,322,
TICKET001066,2024-03-15,PROP016,Plumbing,High,Closed,2024-03-18,3,811.6257149325578
TICKET001067,2024-03-15,PROP015,HVAC,Emergency,Closed,2024-03-15,0,941.2071321501954
TICKET001068,2024-03-16,PROP010,Electrical,Low,Closed,2024-03-31,15,1124.7814990885117
TICKET001069,2024-03-16,PROP017,Structural,Low,Pending Parts,,321,
TICKET001070,2024-03-16,PROP014,Landscaping,Medium,Closed,2024-03-24,8,145.57478772068526
TICKET001071,2024-03-16,PROP010,Pest Control,High,Closed,2024-03-17,1,1209.1087211850347
TICKET001072,2024-03-16,PROP016,HVAC,Medium,Closed,2024-03-24,8,462.20244415145095
TICKET001073,2024-03-16,PROP008,Pest Control,Low,Closed,2024-03-27,11,957.8212959429308
TICKET001074,2024-03-16,PROP009,Landscaping,High,Closed,2024-03-19,3,1253.9286919242627
TICKET001075,2024-03-16,PROP025,Structural,Low,Closed,2024-04-03,18,376.8184473043352
TICKET001076,2024-03-16,PROP011,General Maintenance,Low,Closed,2024-03-31,15,895.6218105773122
TICKET001077,2024-03-16,PROP011,Pest Control,Medium,Closed,2024-03-23,7,434.62399871872697
TICKET001078,2024-03-16,PROP016,Plumbing,Medium,Closed,2024-03-20,4,1096.036399406734
TICKET001079,2024-03-16,PROP006,HVAC,Low,Closed,2024-03-29,13,1172.1184760398955
TICKET001080,2024-03-16,PROP025,Electrical,Low,Closed,2024-03-25,9,798.0290715780229
TICKET001081,2024-03-16,PROP019,General Maintenance,Medium,Open,,321,
TICKET001082,2024-03-16,PROP017,Pest Control,Low,Open,,321,
TICKET001083,2024-03-16,PROP009,Plumbing,Medium,Closed,2024-03-23,7,1151.7047215185216
TICKET001084,2024-03-17,PROP005,Plumbing,Low,Closed,2024-04-02,16,867.786635990339
TICKET001085,2024-03-17,PROP001,Pest Control,Low,Closed,2024-03-31,14,401.60570497211705
TICKET001086,2024-03-17,PROP023,Electrical,Medium,Closed,2024-03-23,6,549.3434837877487
TICKET001087,2024-03-17,PROP016,Electrical,Low,Pending Parts,,320,
TICKET001088,2024-03-17,PROP001,General Maintenance,Medium,Closed,2024-03-25,8,1044.4323780265631
TICKET001089,2024-03-17,PROP001,Pest Control,Medium,Closed,2024-03-22,5,119.23921407172332
TICKET001090,2024-03-17,PROP008,Appliance,Low,Pending Parts,,320,
TICKET001091,2024-03-17,PROP005,General Maintenance,High,Closed,2024-03-20,3,627.8142512433865
TICKET001092,2024-03-17,PROP013,General Maintenance,Emergency,Closed,2024-03-17,0,1187.085329098153
TICKET001093,2024-03-17,PROP006,Pest Control,Low,Pending Parts,,320,
TICKET001094,2024-03-17,PROP004,Landscaping,Medium,Closed,2024-03-26,9,209.01720651629185
TICKET001095,2024-03-17,PROP010,General Maintenance,Low,Closed,2024-04-01,15,908.2495092537258
TICKET001096,2024-03-17,PROP012,Appliance,Medium,Closed,2024-03-22,5,369.13040152602946
TICKET001097,2024-03-17,PROP018,Landscaping,Medium,Closed,2024-03-26,9,124.83211351826593
TICKET001098,2024-03-17,PROP003,Pest Control,Low,Closed,2024-04-02,16,713.953690760898
TICKET001099,2024-03-17,PROP013,Appliance,Low,Closed,2024-03-29,12,737.3130815341106
TICKET001100,2024-03-17,PROP022,Structural,High,Closed,2024-03-19,2,795.1438320340076
TICKET001101,2024-03-17,PROP010,Appliance,Emergency,Closed,2024-03-17,0,66.31325740453119
TICKET001102,2024-03-17,PROP007,HVAC,Low,Pending Parts,,320,
TICKET001103,2024-03-17,PROP022,Structural,Low,Closed,2024-04-04,18,236.95761309547416
TICKET001104,2024-03-17,PROP023,Pest Control,Low,Closed,2024-03-31,14,1038.7240077377803
TICKET001105,2024-03-17,PROP002,Electrical,Low,Closed,2024-04-02,16,1251.3324675757622
TICKET001106,2024-03-17,PROP025,General Maintenance,Low,Closed,2024-03-31,14,76.03253294889663
TICKET001107,2024-03-17,PROP004,Appliance,Low,Closed,2024-03-31,14,660.7395503449203
TICKET001108,2024-03-17,PROP006,Landscaping,Low,Closed,2024-03-30,13,627.4735491401517
TICKET001109,2024-03-17,PROP023,HVAC,Low,Open,,320,
TICKET001110,2024-03-17,PROP011,Pest Control,High,Closed,2024-03-20,3,244.99048431398924
TICKET001111,2024-03-17,PROP023,Plumbing,Low,Closed,2024-04-01,15,133.10391745303204
TICKET001112,2024-03-18,PROP008,Structural,Low,Closed,2024-03-29,11,220.93479611760745
TICKET001113,2024-03-18,PROP011,HVAC,Low,Open,,319,
TICKET001114,2024-03-18,PROP021,Structural,Medium,Closed,2024-03-27,9,631.2186820688121
TICKET001115,2024-03-18,PROP022,Structural,Low,Closed,2024-04-05,18,205.31328949639973
TICKET001116,2024-03-18,PROP022,Landscaping,High,Closed,2024-03-19,1,240.8280467291064
TICKET001117,2024-03-18,PROP005,Structural,Medium,Pending Parts,,319,
TICKET001118,2024-03-18,PROP008,Pest Control,Low,Pending Parts,,319,
TICKET001119,2024-03-18,PROP001,Plumbing,Emergency,Closed,2024-03-19,1,776.2689313288249
TICKET001120,2024-03-18,PROP001,Electrical,Low,Closed,2024-03-31,13,543.9594527300331
TICKET001121,2024-03-18,PROP009,Pest Control,High,Closed,2024-03-22,4,197.09307071058763
TICKET001122,2024-03-18,PROP020,HVAC,High,Closed,2024-03-20,2,1357.8049163169974
TICKET001123,2024-03-18,PROP015,Electrical,Medium,Closed,2024-03-23,5,1249.4888255660067
TICKET001124,2024-03-18,PROP014,HVAC,Medium,Closed,2024-03-27,9,927.1548634889328
TICKET001125,2024-03-18,PROP014,General Maintenance,Medium,Closed,2024-03-26,8,890.9880477009199
TICKET001126,2024-03-18,PROP017,Structural,Medium,Closed,2024-03-23,5,1122.722406522544
TICKET001127,2024-03-18,PROP023,General Maintenance,Medium,Closed,2024-03-26,8,1196.242059382378
TICKET001128,2024-03-18,PROP005,Electrical,High,Closed,2024-03-21,3,925.9346550931721
TICKET001129,2024-03-18,PROP024,Landscaping,High,Closed,2024-03-20,2,1430.0732578564623
TICKET001130,2024-03-18,PROP022,General Maintenance,High,Closed,2024-03-21,3,1371.290938058614
TICKET001131,2024-03-18,PROP010,Structural,High,Closed,2024-03-21,3,400.0685035282588
TICKET001132,2024-03-19,PROP017,Pest Control,High,Closed,2024-03-23,4,82.33555972994827
TICKET001133,2024-03-19,PROP019,Structural,Low,Closed,2024-03-30,11,143.27166104954983
TICKET001134,2024-03-19,PROP003,HVAC,Low,Closed,2024-04-06,18,722.3392903775812
TICKET001135,2024-03-19,PROP011,Plumbing,Medium,Closed,2024-03-24,5,789.9926516386688
TICKET001136,2024-03-19,PROP016,Structural,Medium,Closed,2024-03-24,5,962.6005209445118
TICKET001137,2024-03-19,PROP005,Pest Control,Low,In Progress,,318,
TICKET001138,2024-03-19,PROP020,Appliance,Low,Closed,2024-03-29,10,158.1847302306344
TICKET001139,2024-03-19,PROP007,Pest Control,Medium,Closed,2024-03-26,7,1036.2869562419696
TICKET001140,2024-03-19,PROP009,General Maintenance,Low,Closed,2024-04-03,15,718.950834812034
TICKET001141,2024-03-19,PROP015,Pest Control,High,Closed,2024-03-20,1,1494.3422368267497
TICKET001142,2024-03-19,PROP001,Pest Control,Medium,Closed,2024-03-26,7,279.47636172496357
TICKET001143,2024-03-19,PROP012,Landscaping,Low,Closed,2024-03-30,11,78.21100108109255
TICKET001144,2024-03-19,PROP019,Landscaping,Medium,Closed,2024-03-26,7,921.3122296968315
TICKET001145,2024-03-19,PROP020,Structural,Medium,Closed,2024-03-25,6,1247.0685095508034
TICKET001146,2024-03-19,PROP020,HVAC,Medium,Closed,2024-03-23,4,1086.9264334340344
TICKET001147,2024-03-20,PROP018,General Maintenance,High,Closed,2024-03-21,1,628.6958510988002
TICKET001148,2024-03-20,PROP008,Pest Control,High,Closed,2024-03-22,2,1429.5100166806928
TICKET001149,2024-03-20,PROP017,Plumbing,Medium,Closed,2024-03-25,5,799.5966649767768
TICKET001150,2024-03-20,PROP001,Landscaping,Low,Closed,2024-03-29,9,303.91061547609354
TICKET001151,2024-03-20,PROP007,Appliance,Medium,Closed,2024-03-28,8,83.07782321831954
TICKET001152,2024-03-20,PROP016,Pest Control,High,Closed,2024-03-22,2,109.00741990319125
TICKET001153,2024-03-20,PROP017,Appliance,Low,Closed,2024-04-03,14,1162.9368932908453
TICKET001154,2024-03-20,PROP003,Structural,Medium,Closed,2024-03-26,6,1161.50238699261
TICKET001155,2024-03-20,PROP024,Structural,Medium,Pending Parts,,317,
TICKET001156,2024-03-20,PROP019,Plumbing,Medium,Closed,2024-03-27,7,1234.1012102244676
TICKET001157,2024-03-20,PROP019,Landscaping,Low,Closed,2024-04-07,18,78.21281993783782
TICKET001158,2024-03-20,PROP006,General Maintenance,Low,Closed,2024-03-27,7,499.15207251329866
TICKET001159,2024-03-20,PROP016,HVAC,Low,Closed,2024-03-31,11,256.9261203601817
TICKET001160,2024-03-20,PROP009,Pest Control,Low,In Progress,,317,
TICKET001161,2024-03-20,PROP025,Structural,Medium,Closed,2024-03-29,9,703.987136229906
TICKET001162,2024-03-21,PROP016,Electrical,High,Pending Parts,,316,
TICKET001163,2024-03-21,PROP001,Appliance,Low,Closed,2024-04-02,12,1409.9484651601772
TICKET001164,2024-03-21,PROP010,Pest Control,High,Closed,2024-03-25,4,1017.6990273341964
TICKET001165,2024-03-21,PROP002,General Maintenance,High,Closed,2024-03-24,3,1416.2043203769867
TICKET001166,2024-03-21,PROP008,HVAC,Medium,Closed,2024-03-28,7,740.6686113986634
TICKET001167,2024-03-21,PROP024,Electrical,Medium,Pending Parts,,316,
TICKET001168,2024-03-21,PROP003,Pest Control,High,Closed,2024-03-23,2,1034.6990046630328
TICKET001169,2024-03-21,PROP019,Electrical,Low,Closed,2024-03-27,6,444.63419891866243
TICKET001170,2024-03-21,PROP017,Structural,Medium,Closed,2024-03-25,4,528.020057972632
TICKET001171,2024-03-21,PROP024,Landscaping,Medium,Closed,2024-03-26,5,741.8787014535656
TICKET001172,2024-03-21,PROP013,General Maintenance,Medium,Closed,2024-03-24,3,230.39334848979095
TICKET001173,2024-03-21,PROP021,Structural,Low,Pending Parts,,316,
TICKET001174,2024-03-21,PROP002,Electrical,Low,Pending Parts,,316,
TICKET001175,2024-03-21,PROP009,General Maintenance,Low,Closed,2024-04-01,11,657.3678882397048
TICKET001176,2024-03-21,PROP001,Landscaping,Medium,Closed,2024-03-27,6,809.0726572183862
TICKET001177,2024-03-21,PROP020,Pest Control,Low,Closed,2024-03-28,7,1296.8693672165275
TICKET001178,2024-03-21,PROP022,General Maintenance,Low,Closed,2024-03-27,6,389.07272061438795
TICKET001179,2024-03-21,PROP021,General Maintenance,Low,Pending Parts,,316,
TICKET001180,2024-03-21,PROP020,Appliance,Emergency,Closed,2024-03-22,1,671.5836796742461
TICKET001181,2024-03-21,PROP005,HVAC,Medium,Closed,2024-03-30,9,1341.3944053368778
TICKET001182,2024-03-21,PROP019,Structural,High,Closed,2024-03-22,1,552.1271149411748
TICKET001183,2024-03-21,PROP022,Appliance,Low,Closed,2024-04-09,19,720.7483530069496
TICKET001184,2024-03-21,PROP025,Structural,Low,Closed,2024-03-26,5,310.499735947352
TICKET001185,2024-03-21,PROP017,Landscaping,Low,Closed,2024-04-03,13,1169.081510813196
TICKET001186,2024-03-21,PROP013,Pest Control,Medium,Closed,2024-03-27,6,1187.9110063385604
TICKET001187,2024-03-21,PROP005,HVAC,Emergency,Closed,2024-03-21,0,1091.0581047744918
TICKET001188,2024-03-21,PROP024,Structural,High,Closed,2024-03-23,2,1277.9202592456293
TICKET001189,2024-03-21,PROP011,General Maintenance,Low,Closed,2024-04-01,11,136.74351967546238
TICKET001190,2024-03-21,PROP007,Structural,Medium,Closed,2024-03-26,5,467.52658596732374
TICKET001191,2024-03-21,PROP024,Pest Control,Medium,Closed,2024-03-24,3,193.07454222384948
TICKET001192,2024-03-21,PROP004,Appliance,Low,Closed,2024-03-30,9,880.4793597234095
TICKET001193,2024-03-21,PROP011,HVAC,High,Closed,2024-03-25,4,964.7591641725003
TICKET001194,2024-03-21,PROP017,Electrical,Low,Closed,2024-04-04,14,1095.1940598715707
TICKET001195,2024-03-21,PROP023,General Maintenance,Medium,Closed,2024-03-30,9,167.4053939064048
TICKET001196,2024-03-22,PROP020,Pest Control,Medium,Closed,2024-03-26,4,59.17292265641777
TICKET001197,2024-03-22,PROP007,Landscaping,Medium,In Progress,,315,
TICKET001198,2024-03-22,PROP013,HVAC,High,Closed,2024-03-23,1,820.1742025236093
TICKET001199,2024-03-22,PROP009,Landscaping,Medium,Closed,2024-03-29,7,866.1470108529214
TICKET001200,2024-03-22,PROP009,General Maintenance,High,Closed,2024-03-25,3,1380.7953690815064
TICKET001201,2024-03-22,PROP020,General Maintenance,Low,Closed,2024-03-31,9,1000.9494891939221
TICKET001202,2024-03-22,PROP010,Pest Control,Medium,Closed,2024-03-26,4,1010.1516034354242
TICKET001203,2024-03-22,PROP019,Landscaping,Low,Closed,2024-04-01,10,607.563739688472
TICKET001204,2024-03-22,PROP013,HVAC,Low,In Progress,,315,
TICKET001205,2024-03-22,PROP004,General Maintenance,Medium,Closed,2024-03-28,6,96.013374427011
TICKET001206,2024-03-22,PROP017,Pest Control,Medium,Closed,2024-03-31,9,270.7971048336976
TICKET001207,2024-03-22,PROP004,Structural,Medium,Closed,2024-03-25,3,627.6364721993074
TICKET001208,2024-03-22,PROP020,HVAC,Low,Pending Parts,,315,
TICKET001209,2024-03-22,PROP015,Pest Control,Medium,Closed,2024-03-27,5,459.08058362826046
TICKET001210,2024-03-22,PROP025,Structural,High,Closed,2024-03-23,1,1192.8595971250834
TICKET001211,2024-03-22,PROP009,Landscaping,Low,Closed,2024-04-03,12,802.9197812770849
TICKET001212,2024-03-22,PROP012,Electrical,Medium,Closed,2024-03-26,4,947.3937351507888
TICKET001213,2024-03-22,PROP001,Pest Control,Low,Closed,2024-03-31,9,1459.0489221907342
TICKET001214,2024-03-22,PROP001,Appliance,Low,In Progress,,315,
TICKET001215,2024-03-22,PROP001,General Maintenance,High,Pending Parts,,315,
TICKET001216,2024-03-22,PROP002,General Maintenance,High,Closed,2024-03-26,4,575.4331062997027
TICKET001217,2024-03-22,PROP025,Pest Control,Low,Closed,2024-04-02,11,1235.0860394635986
TICKET001218,2024-03-22,PROP003,Electrical,Low,Closed,2024-03-28,6,856.8993438305916
TICKET001219,2024-03-22,PROP021,Appliance,Medium,Closed,2024-03-28,6,1151.886480974661
TICKET001220,2024-03-22,PROP014,Electrical,Low,Closed,2024-03-27,5,818.4846848172625
TICKET001221,2024-03-22,PROP024,Structural,Medium,Closed,2024-03-25,3,1031.0583847271355
TICKET001222,2024-03-22,PROP010,General Maintenance,Medium,Closed,2024-03-28,6,216.79111861572488
TICKET001223,2024-03-22,PROP015,Pest Control,Low,Closed,2024-03-31,9,74.4722167440121
TICKET001224,2024-03-22,PROP022,Appliance,Low,Open,,315,
TICKET001225,2024-03-22,PROP013,Appliance,High,Closed,2024-03-26,4,1129.8446376594309
TICKET001226,2024-03-22,PROP009,HVAC,Medium,Closed,2024-03-26,4,1091.8776770438749
TICKET001227,2024-03-22,PROP001,Pest Control,Low,Closed,2024-03-28,6,223.00227459960297
TICKET001228,2024-03-22,PROP017,Structural,Low,Closed,2024-03-29,7,462.27051298028664
TICKET001229,2024-03-22,PROP005,Plumbing,Low,Closed,2024-04-01,10,1389.930688398891
TICKET001230,2024-03-23,PROP005,Pest Control,Medium,Closed,2024-03-31,8,1255.2334116695056
TICKET001231,2024-03-23,PROP011,Pest Control,High,Closed,2024-03-27,4,843.3347016446769
TICKET001232,2024-03-23,PROP015,Electrical,High,Closed,2024-03-25,2,585.5284308853408
TICKET001233,2024-03-23,PROP001,Electrical,Low,Closed,2024-04-08,16,82.25097112100872
TICKET001234,2024-03-23,PROP012,Plumbing,Medium,Closed,2024-03-26,3,243.1116709220511
TICKET001235,2024-03-23,PROP005,Appliance,Medium,Closed,2024-04-01,9,1045.6203958896585
TICKET001236,2024-03-23,PROP014,Plumbing,High,Closed,2024-03-26,3,1242.300042708977
TICKET001237,2024-03-23,PROP021,Electrical,Medium,Closed,2024-03-27,4,512.6505232406636
TICKET001238,2024-03-23,PROP003,General Maintenance,Medium,Closed,2024-03-30,7,91.8110053145363
TICKET001239,2024-03-23,PROP003,Plumbing,High,Closed,2024-03-27,4,119.57050875689988
TICKET001240,2024-03-23,PROP012,Structural,Low,Pending Parts,,314,
TICKET001241,2024-03-23,PROP016,Landscaping,Low,Closed,2024-04-08,16,1150.7156892733544
TICKET001242,2024-03-23,PROP018,Structural,Medium,Closed,2024-03-28,5,1233.7885948795458
TICKET001243,2024-03-23,PROP005,Electrical,Low,Closed,2024-04-04,12,580.9706442449354
TICKET001244,2024-03-23,PROP010,General Maintenance,High,Closed,2024-03-26,3,886.8089917224843
TICKET001245,2024-03-23,PROP014,Appliance,Low,Closed,2024-04-11,19,1072.9119370800827
TICKET001246,2024-03-23,PROP007,Plumbing,Medium,Closed,2024-03-29,6,1381.3501877039077
TICKET001247,2024-03-23,PROP015,Landscaping,Medium,Closed,2024-03-29,6,736.174417353929
TICKET001248,2024-03-23,PROP006,Landscaping,High,Closed,2024-03-26,3,183.5694472512459
TICKET001249,2024-03-23,PROP014,HVAC,Emergency,Pending Parts,,314,
TICKET001250,2024-03-23,PROP009,Structural,Emergency,Closed,2024-03-24,1,1031.2847813411458
TICKET001251,2024-03-23,PROP008,Pest Control,Low,In Progress,,314,
TICKET001252,2024-03-23,PROP003,Landscaping,Medium,Closed,2024-03-31,8,690.9970893404694
TICKET001253,2024-03-23,PROP008,Pest Control,High,Closed,2024-03-24,1,1449.1699824639552
TICKET001254,2024-03-23,PROP017,Electrical,High,Closed,2024-03-24,1,489.4592819087455
TICKET001255,2024-03-23,PROP005,Appliance,Low,Closed,2024-04-07,15,943.9926992667278
TICKET001256,2024-03-23,PROP007,HVAC,Low,Closed,2024-03-31,8,352.04488262241455
TICKET001257,2024-03-23,PROP003,Plumbing,Medium,Open,,314,
TICKET001258,2024-03-23,PROP015,Electrical,Medium,Closed,2024-03-26,3,1075.051443213369
TICKET001259,2024-03-23,PROP013,Structural,Medium,Closed,2024-04-01,9,110.37850972723169
TICKET001260,2024-03-23,PROP023,Landscaping,Medium,Closed,2024-03-30,7,1369.4068729153032
TICKET001261,2024-03-23,PROP024,Structural,Medium,Closed,2024-03-27,4,842.1681407850335
TICKET001262,2024-03-23,PROP020,Electrical,Low,In Progress,,314,
TICKET001263,2024-03-24,PROP002,Structural,High,Closed,2024-03-28,4,1468.3651925361905
TICKET001264,2024-03-24,PROP002,HVAC,Medium,In Progress,,313,
TICKET001265,2024-03-24,PROP016,Structural,Emergency,Closed,2024-03-25,1,1133.929792569331
TICKET001266,2024-03-24,PROP002,Pest Control,Low,Closed,2024-04-07,14,657.5078780550291
TICKET001267,2024-03-24,PROP018,Electrical,Medium,Closed,2024-03-31,7,485.26206954753115
TICKET001268,2024-03-24,PROP004,Landscaping,Medium,In Progress,,313,
TICKET001269,2024-03-24,PROP006,HVAC,Low,Closed,2024-04-06,13,135.5683652259223
TICKET001270,2024-03-24,PROP007,General Maintenance,Medium,Closed,2024-03-27,3,347.74553389187645
TICKET001271,2024-03-24,PROP016,Appliance,Low,Closed,2024-04-11,18,852.2116676226136
TICKET001272,2024-03-24,PROP023,Appliance,Medium,Closed,2024-03-30,6,1020.3275137710765
TICKET001273,2024-03-24,PROP010,Appliance,High,Open,,313,
TICKET001274,2024-03-24,PROP002,General Maintenance,Low,Closed,2024-04-01,8,892.2067759152857
TICKET001275,2024-03-24,PROP007,HVAC,High,Closed,2024-03-26,2,755.7469854123134
TICKET001276,2024-03-24,PROP007,HVAC,Low,Closed,2024-04-03,10,973.5332828046395
TICKET001277,2024-03-24,PROP003,General Maintenance,High,Closed,2024-03-28,4,1067.1544490055935
TICKET001278,2024-03-24,PROP021,General Maintenance,High,Closed,2024-03-27,3,1472.7689111495927
TICKET001279,2024-03-24,PROP001,Landscaping,Medium,Closed,2024-04-02,9,1458.8172631569719
TICKET001280,2024-03-24,PROP017,Electrical,High,Open,,313,
TICKET001281,2024-03-24,PROP017,HVAC,Medium,Closed,2024-04-01,8,1365.6557754920764
TICKET001282,2024-03-24,PROP008,Structural,High,Closed,2024-03-26,2,219.87632052356975
TICKET001283,2024-03-24,PROP013,Pest Control,Medium,Closed,2024-04-02,9,1206.0641778177353
TICKET001284,2024-03-25,PROP007,Plumbing,Low,Closed,2024-03-30,5,417.7719732798169
TICKET001285,2024-03-25,PROP006,Electrical,Medium,Closed,2024-04-02,8,124.59700461053103
TICKET001286,2024-03-25,PROP010,Pest Control,High,Closed,2024-03-27,2,880.8197983940737
TICKET001287,2024-03-25,PROP010,General Maintenance,Low,Closed,2024-04-05,11,576.9180953255499
TICKET001288,2024-03-25,PROP013,Plumbing,Low,Closed,2024-04-12,18,320.3163164126684
TICKET001289,2024-03-25,PROP017,HVAC,Low,Closed,2024-04-03,9,1372.8374005699511
TICKET001290,2024-03-25,PROP006,Plumbing,Low,Closed,2024-04-13,19,1370.5571483875065
TICKET001291,2024-03-25,PROP019,Appliance,Medium,Closed,2024-03-29,4,407.2584354442649
TICKET001292,2024-03-25,PROP006,Appliance,Medium,Pending Parts,,312,
TICKET001293,2024-03-25,PROP007,Plumbing,Low,Closed,2024-04-09,15,1285.7315671144495
TICKET001294,2024-03-25,PROP021,Electrical,Low,Pending Parts,,312,
TICKET001295,2024-03-25,PROP016,Appliance,High,Closed,2024-03-27,2,280.1760870172135
TICKET001296,2024-03-25,PROP017,Appliance,Medium,In Progress,,312,
TICKET001297,2024-03-25,PROP001,Appliance,Low,Closed,2024-03-31,6,1432.0426459958928
TICKET001298,2024-03-25,PROP009,Appliance,High,In Progress,,312,
TICKET001299,2024-03-25,PROP011,Landscaping,Low,Closed,2024-04-11,17,748.2064372093075
TICKET001300,2024-03-25,PROP016,Landscaping,High,Closed,2024-03-29,4,343.6137846158751
TICKET001301,2024-03-25,PROP017,HVAC,High,Closed,2024-03-27,2,822.2465960714862
TICKET001302,2024-03-25,PROP002,Appliance,Medium,Closed,2024-03-30,5,1239.7874632594655
TICKET001303,2024-03-25,PROP002,Plumbing,Low,Closed,2024-04-04,10,293.0762890396802
TICKET001304,2024-03-26,PROP007,Appliance,Low,Closed,2024-04-02,7,1204.6016658897531
TICKET001305,2024-03-26,PROP019,HVAC,Medium,In Progress,,311,
TICKET001306,2024-03-26,PROP005,HVAC,Medium,Closed,2024-04-04,9,57.39266447078728
TICKET001307,2024-03-26,PROP011,General Maintenance,Emergency,Closed,2024-03-26,0,208.55055060457926
TICKET001308,2024-03-26,PROP022,Structural,High,Closed,2024-03-27,1,180.17731440606354
TICKET001309,2024-03-26,PROP017,General Maintenance,Medium,Pending Parts,,311,
TICKET001310,2024-03-26,PROP011,General Maintenance,Low,Closed,2024-04-10,15,1435.5194322671682
TICKET001311,2024-03-26,PROP001,Landscaping,Low,Closed,2024-04-12,17,326.40154555448476
TICKET001312,2024-03-26,PROP016,Electrical,Medium,Closed,2024-03-29,3,762.9905840177948
TICKET001313,2024-03-26,PROP024,Electrical,Low,Closed,2024-04-05,10,1450.1181019012934
TICKET001314,2024-03-26,PROP025,Structural,Low,Closed,2024-04-02,7,1330.2732948627229
TICKET001315,2024-03-26,PROP009,Appliance,Low,Closed,2024-04-10,15,277.6921734945473
TICKET001316,2024-03-26,PROP020,HVAC,High,Closed,2024-03-27,1,1197.6631982118206
TICKET001317,2024-03-26,PROP010,Structural,Emergency,Closed,2024-03-27,1,777.9273659202989
TICKET001318,2024-03-26,PROP017,Appliance,Low,Closed,2024-04-01,6,1102.105851387454
TICKET001319,2024-03-26,PROP001,Structural,Medium,Closed,2024-04-02,7,770.6804153259508
TICKET001320,2024-03-27,PROP012,Appliance,Medium,Closed,2024-03-30,3,601.6982456112014
TICKET001321,2024-03-27,PROP013,Appliance,High,Closed,2024-03-28,1,182.3782109649735
TICKET001322,2024-03-27,PROP004,HVAC,Emergency,Closed,2024-03-27,0,1094.9091594627382
TICKET001323,2024-03-27,PROP025,Pest Control,Medium,Closed,2024-04-03,7,1016.1945486504426
TICKET001324,2024-03-27,PROP013,Electrical,Low,Closed,2024-04-03,7,485.3369065980213
TICKET001325,2024-03-27,PROP023,Pest Control,High,Pending Parts,,310,
TICKET001326,2024-03-27,PROP016,Appliance,Emergency,Closed,2024-03-28,1,1225.2069113519947
TICKET001327,2024-03-27,PROP007,HVAC,High,Closed,2024-03-31,4,240.7234623553652
TICKET001328,2024-03-27,PROP010,Appliance,Medium,Pending Parts,,310,
TICKET001329,2024-03-27,PROP007,Plumbing,Medium,Open,,310,
TICKET001330,2024-03-27,PROP008,HVAC,Medium,Closed,2024-04-01,5,777.646513818522
TICKET001331,2024-03-27,PROP004,Electrical,Low,Closed,2024-04-08,12,930.6841080012709
TICKET001332,2024-03-27,PROP019,Landscaping,Medium,Closed,2024-04-01,5,146.1111795297064
TICKET001333,2024-03-27,PROP016,Plumbing,Low,Closed,2024-04-03,7,1434.9025442970149
TICKET001334,2024-03-27,PROP013,General Maintenance,Low,Closed,2024-04-13,17,1158.7077459329084
TICKET001335,2024-03-27,PROP004,Electrical,Low,Closed,2024-04-09,13,415.2996667893398
TICKET001336,2024-03-27,PROP007,Landscaping,High,Closed,2024-03-31,4,396.17523806389704
TICKET001337,2024-03-27,PROP006,Appliance,High,Closed,2024-03-29,2,1122.8647005315286
TICKET001338,2024-03-27,PROP014,Plumbing,Medium,Closed,2024-04-04,8,1155.1035141106072
TICKET001339,2024-03-27,PROP015,Structural,Medium,Closed,2024-04-01,5,102.76486983124188
TICKET001340,2024-03-28,PROP018,Landscaping,Low,Closed,2024-04-04,7,825.3716875893609
TICKET001341,2024-03-28,PROP011,General Maintenance,Low,In Progress,,309,
TICKET001342,2024-03-28,PROP004,Appliance,Medium,Closed,2024-04-01,4,1346.210766209125
TICKET001343,2024-03-28,PROP006,Appliance,Low,Closed,2024-04-05,8,1059.4022694959294
TICKET001344,2024-03-28,PROP004,HVAC,Low,Closed,2024-04-02,5,1487.9266468239155
TICKET001345,2024-03-28,PROP024,General Maintenance,Medium,Closed,2024-04-02,5,1140.5054664749641
TICKET001346,2024-03-28,PROP001,Electrical,Medium,Closed,2024-04-04,7,1206.7780460671313
TICKET001347,2024-03-28,PROP016,Landscaping,Low,Closed,2024-04-06,9,1432.636532457014
TICKET001348,2024-03-28,PROP006,Pest Control,High,Open,,309,
TICKET001349,2024-03-28,PROP012,Structural,Low,Closed,2024-04-15,18,1003.5527611579324
TICKET001350,2024-03-28,PROP010,Electrical,High,Closed,2024-03-29,1,401.99198995365276
TICKET001351,2024-03-28,PROP014,Electrical,Medium,Closed,2024-04-06,9,622.4339960918165
TICKET001352,2024-03-28,PROP004,Appliance,Medium,Closed,2024-04-04,7,1403.5665529448668
TICKET001353,2024-03-28,PROP003,Plumbing,Medium,Closed,2024-03-31,3,1318.390085572901
TICKET001354,2024-03-28,PROP023,Plumbing,Medium,Closed,2024-04-01,4,586.6148444132203
TICKET001355,2024-03-28,PROP016,Electrical,High,Closed,2024-03-30,2,332.97035443363256
TICKET001356,2024-03-28,PROP016,Appliance,High,In Progress,,309,
TICKET001357,2024-03-28,PROP016,Electrical,Medium,Closed,2024-04-06,9,1352.4126108576702
TICKET001358,2024-03-28,PROP003,General Maintenance,High,In Progress,,309,
TICKET001359,2024-03-28,PROP012,HVAC,Low,Closed,2024-04-14,17,296.056747316749
TICKET001360,2024-03-28,PROP008,Pest Control,Low,Closed,2024-04-09,12,646.9649930227584
TICKET001361,2024-03-28,PROP022,Appliance,High,In Progress,,309,
TICKET001362,2024-03-28,PROP020,Plumbing,Low,Closed,2024-04-16,19,1402.1038688116196
TICKET001363,2024-03-28,PROP014,Appliance,Low,Closed,2024-04-05,8,62.84512826480078
TICKET001364,2024-03-28,PROP020,Plumbing,Low,Closed,2024-04-08,11,1359.7394620170019
TICKET001365,2024-03-28,PROP012,Structural,Low,Closed,2024-04-09,12,98.74233671155696
TICKET001366,2024-03-28,PROP019,General Maintenance,Medium,Closed,2024-04-01,4,684.1284037070587
TICKET001367,2024-03-28,PROP010,Pest Control,Low,Closed,2024-04-06,9,1479.1464888713688
TICKET001368,2024-03-28,PROP016,HVAC,Medium,In Progress,,309,
TICKET001369,2024-03-29,PROP019,Plumbing,Low,Pending Parts,,308,
TICKET001370,2024-03-29,PROP014,HVAC,Medium,Closed,2024-04-05,7,566.0937289501926
TICKET001371,2024-03-29,PROP007,Plumbing,High,Closed,2024-03-31,2,1455.884168298019
TICKET001372,2024-03-29,PROP003,Landscaping,Medium,Closed,2024-04-07,9,141.90809963428717
TICKET001373,2024-03-29,PROP020,HVAC,Medium,Closed,2024-04-04,6,609.6016240966728
TICKET001374,2024-03-29,PROP011,HVAC,Low,Pending Parts,,308,
TICKET001375,2024-03-29,PROP004,Pest Control,Medium,Closed,2024-04-05,7,1100.822172891859
TICKET001376,2024-03-29,PROP021,Appliance,Low,Pending Parts,,308,
TICKET001377,2024-03-29,PROP009,Structural,High,Closed,2024-03-30,1,631.6184981994489
TICKET001378,2024-03-29,PROP015,Landscaping,Low,Closed,2024-04-14,16,1095.845085274496
TICKET001379,2024-03-29,PROP003,Pest Control,Medium,Closed,2024-04-06,8,1378.3217790929941
TICKET001380,2024-03-29,PROP010,Electrical,Medium,Pending Parts,,308,
TICKET001381,2024-03-29,PROP009,Structural,Medium,Closed,2024-04-03,5,661.1698769160135
TICKET001382,2024-03-29,PROP007,Landscaping,Low,Closed,2024-04-11,13,1266.2691857835464
TICKET001383,2024-03-29,PROP018,Electrical,Low,Closed,2024-04-07,9,147.03130694362693
TICKET001384,2024-03-29,PROP023,Pest Control,Low,Closed,2024-04-12,14,1361.6750511388332
TICKET001385,2024-03-29,PROP017,Electrical,Medium,Closed,2024-04-02,4,818.6504767796175
TICKET001386,2024-03-29,PROP024,HVAC,Low,Pending Parts,,308,
TICKET001387,2024-03-30,PROP001,Landscaping,Low,Closed,2024-04-09,10,1081.0265622159181
TICKET001388,2024-03-30,PROP004,Electrical,High,Closed,2024-04-02,3,567.013536978374
TICKET001389,2024-03-30,PROP023,Electrical,Medium,Closed,2024-04-07,8,686.3026002272443
TICKET001390,2024-03-30,PROP004,HVAC,High,Closed,2024-03-31,1,1142.1405862738545
TICKET001391,2024-03-30,PROP012,Appliance,Medium,Closed,2024-04-04,5,1365.1617758279
TICKET001392,2024-03-30,PROP010,Appliance,Medium,Closed,2024-04-04,5,1324.664532980127
TICKET001393,2024-03-30,PROP001,Pest Control,Low,Pending Parts,,307,
TICKET001394,2024-03-30,PROP020,Appliance,Low,Closed,2024-04-05,6,1072.0448255509518
TICKET001395,2024-03-30,PROP002,HVAC,Medium,Closed,2024-04-05,6,124.83766545252439
TICKET001396,2024-03-30,PROP006,HVAC,Low,Closed,2024-04-10,11,987.6325369108309
TICKET001397,2024-03-30,PROP015,Pest Control,High,Closed,2024-04-01,2,69.51092220127308
TICKET001398,2024-03-30,PROP010,Appliance,Low,In Progress,,307,
TICKET001399,2024-03-30,PROP018,Pest Control,Emergency,Closed,2024-03-31,1,490.85974106925164
TICKET001400,2024-03-30,PROP024,Landscaping,Medium,Closed,2024-04-04,5,1102.956107079766
TICKET001401,2024-03-30,PROP010,Electrical,Low,Closed,2024-04-12,13,696.2270521220013
TICKET001402,2024-03-30,PROP013,Pest Control,Low,Pending Parts,,307,
TICKET001403,2024-03-30,PROP020,Electrical,Low,Closed,2024-04-04,5,963.4131144384122
TICKET001404,2024-03-30,PROP004,Landscaping,High,Closed,2024-03-31,1,186.03431815906868
TICKET001405,2024-03-30,PROP006,Structural,Medium,Pending Parts,,307,
TICKET001406,2024-03-30,PROP011,Landscaping,Low,Closed,2024-04-05,6,653.2536450857905
TICKET001407,2024-03-30,PROP021,Electrical,Low,Closed,2024-04-04,5,1031.5224969801488
TICKET001408,2024-03-30,PROP007,Plumbing,Medium,Closed,2024-04-06,7,644.2459277878222
TICKET001409,2024-03-30,PROP014,Plumbing,Low,Closed,2024-04-15,16,552.4935218319748
TICKET001410,2024-03-30,PROP017,Appliance,High,Closed,2024-03-31,1,255.58754007686704
TICKET001411,2024-03-30,PROP018,Landscaping,Low,Closed,2024-04-07,8,1051.1756184830067
TICKET001412,2024-03-30,PROP013,Landscaping,Medium,Closed,2024-04-08,9,114.89961588629211
TICKET001413,2024-03-30,PROP024,Appliance,Low,Closed,2024-04-04,5,728.4801185859278
TICKET001414,2024-03-31,PROP013,Structural,Emergency,Closed,2024-04-01,1,1390.147311231733
TICKET001415,2024-03-31,PROP005,HVAC,High,Closed,2024-04-03,3,293.9365710897178
TICKET001416,2024-03-31,PROP020,Plumbing,Medium,Closed,2024-04-06,6,1298.8109964960488
TICKET001417,2024-03-31,PROP018,Landscaping,Low,Closed,2024-04-06,6,1120.820500816473
TICKET001418,2024-03-31,PROP018,Electrical,Low,Pending Parts,,306,
TICKET001419,2024-03-31,PROP001,General Maintenance,Low,Closed,2024-04-11,11,669.7404854732514
TICKET001420,2024-03-31,PROP012,Landscaping,Low,In Progress,,306,
TICKET001421,2024-03-31,PROP024,HVAC,Medium,Pending Parts,,306,
TICKET001422,2024-03-31,PROP023,Appliance,Low,Closed,2024-04-17,17,444.8733238475396
TICKET001423,2024-03-31,PROP016,HVAC,Medium,Closed,2024-04-09,9,363.7358007151048
TICKET001424,2024-03-31,PROP024,Electrical,Medium,Closed,2024-04-03,3,1361.0092811893908
TICKET001425,2024-03-31,PROP017,HVAC,Low,Closed,2024-04-12,12,835.2535038502164
TICKET001426,2024-03-31,PROP013,Landscaping,Medium,Closed,2024-04-04,4,1204.8717979868509
TICKET001427,2024-03-31,PROP003,Appliance,Low,Closed,2024-04-08,8,935.0470304148278
TICKET001428,2024-03-31,PROP006,Electrical,Medium,Closed,2024-04-06,6,1032.0622704746913
TICKET001429,2024-03-31,PROP007,Electrical,Low,Closed,2024-04-19,19,1130.849913754765
TICKET001430,2024-03-31,PROP021,Appliance,Low,Closed,2024-04-15,15,1269.8418606815649
TICKET001431,2024-03-31,PROP002,Electrical,Low,Closed,2024-04-16,16,583.9797497078646
TICKET001432,2024-03-31,PROP012,Structural,Low,Closed,2024-04-17,17,648.3119086474122
TICKET001433,2024-03-31,PROP022,Pest Control,High,Closed,2024-04-04,4,496.3502944260342
TICKET001434,2024-03-31,PROP023,Plumbing,Low,Closed,2024-04-15,15,963.6783336333098
TICKET001435,2024-03-31,PROP001,Plumbing,High,Closed,2024-04-02,2,326.35935909985454
TICKET001436,2024-03-31,PROP023,Appliance,Low,Closed,2024-04-10,10,1117.6895765340262
TICKET001437,2024-03-31,PROP023,General Maintenance,Medium,Closed,2024-04-03,3,1056.595639140845
TICKET001438,2024-04-01,PROP023,HVAC,High,Closed,2024-04-02,1,381.62244886768474
TICKET001439,2024-04-01,PROP014,Structural,High,Closed,2024-04-04,3,502.8649133191793
TICKET001440,2024-04-01,PROP006,Appliance,Emergency,Closed,2024-04-01,0,431.65283240327415
TICKET001441,2024-04-01,PROP017,Electrical,Medium,Closed,2024-04-05,4,157.9923506241016
TICKET001442,2024-04-01,PROP003,Appliance,Medium,Closed,2024-04-04,3,1352.226139271428
TICKET001443,2024-04-01,PROP019,HVAC,Medium,Closed,2024-04-08,7,238.20971117934295
TICKET001444,2024-04-01,PROP025,Pest Control,Low,Closed,2024-04-07,6,1078.4374468456447
TICKET001445,2024-04-01,PROP019,Electrical,Emergency,Closed,2024-04-02,1,368.88812923541917
TICKET001446,2024-04-01,PROP008,Plumbing,Low,Closed,2024-04-09,8,189.87157351003404
TICKET001447,2024-04-01,PROP025,General Maintenance,Low,Closed,2024-04-19,18,1435.282557060202
TICKET001448,2024-04-01,PROP012,Appliance,Medium,Closed,2024-04-09,8,698.4950068784943
TICKET001449,2024-04-01,PROP016,Pest Control,Medium,Closed,2024-04-06,5,600.8230494045168
TICKET001450,2024-04-01,PROP019,Pest Control,Medium,Closed,2024-04-04,3,1208.4589186022906
TICKET001451,2024-04-01,PROP002,Electrical,Medium,Closed,2024-04-06,5,1047.5752108109486
TICKET001452,2024-04-01,PROP023,HVAC,Medium,Closed,2024-04-09,8,1406.7501841207031
TICKET001453,2024-04-02,PROP024,Appliance,Low,Closed,2024-04-20,18,102.79700629979558
TICKET001454,2024-04-02,PROP021,Structural,Medium,Closed,2024-04-08,6,742.1826630775582
TICKET001455,2024-04-02,PROP015,Pest Control,Low,Closed,2024-04-18,16,1029.5317851367781
TICKET001456,2024-04-02,PROP011,Pest Control,Low,Open,,304,
TICKET001457,2024-04-02,PROP010,General Maintenance,High,Open,,304,
TICKET001458,2024-04-02,PROP014,HVAC,Medium,In Progress,,304,
TICKET001459,2024-04-02,PROP020,Plumbing,Low,Closed,2024-04-14,12,107.8583966874784
TICKET001460,2024-04-02,PROP009,Electrical,Low,Closed,2024-04-10,8,660.5997782628538
TICKET001461,2024-04-02,PROP015,Electrical,Low,Open,,304,
TICKET001462,2024-04-02,PROP008,Pest Control,Medium,Closed,2024-04-09,7,1076.4626113014394
TICKET001463,2024-04-02,PROP001,Pest Control,Medium,Closed,2024-04-06,4,687.7748797912691
TICKET001464,2024-04-02,PROP024,Plumbing,Emergency,Closed,2024-04-02,0,1147.8757426199825
TICKET001465,2024-04-02,PROP020,Structural,Low,Closed,2024-04-21,19,416.36599073003293
TICKET001466,2024-04-02,PROP025,Structural,Emergency,Closed,2024-04-03,1,946.4201960032863
TICKET001467,2024-04-02,PROP013,Landscaping,High,Closed,2024-04-03,1,751.3533349639629
TICKET001468,2024-04-02,PROP009,Structural,Low,Closed,2024-04-08,6,1438.7016508454014
TICKET001469,2024-04-02,PROP025,Appliance,Low,Closed,2024-04-20,18,1283.0874690331464
TICKET001470,2024-04-02,PROP014,Plumbing,Emergency,Closed,2024-04-03,1,872.7358609095684
TICKET001471,2024-04-02,PROP023,HVAC,Medium,Closed,2024-04-10,8,80.78421292726063
TICKET001472,2024-04-02,PROP019,Pest Control,High,Closed,2024-04-06,4,954.3529407902342
TICKET001473,2024-04-02,PROP001,Appliance,Medium,Closed,2024-04-07,5,997.4960449926297
TICKET001474,2024-04-02,PROP022,Structural,High,Closed,2024-04-03,1,286.86694198475834
TICKET001475,2024-04-02,PROP020,Electrical,Low,Closed,2024-04-07,5,815.9787599060413
TICKET001476,2024-04-03,PROP017,Electrical,Medium,Closed,2024-04-09,6,638.6882294935996
TICKET001477,2024-04-03,PROP022,HVAC,Low,Closed,2024-04-22,19,256.0723368149217
TICKET001478,2024-04-03,PROP023,General Maintenance,Medium,In Progress,,303,
TICKET001479,2024-04-03,PROP016,Pest Control,Emergency,Closed,2024-04-04,1,996.7551927672213
TICKET001480,2024-04-03,PROP015,Plumbing,Low,Closed,2024-04-18,15,65.03674257384306
TICKET001481,2024-04-03,PROP006,HVAC,Low,Closed,2024-04-11,8,175.6810311850274
TICKET001482,2024-04-03,PROP014,Electrical,High,Pending Parts,,303,
TICKET001483,2024-04-03,PROP019,Pest Control,Low,Closed,2024-04-22,19,392.481819522195
TICKET001484,2024-04-03,PROP014,Plumbing,Low,Open,,303,
TICKET001485,2024-04-03,PROP007,Structural,Medium,Closed,2024-04-11,8,1395.1129079209345
TICKET001486,2024-04-03,PROP010,Structural,Low,Closed,2024-04-13,10,429.63472534472004
TICKET001487,2024-04-03,PROP007,Landscaping,High,Open,,303,
TICKET001488,2024-04-03,PROP021,Plumbing,Low,Pending Parts,,303,
TICKET001489,2024-04-03,PROP004,Structural,Low,Closed,2024-04-20,17,1078.86215221348
TICKET001490,2024-04-03,PROP022,Landscaping,Low,Closed,2024-04-13,10,1266.867565156754
TICKET001491,2024-04-03,PROP003,Pest Control,Medium,Closed,2024-04-08,5,639.725832909097
TICKET001492,2024-04-03,PROP004,Plumbing,Low,Closed,2024-04-17,14,1428.8631315274959
TICKET001493,2024-04-03,PROP009,Plumbing,Medium,Closed,2024-04-11,8,59.91279487666199
TICKET001494,2024-04-03,PROP005,Structural,High,In Progress,,303,
TICKET001495,2024-04-03,PROP007,General Maintenance,Low,Closed,2024-04-08,5,291.49525218909537
TICKET001496,2024-04-03,PROP018,Electrical,Low,Closed,2024-04-11,8,1334.77874388848
TICKET001497,2024-04-03,PROP005,Landscaping,Low,Open,,303,
TICKET001498,2024-04-03,PROP022,Pest Control,Medium,Closed,2024-04-11,8,1035.2129425915728
TICKET001499,2024-04-03,PROP017,Pest Control,High,In Progress,,303,
TICKET001500,2024-04-04,PROP012,Appliance,Low,Closed,2024-04-12,8,827.4829445082486
TICKET001501,2024-04-04,PROP016,Pest Control,Emergency,Closed,2024-04-04,0,1101.9426491986085
TICKET001502,2024-04-04,PROP021,Landscaping,Medium,Closed,2024-04-13,9,1134.1817116175957
TICKET001503,2024-04-04,PROP020,Pest Control,Medium,Closed,2024-04-12,8,197.60109878920747
TICKET001504,2024-04-04,PROP013,Appliance,High,Closed,2024-04-06,2,1432.5695502633653
TICKET001505,2024-04-04,PROP015,HVAC,Medium,Closed,2024-04-09,5,331.3888387452389
TICKET001506,2024-04-04,PROP015,Structural,Low,In Progress,,302,
TICKET001507,2024-04-04,PROP012,General Maintenance,Emergency,In Progress,,302,
TICKET001508,2024-04-04,PROP004,Pest Control,High,Closed,2024-04-05,1,261.45774521455553
TICKET001509,2024-04-04,PROP002,Pest Control,Low,In Progress,,302,
TICKET001510,2024-04-04,PROP002,HVAC,High,Closed,2024-04-08,4,743.2440904124539
TICKET001511,2024-04-04,PROP007,General Maintenance,Low,Closed,2024-04-14,10,844.7453397746137
TICKET001512,2024-04-04,PROP001,Plumbing,Medium,Closed,2024-04-09,5,1285.630540422437
TICKET001513,2024-04-04,PROP020,Appliance,High,Closed,2024-04-07,3,542.4293006572805
TICKET001514,2024-04-04,PROP001,Electrical,Low,Closed,2024-04-09,5,416.75310926861545
TICKET001515,2024-04-04,PROP024,Pest Control,Low,Closed,2024-04-15,11,1311.2288766784945
TICKET001516,2024-04-04,PROP013,HVAC,High,Closed,2024-04-06,2,234.36159244821295
TICKET001517,2024-04-04,PROP001,General Maintenance,High,Closed,2024-04-06,2,1479.4744526602399
TICKET001518,2024-04-04,PROP013,Structural,Low,Closed,2024-04-22,18,608.1347896133248
TICKET001519,2024-04-04,PROP006,Landscaping,Low,Open,,302,
TICKET001520,2024-04-04,PROP020,Electrical,Low,Closed,2024-04-10,6,750.7086476693675
TICKET001521,2024-04-04,PROP008,Electrical,High,Closed,2024-04-05,1,197.83287754925237
TICKET001522,2024-04-04,PROP007,Landscaping,Low,Closed,2024-04-14,10,490.12750427099985
TICKET001523,2024-04-04,PROP002,Appliance,Low,Closed,2024-04-23,19,840.1431651678288
TICKET001524,2024-04-04,PROP020,Appliance,High,In Progress,,302,
TICKET001525,2024-04-04,PROP025,Plumbing,High,Closed,2024-04-05,1,291.0316708303357
TICKET001526,2024-04-04,PROP011,Pest Control,Medium,Closed,2024-04-07,3,300.1613284775306
TICKET001527,2024-04-04,PROP010,Landscaping,Medium,Closed,2024-04-13,9,188.22247960588084
TICKET001528,2024-04-04,PROP005,Appliance,Low,Open,,302,
TICKET001529,2024-04-04,PROP002,General Maintenance,Low,Closed,2024-04-17,13,395.9692983985647
TICKET001530,2024-04-04,PROP015,Landscaping,Low,Open,,302,
TICKET001531,2024-04-04,PROP009,Structural,Medium,Closed,2024-04-13,9,781.792138574037
TICKET001532,2024-04-05,PROP005,General Maintenance,High,Closed,2024-04-06,1,522.4480504694535
TICKET001533,2024-04-05,PROP015,HVAC,Medium,Closed,2024-04-11,6,579.2705520958482
TICKET001534,2024-04-05,PROP021,HVAC,Medium,Closed,2024-04-13,8,505.7476335064231
TICKET001535,2024-04-05,PROP009,Electrical,Low,Closed,2024-04-20,15,198.0755940259417
TICKET001536,2024-04-05,PROP005,Plumbing,Low,Closed,2024-04-15,10,1341.3112342868224
TICKET001537,2024-04-05,PROP020,HVAC,Medium,Closed,2024-04-09,4,1099.0914705932296
TICKET001538,2024-04-05,PROP014,Structural,High,Pending Parts,,301,
TICKET001539,2024-04-05,PROP025,Structural,Medium,Closed,2024-04-14,9,995.4530749207955
TICKET001540,2024-04-05,PROP018,General Maintenance,Medium,Closed,2024-04-08,3,194.48419375017264
TICKET001541,2024-04-05,PROP016,Plumbing,Medium,In Progress,,301,
TICKET001542,2024-04-05,PROP009,Plumbing,Low,Closed,2024-04-21,16,1044.6729709752012
TICKET001543,2024-04-05,PROP013,General Maintenance,Low,Closed,2024-04-14,9,124.23614907351637
TICKET001544,2024-04-05,PROP007,Landscaping,High,Closed,2024-04-06,1,650.3342323093476
TICKET001545,2024-04-05,PROP022,General Maintenance,High,Closed,2024-04-07,2,51.473360842801355
TICKET001546,2024-04-05,PROP025,Structural,Medium,Closed,2024-04-11,6,751.2094015902115
TICKET001547,2024-04-05,PROP012,Plumbing,Medium,Closed,2024-04-12,7,161.54900782043813
TICKET001548,2024-04-05,PROP010,Structural,Low,Closed,2024-04-13,8,1371.3062323142717
TICKET001549,2024-04-05,PROP025,General Maintenance,High,Closed,2024-04-08,3,90.2506503700128
TICKET001550,2024-04-05,PROP002,Electrical,Medium,Closed,2024-04-11,6,711.8543765859861
TICKET001551,2024-04-06,PROP009,Plumbing,Low,Closed,2024-04-22,16,58.61455421827113
TICKET001552,2024-04-06,PROP004,HVAC,Low,Open,,300,
TICKET001553,2024-04-06,PROP023,General Maintenance,Medium,Closed,2024-04-15,9,373.8186963182488
TICKET001554,2024-04-06,PROP016,Structural,High,Closed,2024-04-10,4,1156.8322554633305
TICKET001555,2024-04-06,PROP004,Landscaping,Low,Closed,2024-04-24,18,1012.0851215347714
TICKET001556,2024-04-06,PROP007,Electrical,Low,Closed,2024-04-25,19,634.3360791832935
TICKET001557,2024-04-06,PROP004,Pest Control,Low,Closed,2024-04-13,7,925.1844221352467
TICKET001558,2024-04-06,PROP014,Plumbing,Medium,Closed,2024-04-11,5,631.9859597281544
TICKET001559,2024-04-06,PROP020,Plumbing,Low,Closed,2024-04-15,9,1427.5867608210076
TICKET001560,2024-04-06,PROP001,Landscaping,Medium,Closed,2024-04-10,4,1331.818750964311
TICKET001561,2024-04-06,PROP005,Landscaping,Medium,Closed,2024-04-14,8,1277.5603680852907
TICKET001562,2024-04-06,PROP004,Appliance,High,Closed,2024-04-09,3,634.3732014130579
TICKET001563,2024-04-06,PROP025,Appliance,Low,Closed,2024-04-17,11,212.50302331210608
TICKET001564,2024-04-06,PROP024,HVAC,Medium,Closed,2024-04-11,5,1239.6907287558336
TICKET001565,2024-04-06,PROP019,Appliance,Low,Closed,2024-04-15,9,506.958068539722
TICKET001566,2024-04-06,PROP014,Appliance,Medium,Open,,300,
TICKET001567,2024-04-06,PROP004,Pest Control,High,Closed,2024-04-08,2,744.175990831998
TICKET001568,2024-04-06,PROP024,Landscaping,Medium,Pending Parts,,300,
TICKET001569,2024-04-06,PROP002,HVAC,Low,Closed,2024-04-24,18,64.44517511621905
TICKET001570,2024-04-06,PROP018,Landscaping,High,Open,,300,
TICKET001571,2024-04-06,PROP019,Appliance,Medium,Closed,2024-04-10,4,958.3184150685458
TICKET001572,2024-04-06,PROP019,Appliance,High,Closed,2024-04-09,3,581.9753661145053
TICKET001573,2024-04-06,PROP020,HVAC,Medium,Closed,2024-04-14,8,671.656209827304
TICKET001574,2024-04-06,PROP023,Electrical,Medium,Closed,2024-04-10,4,561.4827756289665
TICKET001575,2024-04-06,PROP025,Electrical,Medium,Closed,2024-04-12,6,1361.8841043528612
TICKET001576,2024-04-06,PROP019,HVAC,Low,In Progress,,300,
TICKET001577,2024-04-06,PROP006,Pest Control,Medium,Closed,2024-04-12,6,943.9865104341244
TICKET001578,2024-04-06,PROP016,Pest Control,Medium,Closed,2024-04-12,6,876.010338944593
TICKET001579,2024-04-06,PROP020,Structural,Medium,Closed,2024-04-11,5,1273.9230214386598
TICKET001580,2024-04-06,PROP010,Appliance,Medium,Closed,2024-04-14,8,416.4545337469162
TICKET001581,2024-04-06,PROP006,General Maintenance,High,In Progress,,300,
TICKET001582,2024-04-06,PROP011,Pest Control,Low,Closed,2024-04-24,18,435.40457897231664
TICKET001583,2024-04-06,PROP019,General Maintenance,Medium,Closed,2024-04-10,4,800.9100414244215
TICKET001584,2024-04-06,PROP009,General Maintenance,Medium,In Progress,,300,
TICKET001585,2024-04-07,PROP014,Pest Control,Low,Closed,2024-04-20,13,1036.9227690477624
TICKET001586,2024-04-07,PROP005,HVAC,Medium,Closed,2024-04-16,9,353.8413195226666
TICKET001587,2024-04-07,PROP009,HVAC,Low,Closed,2024-04-17,10,1363.8229920286174
TICKET001588,2024-04-07,PROP014,General Maintenance,Medium,Closed,2024-04-16,9,132.2075020074052
TICKET001589,2024-04-07,PROP009,Appliance,Medium,Closed,2024-04-13,6,1296.7060041583804
TICKET001590,2024-04-07,PROP003,HVAC,Low,In Progress,,299,
TICKET001591,2024-04-07,PROP003,HVAC,Low,Closed,2024-04-23,16,363.9036466994434
TICKET001592,2024-04-07,PROP009,HVAC,Medium,Closed,2024-04-13,6,600.9064397164606
TICKET001593,2024-04-07,PROP019,Landscaping,Medium,Closed,2024-04-10,3,943.0442414300737
TICKET001594,2024-04-07,PROP017,Structural,Medium,Closed,2024-04-15,8,326.17448846629384
TICKET001595,2024-04-07,PROP009,Appliance,Low,Closed,2024-04-17,10,754.2809598446014
TICKET001596,2024-04-07,PROP018,Plumbing,Low,Closed,2024-04-15,8,485.72833577408437
TICKET001597,2024-04-07,PROP009,HVAC,Medium,Open,,299,
TICKET001598,2024-04-07,PROP016,General Maintenance,Low,Closed,2024-04-23,16,615.3450555777298
TICKET001599,2024-04-07,PROP019,Appliance,Medium,Closed,2024-04-15,8,383.9630093708867
TICKET001600,2024-04-07,PROP008,Plumbing,Medium,Closed,2024-04-16,9,759.6100789191834
TICKET001601,2024-04-07,PROP020,Plumbing,Low,Closed,2024-04-26,19,1298.9574870930114
TICKET001602,2024-04-07,PROP003,Pest Control,Low,Closed,2024-04-13,6,455.45820414015293
TICKET001603,2024-04-07,PROP006,Pest Control,Low,Closed,2024-04-19,12,426.5810661485633
TICKET001604,2024-04-07,PROP016,HVAC,Low,Closed,2024-04-22,15,924.375607780585
TICKET001605,2024-04-07,PROP024,Plumbing,Low,Closed,2024-04-13,6,1135.671128209599
TICKET001606,2024-04-08,PROP023,HVAC,Low,Closed,2024-04-16,8,1065.4926063976436
TICKET001607,2024-04-08,PROP015,Structural,Low,Closed,2024-04-21,13,88.67034582874348
TICKET001608,2024-04-08,PROP011,HVAC,Low,Closed,2024-04-20,12,706.9623296264319
TICKET001609,2024-04-08,PROP017,Landscaping,High,Closed,2024-04-11,3,1431.2637243225142
TICKET001610,2024-04-08,PROP015,Appliance,Medium,Closed,2024-04-11,3,1233.5003976910166
TICKET001611,2024-04-08,PROP021,Plumbing,Low,Closed,2024-04-19,11,815.8592831690971
TICKET001612,2024-04-08,PROP003,Landscaping,High,Closed,2024-04-12,4,478.24767069981
TICKET001613,2024-04-08,PROP010,Pest Control,Medium,Closed,2024-04-13,5,613.3734890963849
TICKET001614,2024-04-08,PROP020,Appliance,Low,Closed,2024-04-14,6,710.8671235840078
TICKET001615,2024-04-08,PROP008,General Maintenance,High,Closed,2024-04-10,2,915.7391814664952
TICKET001616,2024-04-08,PROP010,Pest Control,Medium,Closed,2024-04-13,5,600.9728150710375
TICKET001617,2024-04-08,PROP013,Appliance,Low,Closed,2024-04-20,12,1338.7516526343106
TICKET001618,2024-04-08,PROP005,Electrical,Low,Open,,298,
TICKET001619,2024-04-08,PROP001,Structural,Low,In Progress,,298,
TICKET001620,2024-04-08,PROP018,Pest Control,Medium,Closed,2024-04-15,7,1067.8722357833688
TICKET001621,2024-04-08,PROP023,Pest Control,Low,Closed,2024-04-24,16,1264.76985814466
TICKET001622,2024-04-08,PROP001,Appliance,Medium,Closed,2024-04-12,4,778.4804922622569
TICKET001623,2024-04-08,PROP017,Plumbing,Medium,Closed,2024-04-11,3,614.6807013937581
TICKET001624,2024-04-08,PROP004,HVAC,Low,Closed,2024-04-26,18,340.72075249334836
TICKET001625,2024-04-08,PROP023,HVAC,Low,In Progress,,298,
TICKET001626,2024-04-08,PROP006,Plumbing,Medium,Closed,2024-04-15,7,210.15347349428282
TICKET001627,2024-04-08,PROP024,General Maintenance,Medium,Closed,2024-04-17,9,366.17197827397786
TICKET001628,2024-04-08,PROP024,HVAC,Low,Open,,298,
TICKET001629,2024-04-08,PROP022,Landscaping,Medium,Closed,2024-04-12,4,254.2855838099288
TICKET001630,2024-04-08,PROP003,Landscaping,Low,Closed,2024-04-21,13,929.6568079043237
TICKET001631,2024-04-08,PROP015,Plumbing,High,Closed,2024-04-11,3,90.66264024080678
TICKET001632,2024-04-08,PROP011,Plumbing,Emergency,Closed,2024-04-08,0,922.566051039126
TICKET001633,2024-04-08,PROP002,Structural,Emergency,Closed,2024-04-08,0,658.1349537103492
TICKET001634,2024-04-08,PROP009,Electrical,Low,Closed,2024-04-15,7,770.2899193812052
TICKET001635,2024-04-09,PROP007,Electrical,Medium,Closed,2024-04-14,5,1086.559323214587
TICKET001636,2024-04-09,PROP002,Landscaping,Medium,Closed,2024-04-16,7,1216.822870901796
TICKET001637,2024-04-09,PROP017,Plumbing,Medium,Closed,2024-04-12,3,704.2859629813149
TICKET001638,2024-04-09,PROP021,Electrical,Low,Closed,2024-04-18,9,1379.5686436457886
TICKET001639,2024-04-09,PROP012,Structural,Medium,Closed,2024-04-14,5,857.9707888789526
TICKET001640,2024-04-09,PROP010,Landscaping,Medium,Closed,2024-04-15,6,1288.7187581828975
TICKET001641,2024-04-09,PROP016,Electrical,High,In Progress,,297,
TICKET001642,2024-04-09,PROP011,Pest Control,Low,Closed,2024-04-26,17,763.1961635587072
TICKET001643,2024-04-09,PROP001,HVAC,Medium,Pending Parts,,297,
TICKET001644,2024-04-09,PROP022,Pest Control,Medium,Closed,2024-04-12,3,864.0527450389887
TICKET001645,2024-04-09,PROP020,Structural,Low,Closed,2024-04-15,6,1439.278269614568
TICKET001646,2024-04-09,PROP007,Plumbing,High,Closed,2024-04-11,2,324.5666192511294
TICKET001647,2024-04-09,PROP003,Structural,Low,Closed,2024-04-24,15,1044.8138421929698
TICKET001648,2024-04-09,PROP010,Pest Control,Medium,Closed,2024-04-15,6,526.4258162986548
TICKET001649,2024-04-09,PROP006,General Maintenance,Medium,Closed,2024-04-14,5,703.4697781702213
TICKET001650,2024-04-09,PROP007,Electrical,High,Closed,2024-04-10,1,589.3351666245485
TICKET001651,2024-04-09,PROP007,Structural,High,Pending Parts,,297,
TICKET001652,2024-04-09,PROP009,Pest Control,Low,In Progress,,297,
TICKET001653,2024-04-09,PROP018,Plumbing,High,Closed,2024-04-13,4,144.61872138685547
TICKET001654,2024-04-09,PROP025,Electrical,Medium,Closed,2024-04-14,5,798.952095895457
TICKET001655,2024-04-09,PROP015,Pest Control,Medium,Pending Parts,,297,
TICKET001656,2024-04-09,PROP001,General Maintenance,Medium,Closed,2024-04-15,6,1262.8221290952947
TICKET001657,2024-04-09,PROP017,Electrical,Medium,Closed,2024-04-14,5,708.6178498381225
TICKET001658,2024-04-09,PROP018,Landscaping,High,Closed,2024-04-10,1,1242.4302647988773
TICKET001659,2024-04-10,PROP021,Structural,Medium,Closed,2024-04-14,4,1126.0614718715765
TICKET001660,2024-04-10,PROP015,Landscaping,Low,Closed,2024-04-22,12,84.65929866777307
TICKET001661,2024-04-10,PROP001,Electrical,High,Closed,2024-04-12,2,1464.916409303695
TICKET001662,2024-04-10,PROP014,HVAC,Medium,Open,,296,
TICKET001663,2024-04-10,PROP002,Appliance,Low,Closed,2024-04-22,12,643.3356038797756
TICKET001664,2024-04-10,PROP018,Pest Control,Medium,Closed,2024-04-15,5,1068.6034118598307
TICKET001665,2024-04-10,PROP019,Structural,Low,Closed,2024-04-18,8,1269.057169565221
TICKET001666,2024-04-10,PROP012,General Maintenance,Low,Closed,2024-04-24,14,294.51629436282406
TICKET001667,2024-04-10,PROP013,General Maintenance,Low,Closed,2024-04-18,8,1015.8678202584232
TICKET001668,2024-04-10,PROP015,Electrical,Low,Closed,2024-04-28,18,628.2826052961215
TICKET001669,2024-04-10,PROP021,Electrical,High,Closed,2024-04-11,1,552.6109413819927
TICKET001670,2024-04-10,PROP011,Pest Control,Medium,Pending Parts,,296,
TICKET001671,2024-04-10,PROP009,General Maintenance,Medium,Pending Parts,,296,
TICKET001672,2024-04-10,PROP023,Pest Control,High,Pending Parts,,296,
TICKET001673,2024-04-10,PROP006,Electrical,High,Closed,2024-04-13,3,1202.7141838551547
TICKET001674,2024-04-10,PROP022,Appliance,Medium,Closed,2024-04-16,6,377.9128356817619
TICKET001675,2024-04-10,PROP023,Pest Control,Low,Closed,2024-04-22,12,139.22370113456338
TICKET001676,2024-04-10,PROP011,Electrical,High,Closed,2024-04-13,3,648.0062515958659
TICKET001677,2024-04-10,PROP022,General Maintenance,Medium,Closed,2024-04-18,8,294.8605421609743
TICKET001678,2024-04-10,PROP010,Appliance,Medium,Closed,2024-04-13,3,825.2783268657679
TICKET001679,2024-04-11,PROP017,Plumbing,Emergency,Closed,2024-04-11,0,1342.3267533876165
TICKET001680,2024-04-11,PROP014,Landscaping,Medium,Closed,2024-04-16,5,1295.568840233591
TICKET001681,2024-04-11,PROP008,General Maintenance,Medium,Closed,2024-04-16,5,67.3451170674997
TICKET001682,2024-04-11,PROP025,Appliance,Low,Closed,2024-04-23,12,187.95710169839177
TICKET001683,2024-04-11,PROP004,Pest Control,Medium,Open,,295,
TICKET001684,2024-04-11,PROP022,HVAC,Medium,Closed,2024-04-14,3,767.5357087355441
TICKET001685,2024-04-11,PROP023,Plumbing,Low,Closed,2024-04-22,11,965.179213645564
TICKET001686,2024-04-11,PROP022,General Maintenance,Medium,Closed,2024-04-19,8,76.67433435922281
TICKET001687,2024-04-11,PROP018,Pest Control,High,Closed,2024-04-15,4,744.0959214721225
TICKET001688,2024-04-11,PROP019,General Maintenance,Low,Closed,2024-04-17,6,716.372597886945
TICKET001689,2024-04-11,PROP001,Structural,Emergency,Closed,2024-04-12,1,113.45936927438191
TICKET001690,2024-04-11,PROP003,Structural,Emergency,Closed,2024-04-12,1,1015.3948634964163
TICKET001691,2024-04-11,PROP011,Pest Control,Medium,Closed,2024-04-16,5,1058.9108142390874
TICKET001692,2024-04-11,PROP009,Landscaping,Medium,Open,,295,
TICKET001693,2024-04-11,PROP006,Plumbing,High,Pending Parts,,295,
TICKET001694,2024-04-11,PROP018,Plumbing,Medium,Closed,2024-04-15,4,149.09902198831486
TICKET001695,2024-04-11,PROP021,HVAC,High,Closed,2024-04-14,3,455.8772727779905
TICKET001696,2024-04-11,PROP002,Appliance,Low,Closed,2024-04-16,5,990.5007946655073
TICKET001697,2024-04-11,PROP007,HVAC,Low,Closed,2024-04-17,6,58.8390622237108
TICKET001698,2024-04-11,PROP017,Electrical,Low,Open,,295,
TICKET001699,2024-04-11,PROP017,General Maintenance,Medium,Closed,2024-04-15,4,532.4014879302557
TICKET001700,2024-04-11,PROP017,HVAC,Low,Open,,295,
TICKET001701,2024-04-11,PROP015,Appliance,Low,In Progress,,295,
TICKET001702,2024-04-11,PROP006,Appliance,Low,Closed,2024-04-28,17,225.45729886387608
TICKET001703,2024-04-11,PROP006,HVAC,Medium,In Progress,,295,
TICKET001704,2024-04-12,PROP022,General Maintenance,Low,Closed,2024-04-25,13,590.940663037944
TICKET001705,2024-04-12,PROP008,HVAC,Medium,Closed,2024-04-21,9,300.13305793308314
TICKET001706,2024-04-12,PROP002,Pest Control,Low,Closed,2024-04-28,16,279.38396443948886
TICKET001707,2024-04-12,PROP019,Plumbing,Low,Closed,2024-04-18,6,464.60906892008234
TICKET001708,2024-04-12,PROP005,Appliance,High,Open,,294,
TICKET001709,2024-04-12,PROP010,Structural,Low,Closed,2024-04-23,11,1013.5757008374452
TICKET001710,2024-04-12,PROP025,Electrical,Low,Closed,2024-04-27,15,896.952979268522
TICKET001711,2024-04-12,PROP015,General Maintenance,Medium,Pending Parts,,294,
TICKET001712,2024-04-12,PROP006,General Maintenance,Low,Closed,2024-04-28,16,978.1611833683554
TICKET001713,2024-04-12,PROP022,Appliance,Medium,Closed,2024-04-17,5,405.5203223625166
TICKET001714,2024-04-12,PROP020,Appliance,Medium,Closed,2024-04-17,5,92.70787794249534
TICKET001715,2024-04-12,PROP002,Plumbing,Emergency,Closed,2024-04-12,0,1447.405270608195
TICKET001716,2024-04-12,PROP012,Appliance,Low,Closed,2024-04-24,12,600.9338613128834
TICKET001717,2024-04-12,PROP013,Landscaping,Medium,Pending Parts,,294,
TICKET001718,2024-04-12,PROP012,General Maintenance,Medium,Closed,2024-04-15,3,363.5440834545518
TICKET001719,2024-04-12,PROP015,Landscaping,Low,Closed,2024-04-25,13,986.5797981803338
TICKET001720,2024-04-12,PROP008,Electrical,Medium,Closed,2024-04-21,9,345.47284352596404
TICKET001721,2024-04-12,PROP016,Electrical,Low,Closed,2024-04-23,11,267.6091267009981
TICKET001722,2024-04-12,PROP007,Structural,Medium,In Progress,,294,
TICKET001723,2024-04-12,PROP021,Plumbing,High,Closed,2024-04-16,4,246.44961678274854
TICKET001724,2024-04-12,PROP012,General Maintenance,Medium,Closed,2024-04-20,8,517.2157096902733
TICKET001725,2024-04-12,PROP013,Electrical,Low,Closed,2024-04-25,13,1428.9681457717768
TICKET001726,2024-04-12,PROP010,Electrical,High,Pending Parts,,294,
TICKET001727,2024-04-12,PROP013,Electrical,Medium,Closed,2024-04-19,7,645.563313581418
TICKET001728,2024-04-12,PROP005,Electrical,Low,Closed,2024-04-21,9,765.8195580517032
TICKET001729,2024-04-12,PROP010,Electrical,Low,Closed,2024-04-27,15,1065.108778810907
TICKET001730,2024-04-12,PROP011,Electrical,Low,In Progress,,294,
TICKET001731,2024-04-12,PROP025,Electrical,Medium,In Progress,,294,
TICKET001732,2024-04-13,PROP013,Appliance,Low,Closed,2024-04-21,8,355.71588711270823
TICKET001733,2024-04-13,PROP022,Electrical,Medium,Closed,2024-04-21,8,1321.21725580156
TICKET001734,2024-04-13,PROP007,HVAC,Emergency,Closed,2024-04-13,0,1220.5060953405368
TICKET001735,2024-04-13,PROP008,Plumbing,High,Closed,2024-04-17,4,416.195239051385
TICKET001736,2024-04-13,PROP004,Landscaping,Medium,Closed,2024-04-16,3,737.349139406196
TICKET001737,2024-04-13,PROP025,Plumbing,High,Closed,2024-04-16,3,270.013100995303
TICKET001738,2024-04-13,PROP012,Structural,Emergency,Closed,2024-04-13,0,1053.3726314581004
TICKET001739,2024-04-13,PROP022,General Maintenance,Medium,Closed,2024-04-17,4,671.0181883304291
TICKET001740,2024-04-13,PROP014,Appliance,Medium,Closed,2024-04-20,7,256.2773076667652
TICKET001741,2024-04-13,PROP013,Pest Control,Medium,Closed,2024-04-22,9,235.5445404034145
TICKET001742,2024-04-13,PROP015,Electrical,Low,Closed,2024-04-22,9,1367.2218981289761
TICKET001743,2024-04-13,PROP002,Structural,Low,Closed,2024-04-23,10,386.1545239462267
TICKET001744,2024-04-13,PROP021,General Maintenance,Low,Closed,2024-04-29,16,1198.8972221308256
TICKET001745,2024-04-13,PROP024,Structural,Low,Closed,2024-04-29,16,940.2190654602954
TICKET001746,2024-04-13,PROP019,Electrical,Low,Closed,2024-04-22,9,1204.041128188045
TICKET001747,2024-04-13,PROP018,Structural,Low,Closed,2024-04-30,17,661.2556497478021
TICKET001748,2024-04-13,PROP014,Structural,Medium,Closed,2024-04-21,8,248.5828493252966
TICKET001749,2024-04-13,PROP016,Landscaping,Low,Closed,2024-04-27,14,656.2752932185673
TICKET001750,2024-04-13,PROP009,Pest Control,High,Closed,2024-04-14,1,881.1648204755791
TICKET001751,2024-04-13,PROP019,Appliance,Medium,In Progress,,293,
TICKET001752,2024-04-13,PROP021,General Maintenance,Low,Closed,2024-04-29,16,436.92925714385063
TICKET001753,2024-04-13,PROP015,Electrical,High,Closed,2024-04-16,3,1022.1862847146236
TICKET001754,2024-04-13,PROP011,Appliance,Low,Closed,2024-05-01,18,1362.8493700001916
TICKET001755,2024-04-13,PROP019,General Maintenance,Low,Closed,2024-04-26,13,1411.3178625965345
TICKET001756,2024-04-13,PROP011,Pest Control,High,Closed,2024-04-14,1,1418.0209629086712
TICKET001757,2024-04-14,PROP010,Structural,Medium,Closed,2024-04-22,8,862.0060338201112
TICKET001758,2024-04-14,PROP008,Appliance,High,Closed,2024-04-16,2,659.6604642232535
TICKET001759,2024-04-14,PROP009,Appliance,Low,Closed,2024-04-24,10,967.7094609261559
TICKET001760,2024-04-14,PROP021,General Maintenance,Low,Closed,2024-04-30,16,1134.2929867755072
TICKET001761,2024-04-14,PROP024,Electrical,High,Closed,2024-04-18,4,234.26833779627043
TICKET001762,2024-04-14,PROP009,Appliance,Low,Closed,2024-04-28,14,1310.1893477890535
TICKET001763,2024-04-14,PROP013,HVAC,Low,Closed,2024-04-21,7,223.08225137733132
TICKET001764,2024-04-14,PROP021,Pest Control,Medium,Open,,292,
TICKET001765,2024-04-14,PROP003,Landscaping,High,Closed,2024-04-18,4,57.59993837344242
TICKET001766,2024-04-14,PROP009,Electrical,Low,Closed,2024-04-19,5,560.5640184109093
TICKET001767,2024-04-14,PROP017,Appliance,Medium,Closed,2024-04-22,8,534.4865336190958
TICKET001768,2024-04-14,PROP023,Pest Control,Medium,Closed,2024-04-22,8,1126.49601316287
TICKET001769,2024-04-14,PROP005,Electrical,Low,Closed,2024-05-02,18,314.05406733916425
TICKET001770,2024-04-14,PROP024,Electrical,Low,Closed,2024-04-23,9,185.6087796741461
TICKET001771,2024-04-14,PROP021,Structural,High,Closed,2024-04-15,1,522.3889266701901
TICKET001772,2024-04-14,PROP010,General Maintenance,Low,Closed,2024-04-20,6,1096.1304168734302
TICKET001773,2024-04-14,PROP003,Landscaping,Low,Closed,2024-04-22,8,1245.6379825771244
TICKET001774,2024-04-14,PROP006,Plumbing,Medium,Closed,2024-04-21,7,1282.834613549917
TICKET001775,2024-04-14,PROP024,Appliance,Medium,Closed,2024-04-22,8,1183.0805522175215
TICKET001776,2024-04-14,PROP013,Plumbing,High,Closed,2024-04-15,1,493.75032123642166
TICKET001777,2024-04-14,PROP005,Structural,Emergency,In Progress,,292,
TICKET001778,2024-04-14,PROP002,Appliance,High,Open,,292,
TICKET001779,2024-04-14,PROP024,Plumbing,High,Closed,2024-04-15,1,1197.1611937224984
TICKET001780,2024-04-15,PROP003,HVAC,Medium,Pending Parts,,291,
TICKET001781,2024-04-15,PROP019,Plumbing,High,Open,,291,
TICKET001782,2024-04-15,PROP008,Pest Control,Medium,Closed,2024-04-23,8,572.8169749894835
TICKET001783,2024-04-15,PROP003,Landscaping,Low,In Progress,,291,
TICKET001784,2024-04-15,PROP012,Electrical,Medium,Closed,2024-04-22,7,1329.4819349667814
TICKET001785,2024-04-15,PROP023,Plumbing,Low,Closed,2024-04-28,13,1136.113677637895
TICKET001786,2024-04-15,PROP010,Electrical,Low,Open,,291,
TICKET001787,2024-04-15,PROP005,Pest Control,Low,Closed,2024-04-21,6,663.8429574006886
TICKET001788,2024-04-15,PROP013,Appliance,Low,Closed,2024-04-23,8,802.3438125399691
TICKET001789,2024-04-15,PROP022,Structural,Low,Pending Parts,,291,
TICKET001790,2024-04-15,PROP003,HVAC,Low,Closed,2024-04-26,11,403.1686958666404
TICKET001791,2024-04-15,PROP001,Plumbing,High,Pending Parts,,291,
TICKET001792,2024-04-15,PROP012,Pest Control,Medium,Closed,2024-04-19,4,997.8684748810703
TICKET001793,2024-04-15,PROP016,Appliance,Emergency,Closed,2024-04-15,0,359.4355642574031
TICKET001794,2024-04-15,PROP020,Structural,Low,Closed,2024-04-23,8,779.5420418373834
TICKET001795,2024-04-15,PROP023,Landscaping,Emergency,Closed,2024-04-16,1,1050.7475871332992
TICKET001796,2024-04-15,PROP015,Pest Control,Medium,Closed,2024-04-21,6,871.3438716712844
TICKET001797,2024-04-15,PROP004,Plumbing,Low,In Progress,,291,
TICKET001798,2024-04-15,PROP025,Plumbing,Low,Closed,2024-04-27,12,1075.1301761838301
TICKET001799,2024-04-15,PROP015,Landscaping,Low,Closed,2024-04-20,5,521.841845563826
TICKET001800,2024-04-15,PROP023,Pest Control,Low,Closed,2024-04-24,9,1135.7587023993963
TICKET001801,2024-04-15,PROP018,Electrical,Low,Closed,2024-05-04,19,265.33519760934496
TICKET001802,2024-04-15,PROP002,Pest Control,Medium,Closed,2024-04-22,7,1422.1770644112523
TICKET001803,2024-04-16,PROP010,HVAC,High,Closed,2024-04-20,4,646.9470555453396
TICKET001804,2024-04-16,PROP014,Landscaping,Low,Closed,2024-05-01,15,200.7314038169396
TICKET001805,2024-04-16,PROP008,Appliance,High,Closed,2024-04-17,1,240.22193578111575
TICKET001806,2024-04-16,PROP003,Plumbing,Medium,Closed,2024-04-24,8,1324.5965430207486
TICKET001807,2024-04-16,PROP005,Electrical,Medium,Closed,2024-04-25,9,635.1090053016286
TICKET001808,2024-04-16,PROP016,HVAC,High,Closed,2024-04-17,1,573.5671757501192
TICKET001809,2024-04-16,PROP020,General Maintenance,Emergency,Open,,290,
TICKET001810,2024-04-16,PROP009,Electrical,Low,Closed,2024-04-25,9,270.92884976357595
TICKET001811,2024-04-16,PROP010,Electrical,Low,In Progress,,290,
TICKET001812,2024-04-16,PROP006,Pest Control,Medium,Closed,2024-04-22,6,735.2269233318924
TICKET001813,2024-04-16,PROP022,Plumbing,High,Open,,290,
TICKET001814,2024-04-16,PROP014,HVAC,Low,Closed,2024-04-29,13,553.5704063577886
TICKET001815,2024-04-16,PROP003,HVAC,Low,Closed,2024-05-03,17,859.4807661618047
TICKET001816,2024-04-16,PROP025,Appliance,Low,Closed,2024-04-25,9,1314.4780478546877
TICKET001817,2024-04-16,PROP021,General Maintenance,High,Closed,2024-04-18,2,1174.1487642695067
TICKET001818,2024-04-16,PROP006,Appliance,Low,Closed,2024-04-30,14,998.3934212125969
TICKET001819,2024-04-16,PROP012,HVAC,Medium,Closed,2024-04-25,9,778.9950508236747
TICKET001820,2024-04-16,PROP012,Structural,Medium,Closed,2024-04-19,3,686.0034193805706
TICKET001821,2024-04-16,PROP013,General Maintenance,Low,Closed,2024-04-21,5,250.97370026035014
TICKET001822,2024-04-16,PROP019,General Maintenance,Low,Closed,2024-04-26,10,1211.638412393194
TICKET001823,2024-04-16,PROP009,Pest Control,Medium,In Progress,,290,
TICKET001824,2024-04-16,PROP008,HVAC,High,Closed,2024-04-18,2,396.77489521361997
TICKET001825,2024-04-16,PROP007,Structural,Low,Open,,290,
TICKET001826,2024-04-16,PROP015,Electrical,High,Closed,2024-04-20,4,954.5786450226074
TICKET001827,2024-04-16,PROP005,General Maintenance,Medium,Closed,2024-04-20,4,1204.7127920159699
TICKET001828,2024-04-16,PROP010,Plumbing,Low,Closed,2024-04-27,11,843.2745437885402
TICKET001829,2024-04-16,PROP008,Electrical,Low,Closed,2024-04-27,11,979.6843846906792
TICKET001830,2024-04-16,PROP010,Pest Control,High,Closed,2024-04-17,1,530.1809069225415
TICKET001831,2024-04-16,PROP013,Plumbing,High,Closed,2024-04-17,1,558.4998946801545
TICKET001832,2024-04-16,PROP018,Electrical,Medium,Closed,2024-04-25,9,174.2991079848624
TICKET001833,2024-04-17,PROP002,Appliance,Emergency,Closed,2024-04-17,0,1231.1142563487938
TICKET001834,2024-04-17,PROP025,HVAC,High,Closed,2024-04-18,1,192.8501214178722
TICKET001835,2024-04-17,PROP006,Pest Control,Low,Closed,2024-05-04,17,1380.5577653941057
TICKET001836,2024-04-17,PROP003,Landscaping,Low,Closed,2024-04-27,10,967.9837819897482
TICKET001837,2024-04-17,PROP022,Landscaping,Low,Closed,2024-05-02,15,786.71712262419
TICKET001838,2024-04-17,PROP019,Pest Control,Medium,Closed,2024-04-23,6,298.98619509476634
TICKET001839,2024-04-17,PROP002,Plumbing,Low,Closed,2024-04-27,10,497.65520902998617
TICKET001840,2024-04-17,PROP008,Plumbing,Medium,Closed,2024-04-21,4,910.9942727042771
TICKET001841,2024-04-17,PROP021,Plumbing,Medium,Closed,2024-04-26,9,190.99505518859345
TICKET001842,2024-04-17,PROP003,Structural,Low,Closed,2024-05-04,17,252.8728972015321
TICKET001843,2024-04-17,PROP025,Electrical,Low,Closed,2024-05-05,18,421.8781519490156
TICKET001844,2024-04-17,PROP013,General Maintenance,Medium,Closed,2024-04-20,3,628.22383491533
TICKET001845,2024-04-17,PROP020,Pest Control,Emergency,Closed,2024-04-17,0,1381.1124624899194
TICKET001846,2024-04-17,PROP001,Appliance,Low,Closed,2024-05-04,17,1376.2046401232565
TICKET001847,2024-04-17,PROP009,Pest Control,Low,Closed,2024-04-24,7,632.959187424983
TICKET001848,2024-04-17,PROP015,Plumbing,Low,Closed,2024-04-29,12,1089.9712240589504
TICKET001849,2024-04-17,PROP013,Structural,Low,Closed,2024-05-06,19,124.03161246181683
TICKET001850,2024-04-17,PROP002,Pest Control,Low,Pending Parts,,289,
TICKET001851,2024-04-17,PROP005,Plumbing,Emergency,Closed,2024-04-18,1,87.23738681421504
TICKET001852,2024-04-18,PROP015,Appliance,High,In Progress,,288,
TICKET001853,2024-04-18,PROP006,Pest Control,Low,Closed,2024-04-24,6,269.5205230674486
TICKET001854,2024-04-18,PROP020,Electrical,Emergency,Closed,2024-04-18,0,760.7925822144439
TICKET001855,2024-04-18,PROP011,Electrical,Medium,Closed,2024-04-25,7,1387.4671006412727
TICKET001856,2024-04-18,PROP007,Pest Control,Medium,Closed,2024-04-27,9,129.9184353223451
TICKET001857,2024-04-18,PROP013,General Maintenance,Low,Closed,2024-04-27,9,153.84419935645315
TICKET001858,2024-04-18,PROP017,Plumbing,Low,Pending Parts,,288,
TICKET001859,2024-04-18,PROP008,Appliance,High,Closed,2024-04-20,2,794.1676791982784
TICKET001860,2024-04-18,PROP004,Pest Control,Emergency,Closed,2024-04-19,1,480.408819030361
TICKET001861,2024-04-18,PROP003,Landscaping,Medium,Closed,2024-04-23,5,86.20798601753947
TICKET001862,2024-04-18,PROP010,General Maintenance,High,Closed,2024-04-20,2,323.7525072479233
TICKET001863,2024-04-18,PROP023,Landscaping,Low,Closed,2024-04-24,6,177.39934595350513
TICKET001864,2024-04-18,PROP025,Pest Control,Medium,Closed,2024-04-21,3,838.249155432416
TICKET001865,2024-04-18,PROP011,Appliance,Medium,Closed,2024-04-23,5,934.070342904357
TICKET001866,2024-04-18,PROP016,General Maintenance,Medium,Closed,2024-04-26,8,430.64715185875724
TICKET001867,2024-04-18,PROP009,Electrical,Emergency,Closed,2024-04-19,1,546.4023002361295
TICKET001868,2024-04-18,PROP023,Electrical,Emergency,Pending Parts,,288,
TICKET001869,2024-04-18,PROP018,General Maintenance,Low,Closed,2024-04-30,12,1275.6995915202044
TICKET001870,2024-04-18,PROP023,Landscaping,Medium,Closed,2024-04-24,6,406.9355670464971
TICKET001871,2024-04-18,PROP013,Structural,Low,Closed,2024-04-24,6,312.7342780757507
TICKET001872,2024-04-18,PROP013,Appliance,Low,Closed,2024-05-03,15,1280.5497974550115
TICKET001873,2024-04-18,PROP013,Pest Control,High,Closed,2024-04-22,4,1486.7270975407184
TICKET001874,2024-04-18,PROP023,HVAC,High,Closed,2024-04-22,4,1274.0588373314704
TICKET001875,2024-04-18,PROP011,General Maintenance,High,Closed,2024-04-20,2,424.29006916868053
TICKET001876,2024-04-18,PROP001,Electrical,Medium,Closed,2024-04-22,4,598.4866013996356
TICKET001877,2024-04-18,PROP007,Pest Control,Medium,In Progress,,288,
TICKET001878,2024-04-19,PROP017,Plumbing,Low,Closed,2024-04-29,10,487.22216211729034
TICKET001879,2024-04-19,PROP010,General Maintenance,High,Closed,2024-04-21,2,312.0642571493046
TICKET001880,2024-04-19,PROP025,HVAC,High,Open,,287,
TICKET001881,2024-04-19,PROP018,Appliance,Medium,Closed,2024-04-28,9,795.6601160860425
TICKET001882,2024-04-19,PROP020,Appliance,Low,Closed,2024-05-07,18,599.5037841767526
TICKET001883,2024-04-19,PROP019,Appliance,High,Closed,2024-04-21,2,1075.0333824148795
TICKET001884,2024-04-19,PROP013,Appliance,Low,Closed,2024-05-03,14,274.6223135328254
TICKET001885,2024-04-19,PROP014,Plumbing,Medium,Open,,287,
TICKET001886,2024-04-19,PROP014,HVAC,Low,Closed,2024-05-05,16,337.2561135952286
TICKET001887,2024-04-19,PROP006,Plumbing,Low,Closed,2024-04-28,9,82.03524952036412
TICKET001888,2024-04-19,PROP002,Electrical,Medium,Closed,2024-04-26,7,842.1146263280885
TICKET001889,2024-04-19,PROP025,HVAC,Low,Closed,2024-05-03,14,905.986705083379
TICKET001890,2024-04-19,PROP018,General Maintenance,Low,Closed,2024-05-01,12,464.46597595436185
TICKET001891,2024-04-19,PROP011,Landscaping,Low,Closed,2024-05-01,12,621.6352664999249
TICKET001892,2024-04-19,PROP011,Electrical,High,Closed,2024-04-21,2,339.3737414189062
TICKET001893,2024-04-19,PROP009,HVAC,Low,Closed,2024-04-25,6,595.9789679439002
TICKET001894,2024-04-19,PROP018,Electrical,Low,Closed,2024-04-29,10,1166.7157073849278
TICKET001895,2024-04-19,PROP003,Appliance,Low,Pending Parts,,287,
TICKET001896,2024-04-19,PROP019,Landscaping,Medium,Closed,2024-04-26,7,979.7779081539162
TICKET001897,2024-04-19,PROP002,General Maintenance,Medium,Closed,2024-04-24,5,835.3102557020139
TICKET001898,2024-04-19,PROP010,Landscaping,Medium,Closed,2024-04-22,3,509.7523961651224
TICKET001899,2024-04-19,PROP020,General Maintenance,Low,Closed,2024-05-01,12,1238.6675019886443
TICKET001900,2024-04-19,PROP025,General Maintenance,Medium,Closed,2024-04-22,3,1344.8587925707595
TICKET001901,2024-04-19,PROP018,Appliance,Medium,Open,,287,
TICKET001902,2024-04-19,PROP023,Electrical,Medium,Closed,2024-04-25,6,420.9105887608162
TICKET001903,2024-04-19,PROP014,Plumbing,Low,Closed,2024-05-07,18,1197.0200561044498
TICKET001904,2024-04-19,PROP003,Pest Control,Low,Closed,2024-04-30,11,403.4427506124202
TICKET001905,2024-04-19,PROP007,Pest Control,Low,Closed,2024-05-07,18,329.4469730225538
TICKET001906,2024-04-19,PROP025,Plumbing,Low,Closed,2024-05-03,14,1072.7762887043177
TICKET001907,2024-04-19,PROP009,HVAC,Low,Closed,2024-05-01,12,177.2813795221279
TICKET001908,2024-04-20,PROP002,Landscaping,Medium,Closed,2024-04-28,8,607.3305516326633
TICKET001909,2024-04-20,PROP010,Electrical,Low,Pending Parts,,286,
TICKET001910,2024-04-20,PROP018,Landscaping,High,Closed,2024-04-22,2,235.682746170968
TICKET001911,2024-04-20,PROP009,Landscaping,Medium,Pending Parts,,286,
TICKET001912,2024-04-20,PROP021,Appliance,Low,Open,,286,
TICKET001913,2024-04-20,PROP008,HVAC,Medium,Closed,2024-04-27,7,500.0948842331019
TICKET001914,2024-04-20,PROP024,Electrical,Low,Closed,2024-05-06,16,167.82470114366498
TICKET001915,2024-04-20,PROP009,Structural,Medium,In Progress,,286,
TICKET001916,2024-04-20,PROP009,General Maintenance,Low,Closed,2024-05-09,19,329.1932917641577
TICKET001917,2024-04-20,PROP009,Plumbing,Low,Closed,2024-05-01,11,1434.8468990811716
TICKET001918,2024-04-20,PROP005,Electrical,High,In Progress,,286,
TICKET001919,2024-04-20,PROP002,Appliance,Medium,Closed,2024-04-29,9,948.466039411901
TICKET001920,2024-04-20,PROP022,HVAC,High,Closed,2024-04-24,4,696.1110890749078
TICKET001921,2024-04-20,PROP015,HVAC,Medium,Closed,2024-04-29,9,822.4758208379633
TICKET001922,2024-04-20,PROP011,Pest Control,Low,Closed,2024-04-30,10,1431.4523018881475
TICKET001923,2024-04-20,PROP024,Structural,Low,Closed,2024-04-28,8,1353.0990778311989
TICKET001924,2024-04-20,PROP021,Appliance,Low,Closed,2024-05-07,17,53.13215097980262
TICKET001925,2024-04-20,PROP005,Landscaping,Low,Closed,2024-05-06,16,860.5861989307762
TICKET001926,2024-04-20,PROP005,HVAC,High,Closed,2024-04-22,2,1229.109736668116
TICKET001927,2024-04-20,PROP019,Appliance,Low,Closed,2024-05-05,15,1087.8907805947435
TICKET001928,2024-04-20,PROP010,Electrical,Medium,Closed,2024-04-23,3,1175.8409807421888
TICKET001929,2024-04-20,PROP010,Pest Control,Low,Closed,2024-04-30,10,271.93198999355013
TICKET001930,2024-04-20,PROP014,Appliance,Medium,Closed,2024-04-24,4,67.50055352468905
TICKET001931,2024-04-21,PROP013,Appliance,Medium,Closed,2024-04-30,9,1161.0433171316718
TICKET001932,2024-04-21,PROP012,Appliance,Low,Closed,2024-05-05,14,998.1905105976053
TICKET001933,2024-04-21,PROP016,Electrical,High,Pending Parts,,285,
TICKET001934,2024-04-21,PROP021,Appliance,Medium,Closed,2024-04-29,8,719.6597519232349
TICKET001935,2024-04-21,PROP023,Electrical,Low,Closed,2024-05-03,12,266.65577652134266
TICKET001936,2024-04-21,PROP003,Plumbing,High,Pending Parts,,285,
TICKET001937,2024-04-21,PROP022,Landscaping,Low,Closed,2024-04-30,9,1186.7534928279058
TICKET001938,2024-04-21,PROP015,Landscaping,Low,Closed,2024-05-10,19,975.950497839956
TICKET001939,2024-04-21,PROP011,HVAC,Low,Closed,2024-05-10,19,975.0164206802684
TICKET001940,2024-04-21,PROP005,Plumbing,Medium,Closed,2024-04-30,9,800.721457916546
TICKET001941,2024-04-21,PROP015,Landscaping,Low,Closed,2024-04-29,8,825.5689834708302
TICKET001942,2024-04-21,PROP004,Pest Control,High,Closed,2024-04-25,4,903.9003331963494
TICKET001943,2024-04-21,PROP014,Appliance,High,Closed,2024-04-22,1,929.8168601756545
TICKET001944,2024-04-21,PROP015,Plumbing,Medium,Closed,2024-04-28,7,141.9830114999072
TICKET001945,2024-04-21,PROP004,HVAC,Emergency,Closed,2024-04-22,1,1261.2809644300937
TICKET001946,2024-04-21,PROP011,HVAC,Medium,Closed,2024-04-27,6,1349.0917068058802
TICKET001947,2024-04-21,PROP012,General Maintenance,Medium,Closed,2024-04-27,6,1115.5079721014301
TICKET001948,2024-04-21,PROP007,Electrical,Low,Closed,2024-04-27,6,1028.2199437350246
TICKET001949,2024-04-21,PROP025,Landscaping,High,Closed,2024-04-24,3,492.16453230409576
TICKET001950,2024-04-21,PROP002,Electrical,Low,Pending Parts,,285,
TICKET001951,2024-04-22,PROP018,General Maintenance,Low,Closed,2024-05-10,18,501.7361587354571
TICKET001952,2024-04-22,PROP020,HVAC,Medium,Closed,2024-05-01,9,663.6548700042173
TICKET001953,2024-04-22,PROP017,Structural,Medium,Closed,2024-04-30,8,404.9866035299472
TICKET001954,2024-04-22,PROP019,General Maintenance,Medium,Closed,2024-05-01,9,59.76756300721542
TICKET001955,2024-04-22,PROP005,Pest Control,Low,Closed,2024-05-08,16,1096.541945454058
TICKET001956,2024-04-22,PROP013,Landscaping,High,Open,,284,
TICKET001957,2024-04-22,PROP004,Appliance,Low,Pending Parts,,284,
TICKET001958,2024-04-22,PROP012,Plumbing,Emergency,Closed,2024-04-22,0,1162.3590313566363
TICKET001959,2024-04-22,PROP001,Landscaping,Low,Closed,2024-05-06,14,78.06734260587193
TICKET001960,2024-04-22,PROP019,Structural,Medium,Closed,2024-04-28,6,837.3336011456814
TICKET001961,2024-04-22,PROP019,General Maintenance,Emergency,Closed,2024-04-22,0,944.2923242249868
TICKET001962,2024-04-22,PROP006,Landscaping,Low,Closed,2024-04-30,8,1025.8512084451836
TICKET001963,2024-04-22,PROP003,General Maintenance,Medium,Closed,2024-04-27,5,792.0378302912264
TICKET001964,2024-04-22,PROP012,Electrical,Low,Closed,2024-05-07,15,870.6947106889039
TICKET001965,2024-04-22,PROP014,Pest Control,Low,Closed,2024-05-11,19,692.6556607828278
TICKET001966,2024-04-22,PROP006,Plumbing,High,Closed,2024-04-24,2,964.2844565864089
TICKET001967,2024-04-23,PROP023,Structural,High,Closed,2024-04-26,3,740.4259083873377
TICKET001968,2024-04-23,PROP007,Pest Control,Medium,Closed,2024-05-02,9,103.70525659184248
TICKET001969,2024-04-23,PROP025,Landscaping,Low,Closed,2024-05-03,10,1002.8051115513797
TICKET001970,2024-04-23,PROP003,Pest Control,High,Closed,2024-04-25,2,609.3341591135802
TICKET001971,2024-04-23,PROP002,Plumbing,Low,Pending Parts,,283,
TICKET001972,2024-04-23,PROP002,General Maintenance,Medium,Pending Parts,,283,
TICKET001973,2024-04-23,PROP006,Pest Control,Low,Closed,2024-04-30,7,92.59007225596798
TICKET001974,2024-04-23,PROP008,Appliance,Medium,Closed,2024-05-02,9,502.9630937182073
TICKET001975,2024-04-23,PROP015,Appliance,Medium,Open,,283,
TICKET001976,2024-04-23,PROP011,Pest Control,Low,Closed,2024-05-09,16,845.0586829848833
TICKET001977,2024-04-23,PROP013,General Maintenance,Low,Closed,2024-05-07,14,838.0644370238119
TICKET001978,2024-04-23,PROP012,General Maintenance,High,Closed,2024-04-27,4,355.32079548047733
TICKET001979,2024-04-23,PROP012,Appliance,Low,Closed,2024-05-06,13,398.7306042229094
TICKET001980,2024-04-23,PROP009,Appliance,High,Closed,2024-04-24,1,845.0554759222048
TICKET001981,2024-04-23,PROP012,Landscaping,High,Closed,2024-04-26,3,603.2283424840683
TICKET001982,2024-04-24,PROP019,Pest Control,Medium,Closed,2024-05-02,8,1475.7011201849555
TICKET001983,2024-04-24,PROP021,Electrical,Low,Closed,2024-05-03,9,840.2243072321961
TICKET001984,2024-04-24,PROP016,HVAC,Low,Closed,2024-05-01,7,1422.7281322430147
TICKET001985,2024-04-24,PROP013,General Maintenance,Low,Closed,2024-05-03,9,1061.111592111777
TICKET001986,2024-04-24,PROP001,Plumbing,High,Closed,2024-04-26,2,1201.6739959425622
TICKET001987,2024-04-24,PROP013,Electrical,Low,Closed,2024-05-10,16,621.2710454782973
TICKET001988,2024-04-24,PROP007,Structural,Medium,In Progress,,282,
TICKET001989,2024-04-24,PROP018,Pest Control,Medium,Open,,282,
TICKET001990,2024-04-24,PROP009,Pest Control,Low,Open,,282,
TICKET001991,2024-04-24,PROP003,Plumbing,Low,Closed,2024-05-11,17,296.63441260559586
TICKET001992,2024-04-24,PROP021,Plumbing,High,Closed,2024-04-25,1,1338.1416992841375
TICKET001993,2024-04-24,PROP014,HVAC,Low,Closed,2024-05-12,18,610.5093446289653
TICKET001994,2024-04-24,PROP022,Structural,Medium,Closed,2024-04-29,5,338.2802653160671
TICKET001995,2024-04-24,PROP015,Electrical,Medium,Closed,2024-05-01,7,1186.3741714190212
TICKET001996,2024-04-24,PROP018,General Maintenance,Medium,Open,,282,
TICKET001997,2024-04-24,PROP013,HVAC,Low,Closed,2024-05-05,11,797.577392067136
TICKET001998,2024-04-24,PROP021,Pest Control,Low,Open,,282,
TICKET001999,2024-04-24,PROP020,Electrical,Medium,In Progress,,282,
TICKET002000,2024-04-24,PROP005,Plumbing,Low,Closed,2024-05-03,9,320.30964634991005
TICKET002001,2024-04-24,PROP013,General Maintenance,Low,Closed,2024-04-29,5,1207.9779927988413
TICKET002002,2024-04-24,PROP020,Electrical,Low,Closed,2024-05-10,16,256.6910027600163
TICKET002003,2024-04-24,PROP025,Structural,Low,Closed,2024-04-30,6,1147.5491281142595
TICKET002004,2024-04-24,PROP004,Electrical,High,Closed,2024-04-26,2,197.0039336733129
TICKET002005,2024-04-24,PROP009,General Maintenance,Low,Open,,282,
TICKET002006,2024-04-24,PROP011,Pest Control,Medium,Closed,2024-04-27,3,1087.7043714191443
TICKET002007,2024-04-24,PROP005,Appliance,Medium,Closed,2024-04-27,3,1298.2984006457834
TICKET002008,2024-04-24,PROP007,General Maintenance,High,Closed,2024-04-27,3,845.5688029917817
TICKET002009,2024-04-24,PROP003,Appliance,Low,Closed,2024-05-10,16,272.7825230823471
TICKET002010,2024-04-24,PROP021,Appliance,Low,Closed,2024-05-09,15,265.47451599330884
TICKET002011,2024-04-24,PROP021,Electrical,Medium,Closed,2024-04-29,5,600.3957153679252
TICKET002012,2024-04-25,PROP012,Structural,Medium,Closed,2024-05-04,9,1213.7683604468089
TICKET002013,2024-04-25,PROP003,Plumbing,Low,Pending Parts,,281,
TICKET002014,2024-04-25,PROP019,Structural,Medium,Closed,2024-05-02,7,869.1840308720521
TICKET002015,2024-04-25,PROP003,Electrical,High,Closed,2024-04-28,3,1198.5525148564354
TICKET002016,2024-04-25,PROP013,Pest Control,Low,Closed,2024-05-06,11,1189.9857993052422
TICKET002017,2024-04-25,PROP025,Pest Control,Low,Open,,281,
TICKET002018,2024-04-25,PROP010,Plumbing,Medium,Closed,2024-05-01,6,91.91948063083699
TICKET002019,2024-04-25,PROP019,General Maintenance,Medium,Closed,2024-05-04,9,411.5891340199352
TICKET002020,2024-04-25,PROP015,Structural,Medium,Closed,2024-04-29,4,661.7032957833159
TICKET002021,2024-04-25,PROP022,Electrical,Medium,Closed,2024-05-03,8,872.0870896325625
TICKET002022,2024-04-25,PROP016,Electrical,High,Closed,2024-04-28,3,529.2659402961636
TICKET002023,2024-04-25,PROP012,Landscaping,Low,Closed,2024-05-05,10,1461.4609005064522
TICKET002024,2024-04-25,PROP004,Landscaping,Medium,Closed,2024-05-04,9,761.6592209929644
TICKET002025,2024-04-25,PROP010,Pest Control,Low,Closed,2024-04-30,5,910.3637725530862
TICKET002026,2024-04-25,PROP011,Electrical,High,Closed,2024-04-29,4,956.189403380231
TICKET002027,2024-04-25,PROP011,Plumbing,Medium,Closed,2024-05-04,9,845.4520410969185
TICKET002028,2024-04-26,PROP021,Appliance,High,Pending Parts,,280,
TICKET002029,2024-04-26,PROP003,General Maintenance,High,Closed,2024-04-27,1,968.6534156325278
TICKET002030,2024-04-26,PROP010,Plumbing,High,Closed,2024-04-29,3,376.8338516740907
TICKET002031,2024-04-26,PROP007,Plumbing,High,Closed,2024-04-27,1,674.0732239677579
TICKET002032,2024-04-26,PROP010,HVAC,Medium,Open,,280,
TICKET002033,2024-04-26,PROP011,Electrical,Medium,Closed,2024-05-03,7,557.4335518875826
TICKET002034,2024-04-26,PROP001,Plumbing,High,Closed,2024-04-28,2,658.9423077279788
TICKET002035,2024-04-26,PROP024,Plumbing,Medium,Closed,2024-04-30,4,140.26838129542872
TICKET002036,2024-04-26,PROP009,HVAC,Medium,Closed,2024-05-02,6,1234.697889469487
TICKET002037,2024-04-26,PROP010,Structural,Low,Closed,2024-05-12,16,1235.3235860278298
TICKET002038,2024-04-26,PROP020,Electrical,Low,Open,,280,
TICKET002039,2024-04-26,PROP019,Electrical,High,Closed,2024-04-30,4,340.37620584993994
TICKET002040,2024-04-26,PROP015,Electrical,Low,Closed,2024-05-04,8,232.78851066422672
TICKET002041,2024-04-26,PROP019,Pest Control,Medium,Open,,280,
TICKET002042,2024-04-26,PROP019,HVAC,High,Closed,2024-04-30,4,1300.3975427045962
TICKET002043,2024-04-26,PROP023,Appliance,Low,Closed,2024-05-09,13,277.5819673888732
TICKET002044,2024-04-26,PROP005,HVAC,High,Closed,2024-04-29,3,1077.9541586007692
TICKET002045,2024-04-26,PROP021,Landscaping,Medium,In Progress,,280,
TICKET002046,2024-04-26,PROP011,General Maintenance,Low,In Progress,,280,
TICKET002047,2024-04-26,PROP011,Structural,Low,Closed,2024-05-07,11,1275.5872580876567
TICKET002048,2024-04-26,PROP009,Plumbing,Low,Closed,2024-05-09,13,521.9315626977709
TICKET002049,2024-04-26,PROP014,HVAC,Low,Closed,2024-05-05,9,348.3852331049216
TICKET002050,2024-04-26,PROP014,HVAC,Low,Closed,2024-05-03,7,1181.4314988046294
TICKET002051,2024-04-26,PROP013,Electrical,High,Closed,2024-04-30,4,1180.4795487250335
TICKET002052,2024-04-26,PROP010,HVAC,Medium,Closed,2024-05-03,7,1249.0401347411023
TICKET002053,2024-04-26,PROP012,Pest Control,Medium,Closed,2024-05-05,9,1463.9538782357365
TICKET002054,2024-04-26,PROP005,Plumbing,High,Closed,2024-04-30,4,397.15384064740425
TICKET002055,2024-04-27,PROP024,Electrical,Low,Closed,2024-05-08,11,84.14499253479259
TICKET002056,2024-04-27,PROP006,General Maintenance,Medium,Pending Parts,,279,
TICKET002057,2024-04-27,PROP004,Appliance,Emergency,Closed,2024-04-27,0,1375.5849772134861
TICKET002058,2024-04-27,PROP013,Landscaping,Medium,Closed,2024-05-05,8,1236.2230156214794
TICKET002059,2024-04-27,PROP004,Structural,Low,Closed,2024-05-11,14,646.1594566332307
TICKET002060,2024-04-27,PROP011,Plumbing,Medium,Closed,2024-05-05,8,125.6632406266205
TICKET002061,2024-04-27,PROP016,Pest Control,Low,In Progress,,279,
TICKET002062,2024-04-27,PROP022,Appliance,High,Pending Parts,,279,
TICKET002063,2024-04-27,PROP021,Pest Control,Emergency,Closed,2024-04-27,0,303.8861446319164
TICKET002064,2024-04-27,PROP007,HVAC,High,Closed,2024-04-30,3,434.55997431141816
TICKET002065,2024-04-27,PROP001,Electrical,Low,Closed,2024-05-11,14,426.7100226732386
TICKET002066,2024-04-27,PROP001,HVAC,Medium,Closed,2024-05-03,6,1412.0116293213732
TICKET002067,2024-04-27,PROP025,Structural,Low,Closed,2024-05-12,15,555.5784186860199
TICKET002068,2024-04-27,PROP019,Electrical,High,Closed,2024-05-01,4,972.02064772281
TICKET002069,2024-04-27,PROP004,Pest Control,Medium,Closed,2024-04-30,3,848.1359217039103
TICKET002070,2024-04-27,PROP002,Electrical,Medium,Closed,2024-05-05,8,834.743543821904
TICKET002071,2024-04-27,PROP005,Landscaping,Medium,Closed,2024-05-01,4,962.3956446697518
TICKET002072,2024-04-28,PROP023,HVAC,Medium,Closed,2024-05-04,6,504.2739047986547
TICKET002073,2024-04-28,PROP019,Plumbing,Medium,Closed,2024-05-04,6,1068.691621969881
TICKET002074,2024-04-28,PROP004,Appliance,Low,Closed,2024-05-07,9,420.43476272933424
TICKET002075,2024-04-28,PROP008,Landscaping,Medium,Closed,2024-05-07,9,863.8659724950229
TICKET002076,2024-04-28,PROP017,Pest Control,High,Closed,2024-05-02,4,1369.1569082443255
TICKET002077,2024-04-28,PROP023,Structural,Emergency,Closed,2024-04-28,0,648.0638779395077
TICKET002078,2024-04-28,PROP017,Landscaping,Medium,Closed,2024-05-01,3,1011.2896313470701
TICKET002079,2024-04-28,PROP012,Plumbing,Low,Closed,2024-05-08,10,716.3596883768813
TICKET002080,2024-04-28,PROP018,Electrical,Medium,Closed,2024-05-07,9,1130.9896989224837
TICKET002081,2024-04-28,PROP014,Landscaping,High,Closed,2024-05-02,4,916.6173714281019
TICKET002082,2024-04-28,PROP022,Landscaping,High,Closed,2024-04-29,1,654.9946030774283
TICKET002083,2024-04-28,PROP010,Pest Control,Low,Closed,2024-05-04,6,913.644085721075
TICKET002084,2024-04-28,PROP001,Plumbing,Low,Closed,2024-05-05,7,80.75167341555216
TICKET002085,2024-04-28,PROP001,Pest Control,Medium,Closed,2024-05-03,5,504.96532780233
TICKET002086,2024-04-28,PROP009,Plumbing,Medium,Closed,2024-05-07,9,1494.100190552161
TICKET002087,2024-04-29,PROP005,Pest Control,Low,Closed,2024-05-13,14,566.9715821478167
TICKET002088,2024-04-29,PROP013,Pest Control,Low,Closed,2024-05-11,12,710.6441147211307
TICKET002089,2024-04-29,PROP002,Electrical,Low,Closed,2024-05-18,19,1183.020183825145
TICKET002090,2024-04-29,PROP024,Appliance,Low,Closed,2024-05-07,8,165.29719103840011
TICKET002091,2024-04-29,PROP002,HVAC,Low,Closed,2024-05-13,14,768.938490886562
TICKET002092,2024-04-29,PROP024,HVAC,High,Closed,2024-05-03,4,879.0261206791203
TICKET002093,2024-04-29,PROP018,General Maintenance,Low,Open,,277,
TICKET002094,2024-04-29,PROP019,Plumbing,Medium,Closed,2024-05-06,7,622.2662663175191
TICKET002095,2024-04-29,PROP018,Landscaping,Medium,Closed,2024-05-08,9,366.2165219416392
TICKET002096,2024-04-29,PROP021,Appliance,High,Closed,2024-04-30,1,82.24792142174526
TICKET002097,2024-04-29,PROP018,Plumbing,Low,Closed,2024-05-18,19,317.7169178826229
TICKET002098,2024-04-29,PROP024,Plumbing,Low,Closed,2024-05-05,6,740.1753420065263
TICKET002099,2024-04-29,PROP015,Pest Control,Medium,Closed,2024-05-06,7,1269.2300779043187
TICKET002100,2024-04-29,PROP020,Landscaping,Medium,Closed,2024-05-04,5,1285.6176212376317
TICKET002101,2024-04-29,PROP017,Structural,Low,Closed,2024-05-05,6,858.988745972763
TICKET002102,2024-04-29,PROP020,Pest Control,Low,Closed,2024-05-07,8,1127.5873245369953
TICKET002103,2024-04-29,PROP024,Appliance,Low,Closed,2024-05-05,6,428.5751620661558
TICKET002104,2024-04-29,PROP014,Electrical,High,Closed,2024-05-03,4,478.46824972556715
TICKET002105,2024-04-29,PROP007,General Maintenance,High,In Progress,,277,
TICKET002106,2024-04-29,PROP001,General Maintenance,Medium,Closed,2024-05-03,4,285.31016082398605
TICKET002107,2024-04-29,PROP024,Structural,Emergency,Closed,2024-04-30,1,372.1885944316234
TICKET002108,2024-04-29,PROP003,Pest Control,High,Closed,2024-04-30,1,1415.2616150307954
TICKET002109,2024-04-29,PROP011,Appliance,Medium,Closed,2024-05-03,4,643.0128715001325
TICKET002110,2024-04-29,PROP021,Landscaping,Medium,Closed,2024-05-03,4,945.4135888821125
TICKET002111,2024-04-29,PROP013,Structural,Low,Closed,2024-05-09,10,908.0904012932184
TICKET002112,2024-04-29,PROP016,Electrical,Low,Closed,2024-05-11,12,1389.0876058689955
TICKET002113,2024-04-29,PROP006,Structural,High,Closed,2024-04-30,1,532.6778285328062
TICKET002114,2024-04-30,PROP003,Appliance,Medium,Closed,2024-05-09,9,1280.0910424485398
TICKET002115,2024-04-30,PROP014,Electrical,Emergency,Closed,2024-05-01,1,1204.9178554504426
TICKET002116,2024-04-30,PROP007,Pest Control,Medium,Closed,2024-05-07,7,297.0891724440097
TICKET002117,2024-04-30,PROP009,Landscaping,High,Closed,2024-05-02,2,317.2812442906425
TICKET002118,2024-04-30,PROP019,Landscaping,Low,Pending Parts,,276,
TICKET002119,2024-04-30,PROP011,Electrical,Medium,Closed,2024-05-06,6,1217.9135690928126
TICKET002120,2024-04-30,PROP020,Plumbing,Medium,Closed,2024-05-08,8,613.0439045651854
TICKET002121,2024-04-30,PROP012,Plumbing,Emergency,Pending Parts,,276,
TICKET002122,2024-04-30,PROP016,Electrical,Medium,Closed,2024-05-07,7,359.96323006123043
TICKET002123,2024-04-30,PROP011,Appliance,Low,Closed,2024-05-09,9,261.6401810008742
TICKET002124,2024-04-30,PROP003,General Maintenance,Low,Open,,276,
TICKET002125,2024-04-30,PROP006,General Maintenance,Low,Closed,2024-05-13,13,739.8370559090724
TICKET002126,2024-04-30,PROP011,Plumbing,Low,Closed,2024-05-14,14,113.89772215879961
TICKET002127,2024-04-30,PROP022,Landscaping,Low,Closed,2024-05-07,7,580.9363682936211
TICKET002128,2024-04-30,PROP008,Plumbing,Low,Closed,2024-05-07,7,362.7899826998817
TICKET002129,2024-04-30,PROP019,General Maintenance,Medium,Closed,2024-05-09,9,591.8718689398097
TICKET002130,2024-04-30,PROP018,Electrical,Low,Open,,276,
TICKET002131,2024-04-30,PROP010,Appliance,Low,Closed,2024-05-19,19,1047.7821251969262
TICKET002132,2024-05-01,PROP001,Plumbing,Low,In Progress,,275,
TICKET002133,2024-05-01,PROP020,General Maintenance,Low,Closed,2024-05-07,6,204.56022483111798
TICKET002134,2024-05-01,PROP003,Pest Control,Medium,Closed,2024-05-04,3,303.03690949849846
TICKET002135,2024-05-01,PROP011,Electrical,High,Closed,2024-05-04,3,1046.5742938213814
TICKET002136,2024-05-01,PROP015,Structural,Medium,Closed,2024-05-08,7,677.2522475198739
TICKET002137,2024-05-01,PROP004,Plumbing,High,Closed,2024-05-05,4,886.4983605116089
TICKET002138,2024-05-01,PROP018,Structural,Medium,Closed,2024-05-08,7,584.5735060769163
TICKET002139,2024-05-01,PROP003,Electrical,Medium,Closed,2024-05-08,7,86.00819406466596
TICKET002140,2024-05-01,PROP020,Appliance,Low,Closed,2024-05-11,10,1417.8577759921925
TICKET002141,2024-05-01,PROP008,HVAC,High,Closed,2024-05-04,3,1456.3148915851896
TICKET002142,2024-05-01,PROP012,Pest Control,High,Closed,2024-05-05,4,1113.062378490161
TICKET002143,2024-05-01,PROP005,Electrical,Medium,Closed,2024-05-06,5,473.8268789531044
TICKET002144,2024-05-01,PROP006,Landscaping,Low,Closed,2024-05-11,10,855.4269722283644
TICKET002145,2024-05-01,PROP006,Landscaping,High,Closed,2024-05-05,4,360.7114645816596
TICKET002146,2024-05-01,PROP020,Electrical,Low,Closed,2024-05-19,18,431.9226501216112
TICKET002147,2024-05-01,PROP005,General Maintenance,Low,Pending Parts,,275,
TICKET002148,2024-05-01,PROP015,Plumbing,High,Closed,2024-05-04,3,825.1812918621366
TICKET002149,2024-05-01,PROP015,Electrical,Low,Closed,2024-05-10,9,1113.5774401993988
TICKET002150,2024-05-01,PROP001,Structural,Medium,Closed,2024-05-08,7,1128.9891327345342
TICKET002151,2024-05-01,PROP024,Electrical,High,Closed,2024-05-02,1,191.95447415651986
TICKET002152,2024-05-01,PROP003,Electrical,Low,In Progress,,275,
TICKET002153,2024-05-01,PROP007,Electrical,Low,Open,,275,
TICKET002154,2024-05-01,PROP020,Appliance,Low,Closed,2024-05-17,16,819.2917571205988
TICKET002155,2024-05-01,PROP014,General Maintenance,High,Closed,2024-05-03,2,140.3146255904918
TICKET002156,2024-05-01,PROP024,Structural,Medium,Closed,2024-05-07,6,458.9662662097986
TICKET002157,2024-05-01,PROP004,Pest Control,Medium,Closed,2024-05-07,6,597.4745934642407
TICKET002158,2024-05-01,PROP015,Appliance,Low,Closed,2024-05-14,13,237.9134297665867
TICKET002159,2024-05-01,PROP001,Electrical,Medium,Closed,2024-05-08,7,531.7989430346712
TICKET002160,2024-05-01,PROP004,HVAC,Emergency,Closed,2024-05-02,1,758.6996945530243
TICKET002161,2024-05-01,PROP005,Electrical,Medium,Closed,2024-05-09,8,863.9053294768404
TICKET002162,2024-05-02,PROP005,Landscaping,High,Closed,2024-05-05,3,1090.2849357087146
TICKET002163,2024-05-02,PROP020,Structural,Low,Closed,2024-05-21,19,1388.6630338214702
TICKET002164,2024-05-02,PROP022,Structural,Low,Closed,2024-05-13,11,1363.986352402708
TICKET002165,2024-05-02,PROP008,Landscaping,Low,Closed,2024-05-17,15,816.2508576518097
TICKET002166,2024-05-02,PROP012,Appliance,Medium,Closed,2024-05-05,3,1127.551825366218
TICKET002167,2024-05-02,PROP016,General Maintenance,Low,Closed,2024-05-18,16,1226.5733443892698
TICKET002168,2024-05-02,PROP022,Pest Control,Low,Closed,2024-05-10,8,1251.2342243556418
TICKET002169,2024-05-02,PROP018,General Maintenance,Low,Closed,2024-05-08,6,508.989580654284
TICKET002170,2024-05-02,PROP010,Electrical,Medium,Open,,274,
TICKET002171,2024-05-02,PROP007,Electrical,Low,Closed,2024-05-12,10,474.54523142797143
TICKET002172,2024-05-02,PROP001,Structural,Low,Closed,2024-05-21,19,1356.3086090342015
TICKET002173,2024-05-02,PROP013,General Maintenance,Low,Closed,2024-05-19,17,1138.4096979401795
TICKET002174,2024-05-02,PROP022,Appliance,Emergency,Closed,2024-05-02,0,819.091778949666
TICKET002175,2024-05-02,PROP015,Plumbing,Medium,Closed,2024-05-08,6,674.6377455779061
TICKET002176,2024-05-02,PROP006,Structural,Emergency,Closed,2024-05-03,1,295.4692370547489
TICKET002177,2024-05-02,PROP003,Pest Control,Medium,Pending Parts,,274,
TICKET002178,2024-05-02,PROP003,Landscaping,Low,Closed,2024-05-09,7,403.14402994394794
TICKET002179,2024-05-02,PROP008,Pest Control,Low,In Progress,,274,
TICKET002180,2024-05-02,PROP008,Landscaping,Medium,Closed,2024-05-05,3,1315.5953979333951
TICKET002181,2024-05-02,PROP024,Pest Control,Low,Closed,2024-05-20,18,774.4716008931726
TICKET002182,2024-05-02,PROP021,Landscaping,Medium,Open,,274,
TICKET002183,2024-05-02,PROP017,Pest Control,Medium,Closed,2024-05-06,4,802.0856791023969
TICKET002184,2024-05-02,PROP020,Appliance,High,Closed,2024-05-06,4,1332.6314132406217
TICKET002185,2024-05-02,PROP005,HVAC,Low,Closed,2024-05-16,14,1265.668301651614
TICKET002186,2024-05-02,PROP019,General Maintenance,Low,Closed,2024-05-12,10,937.297284777081
TICKET002187,2024-05-02,PROP008,Appliance,High,Open,,274,
TICKET002188,2024-05-02,PROP021,HVAC,Medium,Closed,2024-05-09,7,399.64626337424227
TICKET002189,2024-05-02,PROP025,Electrical,Medium,Closed,2024-05-05,3,790.7036625903189
TICKET002190,2024-05-02,PROP003,Landscaping,High,Pending Parts,,274,
TICKET002191,2024-05-02,PROP001,Landscaping,Low,Closed,2024-05-09,7,373.9150190878213
TICKET002192,2024-05-02,PROP003,Landscaping,Medium,Closed,2024-05-11,9,732.9866555893093
TICKET002193,2024-05-02,PROP025,Structural,High,Closed,2024-05-03,1,204.77592594693226
TICKET002194,2024-05-02,PROP009,General Maintenance,Low,Closed,2024-05-10,8,1450.7878373129427
TICKET002195,2024-05-03,PROP022,Pest Control,Medium,Closed,2024-05-10,7,779.0272330638003
TICKET002196,2024-05-03,PROP012,Plumbing,Low,Closed,2024-05-19,16,533.5293826879713
TICKET002197,2024-05-03,PROP009,General Maintenance,High,Closed,2024-05-04,1,753.3802172044693
TICKET002198,2024-05-03,PROP021,Appliance,Low,Closed,2024-05-16,13,1466.0337962363853
TICKET002199,2024-05-03,PROP020,HVAC,Medium,Closed,2024-05-10,7,1065.6573465976116
TICKET002200,2024-05-03,PROP004,General Maintenance,Medium,Closed,2024-05-09,6,195.2688362820817
TICKET002201,2024-05-03,PROP010,General Maintenance,Medium,Closed,2024-05-10,7,948.1767625452951
TICKET002202,2024-05-03,PROP021,General Maintenance,Low,Closed,2024-05-10,7,814.5759793463536
TICKET002203,2024-05-03,PROP001,HVAC,Low,Closed,2024-05-11,8,347.2195358101099
TICKET002204,2024-05-03,PROP013,HVAC,High,Closed,2024-05-06,3,964.4143786753081
TICKET002205,2024-05-03,PROP018,General Maintenance,Medium,Open,,273,
TICKET002206,2024-05-03,PROP013,General Maintenance,Medium,Closed,2024-05-08,5,1053.644949721537
TICKET002207,2024-05-03,PROP014,Landscaping,Emergency,Closed,2024-05-03,0,1302.4277646144012
TICKET002208,2024-05-03,PROP005,HVAC,Medium,Closed,2024-05-08,5,646.8338886587889
TICKET002209,2024-05-03,PROP006,Pest Control,Medium,Closed,2024-05-11,8,68.21008574902167
TICKET002210,2024-05-04,PROP018,Pest Control,Medium,Closed,2024-05-12,8,1031.150695865675
TICKET002211,2024-05-04,PROP011,Structural,Low,Closed,2024-05-20,16,294.8548553328383
TICKET002212,2024-05-04,PROP018,Landscaping,High,In Progress,,272,
TICKET002213,2024-05-04,PROP009,Pest Control,Medium,Closed,2024-05-08,4,582.8050527444028
TICKET002214,2024-05-04,PROP022,HVAC,Low,Closed,2024-05-21,17,1174.3958246027587
TICKET002215,2024-05-04,PROP008,HVAC,High,Closed,2024-05-08,4,1163.8787384050863
TICKET002216,2024-05-04,PROP019,Plumbing,Medium,Closed,2024-05-08,4,758.5818404254383
TICKET002217,2024-05-04,PROP025,HVAC,Emergency,Closed,2024-05-05,1,720.2395506302468
TICKET002218,2024-05-04,PROP002,Landscaping,Low,Closed,2024-05-11,7,533.2670395495238
TICKET002219,2024-05-04,PROP003,Plumbing,High,Closed,2024-05-08,4,1452.9740088738126
TICKET002220,2024-05-04,PROP022,Plumbing,High,Closed,2024-05-08,4,1350.622214600589
TICKET002221,2024-05-04,PROP016,Pest Control,Medium,Closed,2024-05-12,8,1416.6674056344393
TICKET002222,2024-05-04,PROP003,Electrical,Medium,Closed,2024-05-09,5,1394.6326192011238
TICKET002223,2024-05-04,PROP013,General Maintenance,Medium,Closed,2024-05-13,9,481.39457634178876
TICKET002224,2024-05-04,PROP011,HVAC,Low,Closed,2024-05-14,10,1078.8050019555526
TICKET002225,2024-05-04,PROP016,Plumbing,Medium,Closed,2024-05-10,6,1064.9850233087436
TICKET002226,2024-05-04,PROP011,Electrical,Low,Closed,2024-05-16,12,983.6144928929566
TICKET002227,2024-05-05,PROP012,Landscaping,Medium,Closed,2024-05-13,8,759.3328460228126
TICKET002228,2024-05-05,PROP001,General Maintenance,Low,Closed,2024-05-22,17,688.4113847779744
TICKET002229,2024-05-05,PROP014,Landscaping,High,Closed,2024-05-06,1,514.578919775344
TICKET002230,2024-05-05,PROP013,Pest Control,Low,Closed,2024-05-11,6,1493.805390415069
TICKET002231,2024-05-05,PROP007,Structural,High,Closed,2024-05-09,4,354.607582875833
TICKET002232,2024-05-05,PROP009,Electrical,Low,Closed,2024-05-11,6,92.89746455457176
TICKET002233,2024-05-05,PROP016,HVAC,Low,Closed,2024-05-20,15,1381.7806301469684
TICKET002234,2024-05-05,PROP008,HVAC,Medium,Pending Parts,,271,
TICKET002235,2024-05-05,PROP012,HVAC,Medium,Closed,2024-05-11,6,189.9987063725545
TICKET002236,2024-05-05,PROP013,HVAC,High,Closed,2024-05-07,2,332.90650100215174
TICKET002237,2024-05-05,PROP022,Appliance,Medium,Closed,2024-05-09,4,560.9732437437933
TICKET002238,2024-05-05,PROP010,General Maintenance,Low,Closed,2024-05-10,5,906.8700576309823
TICKET002239,2024-05-05,PROP001,Electrical,Low,Closed,2024-05-21,16,577.6455102362677
TICKET002240,2024-05-05,PROP025,Electrical,Low,Closed,2024-05-19,14,282.7295355020007
TICKET002241,2024-05-05,PROP003,Electrical,High,Closed,2024-05-07,2,1304.910716771507
TICKET002242,2024-05-05,PROP002,Plumbing,Medium,Closed,2024-05-12,7,1488.9798685392348
TICKET002243,2024-05-05,PROP005,Appliance,Low,Closed,2024-05-10,5,1091.516857834769
TICKET002244,2024-05-05,PROP001,Landscaping,Low,In Progress,,271,
TICKET002245,2024-05-05,PROP012,Appliance,Medium,Closed,2024-05-12,7,1316.10716386708
TICKET002246,2024-05-05,PROP007,Structural,Medium,Closed,2024-05-09,4,1091.915353827998
TICKET002247,2024-05-05,PROP013,HVAC,Medium,Closed,2024-05-08,3,430.25314000520996
TICKET002248,2024-05-05,PROP016,General Maintenance,Medium,Closed,2024-05-10,5,1045.653209749542
TICKET002249,2024-05-05,PROP010,Landscaping,Emergency,Closed,2024-05-06,1,1206.6825379440297
TICKET002250,2024-05-05,PROP006,General Maintenance,Low,Closed,2024-05-24,19,596.917009413568
TICKET002251,2024-05-05,PROP014,Electrical,Low,Closed,2024-05-23,18,494.8340539784877
TICKET002252,2024-05-05,PROP018,HVAC,Medium,Closed,2024-05-09,4,977.984376301825
TICKET002253,2024-05-05,PROP017,General Maintenance,Low,Closed,2024-05-10,5,791.8022552868321
TICKET002254,2024-05-05,PROP010,Structural,Medium,Closed,2024-05-14,9,1063.245806362927
TICKET002255,2024-05-05,PROP015,Plumbing,Low,Closed,2024-05-18,13,1339.0570268030892
TICKET002256,2024-05-05,PROP006,Plumbing,Low,Closed,2024-05-16,11,746.2418099760142
TICKET002257,2024-05-05,PROP022,Pest Control,High,In Progress,,271,
TICKET002258,2024-05-05,PROP003,Pest Control,Medium,Closed,2024-05-08,3,367.49508123245727
TICKET002259,2024-05-05,PROP003,General Maintenance,Low,Closed,2024-05-22,17,977.8605636947816
TICKET002260,2024-05-06,PROP023,Electrical,High,Closed,2024-05-10,4,433.04690838310137
TICKET002261,2024-05-06,PROP010,Landscaping,Low,Closed,2024-05-13,7,1218.097636436852
TICKET002262,2024-05-06,PROP022,Electrical,Medium,Closed,2024-05-10,4,1231.437574248621
TICKET002263,2024-05-06,PROP019,Pest Control,High,Closed,2024-05-10,4,972.0754602864871
TICKET002264,2024-05-06,PROP002,Structural,Low,Closed,2024-05-22,16,667.2323474363285
TICKET002265,2024-05-06,PROP006,General Maintenance,Low,Closed,2024-05-23,17,1490.4751610131295
TICKET002266,2024-05-06,PROP016,Appliance,Medium,Closed,2024-05-10,4,288.80691731574075
TICKET002267,2024-05-06,PROP001,HVAC,High,Open,,270,
TICKET002268,2024-05-06,PROP003,Structural,High,In Progress,,270,
TICKET002269,2024-05-06,PROP012,Structural,Medium,Closed,2024-05-09,3,280.79182097430373
TICKET002270,2024-05-06,PROP006,Electrical,Low,Closed,2024-05-12,6,1441.076021238522
TICKET002271,2024-05-06,PROP008,Structural,Low,Closed,2024-05-19,13,309.43878893583644
TICKET002272,2024-05-06,PROP001,Plumbing,Medium,Closed,2024-05-15,9,595.4845943445218
TICKET002273,2024-05-06,PROP009,Pest Control,Low,Closed,2024-05-25,19,1383.666502170736
TICKET002274,2024-05-06,PROP023,HVAC,Medium,Closed,2024-05-13,7,93.55482897781107
TICKET002275,2024-05-06,PROP009,Plumbing,Medium,Closed,2024-05-15,9,892.8116221818536
TICKET002276,2024-05-07,PROP016,Electrical,Emergency,Closed,2024-05-08,1,403.0851731293845
TICKET002277,2024-05-07,PROP025,Appliance,Low,Closed,2024-05-16,9,951.1070774009304
TICKET002278,2024-05-07,PROP023,Landscaping,Medium,Closed,2024-05-11,4,910.3847637535783
TICKET002279,2024-05-07,PROP009,Plumbing,High,Closed,2024-05-08,1,1383.7274699048469
TICKET002280,2024-05-07,PROP025,Appliance,High,Closed,2024-05-08,1,490.4691642544402
TICKET002281,2024-05-07,PROP001,Pest Control,Medium,Closed,2024-05-16,9,340.76136250439185
TICKET002282,2024-05-07,PROP025,Pest Control,Low,Closed,2024-05-15,8,1121.8979368750483
TICKET002283,2024-05-07,PROP009,Landscaping,Medium,Pending Parts,,269,
TICKET002284,2024-05-07,PROP001,Appliance,Medium,Closed,2024-05-15,8,937.1861288228489
TICKET002285,2024-05-07,PROP005,Pest Control,High,Closed,2024-05-08,1,1048.1331092028777
TICKET002286,2024-05-07,PROP012,HVAC,Emergency,Closed,2024-05-07,0,508.15066256204227
TICKET002287,2024-05-07,PROP005,Appliance,Low,Closed,2024-05-12,5,1193.7178032828435
TICKET002288,2024-05-07,PROP018,Appliance,Low,Closed,2024-05-22,15,92.50451344395779
TICKET002289,2024-05-07,PROP008,Structural,Low,In Progress,,269,
TICKET002290,2024-05-07,PROP025,Landscaping,High,Pending Parts,,269,
TICKET002291,2024-05-07,PROP016,Appliance,Low,Closed,2024-05-23,16,1292.895288248811
TICKET002292,2024-05-07,PROP025,General Maintenance,Low,Open,,269,
TICKET002293,2024-05-07,PROP004,Structural,Low,Pending Parts,,269,
TICKET002294,2024-05-08,PROP019,HVAC,High,Closed,2024-05-11,3,734.3057699974258
TICKET002295,2024-05-08,PROP010,Pest Control,Low,Closed,2024-05-18,10,321.23659481606717
TICKET002296,2024-05-08,PROP007,Structural,Low,Closed,2024-05-15,7,826.6802808140822
TICKET002297,2024-05-08,PROP014,Appliance,Medium,Closed,2024-05-11,3,1387.451843666316
TICKET002298,2024-05-08,PROP024,Appliance,Medium,Closed,2024-05-13,5,983.5018311767998
TICKET002299,2024-05-08,PROP015,Landscaping,Low,Closed,2024-05-26,18,740.9881384770762
TICKET002300,2024-05-08,PROP003,General Maintenance,Low,Closed,2024-05-27,19,1392.1411468142546
TICKET002301,2024-05-08,PROP015,Electrical,Medium,Closed,2024-05-13,5,1288.4817065937466
TICKET002302,2024-05-08,PROP021,Structural,High,Closed,2024-05-10,2,517.5965887870673
TICKET002303,2024-05-08,PROP022,Structural,Medium,Closed,2024-05-12,4,1175.3279587996497
TICKET002304,2024-05-08,PROP024,Structural,High,Closed,2024-05-10,2,646.0219124859011
TICKET002305,2024-05-08,PROP009,Electrical,Low,Closed,2024-05-20,12,654.8380493006758
TICKET002306,2024-05-08,PROP019,Plumbing,High,Closed,2024-05-12,4,1202.122967735208
TICKET002307,2024-05-08,PROP006,Landscaping,High,Closed,2024-05-09,1,1413.03845694503
TICKET002308,2024-05-08,PROP004,Plumbing,Medium,Closed,2024-05-16,8,1069.2583948737345
TICKET002309,2024-05-08,PROP006,Plumbing,Medium,Closed,2024-05-11,3,697.5190755922896
TICKET002310,2024-05-08,PROP013,Plumbing,Low,Closed,2024-05-19,11,942.3765815511324
TICKET002311,2024-05-08,PROP001,Appliance,Medium,Closed,2024-05-15,7,606.5155461703356
TICKET002312,2024-05-09,PROP025,Pest Control,Low,Pending Parts,,267,
TICKET002313,2024-05-09,PROP007,General Maintenance,Medium,Closed,2024-05-17,8,553.5449537049365
TICKET002314,2024-05-09,PROP018,Plumbing,Medium,Pending Parts,,267,
TICKET002315,2024-05-09,PROP025,Structural,Medium,Closed,2024-05-13,4,1109.4838895031337
TICKET002316,2024-05-09,PROP007,Landscaping,Emergency,Closed,2024-05-10,1,1194.2704778267816
TICKET002317,2024-05-09,PROP014,Pest Control,High,Closed,2024-05-12,3,842.9440892762132
TICKET002318,2024-05-09,PROP004,Structural,Medium,Closed,2024-05-18,9,540.1176721850171
TICKET002319,2024-05-09,PROP014,Electrical,Low,Closed,2024-05-20,11,131.46376354373018
TICKET002320,2024-05-09,PROP020,HVAC,Medium,Closed,2024-05-13,4,346.2707590836901
TICKET002321,2024-05-09,PROP018,Pest Control,Medium,Closed,2024-05-14,5,1363.6336625169956
TICKET002322,2024-05-09,PROP011,HVAC,Low,Closed,2024-05-25,16,433.3139127222505
TICKET002323,2024-05-09,PROP008,HVAC,High,Closed,2024-05-13,4,444.93277744440513
TICKET002324,2024-05-09,PROP022,Structural,Medium,Pending Parts,,267,
TICKET002325,2024-05-09,PROP005,Electrical,Low,Closed,2024-05-25,16,715.9323922377927
TICKET002326,2024-05-09,PROP007,Pest Control,High,Closed,2024-05-12,3,802.5200620599692
TICKET002327,2024-05-09,PROP010,Landscaping,High,Closed,2024-05-13,4,56.28839453160914
TICKET002328,2024-05-09,PROP001,Electrical,Low,In Progress,,267,
TICKET002329,2024-05-09,PROP011,General Maintenance,Low,Closed,2024-05-18,9,142.91236503320272
TICKET002330,2024-05-10,PROP013,Electrical,Low,Closed,2024-05-21,11,278.6301034887807
TICKET002331,2024-05-10,PROP025,Structural,Medium,Closed,2024-05-13,3,681.0746474258422
TICKET002332,2024-05-10,PROP025,HVAC,High,Closed,2024-05-11,1,1138.1098923547277
TICKET002333,2024-05-10,PROP011,Appliance,Medium,Closed,2024-05-17,7,279.23852882190437
TICKET002334,2024-05-10,PROP023,Plumbing,High,Closed,2024-05-12,2,1443.7744752543394
TICKET002335,2024-05-10,PROP009,Plumbing,Medium,Closed,2024-05-17,7,305.2688459069376
TICKET002336,2024-05-10,PROP003,HVAC,Low,Closed,2024-05-17,7,995.5233235029815
TICKET002337,2024-05-10,PROP002,Pest Control,Low,Closed,2024-05-23,13,630.908076861051
TICKET002338,2024-05-10,PROP001,Structural,Low,In Progress,,266,
TICKET002339,2024-05-10,PROP018,Electrical,High,Closed,2024-05-12,2,452.87659136344627
TICKET002340,2024-05-10,PROP022,Landscaping,Low,Closed,2024-05-16,6,1089.6690149681065
TICKET002341,2024-05-10,PROP019,Appliance,Medium,In Progress,,266,
TICKET002342,2024-05-10,PROP013,Structural,Emergency,Closed,2024-05-11,1,812.3296774218888
TICKET002343,2024-05-10,PROP001,Landscaping,Low,Closed,2024-05-21,11,698.1580600807325
TICKET002344,2024-05-10,PROP015,Pest Control,Medium,Closed,2024-05-16,6,1295.2133844778148
TICKET002345,2024-05-10,PROP017,General Maintenance,High,Closed,2024-05-11,1,819.1206075764567
TICKET002346,2024-05-10,PROP010,HVAC,Medium,Closed,2024-05-19,9,505.0627780462424
TICKET002347,2024-05-11,PROP003,Electrical,Low,Closed,2024-05-17,6,1402.786440650104
TICKET002348,2024-05-11,PROP013,Structural,Medium,Closed,2024-05-19,8,1428.408493748416
TICKET002349,2024-05-11,PROP010,Appliance,Low,Closed,2024-05-19,8,1203.4469099919618
TICKET002350,2024-05-11,PROP018,Electrical,Low,Closed,2024-05-21,10,444.5862830575446
TICKET002351,2024-05-11,PROP016,Plumbing,Low,Closed,2024-05-24,13,572.8209369490469
TICKET002352,2024-05-11,PROP014,General Maintenance,Medium,Closed,2024-05-15,4,1378.2054533712221
TICKET002353,2024-05-11,PROP006,General Maintenance,Medium,Pending Parts,,265,
TICKET002354,2024-05-11,PROP009,Plumbing,Low,Closed,2024-05-17,6,742.5315023115716
TICKET002355,2024-05-11,PROP005,Electrical,Low,Closed,2024-05-16,5,1134.3357098923598
TICKET002356,2024-05-11,PROP008,General Maintenance,Low,Closed,2024-05-27,16,1072.3665682482192
TICKET002357,2024-05-11,PROP014,Pest Control,High,Open,,265,
TICKET002358,2024-05-11,PROP018,Electrical,Low,Closed,2024-05-25,14,785.0227399863858
TICKET002359,2024-05-11,PROP010,Landscaping,Low,Closed,2024-05-16,5,736.4686793538687
TICKET002360,2024-05-11,PROP020,Structural,High,Closed,2024-05-15,4,337.6493625357227
TICKET002361,2024-05-11,PROP002,General Maintenance,High,Closed,2024-05-13,2,838.1285955412213
TICKET002362,2024-05-11,PROP009,Plumbing,Low,Closed,2024-05-19,8,730.3030505588595
TICKET002363,2024-05-11,PROP021,Electrical,High,Closed,2024-05-14,3,1262.18416378935
TICKET002364,2024-05-11,PROP024,HVAC,High,Closed,2024-05-14,3,321.9363205072564
TICKET002365,2024-05-11,PROP010,Plumbing,Low,Closed,2024-05-19,8,545.4041391314122
TICKET002366,2024-05-11,PROP009,Electrical,Medium,Closed,2024-05-15,4,497.73724446527035
TICKET002367,2024-05-11,PROP006,HVAC,Low,Closed,2024-05-23,12,662.7708960230408
TICKET002368,2024-05-11,PROP014,Plumbing,Medium,Closed,2024-05-16,5,720.8813462435885
TICKET002369,2024-05-11,PROP009,HVAC,Low,In Progress,,265,
TICKET002370,2024-05-11,PROP003,General Maintenance,High,Closed,2024-05-15,4,467.08486452327463
TICKET002371,2024-05-11,PROP007,General Maintenance,Low,Closed,2024-05-18,7,969.2576678969929
TICKET002372,2024-05-12,PROP024,Structural,Emergency,Closed,2024-05-12,0,1473.2360089781605
TICKET002373,2024-05-12,PROP012,HVAC,Medium,Closed,2024-05-21,9,468.77066484334784
TICKET002374,2024-05-12,PROP005,HVAC,Low,Closed,2024-05-31,19,63.52901454797024
TICKET002375,2024-05-12,PROP016,Structural,Medium,Closed,2024-05-18,6,890.8452014444739
TICKET002376,2024-05-12,PROP003,Plumbing,Medium,Closed,2024-05-21,9,861.2410629099417
TICKET002377,2024-05-12,PROP024,Pest Control,Medium,Closed,2024-05-17,5,1409.3623410573664
TICKET002378,2024-05-12,PROP003,Pest Control,Medium,Closed,2024-05-15,3,117.51244386704292
TICKET002379,2024-05-12,PROP005,General Maintenance,Low,Closed,2024-05-17,5,672.8813590049753
TICKET002380,2024-05-12,PROP003,Structural,Medium,Closed,2024-05-15,3,584.8304985979843
TICKET002381,2024-05-12,PROP024,Appliance,Low,Closed,2024-05-27,15,152.85882693399498
TICKET002382,2024-05-12,PROP021,HVAC,Low,Closed,2024-05-17,5,681.2863142169563
TICKET002383,2024-05-12,PROP017,HVAC,Low,In Progress,,264,
TICKET002384,2024-05-12,PROP011,General Maintenance,Medium,Closed,2024-05-15,3,833.5265110280847
TICKET002385,2024-05-12,PROP014,General Maintenance,High,Closed,2024-05-14,2,821.8974193874369
TICKET002386,2024-05-12,PROP024,Structural,Emergency,Closed,2024-05-13,1,1442.495938203011
TICKET002387,2024-05-12,PROP006,Landscaping,Low,Closed,2024-05-29,17,768.1401631096027
TICKET002388,2024-05-12,PROP002,Electrical,Medium,Closed,2024-05-16,4,987.6943046751926
TICKET002389,2024-05-12,PROP009,Plumbing,High,Closed,2024-05-15,3,741.7186265493617
TICKET002390,2024-05-12,PROP005,Structural,Emergency,Closed,2024-05-13,1,1038.465711828394
TICKET002391,2024-05-12,PROP022,Electrical,Medium,Closed,2024-05-21,9,613.2393714866678
TICKET002392,2024-05-12,PROP015,Plumbing,High,Open,,264,
TICKET002393,2024-05-12,PROP021,General Maintenance,High,Closed,2024-05-16,4,367.0632558554753
TICKET002394,2024-05-12,PROP012,Landscaping,Low,Closed,2024-05-17,5,164.56489179992644
TICKET002395,2024-05-12,PROP023,Plumbing,High,Closed,2024-05-13,1,748.9263289001698
TICKET002396,2024-05-12,PROP004,Structural,Medium,Closed,2024-05-20,8,109.46562150392168
TICKET002397,2024-05-12,PROP002,Appliance,High,Closed,2024-05-15,3,224.54797125372917
TICKET002398,2024-05-12,PROP010,Appliance,Low,Closed,2024-05-29,17,926.8679392777738
TICKET002399,2024-05-12,PROP002,General Maintenance,Low,Closed,2024-05-23,11,1487.4352196260265
TICKET002400,2024-05-13,PROP001,Landscaping,Low,Closed,2024-05-19,6,1401.137938971365
TICKET002401,2024-05-13,PROP010,Plumbing,Emergency,Open,,263,
TICKET002402,2024-05-13,PROP009,General Maintenance,Low,Closed,2024-05-27,14,115.92452242194338
TICKET002403,2024-05-13,PROP025,General Maintenance,Low,Closed,2024-05-26,13,1125.786108983471
TICKET002404,2024-05-13,PROP013,Electrical,Low,Pending Parts,,263,
TICKET002405,2024-05-13,PROP002,Landscaping,Low,Closed,2024-05-19,6,1158.9801816586057
TICKET002406,2024-05-13,PROP014,HVAC,Low,Closed,2024-05-18,5,1393.7380043085905
TICKET002407,2024-05-13,PROP021,Pest Control,Low,Closed,2024-05-25,12,681.9769387428261
TICKET002408,2024-05-13,PROP016,Structural,Low,Closed,2024-05-22,9,727.7916236698443
TICKET002409,2024-05-13,PROP019,Electrical,Low,Closed,2024-05-30,17,683.867535063249
TICKET002410,2024-05-13,PROP008,Structural,Medium,Closed,2024-05-19,6,935.1718415042902
TICKET002411,2024-05-13,PROP002,General Maintenance,Low,Closed,2024-05-26,13,765.9979325215443
TICKET002412,2024-05-13,PROP015,Structural,Low,Pending Parts,,263,
TICKET002413,2024-05-13,PROP015,General Maintenance,Medium,Closed,2024-05-18,5,1298.140866571418
TICKET002414,2024-05-13,PROP019,General Maintenance,Medium,Closed,2024-05-19,6,676.91415603226
TICKET002415,2024-05-13,PROP016,Electrical,Low,Closed,2024-05-22,9,989.0085003746067
TICKET002416,2024-05-13,PROP010,Plumbing,High,Closed,2024-05-17,4,774.667908954761
TICKET002417,2024-05-13,PROP004,General Maintenance,High,Closed,2024-05-16,3,364.34026102027457
TICKET002418,2024-05-13,PROP007,Electrical,Low,Closed,2024-05-19,6,850.7398513321491
TICKET002419,2024-05-13,PROP003,Electrical,Low,Closed,2024-05-26,13,1142.3763831537192
TICKET002420,2024-05-13,PROP015,Appliance,Low,Closed,2024-05-24,11,50.75745728778025
TICKET002421,2024-05-13,PROP002,Structural,Low,Closed,2024-05-18,5,138.27538286992495
TICKET002422,2024-05-13,PROP012,Electrical,Low,Closed,2024-05-29,16,1472.3811318729026
TICKET002423,2024-05-13,PROP013,HVAC,High,Closed,2024-05-16,3,1119.038909752514
TICKET002424,2024-05-13,PROP011,Plumbing,High,Closed,2024-05-14,1,261.9164929481159
TICKET002425,2024-05-13,PROP001,Plumbing,Low,Pending Parts,,263,
TICKET002426,2024-05-13,PROP017,Pest Control,High,Pending Parts,,263,
TICKET002427,2024-05-14,PROP003,Structural,Low,Pending Parts,,262,
TICKET002428,2024-05-14,PROP025,Plumbing,Low,Closed,2024-05-28,14,226.89984869494714
TICKET002429,2024-05-14,PROP001,HVAC,High,Closed,2024-05-18,4,545.4197332772106
TICKET002430,2024-05-14,PROP001,General Maintenance,High,Closed,2024-05-18,4,1065.4841179654563
TICKET002431,2024-05-14,PROP006,Plumbing,Low,Open,,262,
TICKET002432,2024-05-14,PROP024,Landscaping,Low,Closed,2024-06-01,18,99.43971757990961
TICKET002433,2024-05-14,PROP017,Pest Control,Medium,Closed,2024-05-19,5,1182.9648373857865
TICKET002434,2024-05-14,PROP021,Structural,Medium,Closed,2024-05-22,8,827.8455477597262
TICKET002435,2024-05-14,PROP022,Structural,High,Closed,2024-05-16,2,532.0547231314945
TICKET002436,2024-05-14,PROP021,General Maintenance,Low,Closed,2024-06-02,19,1360.7895508432825
TICKET002437,2024-05-14,PROP006,Landscaping,Low,Closed,2024-05-26,12,446.81488276033707
TICKET002438,2024-05-14,PROP020,Electrical,High,Closed,2024-05-17,3,299.1986770678712
TICKET002439,2024-05-14,PROP003,Appliance,High,Closed,2024-05-18,4,250.67222168505148
TICKET002440,2024-05-14,PROP007,Electrical,Medium,Closed,2024-05-21,7,421.399770699187
TICKET002441,2024-05-14,PROP006,Pest Control,Medium,Closed,2024-05-22,8,521.8789474192849
TICKET002442,2024-05-14,PROP014,Structural,Low,Pending Parts,,262,
TICKET002443,2024-05-14,PROP007,Electrical,Low,Closed,2024-05-28,14,155.8254349705087
TICKET002444,2024-05-14,PROP007,Structural,High,Closed,2024-05-18,4,1342.957918141982
TICKET002445,2024-05-15,PROP004,Landscaping,High,Closed,2024-05-18,3,1105.104429689827
TICKET002446,2024-05-15,PROP010,Pest Control,Medium,Closed,2024-05-23,8,973.5374713818222
TICKET002447,2024-05-15,PROP005,Pest Control,Low,Closed,2024-05-22,7,1441.176017592924
TICKET002448,2024-05-15,PROP023,Landscaping,Low,Closed,2024-05-23,8,1183.642515958253
TICKET002449,2024-05-15,PROP020,General Maintenance,High,Closed,2024-05-17,2,656.6806945677811
TICKET002450,2024-05-15,PROP009,Appliance,Low,Closed,2024-05-22,7,737.8616460346087
TICKET002451,2024-05-15,PROP002,Landscaping,Low,Closed,2024-05-22,7,191.28098649724458
TICKET002452,2024-05-15,PROP009,General Maintenance,Low,Closed,2024-05-21,6,847.0019546946409
TICKET002453,2024-05-15,PROP018,Structural,Low,Pending Parts,,261,
TICKET002454,2024-05-15,PROP016,General Maintenance,High,Open,,261,
TICKET002455,2024-05-15,PROP022,HVAC,Low,Closed,2024-05-23,8,499.44907883147744
TICKET002456,2024-05-15,PROP006,HVAC,Medium,Closed,2024-05-21,6,778.6656903507148
TICKET002457,2024-05-15,PROP008,Landscaping,High,Closed,2024-05-17,2,652.6463702345486
TICKET002458,2024-05-15,PROP005,Pest Control,High,Closed,2024-05-18,3,1239.4359879873489
TICKET002459,2024-05-15,PROP003,Plumbing,Medium,Closed,2024-05-23,8,1422.7720164279447
TICKET002460,2024-05-15,PROP024,Electrical,Low,Closed,2024-06-03,19,651.4409793729629
TICKET002461,2024-05-15,PROP004,Structural,High,Closed,2024-05-17,2,327.8409097944159
TICKET002462,2024-05-15,PROP016,Plumbing,Emergency,Closed,2024-05-15,0,1338.817394290587
TICKET002463,2024-05-15,PROP014,Structural,Low,Pending Parts,,261,
TICKET002464,2024-05-15,PROP002,General Maintenance,Medium,Closed,2024-05-22,7,915.3207685628873
TICKET002465,2024-05-15,PROP021,Structural,Low,Closed,2024-05-21,6,318.6469524748945
TICKET002466,2024-05-15,PROP022,Electrical,Medium,Closed,2024-05-23,8,331.00154119145554
TICKET002467,2024-05-15,PROP014,Appliance,Medium,In Progress,,261,
TICKET002468,2024-05-15,PROP004,HVAC,High,Closed,2024-05-18,3,1420.779092647634
TICKET002469,2024-05-15,PROP023,Electrical,Low,Closed,2024-05-25,10,873.7334926546358
TICKET002470,2024-05-15,PROP009,Electrical,High,Closed,2024-05-18,3,1444.5151188044313
TICKET002471,2024-05-15,PROP019,General Maintenance,Low,Closed,2024-05-20,5,530.4714950007558
TICKET002472,2024-05-15,PROP022,Pest Control,Medium,In Progress,,261,
TICKET002473,2024-05-15,PROP003,HVAC,Medium,Closed,2024-05-19,4,1296.8562910555843
TICKET002474,2024-05-15,PROP003,General Maintenance,Emergency,Closed,2024-05-15,0,1176.882296681419
TICKET002475,2024-05-15,PROP009,General Maintenance,High,Closed,2024-05-18,3,720.4601617418941
TICKET002476,2024-05-15,PROP009,HVAC,High,Closed,2024-05-16,1,1059.2113259113967
TICKET002477,2024-05-15,PROP006,General Maintenance,Low,Closed,2024-05-23,8,862.2620094419302
TICKET002478,2024-05-15,PROP005,General Maintenance,Emergency,Closed,2024-05-16,1,1231.3084233997201
TICKET002479,2024-05-16,PROP001,Structural,High,Closed,2024-05-17,1,282.14725576757166
TICKET002480,2024-05-16,PROP015,Pest Control,High,Closed,2024-05-17,1,1185.9152867084406
TICKET002481,2024-05-16,PROP008,General Maintenance,Medium,Closed,2024-05-24,8,1334.1819869945225
TICKET002482,2024-05-16,PROP020,Landscaping,Medium,Closed,2024-05-25,9,562.27820914559
TICKET002483,2024-05-16,PROP006,Appliance,Low,Open,,260,
TICKET002484,2024-05-16,PROP004,Plumbing,High,Closed,2024-05-19,3,1147.7237101074807
TICKET002485,2024-05-16,PROP024,Landscaping,Low,Closed,2024-06-04,19,1286.921046749274
TICKET002486,2024-05-16,PROP022,Pest Control,Medium,Closed,2024-05-21,5,1047.0236407029715
TICKET002487,2024-05-16,PROP011,Plumbing,Medium,Closed,2024-05-23,7,267.88300132580474
TICKET002488,2024-05-16,PROP008,General Maintenance,Medium,Closed,2024-05-23,7,1372.753032912591
TICKET002489,2024-05-16,PROP025,Plumbing,High,Closed,2024-05-17,1,864.5638159168923
TICKET002490,2024-05-16,PROP019,Plumbing,Low,Closed,2024-06-01,16,644.2513471188612
TICKET002491,2024-05-16,PROP020,Pest Control,High,Closed,2024-05-17,1,745.5118648015781
TICKET002492,2024-05-16,PROP010,Structural,High,Closed,2024-05-18,2,1289.7076498815954
TICKET002493,2024-05-16,PROP024,General Maintenance,Low,Closed,2024-06-02,17,1020.6826248522372
TICKET002494,2024-05-16,PROP023,HVAC,Low,Open,,260,
TICKET002495,2024-05-16,PROP003,Structural,Low,Closed,2024-05-25,9,1019.6090977383493
TICKET002496,2024-05-16,PROP013,Structural,Medium,Closed,2024-05-20,4,479.32253500759066
TICKET002497,2024-05-16,PROP024,Appliance,Medium,Closed,2024-05-25,9,295.2665286797828
TICKET002498,2024-05-16,PROP003,HVAC,Medium,Closed,2024-05-22,6,954.9159448860088
TICKET002499,2024-05-16,PROP017,Pest Control,Medium,Open,,260,
TICKET002500,2024-05-16,PROP005,Appliance,Medium,Closed,2024-05-24,8,1183.116486852628
TICKET002501,2024-05-16,PROP017,Plumbing,Medium,Closed,2024-05-24,8,1132.198089370532
TICKET002502,2024-05-16,PROP007,General Maintenance,Medium,Closed,2024-05-19,3,549.6305740685611
TICKET002503,2024-05-16,PROP001,Structural,Low,Closed,2024-05-27,11,93.05184620680353
TICKET002504,2024-05-16,PROP012,Plumbing,Low,Closed,2024-06-04,19,614.0182762512221
TICKET002505,2024-05-16,PROP017,Landscaping,Low,Closed,2024-05-25,9,977.7996149010993
TICKET002506,2024-05-16,PROP025,HVAC,Medium,In Progress,,260,
TICKET002507,2024-05-16,PROP020,General Maintenance,Low,Closed,2024-06-04,19,868.4705717726757
TICKET002508,2024-05-16,PROP019,Electrical,High,Closed,2024-05-18,2,457.0009012521583
TICKET002509,2024-05-16,PROP024,Landscaping,Low,Closed,2024-06-02,17,887.2650132405971
TICKET002510,2024-05-16,PROP003,HVAC,Low,Closed,2024-05-22,6,1122.5065435335869
TICKET002511,2024-05-16,PROP020,Landscaping,Medium,Closed,2024-05-23,7,383.0745504848178
TICKET002512,2024-05-17,PROP022,Landscaping,Medium,Closed,2024-05-24,7,1496.415357448639
TICKET002513,2024-05-17,PROP021,General Maintenance,High,Closed,2024-05-18,1,204.68918147154875
TICKET002514,2024-05-17,PROP015,Structural,Low,Pending Parts,,259,
TICKET002515,2024-05-17,PROP016,Plumbing,High,Closed,2024-05-21,4,1004.6341780343702
TICKET002516,2024-05-17,PROP015,Plumbing,Low,Closed,2024-05-23,6,237.3824887145063
TICKET002517,2024-05-17,PROP012,Structural,Low,Closed,2024-05-31,14,779.6370090197511
TICKET002518,2024-05-17,PROP019,General Maintenance,Low,Closed,2024-06-03,17,725.7931598606776
TICKET002519,2024-05-17,PROP021,Electrical,Low,Closed,2024-05-31,14,396.3499894184916
TICKET002520,2024-05-17,PROP002,Appliance,Medium,Closed,2024-05-25,8,76.07568285922174
TICKET002521,2024-05-17,PROP006,HVAC,Low,Open,,259,
TICKET002522,2024-05-17,PROP004,Electrical,Low,Closed,2024-05-26,9,130.16284043077937
TICKET002523,2024-05-17,PROP003,Electrical,Medium,Closed,2024-05-26,9,460.07017300418016
TICKET002524,2024-05-17,PROP025,Plumbing,Medium,Pending Parts,,259,
TICKET002525,2024-05-17,PROP025,Structural,Medium,Open,,259,
TICKET002526,2024-05-17,PROP022,Plumbing,Low,Closed,2024-05-24,7,1192.452707897898
TICKET002527,2024-05-17,PROP023,Plumbing,Medium,Closed,2024-05-22,5,1317.8810430666088
TICKET002528,2024-05-17,PROP002,Electrical,Medium,Closed,2024-05-23,6,682.7371184457855
TICKET002529,2024-05-17,PROP015,Landscaping,Low,Closed,2024-05-28,11,660.6892195705218
TICKET002530,2024-05-17,PROP007,Plumbing,Low,Closed,2024-05-25,8,1479.7053117981623
TICKET002531,2024-05-17,PROP018,Plumbing,High,Closed,2024-05-21,4,1184.2318472795243
TICKET002532,2024-05-17,PROP024,Pest Control,Low,Closed,2024-05-23,6,1243.7759117093892
TICKET002533,2024-05-17,PROP002,HVAC,Medium,Closed,2024-05-25,8,717.9278774274169
TICKET002534,2024-05-17,PROP014,Appliance,Low,Closed,2024-05-28,11,223.96000498564035
TICKET002535,2024-05-17,PROP012,General Maintenance,Low,Closed,2024-05-23,6,272.53368887535
TICKET002536,2024-05-17,PROP021,Appliance,High,Closed,2024-05-20,3,428.9044177885191
TICKET002537,2024-05-17,PROP001,General Maintenance,Medium,Open,,259,
TICKET002538,2024-05-17,PROP020,Appliance,High,In Progress,,259,
TICKET002539,2024-05-17,PROP020,Structural,Low,Closed,2024-06-04,18,202.67427947981778
TICKET002540,2024-05-18,PROP022,HVAC,Medium,Closed,2024-05-26,8,862.5974508634758
TICKET002541,2024-05-18,PROP016,Plumbing,Low,Closed,2024-05-27,9,1057.3047297285011
TICKET002542,2024-05-18,PROP015,Plumbing,Low,Closed,2024-05-25,7,764.7892457099813
TICKET002543,2024-05-18,PROP003,General Maintenance,Medium,Closed,2024-05-23,5,774.1203095293988
TICKET002544,2024-05-18,PROP001,Landscaping,High,Closed,2024-05-22,4,392.14725764189836
TICKET002545,2024-05-18,PROP013,Appliance,Emergency,Closed,2024-05-18,0,781.9826990062961
TICKET002546,2024-05-18,PROP021,General Maintenance,Medium,Closed,2024-05-27,9,507.3635426066279
TICKET002547,2024-05-18,PROP004,Pest Control,Low,Closed,2024-06-02,15,1250.285860268872
TICKET002548,2024-05-18,PROP022,General Maintenance,Medium,Closed,2024-05-27,9,583.2753923451777
TICKET002549,2024-05-18,PROP023,General Maintenance,Medium,Closed,2024-05-25,7,665.6859322841913
TICKET002550,2024-05-18,PROP008,Landscaping,High,Closed,2024-05-21,3,823.9613614598926
TICKET002551,2024-05-18,PROP023,General Maintenance,Low,Closed,2024-06-04,17,344.05852189186334
TICKET002552,2024-05-18,PROP008,HVAC,Medium,Closed,2024-05-27,9,1468.313542425391
TICKET002553,2024-05-18,PROP011,Plumbing,Emergency,Closed,2024-05-19,1,472.2746111328019
TICKET002554,2024-05-18,PROP015,Plumbing,Medium,Closed,2024-05-24,6,603.2170757203677
TICKET002555,2024-05-18,PROP022,Structural,Medium,Closed,2024-05-23,5,1484.240829148964
TICKET002556,2024-05-18,PROP014,Electrical,Emergency,Closed,2024-05-18,0,419.59959231680125
TICKET002557,2024-05-18,PROP025,Appliance,Medium,Closed,2024-05-22,4,131.16716375298324
TICKET002558,2024-05-18,PROP018,Plumbing,Medium,In Progress,,258,
TICKET002559,2024-05-18,PROP003,HVAC,Low,Closed,2024-05-24,6,1302.2193067861074
TICKET002560,2024-05-18,PROP011,General Maintenance,Low,Closed,2024-05-24,6,1426.3893902643504
TICKET002561,2024-05-18,PROP005,Plumbing,High,Closed,2024-05-21,3,413.26087289201195
TICKET002562,2024-05-18,PROP016,Electrical,Emergency,Closed,2024-05-18,0,1171.216903964891
TICKET002563,2024-05-18,PROP020,Appliance,Low,Closed,2024-05-25,7,333.3994187161576
TICKET002564,2024-05-18,PROP005,Electrical,Low,Closed,2024-05-29,11,985.454404775291
TICKET002565,2024-05-18,PROP024,Plumbing,Medium,Closed,2024-05-22,4,186.78612542381939
TICKET002566,2024-05-19,PROP005,Appliance,Low,Open,,257,
TICKET002567,2024-05-19,PROP019,Pest Control,Low,Closed,2024-05-29,10,1329.2535108249715
TICKET002568,2024-05-19,PROP003,General Maintenance,Medium,Closed,2024-05-26,7,532.3953644474577
TICKET002569,2024-05-19,PROP008,HVAC,Low,Closed,2024-06-03,15,874.7065875754417
TICKET002570,2024-05-19,PROP025,Structural,Medium,Closed,2024-05-27,8,502.2017631613865
TICKET002571,2024-05-19,PROP009,General Maintenance,High,Open,,257,
TICKET002572,2024-05-19,PROP005,HVAC,High,Closed,2024-05-20,1,124.16900618284349
TICKET002573,2024-05-19,PROP022,Plumbing,Low,Closed,2024-05-27,8,777.3447097200668
TICKET002574,2024-05-19,PROP021,Structural,Low,Closed,2024-05-28,9,982.4810212011342
TICKET002575,2024-05-19,PROP001,Electrical,Medium,Closed,2024-05-26,7,766.0387037534493
TICKET002576,2024-05-19,PROP014,General Maintenance,Medium,Closed,2024-05-26,7,320.2436064984323
TICKET002577,2024-05-19,PROP022,Appliance,Low,Closed,2024-05-31,12,189.25337722800762
TICKET002578,2024-05-19,PROP011,HVAC,Emergency,In Progress,,257,
TICKET002579,2024-05-19,PROP025,Plumbing,Medium,Closed,2024-05-23,4,446.27269372107
TICKET002580,2024-05-19,PROP009,HVAC,Low,Closed,2024-05-27,8,54.91476741517697
TICKET002581,2024-05-19,PROP020,Pest Control,Low,Closed,2024-05-28,9,1459.475412961547
TICKET002582,2024-05-19,PROP025,Landscaping,Medium,Closed,2024-05-22,3,1283.1534766817626
TICKET002583,2024-05-19,PROP007,Structural,Medium,Closed,2024-05-22,3,227.09575224305303
TICKET002584,2024-05-20,PROP005,HVAC,High,Closed,2024-05-24,4,1089.6548017577907
TICKET002585,2024-05-20,PROP001,HVAC,Low,Closed,2024-05-27,7,181.04015697256247
TICKET002586,2024-05-20,PROP020,Plumbing,Medium,Closed,2024-05-23,3,1488.2524110671443
TICKET002587,2024-05-20,PROP024,General Maintenance,Low,Closed,2024-05-30,10,786.9674074110826
TICKET002588,2024-05-20,PROP004,General Maintenance,Low,Closed,2024-06-07,18,558.495411221232
TICKET002589,2024-05-20,PROP013,General Maintenance,Medium,Closed,2024-05-26,6,652.2470957572282
TICKET002590,2024-05-20,PROP001,Plumbing,High,Closed,2024-05-24,4,1193.7526685254006
TICKET002591,2024-05-20,PROP023,General Maintenance,High,Closed,2024-05-22,2,998.3887862860644
TICKET002592,2024-05-20,PROP022,Plumbing,High,Closed,2024-05-22,2,504.9502748892085
TICKET002593,2024-05-20,PROP005,Plumbing,Emergency,Closed,2024-05-20,0,1183.2922767661064
TICKET002594,2024-05-20,PROP008,Appliance,Medium,In Progress,,256,
TICKET002595,2024-05-20,PROP018,Electrical,High,Closed,2024-05-21,1,1471.9900821625156
TICKET002596,2024-05-20,PROP019,General Maintenance,Medium,Closed,2024-05-24,4,562.5184466275466
TICKET002597,2024-05-20,PROP024,General Maintenance,Low,Closed,2024-06-03,14,680.9076624018002
TICKET002598,2024-05-20,PROP004,Electrical,Low,Open,,256,
TICKET002599,2024-05-20,PROP018,Appliance,High,In Progress,,256,
TICKET002600,2024-05-20,PROP003,Appliance,Emergency,Closed,2024-05-21,1,476.1468797561715
TICKET002601,2024-05-20,PROP022,General Maintenance,Medium,Closed,2024-05-28,8,439.1734112178931
TICKET002602,2024-05-20,PROP005,Appliance,Medium,Pending Parts,,256,
TICKET002603,2024-05-20,PROP003,Appliance,High,In Progress,,256,
TICKET002604,2024-05-20,PROP014,Plumbing,Medium,Open,,256,
TICKET002605,2024-05-20,PROP003,Electrical,High,Closed,2024-05-22,2,802.2573723752066
TICKET002606,2024-05-20,PROP007,Electrical,Low,Closed,2024-05-27,7,754.9774847192801
TICKET002607,2024-05-20,PROP017,Appliance,Low,Closed,2024-05-25,5,828.539683882881
TICKET002608,2024-05-20,PROP012,HVAC,Low,Closed,2024-06-04,15,339.5932996627368
TICKET002609,2024-05-20,PROP015,Pest Control,High,Closed,2024-05-22,2,856.4924100697503
TICKET002610,2024-05-20,PROP004,Structural,Low,Closed,2024-06-04,15,111.66363084518551
TICKET002611,2024-05-20,PROP020,Structural,Low,Closed,2024-06-04,15,1458.744885825212
TICKET002612,2024-05-20,PROP015,Electrical,Medium,Closed,2024-05-27,7,1107.679140665505
TICKET002613,2024-05-20,PROP005,Pest Control,Medium,Closed,2024-05-23,3,156.11203302856342
TICKET002614,2024-05-20,PROP016,Structural,Low,Closed,2024-06-08,19,295.71354837068736
TICKET002615,2024-05-21,PROP022,Pest Control,High,Closed,2024-05-22,1,626.393313257189
TICKET002616,2024-05-21,PROP021,General Maintenance,Medium,Closed,2024-05-30,9,1471.441349155831
TICKET002617,2024-05-21,PROP002,Pest Control,Medium,Closed,2024-05-28,7,1278.9739777845791
TICKET002618,2024-05-21,PROP006,Electrical,Low,Closed,2024-06-04,14,735.012967247161
TICKET002619,2024-05-21,PROP016,Electrical,Low,Closed,2024-06-05,15,320.199767532343
TICKET002620,2024-05-21,PROP015,HVAC,High,Closed,2024-05-24,3,1330.0258618106589
TICKET002621,2024-05-21,PROP011,Landscaping,High,Pending Parts,,255,
TICKET002622,2024-05-21,PROP024,Pest Control,Low,Closed,2024-05-31,10,241.18510492996566
TICKET002623,2024-05-21,PROP009,Appliance,Medium,In Progress,,255,
TICKET002624,2024-05-21,PROP024,Pest Control,Medium,In Progress,,255,
TICKET002625,2024-05-21,PROP005,Electrical,Low,Closed,2024-06-08,18,1449.4998699403843
TICKET002626,2024-05-21,PROP009,Appliance,Low,Closed,2024-05-29,8,1318.6025844563069
TICKET002627,2024-05-21,PROP007,Landscaping,Low,Closed,2024-06-09,19,414.413059364692
TICKET002628,2024-05-21,PROP010,Electrical,High,Closed,2024-05-25,4,500.9021148855577
TICKET002629,2024-05-21,PROP001,Pest Control,Low,Closed,2024-06-04,14,546.6758502650335
TICKET002630,2024-05-21,PROP007,Pest Control,Medium,Closed,2024-05-27,6,1181.2923208644497
TICKET002631,2024-05-21,PROP017,Electrical,Medium,Closed,2024-05-26,5,67.39518464087969
TICKET002632,2024-05-22,PROP021,Appliance,Medium,Closed,2024-05-28,6,1132.596290868757
TICKET002633,2024-05-22,PROP013,HVAC,Medium,Closed,2024-05-29,7,484.72748848285477
TICKET002634,2024-05-22,PROP015,HVAC,Low,Open,,254,
TICKET002635,2024-05-22,PROP002,General Maintenance,Low,Closed,2024-06-10,19,1354.399338730112
TICKET002636,2024-05-22,PROP006,Landscaping,Emergency,Closed,2024-05-23,1,208.60171320006427
TICKET002637,2024-05-22,PROP007,Plumbing,Low,Closed,2024-05-30,8,187.0476839008421
TICKET002638,2024-05-22,PROP021,Plumbing,Medium,Pending Parts,,254,
TICKET002639,2024-05-22,PROP001,Structural,Medium,Closed,2024-05-28,6,300.7804936526408
TICKET002640,2024-05-22,PROP008,Plumbing,Low,Closed,2024-06-08,17,898.2500906286815
TICKET002641,2024-05-22,PROP013,Electrical,Low,Closed,2024-06-06,15,642.6168722528226
TICKET002642,2024-05-22,PROP018,HVAC,Medium,Closed,2024-05-25,3,379.00245252055265
TICKET002643,2024-05-22,PROP018,Pest Control,High,Closed,2024-05-25,3,1320.9251987060363
TICKET002644,2024-05-22,PROP020,Structural,Low,Closed,2024-06-06,15,1409.0752560737894
TICKET002645,2024-05-22,PROP020,General Maintenance,Low,Open,,254,
TICKET002646,2024-05-22,PROP020,General Maintenance,Medium,Closed,2024-05-30,8,383.83101099478046
TICKET002647,2024-05-22,PROP013,Landscaping,Low,Open,,254,
TICKET002648,2024-05-22,PROP010,General Maintenance,Low,Closed,2024-06-03,12,485.45736402269387
TICKET002649,2024-05-22,PROP016,Plumbing,Emergency,Closed,2024-05-22,0,1005.3788088093551
TICKET002650,2024-05-22,PROP010,Landscaping,Medium,Closed,2024-05-28,6,995.1831652592246
TICKET002651,2024-05-22,PROP010,General Maintenance,Medium,Closed,2024-05-28,6,615.5429802732701
TICKET002652,2024-05-22,PROP018,Electrical,Low,Closed,2024-06-10,19,360.38321260397237
TICKET002653,2024-05-22,PROP018,HVAC,Medium,In Progress,,254,
TICKET002654,2024-05-22,PROP019,Landscaping,Medium,Closed,2024-05-29,7,787.9081055963168
TICKET002655,2024-05-22,PROP009,Plumbing,High,In Progress,,254,
TICKET002656,2024-05-22,PROP002,General Maintenance,Low,Pending Parts,,254,
TICKET002657,2024-05-22,PROP009,Appliance,High,Closed,2024-05-24,2,841.0838802944639
TICKET002658,2024-05-22,PROP017,Structural,Low,Closed,2024-06-02,11,1122.3800195303377
TICKET002659,2024-05-22,PROP016,Plumbing,Medium,Closed,2024-05-27,5,208.2917815231823
TICKET002660,2024-05-22,PROP021,Appliance,Medium,Pending Parts,,254,
TICKET002661,2024-05-22,PROP014,HVAC,High,Closed,2024-05-26,4,551.6914329471601
TICKET002662,2024-05-22,PROP024,HVAC,Medium,Closed,2024-05-26,4,1223.3120247170066
TICKET002663,2024-05-22,PROP024,HVAC,Medium,Closed,2024-05-28,6,1301.1818969187393
TICKET002664,2024-05-22,PROP023,Landscaping,Low,Closed,2024-06-02,11,432.62961463239066
TICKET002665,2024-05-23,PROP004,HVAC,High,Closed,2024-05-24,1,855.6163067194541
TICKET002666,2024-05-23,PROP024,Landscaping,Low,Closed,2024-06-06,14,130.38287368743272
TICKET002667,2024-05-23,PROP021,General Maintenance,Low,Closed,2024-06-02,10,933.2642203671664
TICKET002668,2024-05-23,PROP015,Plumbing,Low,Pending Parts,,253,
TICKET002669,2024-05-23,PROP021,Appliance,Low,Closed,2024-06-04,12,589.1163218406689
TICKET002670,2024-05-23,PROP009,General Maintenance,Emergency,Closed,2024-05-24,1,428.24205089020705
TICKET002671,2024-05-23,PROP021,Pest Control,High,Closed,2024-05-27,4,686.3632675541459
TICKET002672,2024-05-23,PROP016,Structural,Low,Closed,2024-06-07,15,1233.7869353394763
TICKET002673,2024-05-23,PROP012,Landscaping,Low,Open,,253,
TICKET002674,2024-05-23,PROP002,Electrical,High,Closed,2024-05-27,4,242.86882690880967
TICKET002675,2024-05-23,PROP018,Structural,High,Closed,2024-05-27,4,1049.0711966248327
TICKET002676,2024-05-23,PROP002,Landscaping,Medium,Closed,2024-05-28,5,620.4557908034143
TICKET002677,2024-05-23,PROP010,Structural,Low,Closed,2024-06-08,16,176.83007715531738
TICKET002678,2024-05-23,PROP008,Structural,Medium,Closed,2024-05-26,3,588.717144931504
TICKET002679,2024-05-23,PROP023,Structural,Medium,Closed,2024-05-30,7,854.6258008705345
TICKET002680,2024-05-23,PROP021,General Maintenance,High,Closed,2024-05-24,1,610.4238767220775
TICKET002681,2024-05-23,PROP023,General Maintenance,Low,Pending Parts,,253,
TICKET002682,2024-05-23,PROP024,Structural,Medium,Open,,253,
TICKET002683,2024-05-23,PROP016,Appliance,Medium,Closed,2024-05-27,4,1151.977850371642
TICKET002684,2024-05-23,PROP025,Structural,High,Closed,2024-05-26,3,669.1361368796053
TICKET002685,2024-05-23,PROP008,Pest Control,High,Closed,2024-05-25,2,1072.324194722708
TICKET002686,2024-05-23,PROP004,Electrical,Medium,Closed,2024-05-31,8,300.99450396269197
TICKET002687,2024-05-23,PROP016,Pest Control,Medium,Closed,2024-05-28,5,144.56567290479728
TICKET002688,2024-05-23,PROP001,Structural,Medium,Closed,2024-05-31,8,548.5045893133589
TICKET002689,2024-05-23,PROP014,Pest Control,Low,Closed,2024-06-05,13,398.3740832125592
TICKET002690,2024-05-23,PROP001,Plumbing,Low,Closed,2024-06-04,12,1383.524522113868
TICKET002691,2024-05-24,PROP023,Plumbing,Low,Closed,2024-06-09,16,82.13859538279789
TICKET002692,2024-05-24,PROP013,Pest Control,Medium,Closed,2024-05-31,7,650.0740926062231
TICKET002693,2024-05-24,PROP025,Electrical,Medium,Closed,2024-05-28,4,1047.4938730186987
TICKET002694,2024-05-24,PROP003,Landscaping,Emergency,Closed,2024-05-24,0,1146.5809309320387
TICKET002695,2024-05-24,PROP022,Plumbing,Medium,Closed,2024-05-27,3,1355.9658407607612
TICKET002696,2024-05-24,PROP020,Plumbing,Medium,Pending Parts,,252,
TICKET002697,2024-05-24,PROP022,General Maintenance,Medium,Closed,2024-05-27,3,1261.8373347204783
TICKET002698,2024-05-24,PROP004,Structural,Medium,Closed,2024-06-02,9,1273.5050244785273
TICKET002699,2024-05-24,PROP021,HVAC,Medium,Closed,2024-06-01,8,906.2411826340929
TICKET002700,2024-05-24,PROP019,Electrical,Low,Closed,2024-06-02,9,1180.326356960276
TICKET002701,2024-05-24,PROP004,General Maintenance,Emergency,Closed,2024-05-24,0,1430.6990686651884
TICKET002702,2024-05-24,PROP012,Electrical,Medium,Closed,2024-05-30,6,1380.0850866918133
TICKET002703,2024-05-24,PROP011,HVAC,Low,Pending Parts,,252,
TICKET002704,2024-05-24,PROP012,General Maintenance,Medium,Pending Parts,,252,
TICKET002705,2024-05-24,PROP025,Electrical,Low,Closed,2024-06-09,16,528.4249500313974
TICKET002706,2024-05-24,PROP017,Appliance,Low,Closed,2024-06-02,9,1007.6091208486188
TICKET002707,2024-05-24,PROP008,Landscaping,Low,Closed,2024-06-06,13,234.04414915956772
TICKET002708,2024-05-24,PROP018,Electrical,High,Closed,2024-05-25,1,1071.9582524742736
TICKET002709,2024-05-25,PROP013,Electrical,Emergency,Closed,2024-05-26,1,1430.038247942771
TICKET002710,2024-05-25,PROP005,Landscaping,Low,Open,,251,
TICKET002711,2024-05-25,PROP006,Appliance,High,Closed,2024-05-27,2,238.18330799664596
TICKET002712,2024-05-25,PROP022,HVAC,Medium,Closed,2024-05-30,5,1334.0643544138168
TICKET002713,2024-05-25,PROP021,Appliance,Medium,Closed,2024-06-03,9,708.8027401853269
TICKET002714,2024-05-25,PROP022,Appliance,Medium,Closed,2024-06-03,9,860.0237303808382
TICKET002715,2024-05-25,PROP021,Appliance,Low,Closed,2024-06-11,17,736.8200683913662
TICKET002716,2024-05-25,PROP019,General Maintenance,Low,Closed,2024-06-04,10,1185.6757616912305
TICKET002717,2024-05-25,PROP022,Appliance,Medium,Closed,2024-05-29,4,308.32233030688735
TICKET002718,2024-05-25,PROP018,General Maintenance,High,Closed,2024-05-29,4,1158.6447638016327
TICKET002719,2024-05-25,PROP023,Electrical,Medium,Closed,2024-05-28,3,890.4148651821938
TICKET002720,2024-05-25,PROP006,General Maintenance,Low,Closed,2024-06-06,12,1398.3659920613368
TICKET002721,2024-05-25,PROP006,Landscaping,Medium,Closed,2024-05-28,3,1373.9358601312806
TICKET002722,2024-05-25,PROP014,Pest Control,High,Closed,2024-05-28,3,109.00898989654505
TICKET002723,2024-05-25,PROP004,Plumbing,High,Closed,2024-05-28,3,1150.6636989544256
TICKET002724,2024-05-25,PROP006,Electrical,High,Open,,251,
TICKET002725,2024-05-25,PROP014,Pest Control,High,In Progress,,251,
TICKET002726,2024-05-25,PROP022,Plumbing,Medium,Closed,2024-06-02,8,451.6475060203793
TICKET002727,2024-05-25,PROP024,Appliance,Low,Closed,2024-06-05,11,535.4952909199505
TICKET002728,2024-05-25,PROP012,General Maintenance,Low,Closed,2024-06-13,19,73.90441297733648
TICKET002729,2024-05-26,PROP017,Landscaping,Medium,Closed,2024-05-29,3,1045.4076989714185
TICKET002730,2024-05-26,PROP001,Appliance,Low,Closed,2024-05-31,5,827.3964349730245
TICKET002731,2024-05-26,PROP014,Plumbing,Low,Closed,2024-06-12,17,974.1740172050678
TICKET002732,2024-05-26,PROP012,Electrical,Medium,Closed,2024-06-02,7,321.28168280792397
TICKET002733,2024-05-26,PROP023,Pest Control,Low,Closed,2024-06-04,9,450.6988107235438
TICKET002734,2024-05-26,PROP012,Appliance,High,Closed,2024-05-28,2,1119.8544921713014
TICKET002735,2024-05-26,PROP007,Landscaping,Low,Closed,2024-06-13,18,359.92953748568925
TICKET002736,2024-05-26,PROP004,Pest Control,Medium,Closed,2024-05-29,3,878.862915954659
TICKET002737,2024-05-26,PROP002,Electrical,Low,Closed,2024-06-07,12,619.7781324586879
TICKET002738,2024-05-26,PROP017,Plumbing,Emergency,Closed,2024-05-26,0,386.6574437944877
TICKET002739,2024-05-26,PROP012,General Maintenance,High,Closed,2024-05-29,3,264.1289219835975
TICKET002740,2024-05-26,PROP025,Electrical,Low,Closed,2024-06-13,18,1384.8293900560234
TICKET002741,2024-05-26,PROP012,Electrical,Medium,Closed,2024-06-04,9,1130.7525810190098
TICKET002742,2024-05-26,PROP007,Appliance,Medium,Closed,2024-06-02,7,782.324863273161
TICKET002743,2024-05-26,PROP007,HVAC,Medium,Closed,2024-06-04,9,748.3917419851764
TICKET002744,2024-05-26,PROP001,Plumbing,Low,Closed,2024-06-04,9,1055.2785942186315
TICKET002745,2024-05-26,PROP025,Pest Control,Medium,Closed,2024-06-02,7,893.5088582924828
TICKET002746,2024-05-26,PROP020,General Maintenance,Low,Closed,2024-06-01,6,1332.4901391240028
TICKET002747,2024-05-26,PROP012,Structural,High,Closed,2024-05-29,3,1419.2361888547337
TICKET002748,2024-05-26,PROP016,Landscaping,High,Closed,2024-05-29,3,1261.9961810778539
TICKET002749,2024-05-26,PROP005,Electrical,Medium,Closed,2024-06-01,6,812.8960577481429
TICKET002750,2024-05-26,PROP014,HVAC,Low,Closed,2024-06-09,14,563.3854466086835
TICKET002751,2024-05-26,PROP009,General Maintenance,Low,Closed,2024-05-31,5,764.5676208927312
TICKET002752,2024-05-26,PROP010,Electrical,Medium,Closed,2024-05-31,5,271.4912132836207
TICKET002753,2024-05-26,PROP017,Pest Control,Medium,Closed,2024-06-01,6,245.65514728788196
TICKET002754,2024-05-26,PROP006,Appliance,High,Closed,2024-05-29,3,429.9213034869758
TICKET002755,2024-05-26,PROP007,Structural,Medium,Closed,2024-06-03,8,861.1041523210541
TICKET002756,2024-05-27,PROP017,Plumbing,Emergency,Closed,2024-05-28,1,779.2473608378864
TICKET002757,2024-05-27,PROP017,Structural,Medium,Closed,2024-05-31,4,250.51585084528492
TICKET002758,2024-05-27,PROP005,Pest Control,High,Closed,2024-05-30,3,548.3320645477222
TICKET002759,2024-05-27,PROP015,Pest Control,Medium,Open,,249,
TICKET002760,2024-05-27,PROP007,Structural,Medium,Closed,2024-05-30,3,235.27870133020568
TICKET002761,2024-05-27,PROP020,Landscaping,Emergency,Closed,2024-05-28,1,473.5382567730266
TICKET002762,2024-05-27,PROP023,Pest Control,High,Closed,2024-05-30,3,846.8149850574935
TICKET002763,2024-05-27,PROP020,Structural,Low,Closed,2024-06-14,18,395.432765397508
TICKET002764,2024-05-27,PROP014,Pest Control,High,Closed,2024-05-31,4,925.0920966804881
TICKET002765,2024-05-27,PROP007,Electrical,Medium,Closed,2024-06-04,8,568.1274261620025
TICKET002766,2024-05-27,PROP001,HVAC,High,Closed,2024-05-31,4,1472.983563475703
TICKET002767,2024-05-27,PROP017,Pest Control,Low,Closed,2024-06-09,13,68.73332521827467
TICKET002768,2024-05-27,PROP014,Pest Control,Medium,Closed,2024-06-04,8,147.42438555888393
TICKET002769,2024-05-27,PROP004,Plumbing,Medium,Closed,2024-06-05,9,1401.119924660411
TICKET002770,2024-05-27,PROP007,Electrical,Low,Closed,2024-06-15,19,890.0207534579595
TICKET002771,2024-05-27,PROP008,Pest Control,High,Closed,2024-05-31,4,427.3145222125774
TICKET002772,2024-05-27,PROP014,General Maintenance,Low,Closed,2024-06-13,17,775.3715035922638
TICKET002773,2024-05-27,PROP022,Landscaping,Low,Closed,2024-06-04,8,254.1445113134461
TICKET002774,2024-05-27,PROP021,Landscaping,Low,Closed,2024-06-14,18,431.847230440606
TICKET002775,2024-05-27,PROP016,Plumbing,Emergency,Closed,2024-05-27,0,1343.3597434138246
TICKET002776,2024-05-27,PROP017,HVAC,Low,Closed,2024-06-14,18,183.19310530297747
TICKET002777,2024-05-27,PROP004,Structural,High,Closed,2024-05-31,4,384.7188892085043
TICKET002778,2024-05-28,PROP001,Electrical,High,Closed,2024-05-30,2,1440.7295912926838
TICKET002779,2024-05-28,PROP020,Electrical,Medium,Closed,2024-06-02,5,1332.9544944140505
TICKET002780,2024-05-28,PROP001,Appliance,Medium,Closed,2024-06-05,8,1494.9997971656026
TICKET002781,2024-05-28,PROP016,HVAC,Emergency,Closed,2024-05-29,1,866.8037115747878
TICKET002782,2024-05-28,PROP002,Appliance,Medium,Closed,2024-06-01,4,1257.6309778940847
TICKET002783,2024-05-28,PROP013,General Maintenance,Medium,Closed,2024-06-05,8,125.88606746262916
TICKET002784,2024-05-28,PROP019,Electrical,Medium,Closed,2024-05-31,3,1328.7055003894022
TICKET002785,2024-05-28,PROP010,Electrical,Low,Closed,2024-06-11,14,968.4128282975128
TICKET002786,2024-05-28,PROP009,Electrical,Low,Closed,2024-06-10,13,1015.5947889195623
TICKET002787,2024-05-28,PROP004,HVAC,Medium,Closed,2024-06-01,4,431.4035391532541
TICKET002788,2024-05-28,PROP014,General Maintenance,High,Closed,2024-05-29,1,170.20784797988722
TICKET002789,2024-05-28,PROP001,Electrical,Low,In Progress,,248,
TICKET002790,2024-05-28,PROP010,Pest Control,High,Closed,2024-06-01,4,1455.9733875518957
TICKET002791,2024-05-28,PROP022,Structural,High,Closed,2024-05-31,3,246.8161959957386
TICKET002792,2024-05-28,PROP006,HVAC,Medium,Closed,2024-06-01,4,1134.8519998182285
TICKET002793,2024-05-28,PROP012,Appliance,Low,Closed,2024-06-14,17,399.91947636407565
TICKET002794,2024-05-28,PROP003,Appliance,Medium,Closed,2024-06-06,9,1190.8065076735447
TICKET002795,2024-05-28,PROP024,HVAC,Medium,Closed,2024-06-02,5,77.4060546305553
TICKET002796,2024-05-28,PROP018,HVAC,Low,Closed,2024-06-08,11,354.805071237504
TICKET002797,2024-05-28,PROP013,Electrical,High,Pending Parts,,248,
TICKET002798,2024-05-28,PROP025,Electrical,Low,Closed,2024-06-11,14,1031.6009649568196
TICKET002799,2024-05-28,PROP005,Landscaping,Medium,Closed,2024-06-01,4,410.16446586903345
TICKET002800,2024-05-28,PROP003,General Maintenance,Low,Closed,2024-06-09,12,767.0818751101486
TICKET002801,2024-05-28,PROP006,Pest Control,Medium,Closed,2024-05-31,3,62.295595486986414
TICKET002802,2024-05-28,PROP016,Structural,Medium,Closed,2024-06-03,6,837.2222042390993
TICKET002803,2024-05-28,PROP019,Plumbing,Medium,Closed,2024-06-04,7,598.1835612911481
TICKET002804,2024-05-28,PROP021,Electrical,Emergency,Closed,2024-05-28,0,299.50444862324366
TICKET002805,2024-05-28,PROP021,Pest Control,Medium,In Progress,,248,
TICKET002806,2024-05-28,PROP004,Appliance,Medium,In Progress,,248,
TICKET002807,2024-05-28,PROP023,Landscaping,Low,Open,,248,
TICKET002808,2024-05-29,PROP024,HVAC,High,Closed,2024-06-02,4,1191.8506072617301
TICKET002809,2024-05-29,PROP007,Appliance,Medium,Closed,2024-06-01,3,1055.7262957867247
TICKET002810,2024-05-29,PROP015,Electrical,Medium,Closed,2024-06-02,4,270.054340174104
TICKET002811,2024-05-29,PROP012,Landscaping,Low,Closed,2024-06-12,14,990.0480547413164
TICKET002812,2024-05-29,PROP023,Appliance,Medium,Closed,2024-06-07,9,285.9420995002019
TICKET002813,2024-05-29,PROP017,Pest Control,Medium,Closed,2024-06-05,7,432.11711685407045
TICKET002814,2024-05-29,PROP016,General Maintenance,Emergency,Closed,2024-05-29,0,429.77523845123034
TICKET002815,2024-05-29,PROP020,Pest Control,Emergency,Closed,2024-05-29,0,1098.4729681435283
TICKET002816,2024-05-29,PROP016,HVAC,High,Closed,2024-06-02,4,749.7293328313249
TICKET002817,2024-05-29,PROP017,Appliance,Low,Closed,2024-06-14,16,420.33933848433503
TICKET002818,2024-05-29,PROP004,Pest Control,Low,Closed,2024-06-17,19,1033.6470882769213
TICKET002819,2024-05-29,PROP018,Landscaping,High,Closed,2024-06-01,3,1262.0348454568552
TICKET002820,2024-05-29,PROP008,General Maintenance,Medium,Closed,2024-06-05,7,1464.3717044151767
TICKET002821,2024-05-29,PROP010,HVAC,Low,Closed,2024-06-16,18,649.6475950408006
TICKET002822,2024-05-29,PROP021,Appliance,Low,Closed,2024-06-07,9,326.45326136734246
TICKET002823,2024-05-29,PROP012,Landscaping,Medium,Closed,2024-06-02,4,1060.824793805574
TICKET002824,2024-05-29,PROP014,Electrical,Low,Open,,247,
TICKET002825,2024-05-29,PROP010,Electrical,Medium,Closed,2024-06-05,7,1075.9519373064284
TICKET002826,2024-05-29,PROP019,Structural,Medium,Closed,2024-06-04,6,833.5326750668054
TICKET002827,2024-05-29,PROP013,General Maintenance,High,Closed,2024-05-30,1,387.1075326563057
TICKET002828,2024-05-29,PROP013,Structural,Low,Pending Parts,,247,
TICKET002829,2024-05-29,PROP005,General Maintenance,Medium,Closed,2024-06-01,3,1284.7486273935538
TICKET002830,2024-05-30,PROP019,Landscaping,Low,Closed,2024-06-18,19,953.0446988796014
TICKET002831,2024-05-30,PROP009,Plumbing,Medium,Closed,2024-06-04,5,559.3174027441204
TICKET002832,2024-05-30,PROP020,Electrical,Medium,Closed,2024-06-08,9,1114.1517594633578
TICKET002833,2024-05-30,PROP020,Structural,High,In Progress,,246,
TICKET002834,2024-05-30,PROP002,General Maintenance,Medium,Closed,2024-06-04,5,1332.5582363853114
TICKET002835,2024-05-30,PROP001,Structural,Low,Pending Parts,,246,
TICKET002836,2024-05-30,PROP022,Landscaping,Medium,Closed,2024-06-07,8,1419.199596128946
TICKET002837,2024-05-30,PROP003,General Maintenance,Medium,Closed,2024-06-03,4,457.68181836353045
TICKET002838,2024-05-30,PROP015,Plumbing,Medium,Closed,2024-06-05,6,263.98633318226007
TICKET002839,2024-05-30,PROP013,Pest Control,Medium,Closed,2024-06-04,5,621.6983961028368
TICKET002840,2024-05-30,PROP008,Appliance,Medium,Closed,2024-06-07,8,937.577082263796
TICKET002841,2024-05-30,PROP013,HVAC,Medium,Closed,2024-06-07,8,335.2932321236704
TICKET002842,2024-05-30,PROP006,Plumbing,Low,Closed,2024-06-17,18,1300.116524751719
TICKET002843,2024-05-30,PROP013,Landscaping,Emergency,Closed,2024-05-31,1,642.7126725785635
TICKET002844,2024-05-30,PROP007,Pest Control,Low,Closed,2024-06-16,17,836.8832845726353
TICKET002845,2024-05-30,PROP017,Landscaping,Low,Pending Parts,,246,
TICKET002846,2024-05-30,PROP024,Plumbing,Low,Open,,246,
TICKET002847,2024-05-31,PROP019,Landscaping,Low,Closed,2024-06-10,10,1138.9504881834887
TICKET002848,2024-05-31,PROP017,Plumbing,Medium,Closed,2024-06-06,6,695.1745684943832
TICKET002849,2024-05-31,PROP009,Structural,Medium,Closed,2024-06-08,8,890.3513999907332
TICKET002850,2024-05-31,PROP003,HVAC,High,Closed,2024-06-03,3,407.9618574701531
TICKET002851,2024-05-31,PROP019,Structural,High,Closed,2024-06-04,4,110.01018863692927
TICKET002852,2024-05-31,PROP024,Electrical,Low,Closed,2024-06-17,17,114.77905114390649
TICKET002853,2024-05-31,PROP017,Structural,Low,Closed,2024-06-08,8,277.9593516277507
TICKET002854,2024-05-31,PROP017,Pest Control,High,Closed,2024-06-04,4,943.2257982279751
TICKET002855,2024-05-31,PROP022,General Maintenance,Medium,Closed,2024-06-09,9,737.451539852073
TICKET002856,2024-05-31,PROP011,Structural,Low,Closed,2024-06-09,9,1296.436623764691
TICKET002857,2024-05-31,PROP002,Landscaping,Medium,Closed,2024-06-04,4,1045.1486519644718
TICKET002858,2024-05-31,PROP001,Landscaping,High,Closed,2024-06-03,3,204.4679435025378
TICKET002859,2024-05-31,PROP008,Structural,High,Closed,2024-06-03,3,836.2703999969593
TICKET002860,2024-05-31,PROP002,Pest Control,Low,Closed,2024-06-14,14,1210.9539676514173
TICKET002861,2024-05-31,PROP009,General Maintenance,High,Closed,2024-06-02,2,724.8971546767349
TICKET002862,2024-05-31,PROP025,HVAC,High,Closed,2024-06-04,4,588.4682684580919
TICKET002863,2024-05-31,PROP005,HVAC,Low,Closed,2024-06-08,8,484.803181978462
TICKET002864,2024-05-31,PROP012,General Maintenance,High,Closed,2024-06-03,3,1283.632036957245
TICKET002865,2024-05-31,PROP023,Electrical,Medium,Closed,2024-06-06,6,626.2907945228989
TICKET002866,2024-05-31,PROP021,Plumbing,Low,Closed,2024-06-16,16,1334.0006938028328
TICKET002867,2024-05-31,PROP025,Appliance,Medium,Closed,2024-06-05,5,716.41060797407
TICKET002868,2024-05-31,PROP005,General Maintenance,Medium,Closed,2024-06-08,8,1120.5250089593183
TICKET002869,2024-05-31,PROP009,Appliance,Medium,Closed,2024-06-06,6,1292.9419529657166
TICKET002870,2024-05-31,PROP015,Landscaping,High,Closed,2024-06-04,4,234.1268856352731
TICKET002871,2024-05-31,PROP024,Structural,Low,Closed,2024-06-06,6,387.4880406810745
TICKET002872,2024-05-31,PROP011,Structural,Medium,In Progress,,245,
TICKET002873,2024-05-31,PROP021,Electrical,Low,Closed,2024-06-10,10,596.813878743992
TICKET002874,2024-05-31,PROP002,HVAC,Medium,Closed,2024-06-09,9,652.685884129332
TICKET002875,2024-05-31,PROP009,HVAC,Low,Closed,2024-06-19,19,850.3072685076559
TICKET002876,2024-05-31,PROP025,General Maintenance,Low,Closed,2024-06-14,14,1477.740596488653
TICKET002877,2024-06-01,PROP024,Plumbing,Medium,Closed,2024-06-07,6,395.6033705262227
TICKET002878,2024-06-01,PROP023,Appliance,Low,Closed,2024-06-13,12,1086.7438828696058
TICKET002879,2024-06-01,PROP022,General Maintenance,Medium,Closed,2024-06-06,5,771.3728242514776
TICKET002880,2024-06-01,PROP011,Plumbing,Low,Closed,2024-06-15,14,1358.133619712998
TICKET002881,2024-06-01,PROP013,Appliance,Medium,Closed,2024-06-10,9,695.392930701209
TICKET002882,2024-06-01,PROP007,Structural,Low,Closed,2024-06-07,6,1133.8728028924827
TICKET002883,2024-06-01,PROP007,Appliance,Medium,Closed,2024-06-07,6,1197.302201458566
TICKET002884,2024-06-01,PROP025,Appliance,Medium,Closed,2024-06-05,4,183.18307948419422
TICKET002885,2024-06-01,PROP019,Appliance,Low,Closed,2024-06-18,17,1052.093093414697
TICKET002886,2024-06-01,PROP025,Plumbing,High,Closed,2024-06-02,1,957.4588653254661
TICKET002887,2024-06-01,PROP010,Plumbing,Low,Closed,2024-06-18,17,103.03418934088856
TICKET002888,2024-06-01,PROP002,Landscaping,Low,Closed,2024-06-11,10,261.44941708392156
TICKET002889,2024-06-01,PROP017,Pest Control,Low,Closed,2024-06-15,14,1034.1989668304868
TICKET002890,2024-06-01,PROP023,Electrical,Low,Closed,2024-06-11,10,198.31961470070036
TICKET002891,2024-06-01,PROP010,Electrical,Medium,Closed,2024-06-08,7,1003.628496436536
TICKET002892,2024-06-01,PROP003,Plumbing,Low,Closed,2024-06-15,14,370.5347965427047
TICKET002893,2024-06-02,PROP022,Structural,Emergency,Closed,2024-06-03,1,579.5740247201707
TICKET002894,2024-06-02,PROP014,General Maintenance,High,Closed,2024-06-06,4,59.475083207218205
TICKET002895,2024-06-02,PROP016,Appliance,High,Closed,2024-06-06,4,951.4540600301757
TICKET002896,2024-06-02,PROP001,Electrical,High,Closed,2024-06-06,4,888.4293214139689
TICKET002897,2024-06-02,PROP007,HVAC,Medium,Closed,2024-06-11,9,147.77590828434592
TICKET002898,2024-06-02,PROP022,Appliance,Medium,Closed,2024-06-08,6,1017.9484375078513
TICKET002899,2024-06-02,PROP021,Structural,High,Pending Parts,,243,
TICKET002900,2024-06-02,PROP020,Pest Control,Medium,Closed,2024-06-07,5,88.39611317691279
TICKET002901,2024-06-02,PROP019,Plumbing,Medium,Closed,2024-06-09,7,1159.535513301956
TICKET002902,2024-06-02,PROP001,Appliance,High,Closed,2024-06-06,4,1385.0193517452208
TICKET002903,2024-06-02,PROP003,Appliance,Low,Closed,2024-06-13,11,1387.8843812710088
TICKET002904,2024-06-02,PROP024,Plumbing,Medium,Closed,2024-06-10,8,1008.723952205561
TICKET002905,2024-06-02,PROP021,Electrical,Emergency,Closed,2024-06-03,1,1244.132116305391
TICKET002906,2024-06-02,PROP017,HVAC,Low,Closed,2024-06-14,12,957.0324884887164
TICKET002907,2024-06-02,PROP009,Structural,Low,Closed,2024-06-07,5,1437.6446086236224
TICKET002908,2024-06-02,PROP004,Electrical,Medium,Closed,2024-06-11,9,470.0880828172604
TICKET002909,2024-06-02,PROP001,Landscaping,High,Closed,2024-06-05,3,348.2899124619692
TICKET002910,2024-06-02,PROP004,Plumbing,Medium,Closed,2024-06-05,3,1419.009357914494
TICKET002911,2024-06-02,PROP014,Landscaping,Medium,Closed,2024-06-10,8,1058.4633728962306
TICKET002912,2024-06-02,PROP010,Electrical,High,Closed,2024-06-04,2,118.58915570510652
TICKET002913,2024-06-02,PROP015,Plumbing,Low,Closed,2024-06-16,14,557.6099170086642
TICKET002914,2024-06-02,PROP005,Structural,Low,Closed,2024-06-20,18,1105.644669614153
TICKET002915,2024-06-02,PROP015,Appliance,Medium,Open,,243,
TICKET002916,2024-06-02,PROP010,Plumbing,Medium,Closed,2024-06-08,6,360.8856791144075
TICKET002917,2024-06-02,PROP024,Pest Control,Low,Closed,2024-06-09,7,1404.5221170270447
TICKET002918,2024-06-02,PROP008,Appliance,Medium,In Progress,,243,
TICKET002919,2024-06-02,PROP004,General Maintenance,Low,Closed,2024-06-10,8,1374.660106575853
TICKET002920,2024-06-03,PROP010,Structural,Medium,Pending Parts,,242,
TICKET002921,2024-06-03,PROP022,General Maintenance,Medium,Closed,2024-06-06,3,1155.7324775239738
TICKET002922,2024-06-03,PROP012,HVAC,High,Closed,2024-06-07,4,1307.0524216258073
TICKET002923,2024-06-03,PROP014,Electrical,Low,Closed,2024-06-20,17,979.8353421731849
TICKET002924,2024-06-03,PROP017,Plumbing,Low,Pending Parts,,242,
TICKET002925,2024-06-03,PROP008,Plumbing,High,Closed,2024-06-06,3,551.8059830734683
TICKET002926,2024-06-03,PROP017,Structural,Medium,Open,,242,
TICKET002927,2024-06-03,PROP023,HVAC,Medium,Closed,2024-06-12,9,674.534943032579
TICKET002928,2024-06-03,PROP019,Structural,High,Closed,2024-06-06,3,868.7844651171408
TICKET002929,2024-06-03,PROP017,Pest Control,High,Pending Parts,,242,
TICKET002930,2024-06-03,PROP019,General Maintenance,High,Pending Parts,,242,
TICKET002931,2024-06-03,PROP016,Landscaping,Medium,Closed,2024-06-11,8,1367.2089451622307
TICKET002932,2024-06-03,PROP015,HVAC,Medium,Closed,2024-06-06,3,736.5685262091047
TICKET002933,2024-06-03,PROP002,Structural,Low,Closed,2024-06-15,12,1378.216743421215
TICKET002934,2024-06-03,PROP003,Structural,Emergency,Closed,2024-06-04,1,1307.9662846127032
TICKET002935,2024-06-03,PROP024,Plumbing,Medium,Closed,2024-06-12,9,776.9090962356744
TICKET002936,2024-06-03,PROP018,HVAC,High,Closed,2024-06-05,2,405.5407915958399
TICKET002937,2024-06-03,PROP004,General Maintenance,Low,Closed,2024-06-08,5,774.7759195890303
TICKET002938,2024-06-03,PROP007,Landscaping,Low,Closed,2024-06-11,8,771.8803120462009
TICKET002939,2024-06-03,PROP010,Electrical,Low,Open,,242,
TICKET002940,2024-06-03,PROP022,Electrical,Medium,Closed,2024-06-10,7,308.9765313215378
TICKET002941,2024-06-04,PROP005,General Maintenance,Low,Closed,2024-06-13,9,1396.6980674379427
TICKET002942,2024-06-04,PROP025,HVAC,Low,Closed,2024-06-15,11,971.6784194962804
TICKET002943,2024-06-04,PROP010,Appliance,Low,Closed,2024-06-11,7,916.0452209085674
TICKET002944,2024-06-04,PROP011,Appliance,Medium,Closed,2024-06-10,6,179.3484415743975
TICKET002945,2024-06-04,PROP006,General Maintenance,Low,Closed,2024-06-22,18,428.10313066361647
TICKET002946,2024-06-04,PROP025,HVAC,Low,Closed,2024-06-17,13,577.7174626957711
TICKET002947,2024-06-04,PROP024,Appliance,Low,Closed,2024-06-17,13,593.046195604895
TICKET002948,2024-06-04,PROP015,Appliance,Low,In Progress,,241,
TICKET002949,2024-06-04,PROP002,Structural,Medium,Closed,2024-06-10,6,630.7405676026641
TICKET002950,2024-06-04,PROP005,Structural,Low,Closed,2024-06-12,8,864.1526211818624
TICKET002951,2024-06-04,PROP024,Pest Control,Low,Closed,2024-06-10,6,168.73752617386924
TICKET002952,2024-06-04,PROP006,Structural,Emergency,Closed,2024-06-05,1,996.1712640144416
TICKET002953,2024-06-04,PROP018,General Maintenance,Low,Closed,2024-06-14,10,452.1738081849444
TICKET002954,2024-06-04,PROP006,Appliance,Emergency,Closed,2024-06-04,0,481.32102729101416
TICKET002955,2024-06-04,PROP003,Structural,High,Closed,2024-06-06,2,258.2583276790612
TICKET002956,2024-06-04,PROP020,HVAC,Medium,Closed,2024-06-09,5,384.85099401652366
TICKET002957,2024-06-04,PROP015,Landscaping,Low,Closed,2024-06-18,14,1036.586331771361
TICKET002958,2024-06-04,PROP013,Electrical,Low,Closed,2024-06-21,17,781.1678006381685
TICKET002959,2024-06-04,PROP014,General Maintenance,Low,Closed,2024-06-12,8,345.8853210428533
TICKET002960,2024-06-04,PROP009,Pest Control,Medium,Closed,2024-06-08,4,779.8953918875454
TICKET002961,2024-06-04,PROP016,Pest Control,Low,Closed,2024-06-10,6,1458.3203008446953
TICKET002962,2024-06-04,PROP004,Plumbing,Medium,Closed,2024-06-07,3,513.8548229539326
TICKET002963,2024-06-04,PROP011,Pest Control,High,In Progress,,241,
TICKET002964,2024-06-04,PROP022,HVAC,High,Closed,2024-06-06,2,1057.0108936142587
TICKET002965,2024-06-04,PROP001,General Maintenance,High,Closed,2024-06-05,1,903.2427821269405
TICKET002966,2024-06-04,PROP022,HVAC,Medium,Closed,2024-06-13,9,1150.3050501013827
TICKET002967,2024-06-04,PROP012,Appliance,Medium,Closed,2024-06-09,5,64.29285218129073
TICKET002968,2024-06-04,PROP017,Structural,Low,Closed,2024-06-23,19,441.0236773773121
TICKET002969,2024-06-04,PROP015,Pest Control,Medium,Closed,2024-06-09,5,915.3087775466041
TICKET002970,2024-06-04,PROP021,Structural,High,Closed,2024-06-05,1,118.34031495151932
TICKET002971,2024-06-04,PROP013,Appliance,Medium,Open,,241,
TICKET002972,2024-06-04,PROP019,Landscaping,Medium,Closed,2024-06-07,3,1493.5759510942933
TICKET002973,2024-06-04,PROP004,Landscaping,Medium,Open,,241,
TICKET002974,2024-06-04,PROP004,Pest Control,High,Closed,2024-06-08,4,856.3884034983606
TICKET002975,2024-06-05,PROP013,Plumbing,Medium,Closed,2024-06-14,9,486.26971225526245
TICKET002976,2024-06-05,PROP002,Appliance,Medium,Pending Parts,,240,
TICKET002977,2024-06-05,PROP022,Structural,Medium,Closed,2024-06-13,8,163.03959900356878
TICKET002978,2024-06-05,PROP016,General Maintenance,Low,Closed,2024-06-22,17,124.20049088133645
TICKET002979,2024-06-05,PROP015,Pest Control,High,Closed,2024-06-09,4,482.1276606755745
TICKET002980,2024-06-05,PROP013,Appliance,Low,Closed,2024-06-21,16,1041.4497531263537
TICKET002981,2024-06-05,PROP008,Electrical,High,Closed,2024-06-08,3,1147.7655117343324
TICKET002982,2024-06-05,PROP017,General Maintenance,High,Closed,2024-06-09,4,693.4567871885951
TICKET002983,2024-06-05,PROP024,Appliance,Low,Closed,2024-06-14,9,1443.0691469083938
TICKET002984,2024-06-05,PROP004,Electrical,Low,Closed,2024-06-19,14,890.0946939464902
TICKET002985,2024-06-05,PROP023,Landscaping,Medium,Closed,2024-06-09,4,283.9913862227935
TICKET002986,2024-06-05,PROP017,Electrical,Low,Open,,240,
TICKET002987,2024-06-05,PROP001,General Maintenance,Low,Closed,2024-06-13,8,885.1020583518983
TICKET002988,2024-06-05,PROP003,HVAC,Medium,Closed,2024-06-09,4,1476.9408868623339
TICKET002989,2024-06-05,PROP017,Appliance,Low,Closed,2024-06-10,5,327.7720402146863
TICKET002990,2024-06-05,PROP020,Landscaping,Low,Closed,2024-06-13,8,575.8890015980412
TICKET002991,2024-06-05,PROP003,Electrical,Low,Closed,2024-06-13,8,1251.2287026477281
TICKET002992,2024-06-05,PROP015,Appliance,Medium,Closed,2024-06-14,9,1264.2845530914844
TICKET002993,2024-06-05,PROP008,Plumbing,High,Open,,240,
TICKET002994,2024-06-05,PROP014,Landscaping,Low,Closed,2024-06-17,12,139.27725928843236
TICKET002995,2024-06-05,PROP017,Plumbing,Medium,Closed,2024-06-09,4,427.8864876717449
TICKET002996,2024-06-05,PROP013,General Maintenance,Low,Closed,2024-06-17,12,379.7130999806639
TICKET002997,2024-06-05,PROP025,Landscaping,Low,Closed,2024-06-12,7,1174.7255702550647
TICKET002998,2024-06-05,PROP024,Structural,Medium,Closed,2024-06-14,9,481.0077827801706
TICKET002999,2024-06-05,PROP014,Structural,High,Closed,2024-06-09,4,1233.802306917846
TICKET003000,2024-06-05,PROP009,HVAC,Low,Closed,2024-06-10,5,1490.8484429860064
TICKET003001,2024-06-05,PROP005,Landscaping,Medium,Closed,2024-06-08,3,828.6302573417665
TICKET003002,2024-06-05,PROP010,Pest Control,Medium,Closed,2024-06-13,8,1240.1565438003418
TICKET003003,2024-06-06,PROP001,Plumbing,Medium,Closed,2024-06-11,5,510.6076750277369
TICKET003004,2024-06-06,PROP020,Pest Control,Medium,Closed,2024-06-15,9,692.898294670623
TICKET003005,2024-06-06,PROP018,Landscaping,Medium,Closed,2024-06-13,7,1254.1796551050543
TICKET003006,2024-06-06,PROP013,General Maintenance,High,Closed,2024-06-07,1,592.8996967585471
TICKET003007,2024-06-06,PROP024,Appliance,High,Closed,2024-06-09,3,1053.7101925944173
TICKET003008,2024-06-06,PROP018,Electrical,Medium,Closed,2024-06-14,8,1032.898238775222
TICKET003009,2024-06-06,PROP024,General Maintenance,Medium,Closed,2024-06-13,7,1407.5228459580123
TICKET003010,2024-06-06,PROP015,Pest Control,Emergency,Open,,239,
TICKET003011,2024-06-06,PROP024,HVAC,Medium,Closed,2024-06-11,5,854.4218095766221
TICKET003012,2024-06-06,PROP017,Appliance,High,Pending Parts,,239,
TICKET003013,2024-06-06,PROP020,General Maintenance,Medium,Closed,2024-06-12,6,728.8387845603213
TICKET003014,2024-06-06,PROP017,General Maintenance,High,Closed,2024-06-10,4,1113.5213515374073
TICKET003015,2024-06-06,PROP005,HVAC,Medium,In Progress,,239,
TICKET003016,2024-06-06,PROP009,Plumbing,Low,Closed,2024-06-12,6,1213.8291321273164
TICKET003017,2024-06-06,PROP022,General Maintenance,Medium,Open,,239,
TICKET003018,2024-06-06,PROP025,General Maintenance,Medium,Closed,2024-06-09,3,1113.668735196662
TICKET003019,2024-06-06,PROP018,Landscaping,High,In Progress,,239,
TICKET003020,2024-06-06,PROP003,Pest Control,Medium,Pending Parts,,239,
TICKET003021,2024-06-06,PROP009,General Maintenance,Low,Closed,2024-06-15,9,650.7733246990242
TICKET003022,2024-06-06,PROP020,Appliance,Medium,Closed,2024-06-13,7,648.4282849872886
TICKET003023,2024-06-06,PROP013,Appliance,Low,Closed,2024-06-11,5,819.7928555512118
TICKET003024,2024-06-06,PROP024,Electrical,Emergency,Closed,2024-06-07,1,844.5114112348829
TICKET003025,2024-06-06,PROP025,Electrical,Medium,Closed,2024-06-12,6,1051.506450739776
TICKET003026,2024-06-07,PROP004,Electrical,Medium,Pending Parts,,238,
TICKET003027,2024-06-07,PROP005,General Maintenance,Low,Closed,2024-06-14,7,1310.7835557582146
TICKET003028,2024-06-07,PROP018,Appliance,Medium,Closed,2024-06-12,5,790.6123253574833
TICKET003029,2024-06-07,PROP018,Structural,High,Closed,2024-06-09,2,1201.7721464923543
TICKET003030,2024-06-07,PROP005,Pest Control,Medium,Closed,2024-06-10,3,355.8638467524478
TICKET003031,2024-06-07,PROP003,HVAC,Low,Closed,2024-06-24,17,679.6529185436184
TICKET003032,2024-06-07,PROP017,Plumbing,High,Closed,2024-06-11,4,426.6938984837733
TICKET003033,2024-06-07,PROP003,Plumbing,Medium,Closed,2024-06-16,9,1164.2666059851642
TICKET003034,2024-06-07,PROP016,Plumbing,Medium,Closed,2024-06-15,8,1103.0929434680802
TICKET003035,2024-06-07,PROP006,HVAC,Low,Closed,2024-06-19,12,344.9561618695194
TICKET003036,2024-06-07,PROP013,Landscaping,Emergency,Closed,2024-06-08,1,736.5789356153117
TICKET003037,2024-06-07,PROP022,HVAC,Medium,In Progress,,238,
TICKET003038,2024-06-07,PROP005,Pest Control,Low,Closed,2024-06-22,15,852.5525920112659
TICKET003039,2024-06-07,PROP001,Electrical,Low,Closed,2024-06-12,5,1227.7539714000068
TICKET003040,2024-06-07,PROP020,Appliance,Low,Closed,2024-06-19,12,131.4004869280033
TICKET003041,2024-06-07,PROP015,Landscaping,Medium,Closed,2024-06-15,8,705.4779267350808
TICKET003042,2024-06-07,PROP019,HVAC,Low,Closed,2024-06-26,19,1423.490748934305
TICKET003043,2024-06-07,PROP014,Landscaping,Low,Closed,2024-06-22,15,552.7160392524036
TICKET003044,2024-06-07,PROP010,Electrical,Medium,Closed,2024-06-15,8,1447.3773230133115
TICKET003045,2024-06-07,PROP020,HVAC,Low,Closed,2024-06-13,6,305.06858069641055
TICKET003046,2024-06-07,PROP010,General Maintenance,Low,Open,,238,
TICKET003047,2024-06-07,PROP025,HVAC,Medium,Closed,2024-06-16,9,472.3357251856064
TICKET003048,2024-06-07,PROP001,Electrical,High,Closed,2024-06-09,2,216.28828905228332
TICKET003049,2024-06-07,PROP022,General Maintenance,High,Closed,2024-06-10,3,1284.5335482795088
TICKET003050,2024-06-07,PROP017,Appliance,High,Closed,2024-06-08,1,1493.5360154089776
TICKET003051,2024-06-07,PROP004,Appliance,Medium,Pending Parts,,238,
TICKET003052,2024-06-07,PROP010,Appliance,Low,Closed,2024-06-19,12,1428.209913957185
TICKET003053,2024-06-07,PROP007,Landscaping,Emergency,Open,,238,
TICKET003054,2024-06-07,PROP023,Electrical,Low,Closed,2024-06-13,6,943.9269557196087
TICKET003055,2024-06-07,PROP017,Landscaping,Low,Closed,2024-06-26,19,161.32914934537712
TICKET003056,2024-06-08,PROP017,General Maintenance,Medium,Closed,2024-06-15,7,990.2092145833238
TICKET003057,2024-06-08,PROP003,HVAC,High,Closed,2024-06-12,4,1437.1471998856266
TICKET003058,2024-06-08,PROP025,Pest Control,High,Closed,2024-06-09,1,666.9403547175768
TICKET003059,2024-06-08,PROP011,General Maintenance,Medium,Closed,2024-06-14,6,721.4518152876082
TICKET003060,2024-06-08,PROP017,Structural,Medium,Closed,2024-06-16,8,534.6655199854745
TICKET003061,2024-06-08,PROP008,Structural,Low,Closed,2024-06-24,16,1084.7194284544307
TICKET003062,2024-06-08,PROP017,General Maintenance,Low,Closed,2024-06-20,12,164.9113203400089
TICKET003063,2024-06-08,PROP002,Structural,High,Closed,2024-06-11,3,842.1902391506928
TICKET003064,2024-06-08,PROP022,Structural,Low,Closed,2024-06-17,9,837.8676796841183
TICKET003065,2024-06-08,PROP005,Pest Control,Medium,Open,,237,
TICKET003066,2024-06-08,PROP009,Structural,High,Closed,2024-06-12,4,462.00679570781267
TICKET003067,2024-06-08,PROP024,HVAC,Low,Closed,2024-06-26,18,162.15459231332062
TICKET003068,2024-06-08,PROP001,Appliance,Low,Closed,2024-06-27,19,1313.313303901941
TICKET003069,2024-06-08,PROP010,Appliance,Medium,Closed,2024-06-16,8,240.46799780401983
TICKET003070,2024-06-08,PROP022,Appliance,Emergency,In Progress,,237,
TICKET003071,2024-06-08,PROP008,Appliance,Low,Closed,2024-06-20,12,886.4226140581117
TICKET003072,2024-06-08,PROP019,Pest Control,High,Closed,2024-06-10,2,568.9223905466386
TICKET003073,2024-06-08,PROP016,General Maintenance,Low,Open,,237,
TICKET003074,2024-06-08,PROP007,General Maintenance,Medium,Open,,237,
TICKET003075,2024-06-08,PROP023,Pest Control,Low,Closed,2024-06-24,16,376.3468104311364
TICKET003076,2024-06-08,PROP014,Structural,Medium,Closed,2024-06-15,7,642.8261056089792
TICKET003077,2024-06-08,PROP019,Landscaping,Medium,Closed,2024-06-12,4,1220.0174985988922
TICKET003078,2024-06-08,PROP015,Structural,Low,Closed,2024-06-22,14,55.91542993163677
TICKET003079,2024-06-08,PROP015,Appliance,Low,Closed,2024-06-26,18,71.23949415622818
TICKET003080,2024-06-08,PROP013,Structural,Medium,Closed,2024-06-11,3,482.0504990594872
TICKET003081,2024-06-08,PROP025,Structural,Low,Closed,2024-06-26,18,284.48861741763415
TICKET003082,2024-06-08,PROP021,Appliance,High,Closed,2024-06-11,3,231.31734730140303
TICKET003083,2024-06-08,PROP013,Plumbing,Low,Closed,2024-06-16,8,477.84448231393014
TICKET003084,2024-06-08,PROP016,Structural,Emergency,Closed,2024-06-08,0,374.1727282744921
TICKET003085,2024-06-09,PROP007,Plumbing,Medium,Closed,2024-06-14,5,1330.049417892566
TICKET003086,2024-06-09,PROP009,General Maintenance,High,Pending Parts,,236,
TICKET003087,2024-06-09,PROP017,HVAC,Low,Closed,2024-06-21,12,989.9384069138631
TICKET003088,2024-06-09,PROP002,HVAC,High,Open,,236,
TICKET003089,2024-06-09,PROP013,Pest Control,Medium,Pending Parts,,236,
TICKET003090,2024-06-09,PROP019,Plumbing,Low,Closed,2024-06-14,5,249.87621129680437
TICKET003091,2024-06-09,PROP020,Appliance,Medium,Closed,2024-06-17,8,1026.6813696169993
TICKET003092,2024-06-09,PROP004,Appliance,Medium,Closed,2024-06-18,9,692.354734465825
TICKET003093,2024-06-09,PROP001,General Maintenance,Low,Closed,2024-06-24,15,112.82484270805102
TICKET003094,2024-06-09,PROP019,Electrical,Medium,In Progress,,236,
TICKET003095,2024-06-09,PROP019,Landscaping,Medium,Open,,236,
TICKET003096,2024-06-09,PROP017,Structural,Medium,Open,,236,
TICKET003097,2024-06-09,PROP014,Pest Control,High,Closed,2024-06-11,2,557.7113039758337
TICKET003098,2024-06-09,PROP025,Structural,Medium,Closed,2024-06-18,9,1397.3028402409452
TICKET003099,2024-06-09,PROP012,Pest Control,Medium,Closed,2024-06-16,7,147.8121395281181
TICKET003100,2024-06-09,PROP008,Structural,Medium,Closed,2024-06-17,8,695.3095588334212
TICKET003101,2024-06-09,PROP002,Structural,High,Closed,2024-06-12,3,604.0744307004321
TICKET003102,2024-06-09,PROP017,Landscaping,Low,Closed,2024-06-24,15,343.92885954083454
TICKET003103,2024-06-09,PROP010,Landscaping,High,Closed,2024-06-12,3,382.69709140445303
TICKET003104,2024-06-09,PROP003,Electrical,Emergency,Closed,2024-06-09,0,1451.4484606256385
TICKET003105,2024-06-09,PROP007,HVAC,High,Closed,2024-06-13,4,1400.67795847217
TICKET003106,2024-06-09,PROP010,Appliance,Medium,Closed,2024-06-15,6,1210.9114004274252
TICKET003107,2024-06-09,PROP018,General Maintenance,Low,Closed,2024-06-23,14,69.03985959695994
TICKET003108,2024-06-09,PROP017,General Maintenance,High,Open,,236,
TICKET003109,2024-06-09,PROP001,General Maintenance,Low,Open,,236,
TICKET003110,2024-06-09,PROP023,Appliance,Low,Closed,2024-06-28,19,1090.647471990588
TICKET003111,2024-06-09,PROP007,Structural,Low,Closed,2024-06-21,12,1332.2713768220601
TICKET003112,2024-06-09,PROP022,Structural,Low,Closed,2024-06-25,16,151.5819144872003
TICKET003113,2024-06-09,PROP006,Structural,Medium,Closed,2024-06-16,7,286.8236026788546
TICKET003114,2024-06-09,PROP009,Pest Control,Medium,Closed,2024-06-13,4,1238.2659952919053
TICKET003115,2024-06-10,PROP011,Structural,Low,Closed,2024-06-17,7,1365.6182568692168
TICKET003116,2024-06-10,PROP014,Structural,Low,Closed,2024-06-17,7,93.70255510676452
TICKET003117,2024-06-10,PROP007,HVAC,Low,In Progress,,235,
TICKET003118,2024-06-10,PROP013,Electrical,High,Closed,2024-06-14,4,286.2510073792953
TICKET003119,2024-06-10,PROP019,HVAC,Medium,Closed,2024-06-17,7,391.83237489736064
TICKET003120,2024-06-10,PROP024,Landscaping,High,Pending Parts,,235,
TICKET003121,2024-06-10,PROP014,Electrical,Medium,Closed,2024-06-14,4,1097.1808486102327
TICKET003122,2024-06-10,PROP011,HVAC,Low,Closed,2024-06-23,13,1393.7098219089482
TICKET003123,2024-06-10,PROP010,Appliance,Medium,Closed,2024-06-14,4,355.5024529268225
TICKET003124,2024-06-10,PROP003,Structural,Medium,Closed,2024-06-15,5,240.1663615201172
TICKET003125,2024-06-10,PROP023,HVAC,Medium,Closed,2024-06-13,3,63.265376802754005
TICKET003126,2024-06-10,PROP017,Appliance,Medium,Closed,2024-06-13,3,1303.3900434737134
TICKET003127,2024-06-10,PROP023,Electrical,Low,Closed,2024-06-22,12,1076.8145929103873
TICKET003128,2024-06-10,PROP014,Landscaping,Low,Closed,2024-06-18,8,162.97262978268918
TICKET003129,2024-06-10,PROP003,Plumbing,Medium,Closed,2024-06-15,5,283.240059200032
TICKET003130,2024-06-10,PROP019,Landscaping,High,Closed,2024-06-12,2,1131.7483059231938
TICKET003131,2024-06-10,PROP011,Structural,Medium,Closed,2024-06-16,6,1083.889782199381
TICKET003132,2024-06-10,PROP011,Pest Control,Low,Closed,2024-06-20,10,712.4680568870134
TICKET003133,2024-06-10,PROP021,Landscaping,Low,Closed,2024-06-17,7,1429.0410740421637
TICKET003134,2024-06-10,PROP010,Landscaping,Medium,Closed,2024-06-14,4,619.7311889131445
TICKET003135,2024-06-11,PROP014,Landscaping,Low,Closed,2024-06-28,17,534.5274942824935
TICKET003136,2024-06-11,PROP021,Plumbing,Medium,Closed,2024-06-17,6,465.9175084978889
TICKET003137,2024-06-11,PROP016,Electrical,High,Pending Parts,,234,
TICKET003138,2024-06-11,PROP024,HVAC,Medium,Closed,2024-06-20,9,1479.6151195336008
TICKET003139,2024-06-11,PROP014,Structural,Low,Closed,2024-06-26,15,1066.8394401904902
TICKET003140,2024-06-11,PROP001,HVAC,Low,Closed,2024-06-30,19,499.86589928238584
TICKET003141,2024-06-11,PROP021,General Maintenance,Low,Closed,2024-06-30,19,732.0806084845658
TICKET003142,2024-06-11,PROP003,Electrical,Low,Pending Parts,,234,
TICKET003143,2024-06-11,PROP004,HVAC,Medium,Closed,2024-06-19,8,1177.9680259752533
TICKET003144,2024-06-11,PROP002,Appliance,Low,Pending Parts,,234,
TICKET003145,2024-06-11,PROP025,Appliance,Medium,Closed,2024-06-14,3,498.3159286878027
TICKET003146,2024-06-11,PROP005,Structural,Low,Closed,2024-06-24,13,1442.7475885639697
TICKET003147,2024-06-11,PROP022,Electrical,High,Closed,2024-06-12,1,164.46625224038578
TICKET003148,2024-06-11,PROP001,General Maintenance,Emergency,Closed,2024-06-11,0,835.8941842868671
TICKET003149,2024-06-11,PROP001,Appliance,Medium,Closed,2024-06-18,7,962.1553176495676
TICKET003150,2024-06-11,PROP021,Electrical,Low,Closed,2024-06-18,7,535.2809919404476
TICKET003151,2024-06-11,PROP001,Electrical,Low,In Progress,,234,
TICKET003152,2024-06-11,PROP012,Pest Control,Low,Closed,2024-06-21,10,152.09664590994836
TICKET003153,2024-06-11,PROP023,Landscaping,High,Closed,2024-06-13,2,866.4617878188332
TICKET003154,2024-06-11,PROP009,Appliance,Medium,Closed,2024-06-18,7,161.0889965968493
TICKET003155,2024-06-11,PROP003,Structural,Medium,Closed,2024-06-17,6,421.7564339223673
TICKET003156,2024-06-12,PROP025,Appliance,Low,Closed,2024-07-01,19,1271.249651659767
TICKET003157,2024-06-12,PROP007,HVAC,High,Closed,2024-06-13,1,453.42202602726667
TICKET003158,2024-06-12,PROP011,Pest Control,Medium,In Progress,,233,
TICKET003159,2024-06-12,PROP012,Pest Control,Low,Closed,2024-06-25,13,1387.096603375107
TICKET003160,2024-06-12,PROP001,Pest Control,Medium,Closed,2024-06-18,6,75.07562247789049
TICKET003161,2024-06-12,PROP017,Structural,High,Closed,2024-06-15,3,1468.3164370659917
TICKET003162,2024-06-12,PROP021,General Maintenance,Medium,Closed,2024-06-15,3,362.8094980850606
TICKET003163,2024-06-12,PROP002,Plumbing,Medium,Closed,2024-06-18,6,1366.0575380594287
TICKET003164,2024-06-12,PROP007,General Maintenance,Medium,Closed,2024-06-19,7,79.47545521110524
TICKET003165,2024-06-12,PROP004,HVAC,Low,Closed,2024-07-01,19,1165.2385527853928
TICKET003166,2024-06-12,PROP003,Electrical,Low,Closed,2024-06-28,16,501.2475021902083
TICKET003167,2024-06-12,PROP006,Appliance,Medium,Closed,2024-06-17,5,566.3427574092445
TICKET003168,2024-06-12,PROP003,Pest Control,Low,Closed,2024-06-24,12,625.8923998439888
TICKET003169,2024-06-12,PROP010,General Maintenance,Low,Closed,2024-06-20,8,231.18743923783595
TICKET003170,2024-06-12,PROP023,Plumbing,Low,Closed,2024-06-25,13,327.2260175135439
TICKET003171,2024-06-12,PROP023,Structural,Low,Closed,2024-06-17,5,880.1425929104415
TICKET003172,2024-06-12,PROP012,Electrical,Medium,Closed,2024-06-18,6,588.3489535865081
TICKET003173,2024-06-12,PROP010,HVAC,High,Closed,2024-06-16,4,586.2602341270559
TICKET003174,2024-06-13,PROP003,General Maintenance,Low,Closed,2024-06-28,15,155.85339261928183
TICKET003175,2024-06-13,PROP003,Appliance,Medium,Closed,2024-06-21,8,763.9753096731082
TICKET003176,2024-06-13,PROP004,Plumbing,High,Closed,2024-06-17,4,951.8562620651566
TICKET003177,2024-06-13,PROP015,General Maintenance,Medium,Closed,2024-06-18,5,67.74078317657535
TICKET003178,2024-06-13,PROP018,HVAC,High,Closed,2024-06-14,1,878.8255833376359
TICKET003179,2024-06-13,PROP004,Pest Control,Low,Closed,2024-06-23,10,571.2266166040322
TICKET003180,2024-06-13,PROP024,Structural,Medium,Open,,232,
TICKET003181,2024-06-13,PROP021,Appliance,Low,Closed,2024-06-20,7,890.6954603116257
TICKET003182,2024-06-13,PROP017,General Maintenance,Medium,In Progress,,232,
TICKET003183,2024-06-13,PROP025,Pest Control,Medium,Closed,2024-06-20,7,407.345452457861
TICKET003184,2024-06-13,PROP016,Electrical,Low,Closed,2024-06-28,15,897.691900854603
TICKET003185,2024-06-13,PROP022,Structural,Medium,Closed,2024-06-20,7,737.7974237567955
TICKET003186,2024-06-13,PROP004,Electrical,High,Closed,2024-06-17,4,532.8263366397694
TICKET003187,2024-06-13,PROP003,HVAC,Medium,Closed,2024-06-18,5,766.3315458246976
TICKET003188,2024-06-13,PROP015,Pest Control,High,Closed,2024-06-15,2,484.8399758844531
TICKET003189,2024-06-13,PROP019,Landscaping,Medium,In Progress,,232,
TICKET003190,2024-06-13,PROP021,HVAC,Medium,Closed,2024-06-18,5,1207.0289314227086
TICKET003191,2024-06-13,PROP003,HVAC,Low,In Progress,,232,
TICKET003192,2024-06-13,PROP017,HVAC,Emergency,Closed,2024-06-13,0,1110.7691671579805
TICKET003193,2024-06-13,PROP004,Pest Control,Medium,Closed,2024-06-16,3,178.9926289832735
TICKET003194,2024-06-13,PROP016,HVAC,Low,Closed,2024-06-19,6,340.7332428026072
TICKET003195,2024-06-14,PROP013,Plumbing,High,Closed,2024-06-15,1,866.5503274473857
TICKET003196,2024-06-14,PROP020,Appliance,Medium,Open,,231,
TICKET003197,2024-06-14,PROP011,Structural,Low,Open,,231,
TICKET003198,2024-06-14,PROP018,Structural,High,Closed,2024-06-16,2,398.2922124882272
TICKET003199,2024-06-14,PROP023,Appliance,High,Closed,2024-06-16,2,1157.84940374011
TICKET003200,2024-06-14,PROP011,Appliance,Emergency,In Progress,,231,
TICKET003201,2024-06-14,PROP015,Structural,Low,Closed,2024-06-29,15,1419.5188539534108
TICKET003202,2024-06-14,PROP002,Pest Control,Low,Closed,2024-06-25,11,1167.0764735842174
TICKET003203,2024-06-14,PROP001,Landscaping,Low,Closed,2024-07-02,18,1086.8996089077832
TICKET003204,2024-06-14,PROP015,Electrical,Medium,Closed,2024-06-22,8,581.9613767164517
TICKET003205,2024-06-14,PROP011,Electrical,Low,Closed,2024-06-23,9,1351.5707655790281
TICKET003206,2024-06-14,PROP005,Appliance,High,Closed,2024-06-18,4,1219.4791652259312
TICKET003207,2024-06-14,PROP005,Electrical,Medium,In Progress,,231,
TICKET003208,2024-06-14,PROP009,Plumbing,Medium,Closed,2024-06-19,5,305.58692813448056
TICKET003209,2024-06-14,PROP010,Electrical,High,Closed,2024-06-16,2,1238.1572991998687
TICKET003210,2024-06-14,PROP024,General Maintenance,Low,Closed,2024-06-30,16,995.4567590446211
TICKET003211,2024-06-14,PROP023,General Maintenance,Low,Pending Parts,,231,
TICKET003212,2024-06-14,PROP012,Plumbing,High,Closed,2024-06-18,4,134.42462320332868
TICKET003213,2024-06-15,PROP019,Electrical,Low,Closed,2024-06-24,9,579.9247501787953
TICKET003214,2024-06-15,PROP025,Plumbing,Medium,Closed,2024-06-23,8,367.156561351159
TICKET003215,2024-06-15,PROP009,Landscaping,Low,Closed,2024-06-20,5,1416.9480719746384
TICKET003216,2024-06-15,PROP012,Pest Control,Low,Closed,2024-07-04,19,913.8796637058351
TICKET003217,2024-06-15,PROP011,Appliance,Low,Closed,2024-07-04,19,153.95177642837626
TICKET003218,2024-06-15,PROP010,Appliance,Medium,Closed,2024-06-23,8,1070.5901061908824
TICKET003219,2024-06-15,PROP025,Structural,Low,Closed,2024-07-04,19,1379.5954085577596
TICKET003220,2024-06-15,PROP017,Appliance,Low,In Progress,,230,
TICKET003221,2024-06-15,PROP011,Appliance,Low,Pending Parts,,230,
TICKET003222,2024-06-15,PROP025,Structural,Low,Closed,2024-06-24,9,1196.8691438948108
TICKET003223,2024-06-15,PROP024,Structural,Low,Closed,2024-06-25,10,1223.6405835821747
TICKET003224,2024-06-15,PROP021,Plumbing,Low,Closed,2024-06-22,7,440.979973892279
TICKET003225,2024-06-15,PROP017,Electrical,Low,Closed,2024-07-01,16,1106.7813112028462
TICKET003226,2024-06-15,PROP009,HVAC,Medium,Closed,2024-06-18,3,350.59319726743513
TICKET003227,2024-06-15,PROP016,Structural,High,Closed,2024-06-17,2,1376.1969545871668
TICKET003228,2024-06-15,PROP002,Appliance,Low,Closed,2024-07-04,19,465.8149928200126
TICKET003229,2024-06-15,PROP001,General Maintenance,Low,Closed,2024-06-21,6,607.2734679098689
TICKET003230,2024-06-15,PROP019,Plumbing,Low,Closed,2024-06-30,15,721.4218759667107
TICKET003231,2024-06-16,PROP008,Plumbing,Medium,Closed,2024-06-22,6,427.41910469847465
TICKET003232,2024-06-16,PROP015,Electrical,Medium,In Progress,,229,
TICKET003233,2024-06-16,PROP009,Appliance,Low,Closed,2024-06-28,12,877.2961728823162
TICKET003234,2024-06-16,PROP012,Electrical,High,Closed,2024-06-17,1,256.38143788997456
TICKET003235,2024-06-16,PROP023,Plumbing,Low,Closed,2024-07-04,18,517.7784837399006
TICKET003236,2024-06-16,PROP025,Plumbing,Low,Closed,2024-06-24,8,98.96965178129605
TICKET003237,2024-06-16,PROP025,Landscaping,High,Closed,2024-06-18,2,592.7552779239353
TICKET003238,2024-06-16,PROP014,General Maintenance,Medium,Closed,2024-06-24,8,258.71963352049187
TICKET003239,2024-06-16,PROP002,Pest Control,Low,Open,,229,
TICKET003240,2024-06-16,PROP016,General Maintenance,Low,Closed,2024-06-28,12,749.3119929768098
TICKET003241,2024-06-16,PROP018,General Maintenance,High,Closed,2024-06-18,2,735.0294838222144
TICKET003242,2024-06-16,PROP016,Landscaping,Low,Closed,2024-06-27,11,256.9360028557538
TICKET003243,2024-06-16,PROP021,Landscaping,Low,Closed,2024-06-22,6,1108.2319894030154
TICKET003244,2024-06-16,PROP015,Electrical,Medium,Closed,2024-06-23,7,553.8328782286621
TICKET003245,2024-06-16,PROP025,Electrical,Medium,Closed,2024-06-25,9,1125.4110118931042
TICKET003246,2024-06-17,PROP004,Appliance,Low,Closed,2024-07-01,14,66.17776366408097
TICKET003247,2024-06-17,PROP023,Appliance,Low,Closed,2024-06-27,10,1082.8710961930724
TICKET003248,2024-06-17,PROP023,HVAC,High,Closed,2024-06-18,1,1478.9547835384203
TICKET003249,2024-06-17,PROP020,Landscaping,Low,Closed,2024-06-30,13,1127.959375377256
TICKET003250,2024-06-17,PROP011,Plumbing,Low,Open,,228,
TICKET003251,2024-06-17,PROP014,HVAC,Low,Closed,2024-06-30,13,1059.8692586257025
TICKET003252,2024-06-17,PROP009,Plumbing,Medium,Closed,2024-06-21,4,1376.4244808581884
TICKET003253,2024-06-17,PROP024,Structural,Low,Closed,2024-07-05,18,1289.9561693245578
TICKET003254,2024-06-17,PROP023,Plumbing,Medium,Closed,2024-06-22,5,1315.584571715727
TICKET003255,2024-06-17,PROP011,Landscaping,High,Closed,2024-06-21,4,423.59422901628915
TICKET003256,2024-06-17,PROP006,Electrical,Emergency,Closed,2024-06-18,1,437.3779408339569
TICKET003257,2024-06-17,PROP015,Pest Control,Medium,Closed,2024-06-25,8,778.3798788478189
TICKET003258,2024-06-17,PROP022,Landscaping,Low,Closed,2024-06-22,5,772.5233309936036
TICKET003259,2024-06-17,PROP007,HVAC,High,Closed,2024-06-18,1,345.54259667178286
TICKET003260,2024-06-17,PROP004,Landscaping,High,Closed,2024-06-21,4,971.5859791931338
TICKET003261,2024-06-17,PROP013,Pest Control,Medium,Closed,2024-06-23,6,789.4204079807208
TICKET003262,2024-06-17,PROP020,Landscaping,High,Open,,228,
TICKET003263,2024-06-17,PROP003,Pest Control,Medium,Closed,2024-06-26,9,460.920144675134
TICKET003264,2024-06-17,PROP022,Structural,Low,Closed,2024-06-28,11,1004.4453238673025
TICKET003265,2024-06-17,PROP002,Landscaping,High,Closed,2024-06-19,2,142.987259892049
TICKET003266,2024-06-17,PROP003,Plumbing,High,Closed,2024-06-21,4,504.39335600754833
TICKET003267,2024-06-17,PROP002,HVAC,Low,In Progress,,228,
TICKET003268,2024-06-17,PROP017,Pest Control,Medium,Closed,2024-06-20,3,1109.6242737155653
TICKET003269,2024-06-17,PROP008,Plumbing,Medium,Closed,2024-06-22,5,223.5492012973393
TICKET003270,2024-06-17,PROP014,HVAC,Low,Closed,2024-06-30,13,1149.0565760679594
TICKET003271,2024-06-17,PROP009,General Maintenance,Medium,Closed,2024-06-22,5,501.6044920393915
TICKET003272,2024-06-17,PROP001,Appliance,Low,Closed,2024-06-22,5,215.96821209081713
TICKET003273,2024-06-18,PROP003,HVAC,Medium,Closed,2024-06-22,4,788.1700366669651
TICKET003274,2024-06-18,PROP016,Pest Control,Low,Closed,2024-07-03,15,208.1612071701203
TICKET003275,2024-06-18,PROP013,HVAC,Medium,In Progress,,227,
TICKET003276,2024-06-18,PROP017,Pest Control,Low,Closed,2024-07-07,19,775.0568777298909
TICKET003277,2024-06-18,PROP020,Pest Control,Emergency,Closed,2024-06-18,0,241.7974997774384
TICKET003278,2024-06-18,PROP003,General Maintenance,High,Pending Parts,,227,
TICKET003279,2024-06-18,PROP003,Pest Control,Low,Closed,2024-06-29,11,1172.225569949853
TICKET003280,2024-06-18,PROP022,Structural,Emergency,Closed,2024-06-18,0,590.2437886236287
TICKET003281,2024-06-18,PROP006,Structural,Low,Closed,2024-06-29,11,1283.2142383157247
TICKET003282,2024-06-18,PROP025,Structural,Low,Closed,2024-06-26,8,793.6955145729588
TICKET003283,2024-06-18,PROP007,Pest Control,Low,Closed,2024-06-28,10,1281.743745952822
TICKET003284,2024-06-18,PROP025,Electrical,Low,Open,,227,
TICKET003285,2024-06-18,PROP021,Structural,Low,Closed,2024-07-06,18,1008.2986789300925
TICKET003286,2024-06-18,PROP007,Electrical,Low,Closed,2024-06-25,7,875.4615355708505
TICKET003287,2024-06-18,PROP025,Plumbing,Low,Closed,2024-06-30,12,788.7315528577249
TICKET003288,2024-06-18,PROP021,Electrical,Low,In Progress,,227,
TICKET003289,2024-06-18,PROP001,Electrical,Medium,Closed,2024-06-24,6,705.9520012722893
TICKET003290,2024-06-18,PROP007,Appliance,High,Closed,2024-06-22,4,1021.9817823154007
TICKET003291,2024-06-18,PROP024,HVAC,Low,Closed,2024-06-27,9,233.22087620971314
TICKET003292,2024-06-18,PROP006,Landscaping,Low,Closed,2024-06-24,6,1039.3269152253024
TICKET003293,2024-06-18,PROP018,HVAC,Medium,Pending Parts,,227,
TICKET003294,2024-06-18,PROP013,Landscaping,High,Closed,2024-06-20,2,670.4180013876701
TICKET003295,2024-06-18,PROP012,Structural,Medium,Closed,2024-06-24,6,1030.470092918328
TICKET003296,2024-06-18,PROP018,Landscaping,Low,Closed,2024-06-24,6,797.3198085202082
TICKET003297,2024-06-18,PROP003,HVAC,Low,Closed,2024-06-29,11,703.5495149166659
TICKET003298,2024-06-18,PROP014,HVAC,High,Closed,2024-06-21,3,119.3985444796168
TICKET003299,2024-06-18,PROP015,Electrical,Low,Closed,2024-07-07,19,711.4132239476795
TICKET003300,2024-06-18,PROP005,Pest Control,Medium,Closed,2024-06-21,3,922.238487695517
TICKET003301,2024-06-18,PROP008,General Maintenance,Medium,Closed,2024-06-25,7,1251.2351039783975
TICKET003302,2024-06-19,PROP015,Appliance,Low,In Progress,,226,
TICKET003303,2024-06-19,PROP007,General Maintenance,Medium,Closed,2024-06-24,5,225.63634975501077
TICKET003304,2024-06-19,PROP007,Landscaping,Medium,Closed,2024-06-28,9,970.6130294961578
TICKET003305,2024-06-19,PROP005,Plumbing,Medium,Closed,2024-06-28,9,533.5102259947498
TICKET003306,2024-06-19,PROP019,General Maintenance,Medium,Closed,2024-06-27,8,613.2693802374703
TICKET003307,2024-06-19,PROP017,Appliance,Low,Closed,2024-06-30,11,1293.5983630198928
TICKET003308,2024-06-19,PROP005,Electrical,High,Closed,2024-06-21,2,263.3706844438186
TICKET003309,2024-06-19,PROP023,HVAC,Medium,Open,,226,
TICKET003310,2024-06-19,PROP017,HVAC,Low,Closed,2024-07-04,15,1071.9350508355283
TICKET003311,2024-06-19,PROP014,Electrical,Low,Closed,2024-06-29,10,137.74176394466332
TICKET003312,2024-06-19,PROP018,HVAC,Medium,Pending Parts,,226,
TICKET003313,2024-06-19,PROP012,General Maintenance,Medium,Closed,2024-06-22,3,1109.742462681187
TICKET003314,2024-06-19,PROP003,Pest Control,High,In Progress,,226,
TICKET003315,2024-06-19,PROP009,Structural,High,Closed,2024-06-21,2,1334.8561430177026
TICKET003316,2024-06-19,PROP018,Landscaping,Medium,Closed,2024-06-26,7,1388.3938478183347
TICKET003317,2024-06-19,PROP016,HVAC,Emergency,Closed,2024-06-19,0,171.87283678251328
TICKET003318,2024-06-19,PROP011,Electrical,Medium,Closed,2024-06-28,9,1385.8485097826515
TICKET003319,2024-06-19,PROP005,General Maintenance,High,Closed,2024-06-20,1,1096.653237663607
TICKET003320,2024-06-19,PROP016,Pest Control,Medium,Pending Parts,,226,
TICKET003321,2024-06-19,PROP012,Plumbing,Low,Closed,2024-07-06,17,697.5806550849771
TICKET003322,2024-06-19,PROP024,General Maintenance,High,Closed,2024-06-22,3,282.75615405586336
TICKET003323,2024-06-19,PROP019,Pest Control,Medium,Closed,2024-06-26,7,1337.9420138614025
TICKET003324,2024-06-19,PROP010,Appliance,High,Closed,2024-06-23,4,1029.1461370327556
TICKET003325,2024-06-19,PROP024,HVAC,High,Closed,2024-06-22,3,1041.1182157471276
TICKET003326,2024-06-19,PROP007,Landscaping,Medium,Open,,226,
TICKET003327,2024-06-19,PROP009,Structural,Medium,Closed,2024-06-28,9,393.7267438558412
TICKET003328,2024-06-19,PROP011,HVAC,High,Closed,2024-06-23,4,331.06528513063716
TICKET003329,2024-06-19,PROP018,Electrical,Low,Open,,226,
TICKET003330,2024-06-19,PROP020,Pest Control,High,Closed,2024-06-21,2,490.56699585568003
TICKET003331,2024-06-19,PROP014,General Maintenance,Medium,Closed,2024-06-24,5,445.67335696758204
TICKET003332,2024-06-19,PROP002,Appliance,High,Closed,2024-06-20,1,1224.5227640194923
TICKET003333,2024-06-20,PROP022,Appliance,Low,Closed,2024-07-01,11,342.8563299205826
TICKET003334,2024-06-20,PROP019,Pest Control,Emergency,Closed,2024-06-21,1,1192.6565129493304
TICKET003335,2024-06-20,PROP003,HVAC,Medium,Closed,2024-06-24,4,1489.313777935255
TICKET003336,2024-06-20,PROP013,Landscaping,Medium,Open,,225,
TICKET003337,2024-06-20,PROP025,Plumbing,Medium,Closed,2024-06-23,3,840.0118273615174
TICKET003338,2024-06-20,PROP024,Structural,Medium,Closed,2024-06-26,6,166.61695060108605
TICKET003339,2024-06-20,PROP006,Plumbing,Low,Closed,2024-06-28,8,1326.6635221046536
TICKET003340,2024-06-20,PROP007,Landscaping,Medium,Closed,2024-06-29,9,667.8704391330323
TICKET003341,2024-06-20,PROP008,Structural,Low,Closed,2024-07-07,17,54.88132940382479
TICKET003342,2024-06-20,PROP005,HVAC,Emergency,Closed,2024-06-20,0,444.3880827806413
TICKET003343,2024-06-20,PROP023,Landscaping,Medium,Closed,2024-06-27,7,502.62511952397546
TICKET003344,2024-06-20,PROP008,Pest Control,High,Closed,2024-06-21,1,715.3040348289883
TICKET003345,2024-06-20,PROP010,Appliance,Low,Closed,2024-06-29,9,385.6910144450055
TICKET003346,2024-06-20,PROP022,Structural,Low,Closed,2024-07-01,11,176.9904227672571
TICKET003347,2024-06-20,PROP003,Appliance,Low,Closed,2024-06-29,9,174.50722698491074
TICKET003348,2024-06-20,PROP018,General Maintenance,High,Closed,2024-06-21,1,229.1097110017264
TICKET003349,2024-06-21,PROP001,Pest Control,High,Closed,2024-06-22,1,151.63307839038652
TICKET003350,2024-06-21,PROP010,Pest Control,Medium,Closed,2024-06-27,6,1273.2489775142203
TICKET003351,2024-06-21,PROP008,General Maintenance,High,In Progress,,224,
TICKET003352,2024-06-21,PROP017,Electrical,Low,Closed,2024-06-30,9,96.94467312708012
TICKET003353,2024-06-21,PROP019,General Maintenance,Medium,Closed,2024-06-26,5,902.4461669152789
TICKET003354,2024-06-21,PROP019,Structural,High,Closed,2024-06-24,3,700.9220427981734
TICKET003355,2024-06-21,PROP004,Plumbing,Medium,Closed,2024-06-30,9,1178.655057007534
TICKET003356,2024-06-21,PROP013,Pest Control,Low,Closed,2024-07-02,11,953.2772510515501
TICKET003357,2024-06-21,PROP005,Plumbing,Low,Pending Parts,,224,
TICKET003358,2024-06-21,PROP005,Appliance,Medium,Pending Parts,,224,
TICKET003359,2024-06-21,PROP021,Landscaping,Medium,Closed,2024-06-29,8,138.43290043847531
TICKET003360,2024-06-21,PROP023,Plumbing,Medium,Closed,2024-06-30,9,446.4642881466184
TICKET003361,2024-06-21,PROP009,Pest Control,Low,Closed,2024-07-01,10,1362.378278779136
TICKET003362,2024-06-21,PROP008,Plumbing,Low,Closed,2024-07-02,11,854.5357510246141
TICKET003363,2024-06-21,PROP001,Appliance,Low,Closed,2024-07-04,13,1438.9761724209445
TICKET003364,2024-06-21,PROP017,Pest Control,Medium,Closed,2024-06-24,3,500.4889743588517
TICKET003365,2024-06-21,PROP024,Appliance,High,In Progress,,224,
TICKET003366,2024-06-21,PROP015,HVAC,Low,Closed,2024-06-26,5,201.19729870564578
TICKET003367,2024-06-21,PROP015,Electrical,High,Closed,2024-06-24,3,370.9296783101902
TICKET003368,2024-06-22,PROP024,Appliance,Low,Open,,223,
TICKET003369,2024-06-22,PROP023,Plumbing,High,Closed,2024-06-23,1,1318.211262238331
TICKET003370,2024-06-22,PROP020,Pest Control,Low,Closed,2024-07-07,15,1010.1787977111046
TICKET003371,2024-06-22,PROP019,Plumbing,Low,Closed,2024-07-07,15,344.7756681504093
TICKET003372,2024-06-22,PROP004,Electrical,Low,Closed,2024-07-11,19,76.88995460330314
TICKET003373,2024-06-22,PROP023,HVAC,Low,Closed,2024-07-05,13,598.6808137268458
TICKET003374,2024-06-22,PROP017,General Maintenance,High,Closed,2024-06-25,3,351.6102913097605
TICKET003375,2024-06-22,PROP011,HVAC,Medium,Closed,2024-06-27,5,400.4611369062909
TICKET003376,2024-06-22,PROP023,Pest Control,Medium,Closed,2024-06-29,7,804.6826318533028
TICKET003377,2024-06-22,PROP003,Landscaping,Low,Closed,2024-06-30,8,294.1865315927357
TICKET003378,2024-06-22,PROP011,HVAC,Medium,Closed,2024-06-28,6,1166.8971389251237
TICKET003379,2024-06-22,PROP013,Electrical,Emergency,Closed,2024-06-23,1,441.9131605963286
TICKET003380,2024-06-22,PROP011,Structural,Medium,Closed,2024-06-27,5,1182.846944015501
TICKET003381,2024-06-22,PROP013,Landscaping,High,Closed,2024-06-24,2,1370.3695641369184
TICKET003382,2024-06-22,PROP020,General Maintenance,Medium,Closed,2024-06-30,8,211.05855373453113
TICKET003383,2024-06-22,PROP019,Landscaping,Low,Pending Parts,,223,
TICKET003384,2024-06-22,PROP001,Electrical,Medium,Closed,2024-06-27,5,395.5627706891772
TICKET003385,2024-06-22,PROP023,Landscaping,Low,Closed,2024-07-07,15,263.0744316526629
TICKET003386,2024-06-22,PROP010,HVAC,Emergency,Closed,2024-06-22,0,952.0880324916571
TICKET003387,2024-06-22,PROP019,Pest Control,Low,Closed,2024-06-28,6,975.1798899230333
TICKET003388,2024-06-23,PROP010,Plumbing,High,Closed,2024-06-25,2,85.91076950172695
TICKET003389,2024-06-23,PROP012,HVAC,Medium,Closed,2024-06-26,3,1368.1797101439652
TICKET003390,2024-06-23,PROP011,Structural,Low,Closed,2024-07-03,10,1237.3724491482324
TICKET003391,2024-06-23,PROP006,HVAC,High,Closed,2024-06-24,1,856.2902286652505
TICKET003392,2024-06-23,PROP006,Structural,Medium,Pending Parts,,222,
TICKET003393,2024-06-23,PROP016,Plumbing,Medium,Open,,222,
TICKET003394,2024-06-23,PROP003,Plumbing,Medium,In Progress,,222,
TICKET003395,2024-06-23,PROP011,Plumbing,Medium,Closed,2024-06-26,3,132.64156755438677
TICKET003396,2024-06-23,PROP005,General Maintenance,Medium,Closed,2024-06-29,6,572.1828768915342
TICKET003397,2024-06-23,PROP006,General Maintenance,Medium,Closed,2024-06-26,3,1422.3736923702813
TICKET003398,2024-06-23,PROP008,Appliance,High,Closed,2024-06-25,2,591.5814986273185
TICKET003399,2024-06-23,PROP011,Landscaping,High,Closed,2024-06-24,1,1230.2622338545734
TICKET003400,2024-06-23,PROP022,Plumbing,High,Closed,2024-06-24,1,534.64183820943
TICKET003401,2024-06-23,PROP025,Pest Control,High,Closed,2024-06-27,4,340.8806036941482
TICKET003402,2024-06-23,PROP020,Appliance,High,Closed,2024-06-25,2,1111.319576782746
TICKET003403,2024-06-23,PROP003,Structural,Low,Pending Parts,,222,
TICKET003404,2024-06-23,PROP005,Landscaping,Low,Closed,2024-07-01,8,887.8343076447759
TICKET003405,2024-06-23,PROP015,Plumbing,Medium,In Progress,,222,
TICKET003406,2024-06-23,PROP025,General Maintenance,High,Closed,2024-06-27,4,100.21758619235277
TICKET003407,2024-06-23,PROP005,HVAC,Low,Closed,2024-07-12,19,520.911590791577
TICKET003408,2024-06-23,PROP001,Pest Control,High,Closed,2024-06-25,2,959.3804624776685
TICKET003409,2024-06-23,PROP019,Structural,High,Closed,2024-06-25,2,768.7478120150042
TICKET003410,2024-06-23,PROP008,Landscaping,Medium,Closed,2024-06-28,5,216.6475452383464
TICKET003411,2024-06-23,PROP022,HVAC,Medium,Open,,222,
TICKET003412,2024-06-23,PROP020,Landscaping,Emergency,Closed,2024-06-23,0,692.4316160628975
TICKET003413,2024-06-23,PROP002,HVAC,Low,Closed,2024-06-28,5,855.3130113626048
TICKET003414,2024-06-23,PROP011,Pest Control,Low,Closed,2024-07-12,19,104.99476604516497
TICKET003415,2024-06-24,PROP017,Structural,High,Closed,2024-06-27,3,884.4716611879473
TICKET003416,2024-06-24,PROP021,Plumbing,Medium,Closed,2024-07-02,8,1204.11448723908
TICKET003417,2024-06-24,PROP010,Plumbing,Medium,Closed,2024-07-03,9,1127.3895035416685
TICKET003418,2024-06-24,PROP004,Appliance,Low,Closed,2024-07-09,15,1224.2491504569516
TICKET003419,2024-06-24,PROP011,Pest Control,Low,Closed,2024-07-02,8,664.3021366976469
TICKET003420,2024-06-24,PROP004,Plumbing,High,Closed,2024-06-25,1,547.6313978275716
TICKET003421,2024-06-24,PROP017,Structural,Low,Closed,2024-07-13,19,739.6873434543689
TICKET003422,2024-06-24,PROP023,Pest Control,Low,Closed,2024-07-07,13,376.3904381729196
TICKET003423,2024-06-24,PROP006,Plumbing,Medium,Closed,2024-07-02,8,245.12795653198057
TICKET003424,2024-06-24,PROP005,HVAC,High,Closed,2024-06-27,3,666.202891270238
TICKET003425,2024-06-24,PROP011,Landscaping,Low,Closed,2024-07-11,17,1425.3489391658818
TICKET003426,2024-06-24,PROP012,Landscaping,High,Closed,2024-06-26,2,269.19373626911033
TICKET003427,2024-06-24,PROP007,Landscaping,Low,Closed,2024-07-07,13,1176.4494856100164
TICKET003428,2024-06-24,PROP009,General Maintenance,Medium,Closed,2024-07-01,7,572.4059889247898
TICKET003429,2024-06-24,PROP016,General Maintenance,Low,Closed,2024-07-01,7,237.09979039904107
TICKET003430,2024-06-24,PROP007,Appliance,High,Open,,221,
TICKET003431,2024-06-24,PROP010,Structural,Medium,Closed,2024-06-28,4,1286.0741613782266
TICKET003432,2024-06-24,PROP012,Appliance,Low,Closed,2024-07-10,16,842.4227068622031
TICKET003433,2024-06-24,PROP008,Structural,Low,Closed,2024-07-06,12,935.9346712194897
TICKET003434,2024-06-24,PROP013,HVAC,Low,Closed,2024-07-05,11,1117.1611415255024
TICKET003435,2024-06-24,PROP002,Plumbing,Medium,Closed,2024-07-03,9,1125.8991949728977
TICKET003436,2024-06-24,PROP010,Electrical,Medium,Closed,2024-07-01,7,643.7172380685201
TICKET003437,2024-06-24,PROP023,Appliance,Low,Closed,2024-07-12,18,105.87190416827731
TICKET003438,2024-06-24,PROP009,General Maintenance,Low,Closed,2024-06-30,6,1494.8670209079623
TICKET003439,2024-06-24,PROP009,HVAC,Low,Closed,2024-07-06,12,1414.3920356477527
TICKET003440,2024-06-24,PROP020,General Maintenance,High,Closed,2024-06-25,1,294.6877961234619
TICKET003441,2024-06-24,PROP010,Electrical,High,Open,,221,
TICKET003442,2024-06-24,PROP018,Plumbing,Medium,Closed,2024-06-30,6,242.29615326564593
TICKET003443,2024-06-24,PROP025,Appliance,Low,Closed,2024-07-01,7,1185.7951325723793
TICKET003444,2024-06-25,PROP021,Electrical,Low,Closed,2024-07-08,13,405.0068902859034
TICKET003445,2024-06-25,PROP002,General Maintenance,Low,Closed,2024-07-08,13,343.9804133742183
TICKET003446,2024-06-25,PROP013,Appliance,Low,Closed,2024-07-10,15,882.6409832962931
TICKET003447,2024-06-25,PROP014,Structural,Emergency,Pending Parts,,220,
TICKET003448,2024-06-25,PROP013,General Maintenance,Medium,Open,,220,
TICKET003449,2024-06-25,PROP020,General Maintenance,Low,Closed,2024-07-10,15,566.6731255393561
TICKET003450,2024-06-25,PROP004,Electrical,Low,Closed,2024-07-12,17,313.3067849404916
TICKET003451,2024-06-25,PROP008,Structural,Emergency,Closed,2024-06-26,1,1493.0708173663897
TICKET003452,2024-06-25,PROP008,Structural,Emergency,Closed,2024-06-25,0,392.59035386783734
TICKET003453,2024-06-25,PROP013,General Maintenance,Low,Closed,2024-07-07,12,1250.7706649899335
TICKET003454,2024-06-25,PROP011,Electrical,Emergency,Closed,2024-06-25,0,907.6161754319104
TICKET003455,2024-06-25,PROP020,Appliance,High,Closed,2024-06-28,3,1378.6741115899279
TICKET003456,2024-06-25,PROP002,Structural,Low,Closed,2024-06-30,5,1231.500108956744
TICKET003457,2024-06-25,PROP023,HVAC,High,Closed,2024-06-26,1,890.8996464940399
TICKET003458,2024-06-25,PROP002,Pest Control,High,Closed,2024-06-26,1,1411.0433607308323
TICKET003459,2024-06-25,PROP005,HVAC,Low,Closed,2024-07-12,17,840.4925098600664
TICKET003460,2024-06-25,PROP009,Pest Control,Medium,Closed,2024-07-02,7,1421.596400938614
TICKET003461,2024-06-25,PROP025,Appliance,High,Closed,2024-06-27,2,1145.6479418080096
TICKET003462,2024-06-25,PROP002,Landscaping,Low,Open,,220,
TICKET003463,2024-06-25,PROP009,Pest Control,High,Closed,2024-06-27,2,1124.7441177712008
TICKET003464,2024-06-25,PROP006,Pest Control,Low,Open,,220,
TICKET003465,2024-06-25,PROP014,Structural,Low,In Progress,,220,
TICKET003466,2024-06-25,PROP007,Electrical,High,Closed,2024-06-29,4,1121.8043657796181
TICKET003467,2024-06-25,PROP021,Electrical,Medium,Closed,2024-07-01,6,1248.8029184632196
TICKET003468,2024-06-25,PROP013,General Maintenance,Low,Closed,2024-07-07,12,141.20289619610327
TICKET003469,2024-06-26,PROP022,HVAC,Medium,Closed,2024-07-02,6,483.95093613645207
TICKET003470,2024-06-26,PROP019,Pest Control,Low,Closed,2024-07-05,9,1242.8238720010122
TICKET003471,2024-06-26,PROP008,Landscaping,Medium,Closed,2024-06-29,3,993.5412843250156
TICKET003472,2024-06-26,PROP025,Pest Control,High,Closed,2024-06-30,4,473.8960852865982
TICKET003473,2024-06-26,PROP011,Appliance,Low,Closed,2024-07-05,9,997.4276878724855
TICKET003474,2024-06-26,PROP004,Appliance,Low,Closed,2024-07-05,9,461.2290158911843
TICKET003475,2024-06-26,PROP005,General Maintenance,Low,Closed,2024-07-05,9,1159.2679258119028
TICKET003476,2024-06-26,PROP011,Pest Control,Medium,Closed,2024-07-04,8,273.68405994748696
TICKET003477,2024-06-26,PROP009,Structural,Low,Closed,2024-07-11,15,1279.1776414249732
TICKET003478,2024-06-26,PROP007,HVAC,Low,Closed,2024-07-03,7,737.0148673012243
TICKET003479,2024-06-26,PROP008,Landscaping,Medium,Closed,2024-07-01,5,1040.9048996810316
TICKET003480,2024-06-26,PROP007,Pest Control,High,Closed,2024-06-30,4,297.2101313325232
TICKET003481,2024-06-26,PROP025,Plumbing,Low,Closed,2024-07-12,16,766.5221742172389
TICKET003482,2024-06-26,PROP024,Structural,High,Closed,2024-06-27,1,508.9795465609247
TICKET003483,2024-06-26,PROP019,Plumbing,Medium,Closed,2024-06-30,4,1167.2389521132989
TICKET003484,2024-06-26,PROP022,Structural,Emergency,Closed,2024-06-27,1,291.6710066468497
TICKET003485,2024-06-26,PROP020,Electrical,Medium,Closed,2024-07-05,9,1341.955504654177
TICKET003486,2024-06-26,PROP017,Appliance,Low,Closed,2024-07-14,18,1028.744641736233
TICKET003487,2024-06-26,PROP025,Electrical,High,Closed,2024-06-28,2,1435.5715339961628
TICKET003488,2024-06-26,PROP009,Electrical,Low,Pending Parts,,219,
TICKET003489,2024-06-26,PROP018,General Maintenance,Low,Closed,2024-07-08,12,1046.5783985622425
TICKET003490,2024-06-26,PROP022,Electrical,High,Closed,2024-06-29,3,1396.530556904697
TICKET003491,2024-06-26,PROP004,HVAC,Low,Closed,2024-07-08,12,554.2763444487513
TICKET003492,2024-06-26,PROP014,Appliance,Low,Closed,2024-07-15,19,300.27017204408526
TICKET003493,2024-06-26,PROP007,HVAC,High,Closed,2024-06-28,2,205.03406733040464
TICKET003494,2024-06-26,PROP005,Plumbing,High,Closed,2024-06-28,2,1326.8634645886573
TICKET003495,2024-06-26,PROP013,HVAC,Low,Closed,2024-07-02,6,1055.6080109960144
TICKET003496,2024-06-26,PROP002,Landscaping,Low,Open,,219,
TICKET003497,2024-06-26,PROP017,General Maintenance,Low,Closed,2024-07-11,15,917.6490038212455
TICKET003498,2024-06-26,PROP023,Landscaping,Medium,Closed,2024-07-04,8,833.2103406019511
TICKET003499,2024-06-26,PROP001,Structural,Low,In Progress,,219,
TICKET003500,2024-06-26,PROP013,Plumbing,Medium,Closed,2024-07-05,9,381.15385414219605
TICKET003501,2024-06-27,PROP017,HVAC,Low,Closed,2024-07-10,13,876.6774761683987
TICKET003502,2024-06-27,PROP025,Structural,Low,Closed,2024-07-06,9,600.1009849561883
TICKET003503,2024-06-27,PROP001,HVAC,Low,Closed,2024-07-08,11,533.8714866616326
TICKET003504,2024-06-27,PROP002,HVAC,Low,In Progress,,218,
TICKET003505,2024-06-27,PROP022,Pest Control,Medium,Closed,2024-06-30,3,317.72193359616915
TICKET003506,2024-06-27,PROP020,Pest Control,Medium,In Progress,,218,
TICKET003507,2024-06-27,PROP025,General Maintenance,Medium,Closed,2024-07-04,7,1362.687414514728
TICKET003508,2024-06-27,PROP022,Pest Control,Medium,Closed,2024-07-04,7,1371.5756035891243
TICKET003509,2024-06-27,PROP013,General Maintenance,High,Closed,2024-06-28,1,177.9897171445955
TICKET003510,2024-06-27,PROP011,General Maintenance,High,Closed,2024-06-30,3,1350.7701936957358
TICKET003511,2024-06-27,PROP020,Electrical,High,Closed,2024-06-30,3,1458.150165668848
TICKET003512,2024-06-27,PROP017,Plumbing,Low,Closed,2024-07-10,13,1242.7737381301263
TICKET003513,2024-06-27,PROP006,Appliance,Low,Closed,2024-07-10,13,1405.7959035676417
TICKET003514,2024-06-27,PROP007,General Maintenance,Medium,Closed,2024-07-02,5,650.8003074771864
TICKET003515,2024-06-27,PROP022,Appliance,Low,Pending Parts,,218,
TICKET003516,2024-06-28,PROP013,HVAC,Medium,Closed,2024-07-04,6,903.130680606642
TICKET003517,2024-06-28,PROP024,Structural,Emergency,Closed,2024-06-29,1,429.2924444478757
TICKET003518,2024-06-28,PROP011,Structural,Low,Pending Parts,,217,
TICKET003519,2024-06-28,PROP003,Electrical,High,Closed,2024-06-30,2,1477.6937236851898
TICKET003520,2024-06-28,PROP021,Electrical,High,Pending Parts,,217,
TICKET003521,2024-06-28,PROP020,General Maintenance,Low,Pending Parts,,217,
TICKET003522,2024-06-28,PROP018,General Maintenance,Low,Closed,2024-07-12,14,592.6030415831844
TICKET003523,2024-06-28,PROP002,Plumbing,Low,Closed,2024-07-16,18,305.4226693253499
TICKET003524,2024-06-28,PROP012,General Maintenance,Low,Closed,2024-07-14,16,151.5767625200852
TICKET003525,2024-06-28,PROP014,Landscaping,Medium,Closed,2024-07-04,6,681.8640464637501
TICKET003526,2024-06-28,PROP024,Plumbing,Medium,In Progress,,217,
TICKET003527,2024-06-28,PROP019,Electrical,High,Closed,2024-06-29,1,358.18174261790057
TICKET003528,2024-06-28,PROP006,General Maintenance,High,Closed,2024-07-02,4,501.7221663907504
TICKET003529,2024-06-28,PROP011,General Maintenance,Low,Closed,2024-07-10,12,1080.7330543963442
TICKET003530,2024-06-28,PROP023,Pest Control,Low,Closed,2024-07-08,10,427.3857745683673
TICKET003531,2024-06-28,PROP016,Landscaping,Medium,Closed,2024-07-04,6,953.4896186612935
TICKET003532,2024-06-28,PROP001,Structural,Low,Closed,2024-07-13,15,1261.4371094370808
TICKET003533,2024-06-28,PROP018,Pest Control,Low,Closed,2024-07-10,12,1195.8447334794985
TICKET003534,2024-06-28,PROP009,General Maintenance,Low,Closed,2024-07-17,19,792.7936548958029
TICKET003535,2024-06-28,PROP014,General Maintenance,High,Closed,2024-06-29,1,1346.572235526584
TICKET003536,2024-06-28,PROP005,Appliance,Low,Closed,2024-07-06,8,100.76799555148011
TICKET003537,2024-06-28,PROP024,Electrical,Low,Closed,2024-07-05,7,867.5450120978205
TICKET003538,2024-06-28,PROP019,General Maintenance,Low,Open,,217,
TICKET003539,2024-06-28,PROP003,Structural,Low,Closed,2024-07-07,9,676.9910907502787
TICKET003540,2024-06-28,PROP015,Plumbing,High,Closed,2024-06-29,1,231.6016629969631
TICKET003541,2024-06-28,PROP010,Plumbing,High,Closed,2024-07-02,4,469.44913159703765
TICKET003542,2024-06-28,PROP023,General Maintenance,Low,Closed,2024-07-07,9,304.9468525457179
TICKET003543,2024-06-28,PROP022,Pest Control,Low,In Progress,,217,
TICKET003544,2024-06-28,PROP010,HVAC,Low,Closed,2024-07-17,19,1496.0813905693235
TICKET003545,2024-06-28,PROP013,Appliance,Medium,Closed,2024-07-04,6,675.555229013447
TICKET003546,2024-06-28,PROP025,Appliance,Low,Pending Parts,,217,
TICKET003547,2024-06-28,PROP011,General Maintenance,Medium,Closed,2024-07-06,8,1129.8486275710457
TICKET003548,2024-06-28,PROP019,Appliance,Low,Closed,2024-07-03,5,1284.1222466250351
TICKET003549,2024-06-29,PROP022,Plumbing,Medium,Closed,2024-07-04,5,416.9972104178558
TICKET003550,2024-06-29,PROP010,Structural,Medium,Closed,2024-07-06,7,668.8604167882371
TICKET003551,2024-06-29,PROP018,General Maintenance,Low,Closed,2024-07-08,9,833.0561400606358
TICKET003552,2024-06-29,PROP011,Appliance,Low,Closed,2024-07-10,11,815.3903586903587
TICKET003553,2024-06-29,PROP017,Landscaping,Low,Closed,2024-07-13,14,427.3748835748886
TICKET003554,2024-06-29,PROP003,Structural,Low,In Progress,,216,
TICKET003555,2024-06-29,PROP020,Landscaping,Low,Closed,2024-07-10,11,1304.9648007903108
TICKET003556,2024-06-29,PROP004,Structural,Medium,Closed,2024-07-04,5,383.6433380494111
TICKET003557,2024-06-29,PROP017,Plumbing,Low,Closed,2024-07-14,15,1153.0384160776548
TICKET003558,2024-06-29,PROP011,HVAC,Low,Closed,2024-07-18,19,1279.6438719416055
TICKET003559,2024-06-29,PROP022,Landscaping,High,Closed,2024-07-01,2,986.5660817613364
TICKET003560,2024-06-29,PROP014,Pest Control,Low,In Progress,,216,
TICKET003561,2024-06-29,PROP012,Appliance,Low,Closed,2024-07-08,9,1386.060240811272
TICKET003562,2024-06-29,PROP019,Plumbing,Low,In Progress,,216,
TICKET003563,2024-06-29,PROP022,Pest Control,Medium,Closed,2024-07-06,7,548.375464802487
TICKET003564,2024-06-29,PROP001,General Maintenance,Medium,Closed,2024-07-03,4,242.61605233694323
TICKET003565,2024-06-29,PROP015,HVAC,Low,Closed,2024-07-15,16,1000.2540092981696
TICKET003566,2024-06-29,PROP016,Plumbing,Emergency,Closed,2024-06-30,1,1306.3759135711969
TICKET003567,2024-06-29,PROP015,HVAC,High,Closed,2024-07-03,4,935.9256532325849
TICKET003568,2024-06-29,PROP001,Appliance,Emergency,Closed,2024-06-30,1,793.43103914042
TICKET003569,2024-06-29,PROP025,Appliance,High,Closed,2024-07-01,2,1155.7228428464246
TICKET003570,2024-06-29,PROP015,Electrical,Low,Closed,2024-07-16,17,1042.1928317689542
TICKET003571,2024-06-29,PROP002,Electrical,Low,Closed,2024-07-11,12,1469.857400781674
TICKET003572,2024-06-29,PROP013,Structural,High,Closed,2024-07-01,2,1281.8231970261538
TICKET003573,2024-06-29,PROP023,HVAC,Medium,Open,,216,
TICKET003574,2024-06-29,PROP002,Plumbing,Low,Closed,2024-07-04,5,1287.392226730962
TICKET003575,2024-06-29,PROP004,Plumbing,Medium,Closed,2024-07-08,9,775.0367612159085
TICKET003576,2024-06-29,PROP002,Electrical,Medium,Closed,2024-07-03,4,944.5241273892079
TICKET003577,2024-06-29,PROP005,Pest Control,High,Closed,2024-07-03,4,881.3514222089582
TICKET003578,2024-06-29,PROP025,General Maintenance,Medium,Closed,2024-07-02,3,218.7963063867156
TICKET003579,2024-06-29,PROP002,Appliance,Medium,Closed,2024-07-07,8,196.14409595506575
TICKET003580,2024-06-29,PROP005,Plumbing,Medium,Closed,2024-07-02,3,628.7103720151513
TICKET003581,2024-06-29,PROP021,Structural,Low,Closed,2024-07-07,8,236.63124996919808
TICKET003582,2024-06-30,PROP013,Plumbing,Medium,Closed,2024-07-05,5,354.831351781897
TICKET003583,2024-06-30,PROP022,Structural,High,Closed,2024-07-01,1,1039.482772699469
TICKET003584,2024-06-30,PROP012,Structural,Low,Open,,215,
TICKET003585,2024-06-30,PROP001,Landscaping,Low,Closed,2024-07-17,17,657.5200657305446
TICKET003586,2024-06-30,PROP017,General Maintenance,Low,Closed,2024-07-12,12,1178.579860481524
TICKET003587,2024-06-30,PROP002,Pest Control,Medium,Closed,2024-07-04,4,488.3243827216584
TICKET003588,2024-06-30,PROP019,Electrical,Medium,Closed,2024-07-06,6,309.7059406690849
TICKET003589,2024-06-30,PROP008,Pest Control,Medium,Open,,215,
TICKET003590,2024-06-30,PROP018,Electrical,Medium,Closed,2024-07-05,5,202.33519721499738
TICKET003591,2024-06-30,PROP019,Electrical,Low,Closed,2024-07-18,18,810.3136761595232
TICKET003592,2024-06-30,PROP003,General Maintenance,Medium,Closed,2024-07-04,4,316.860031510751
TICKET003593,2024-06-30,PROP024,HVAC,Low,Closed,2024-07-07,7,1496.7013922536426
TICKET003594,2024-06-30,PROP010,Landscaping,Low,Pending Parts,,215,
TICKET003595,2024-06-30,PROP003,Structural,High,Closed,2024-07-03,3,492.87899819263185
TICKET003596,2024-06-30,PROP010,General Maintenance,Medium,Closed,2024-07-08,8,860.9331308206299
TICKET003597,2024-06-30,PROP012,HVAC,Low,Closed,2024-07-18,18,231.91730213099754
TICKET003598,2024-06-30,PROP001,Landscaping,High,Closed,2024-07-03,3,361.35803923163695
TICKET003599,2024-06-30,PROP017,Landscaping,Medium,Closed,2024-07-03,3,848.1934724551381
TICKET003600,2024-06-30,PROP024,HVAC,Low,Closed,2024-07-12,12,591.832621749954
TICKET003601,2024-06-30,PROP022,Landscaping,Low,Pending Parts,,215,
TICKET003602,2024-06-30,PROP007,HVAC,Low,Pending Parts,,215,
TICKET003603,2024-06-30,PROP017,Electrical,Low,Closed,2024-07-19,19,430.7010459333009
TICKET003604,2024-06-30,PROP024,General Maintenance,Medium,Closed,2024-07-03,3,601.1369460265893
TICKET003605,2024-06-30,PROP025,Electrical,Low,In Progress,,215,
TICKET003606,2024-06-30,PROP021,Landscaping,High,Closed,2024-07-04,4,1160.108493253254
TICKET003607,2024-07-01,PROP018,Electrical,High,Closed,2024-07-02,1,1488.4319391807153
TICKET003608,2024-07-01,PROP025,Structural,Medium,Open,,214,
TICKET003609,2024-07-01,PROP019,General Maintenance,High,Closed,2024-07-03,2,1057.0637617779516
TICKET003610,2024-07-01,PROP004,Appliance,Low,Closed,2024-07-19,18,285.22304187987163
TICKET003611,2024-07-01,PROP009,HVAC,Medium,Closed,2024-07-08,7,868.6342820008385
TICKET003612,2024-07-01,PROP015,Landscaping,Low,Closed,2024-07-12,11,422.31731599987745
TICKET003613,2024-07-01,PROP006,Plumbing,Low,Closed,2024-07-15,14,388.3725366168796
TICKET003614,2024-07-01,PROP016,Pest Control,Low,Closed,2024-07-16,15,68.97453157207475
TICKET003615,2024-07-01,PROP010,Pest Control,Low,Closed,2024-07-18,17,392.20679370921073
TICKET003616,2024-07-01,PROP007,Landscaping,Medium,Closed,2024-07-05,4,830.52254093861
TICKET003617,2024-07-01,PROP009,Electrical,Low,In Progress,,214,
TICKET003618,2024-07-01,PROP005,Pest Control,Medium,In Progress,,214,
TICKET003619,2024-07-01,PROP013,Electrical,High,Open,,214,
TICKET003620,2024-07-01,PROP024,Structural,High,In Progress,,214,
TICKET003621,2024-07-01,PROP009,Appliance,Medium,Closed,2024-07-05,4,938.0622960957842
TICKET003622,2024-07-01,PROP021,General Maintenance,Low,Closed,2024-07-14,13,1216.458188826503
TICKET003623,2024-07-01,PROP002,Structural,Medium,Open,,214,
TICKET003624,2024-07-01,PROP005,Electrical,High,Closed,2024-07-03,2,1313.2650231444525
TICKET003625,2024-07-01,PROP009,General Maintenance,Low,Pending Parts,,214,
TICKET003626,2024-07-01,PROP022,HVAC,Low,Closed,2024-07-08,7,562.3083752012014
TICKET003627,2024-07-01,PROP007,Appliance,Low,Closed,2024-07-13,12,648.8529581758229
TICKET003628,2024-07-01,PROP017,Landscaping,Medium,In Progress,,214,
TICKET003629,2024-07-01,PROP013,Plumbing,Low,Closed,2024-07-06,5,974.6705933429051
TICKET003630,2024-07-01,PROP017,Pest Control,Medium,Closed,2024-07-08,7,782.9919197046676
TICKET003631,2024-07-01,PROP006,Electrical,Medium,Closed,2024-07-07,6,676.3574200248787
TICKET003632,2024-07-01,PROP018,Plumbing,Medium,Closed,2024-07-06,5,659.6264865674756
TICKET003633,2024-07-01,PROP018,Electrical,High,Closed,2024-07-02,1,338.73295185561113
TICKET003634,2024-07-01,PROP013,Pest Control,Medium,Closed,2024-07-06,5,91.40512821296903
TICKET003635,2024-07-01,PROP015,General Maintenance,Low,Closed,2024-07-14,13,309.4048149790995
TICKET003636,2024-07-01,PROP018,Electrical,Medium,Closed,2024-07-07,6,1106.4685958220398
TICKET003637,2024-07-01,PROP025,Electrical,High,Closed,2024-07-02,1,1488.3290902613007
TICKET003638,2024-07-01,PROP021,General Maintenance,Low,Closed,2024-07-17,16,834.8459177473615
TICKET003639,2024-07-02,PROP014,Structural,Low,Closed,2024-07-20,18,224.20767893462047
TICKET003640,2024-07-02,PROP009,Pest Control,Low,Open,,213,
TICKET003641,2024-07-02,PROP023,Pest Control,Medium,Open,,213,
TICKET003642,2024-07-02,PROP017,HVAC,Low,Closed,2024-07-19,17,723.9169626174948
TICKET003643,2024-07-02,PROP017,Pest Control,Low,Closed,2024-07-21,19,976.9561478781171
TICKET003644,2024-07-02,PROP023,Landscaping,Medium,Closed,2024-07-11,9,1055.9794747992285
TICKET003645,2024-07-02,PROP019,Electrical,Low,Pending Parts,,213,
TICKET003646,2024-07-02,PROP006,Plumbing,Medium,Closed,2024-07-09,7,806.8173763302927
TICKET003647,2024-07-02,PROP006,Structural,Low,Closed,2024-07-10,8,748.2323520580038
TICKET003648,2024-07-02,PROP006,Pest Control,Medium,Closed,2024-07-10,8,686.4617050461734
TICKET003649,2024-07-02,PROP021,Pest Control,High,Closed,2024-07-04,2,631.1281447876112
TICKET003650,2024-07-02,PROP016,Electrical,Low,Closed,2024-07-14,12,555.4388476261902
TICKET003651,2024-07-02,PROP018,Structural,Medium,Closed,2024-07-10,8,1265.4319604042125
TICKET003652,2024-07-02,PROP013,Pest Control,Low,Closed,2024-07-14,12,1223.6529593389334
TICKET003653,2024-07-02,PROP007,Structural,Medium,In Progress,,213,
TICKET003654,2024-07-02,PROP013,Structural,High,Open,,213,
TICKET003655,2024-07-02,PROP011,Pest Control,High,Closed,2024-07-03,1,1337.628774157389
TICKET003656,2024-07-02,PROP010,Structural,Low,Closed,2024-07-09,7,245.3002977596192
TICKET003657,2024-07-02,PROP016,HVAC,Medium,In Progress,,213,
TICKET003658,2024-07-02,PROP019,General Maintenance,Low,Closed,2024-07-14,12,1196.4898684675977
TICKET003659,2024-07-02,PROP021,Structural,Low,Closed,2024-07-13,11,1272.081537697542
TICKET003660,2024-07-02,PROP021,Pest Control,High,Closed,2024-07-04,2,609.0005764659688
TICKET003661,2024-07-02,PROP004,Pest Control,Low,Closed,2024-07-15,13,278.7398763735524
TICKET003662,2024-07-02,PROP005,Plumbing,Medium,Closed,2024-07-05,3,664.3420976013081
TICKET003663,2024-07-03,PROP011,Electrical,Medium,Closed,2024-07-12,9,519.9356380647183
TICKET003664,2024-07-03,PROP005,Electrical,Low,Closed,2024-07-22,19,1199.3003604007376
TICKET003665,2024-07-03,PROP002,Structural,Low,Closed,2024-07-08,5,501.4091486999854
TICKET003666,2024-07-03,PROP005,HVAC,Medium,Closed,2024-07-06,3,1416.8160722097796
TICKET003667,2024-07-03,PROP025,Appliance,Medium,Closed,2024-07-09,6,1219.4777634270874
TICKET003668,2024-07-03,PROP013,Appliance,Low,Closed,2024-07-20,17,393.11620662154866
TICKET003669,2024-07-03,PROP017,Landscaping,Emergency,Closed,2024-07-03,0,394.8183236850465
TICKET003670,2024-07-03,PROP003,Landscaping,Medium,Closed,2024-07-11,8,553.0703570603245
TICKET003671,2024-07-03,PROP008,Landscaping,Medium,Closed,2024-07-10,7,286.8326883469584
TICKET003672,2024-07-03,PROP009,General Maintenance,Low,Pending Parts,,212,
TICKET003673,2024-07-03,PROP010,Appliance,High,Closed,2024-07-06,3,998.4918230807186
TICKET003674,2024-07-03,PROP005,Structural,High,Closed,2024-07-07,4,1175.60720475217
TICKET003675,2024-07-03,PROP004,Pest Control,High,Closed,2024-07-06,3,839.9772844208267
TICKET003676,2024-07-03,PROP020,Appliance,Low,Closed,2024-07-19,16,876.43781416478
TICKET003677,2024-07-03,PROP007,Electrical,Low,Closed,2024-07-17,14,702.3252711032928
TICKET003678,2024-07-03,PROP010,Appliance,Low,Closed,2024-07-22,19,1421.377249052862
TICKET003679,2024-07-03,PROP021,General Maintenance,High,Closed,2024-07-06,3,1095.8513351879467
TICKET003680,2024-07-03,PROP009,General Maintenance,Low,Closed,2024-07-11,8,734.7371870114397
TICKET003681,2024-07-03,PROP008,Appliance,Medium,Closed,2024-07-07,4,1402.9891945259244
TICKET003682,2024-07-03,PROP012,Pest Control,Low,Closed,2024-07-15,12,542.2300822185717
TICKET003683,2024-07-03,PROP022,Plumbing,Medium,Closed,2024-07-07,4,1318.1507329810452
TICKET003684,2024-07-03,PROP008,Landscaping,Medium,Closed,2024-07-06,3,955.3060908297304
TICKET003685,2024-07-03,PROP002,Appliance,Low,Closed,2024-07-20,17,687.7676098505138
TICKET003686,2024-07-03,PROP002,Appliance,High,Closed,2024-07-06,3,568.7154482915881
TICKET003687,2024-07-03,PROP012,Electrical,High,Closed,2024-07-07,4,992.8608223744395
TICKET003688,2024-07-03,PROP002,Plumbing,High,In Progress,,212,
TICKET003689,2024-07-04,PROP006,Pest Control,Low,Open,,211,
TICKET003690,2024-07-04,PROP013,Pest Control,High,Closed,2024-07-07,3,565.0450782954819
TICKET003691,2024-07-04,PROP025,HVAC,High,Pending Parts,,211,
TICKET003692,2024-07-04,PROP012,Appliance,Medium,Closed,2024-07-09,5,1153.4983788489333
TICKET003693,2024-07-04,PROP001,HVAC,Low,Closed,2024-07-12,8,926.6717653789303
TICKET003694,2024-07-04,PROP021,Structural,High,Closed,2024-07-06,2,465.5090203747629
TICKET003695,2024-07-04,PROP018,HVAC,Medium,Closed,2024-07-10,6,173.28128563394034
TICKET003696,2024-07-04,PROP009,Electrical,Medium,Closed,2024-07-12,8,757.4929097527294
TICKET003697,2024-07-04,PROP010,Appliance,Low,Closed,2024-07-18,14,437.29876914308016
TICKET003698,2024-07-04,PROP015,Structural,Low,Closed,2024-07-22,18,879.7334748191992
TICKET003699,2024-07-04,PROP004,Plumbing,Medium,Closed,2024-07-09,5,1001.9108950423533
TICKET003700,2024-07-04,PROP018,Landscaping,Medium,Open,,211,
TICKET003701,2024-07-04,PROP015,Pest Control,Medium,Closed,2024-07-08,4,497.3884345220758
TICKET003702,2024-07-04,PROP011,Plumbing,Low,Closed,2024-07-23,19,946.1143068685008
TICKET003703,2024-07-04,PROP006,Structural,High,Closed,2024-07-05,1,479.0841306458648
TICKET003704,2024-07-04,PROP020,HVAC,High,Closed,2024-07-05,1,1368.267530813741
TICKET003705,2024-07-04,PROP017,Landscaping,Medium,Closed,2024-07-11,7,328.31921740138506
TICKET003706,2024-07-04,PROP010,Pest Control,Low,Open,,211,
TICKET003707,2024-07-04,PROP012,Pest Control,High,Closed,2024-07-07,3,1216.4590723822648
TICKET003708,2024-07-04,PROP013,General Maintenance,Medium,Closed,2024-07-07,3,727.4445150909723
TICKET003709,2024-07-04,PROP016,Appliance,Medium,Closed,2024-07-12,8,1239.5091256947985
TICKET003710,2024-07-04,PROP011,HVAC,Low,Closed,2024-07-16,12,334.9291500059064
TICKET003711,2024-07-04,PROP003,Plumbing,Low,Closed,2024-07-22,18,1063.6640127227986
TICKET003712,2024-07-04,PROP008,General Maintenance,Medium,Closed,2024-07-11,7,898.2042892231883
TICKET003713,2024-07-04,PROP021,Plumbing,Low,Closed,2024-07-09,5,928.730223243255
TICKET003714,2024-07-04,PROP012,Plumbing,Medium,Closed,2024-07-11,7,1235.0624519722285
TICKET003715,2024-07-04,PROP015,Pest Control,Low,In Progress,,211,
TICKET003716,2024-07-04,PROP002,Structural,Medium,Closed,2024-07-13,9,1025.9641609297878
TICKET003717,2024-07-04,PROP018,General Maintenance,Medium,Closed,2024-07-13,9,317.7113878063508
TICKET003718,2024-07-04,PROP008,Plumbing,Emergency,Closed,2024-07-04,0,1233.8658168873023
TICKET003719,2024-07-04,PROP020,HVAC,Low,Closed,2024-07-21,17,985.4849457356404
TICKET003720,2024-07-04,PROP017,Structural,Low,In Progress,,211,
TICKET003721,2024-07-04,PROP014,Pest Control,Medium,Closed,2024-07-13,9,1038.8256879114292
TICKET003722,2024-07-05,PROP006,Landscaping,High,Closed,2024-07-07,2,1422.7129371508665
TICKET003723,2024-07-05,PROP020,Landscaping,High,Closed,2024-07-07,2,360.75704018036276
TICKET003724,2024-07-05,PROP020,Pest Control,Emergency,Closed,2024-07-05,0,536.8044392182087
TICKET003725,2024-07-05,PROP015,Landscaping,Medium,Closed,2024-07-12,7,658.1756527303287
TICKET003726,2024-07-05,PROP008,HVAC,High,Closed,2024-07-06,1,133.13540232264006
TICKET003727,2024-07-05,PROP009,Pest Control,Low,Closed,2024-07-16,11,1261.655252299375
TICKET003728,2024-07-05,PROP019,Landscaping,High,Closed,2024-07-08,3,238.15000857672155
TICKET003729,2024-07-05,PROP020,Appliance,Low,Closed,2024-07-12,7,1064.1172893296862
TICKET003730,2024-07-05,PROP018,HVAC,Medium,Closed,2024-07-11,6,503.26977576280706
TICKET003731,2024-07-05,PROP017,Pest Control,Medium,Closed,2024-07-10,5,1353.2296301128388
TICKET003732,2024-07-05,PROP011,Appliance,Medium,Pending Parts,,210,
TICKET003733,2024-07-05,PROP001,HVAC,High,Closed,2024-07-09,4,326.2605670884823
TICKET003734,2024-07-05,PROP025,HVAC,Low,Closed,2024-07-24,19,763.1138866850517
TICKET003735,2024-07-05,PROP022,HVAC,Medium,Closed,2024-07-11,6,1433.1875921746187
TICKET003736,2024-07-05,PROP013,HVAC,Medium,Closed,2024-07-08,3,1004.6901925993986
TICKET003737,2024-07-05,PROP025,Appliance,High,Closed,2024-07-07,2,134.52858383058492
TICKET003738,2024-07-05,PROP006,Landscaping,Low,Closed,2024-07-15,10,579.3919831129672
TICKET003739,2024-07-05,PROP012,Appliance,Medium,Closed,2024-07-13,8,92.78204583878106
TICKET003740,2024-07-05,PROP011,Electrical,Low,Closed,2024-07-10,5,176.73272737868405
TICKET003741,2024-07-05,PROP023,General Maintenance,Medium,Closed,2024-07-13,8,337.96799288667484
TICKET003742,2024-07-05,PROP021,Appliance,High,Closed,2024-07-07,2,1418.5736165235915
TICKET003743,2024-07-05,PROP017,Appliance,Medium,Closed,2024-07-14,9,1188.7622604259695
TICKET003744,2024-07-05,PROP020,HVAC,Medium,Closed,2024-07-12,7,1462.265774350373
TICKET003745,2024-07-06,PROP006,HVAC,Low,In Progress,,209,
TICKET003746,2024-07-06,PROP024,Appliance,Low,Closed,2024-07-17,11,66.95803554290343
TICKET003747,2024-07-06,PROP025,Electrical,Emergency,Closed,2024-07-06,0,1496.9858512427936
TICKET003748,2024-07-06,PROP001,HVAC,Low,Open,,209,
TICKET003749,2024-07-06,PROP007,Appliance,Low,Closed,2024-07-15,9,1071.3780618256785
TICKET003750,2024-07-06,PROP021,Appliance,Medium,Open,,209,
TICKET003751,2024-07-06,PROP012,Structural,Low,Closed,2024-07-14,8,598.8823441646101
TICKET003752,2024-07-06,PROP013,HVAC,Medium,Closed,2024-07-14,8,554.3862061162181
TICKET003753,2024-07-06,PROP018,HVAC,High,Closed,2024-07-09,3,555.8499208496545
TICKET003754,2024-07-06,PROP013,Appliance,High,Closed,2024-07-09,3,139.03745886892534
TICKET003755,2024-07-06,PROP015,Pest Control,Low,Closed,2024-07-19,13,85.83668832411584
TICKET003756,2024-07-06,PROP005,Landscaping,Low,Closed,2024-07-12,6,257.46168777643993
TICKET003757,2024-07-06,PROP006,Plumbing,High,Closed,2024-07-09,3,523.1843988640514
TICKET003758,2024-07-06,PROP004,Plumbing,High,In Progress,,209,
TICKET003759,2024-07-06,PROP013,Plumbing,Low,Closed,2024-07-22,16,1462.969634102969
TICKET003760,2024-07-06,PROP012,General Maintenance,High,Closed,2024-07-07,1,1046.1570297285903
TICKET003761,2024-07-06,PROP002,Electrical,High,Closed,2024-07-08,2,306.3094030831348
TICKET003762,2024-07-06,PROP001,General Maintenance,Medium,Closed,2024-07-14,8,271.6837283032537
TICKET003763,2024-07-06,PROP004,Landscaping,Emergency,Closed,2024-07-07,1,732.2767661146095
TICKET003764,2024-07-06,PROP017,General Maintenance,High,Closed,2024-07-10,4,1175.6026516291552
TICKET003765,2024-07-06,PROP015,Appliance,High,Closed,2024-07-09,3,1236.9544432321827
TICKET003766,2024-07-06,PROP020,Appliance,Medium,In Progress,,209,
TICKET003767,2024-07-06,PROP009,Plumbing,Medium,Closed,2024-07-14,8,122.20776591892776
TICKET003768,2024-07-06,PROP024,General Maintenance,High,Closed,2024-07-09,3,1429.0413930982022
TICKET003769,2024-07-06,PROP007,HVAC,Low,Pending Parts,,209,
TICKET003770,2024-07-06,PROP013,General Maintenance,Medium,In Progress,,209,
TICKET003771,2024-07-06,PROP022,Landscaping,Emergency,Closed,2024-07-06,0,1147.0841340703535
TICKET003772,2024-07-06,PROP011,Pest Control,High,Closed,2024-07-10,4,1375.7215278578985
TICKET003773,2024-07-06,PROP025,HVAC,Low,Closed,2024-07-14,8,937.6094830394603
TICKET003774,2024-07-06,PROP019,General Maintenance,Medium,Pending Parts,,209,
TICKET003775,2024-07-06,PROP024,HVAC,High,Pending Parts,,209,
TICKET003776,2024-07-06,PROP022,Appliance,Low,Closed,2024-07-20,14,1010.6239288308152
TICKET003777,2024-07-06,PROP011,Plumbing,High,Open,,209,
TICKET003778,2024-07-06,PROP006,Plumbing,High,Pending Parts,,209,
TICKET003779,2024-07-07,PROP009,Appliance,High,Closed,2024-07-10,3,1241.7622840028685
TICKET003780,2024-07-07,PROP001,Plumbing,Medium,Open,,208,
TICKET003781,2024-07-07,PROP004,General Maintenance,Low,Closed,2024-07-18,11,1352.8985117108696
TICKET003782,2024-07-07,PROP022,Pest Control,Low,Closed,2024-07-26,19,1390.6771270557351
TICKET003783,2024-07-07,PROP010,Pest Control,Medium,Closed,2024-07-16,9,1229.3538535398193
TICKET003784,2024-07-07,PROP019,General Maintenance,Medium,Closed,2024-07-14,7,776.0561101234923
TICKET003785,2024-07-07,PROP004,General Maintenance,Low,Closed,2024-07-13,6,940.8304677753624
TICKET003786,2024-07-07,PROP007,Plumbing,Low,Closed,2024-07-20,13,1498.2071698945435
TICKET003787,2024-07-07,PROP013,Structural,High,Closed,2024-07-10,3,617.8291444606405
TICKET003788,2024-07-07,PROP011,General Maintenance,High,Closed,2024-07-11,4,1235.7036751390226
TICKET003789,2024-07-07,PROP014,Pest Control,Medium,Closed,2024-07-14,7,987.362966502116
TICKET003790,2024-07-07,PROP007,Landscaping,Low,Closed,2024-07-20,13,500.63409034953077
TICKET003791,2024-07-07,PROP020,Electrical,Medium,Closed,2024-07-11,4,510.83084143254666
TICKET003792,2024-07-07,PROP003,HVAC,Low,Closed,2024-07-22,15,1238.9519243979523
TICKET003793,2024-07-07,PROP019,Appliance,Medium,Closed,2024-07-12,5,606.9242065949068
TICKET003794,2024-07-07,PROP003,Structural,Low,Closed,2024-07-13,6,778.9264610303163
TICKET003795,2024-07-07,PROP013,Structural,Medium,Closed,2024-07-12,5,717.6687354938032
TICKET003796,2024-07-08,PROP007,Appliance,Low,In Progress,,207,
TICKET003797,2024-07-08,PROP005,Pest Control,Low,Closed,2024-07-27,19,797.9271906077468
TICKET003798,2024-07-08,PROP024,Structural,Medium,Open,,207,
TICKET003799,2024-07-08,PROP025,Pest Control,Medium,Closed,2024-07-13,5,1243.8071978346748
TICKET003800,2024-07-08,PROP019,Landscaping,High,Closed,2024-07-11,3,1236.5340429715568
TICKET003801,2024-07-08,PROP025,HVAC,Low,Closed,2024-07-15,7,652.1594840301738
TICKET003802,2024-07-08,PROP011,Landscaping,Medium,Closed,2024-07-12,4,1469.473082290606
TICKET003803,2024-07-08,PROP004,Plumbing,Low,Closed,2024-07-20,12,963.9548393554993
TICKET003804,2024-07-08,PROP022,Landscaping,Low,Closed,2024-07-24,16,903.6878472688494
TICKET003805,2024-07-08,PROP020,Plumbing,Low,Closed,2024-07-23,15,632.7408381962466
TICKET003806,2024-07-08,PROP013,Pest Control,High,Open,,207,
TICKET003807,2024-07-08,PROP022,Pest Control,High,Closed,2024-07-11,3,533.60870576889
TICKET003808,2024-07-08,PROP021,General Maintenance,Medium,Pending Parts,,207,
TICKET003809,2024-07-08,PROP010,Appliance,High,Closed,2024-07-09,1,1356.6790886915778
TICKET003810,2024-07-08,PROP004,Structural,High,Open,,207,
TICKET003811,2024-07-08,PROP013,Electrical,Medium,Closed,2024-07-14,6,465.7540382536004
TICKET003812,2024-07-08,PROP001,Structural,Medium,Closed,2024-07-11,3,460.56373943375183
TICKET003813,2024-07-08,PROP011,Landscaping,Emergency,Closed,2024-07-09,1,748.1715738742829
TICKET003814,2024-07-08,PROP011,Landscaping,Medium,Closed,2024-07-15,7,1472.7615980526589
TICKET003815,2024-07-08,PROP005,Appliance,Medium,Closed,2024-07-15,7,317.22101717151537
TICKET003816,2024-07-08,PROP022,Structural,Low,Closed,2024-07-16,8,727.9564707693198
TICKET003817,2024-07-08,PROP005,Electrical,Low,Closed,2024-07-16,8,1406.3984829920814
TICKET003818,2024-07-08,PROP017,Landscaping,Low,Closed,2024-07-21,13,409.20898919566446
TICKET003819,2024-07-08,PROP019,HVAC,High,Closed,2024-07-11,3,137.4679312081205
TICKET003820,2024-07-08,PROP001,Pest Control,Low,In Progress,,207,
TICKET003821,2024-07-08,PROP002,Structural,Medium,Closed,2024-07-16,8,119.4316849499693
TICKET003822,2024-07-08,PROP013,General Maintenance,Medium,Closed,2024-07-16,8,1316.5816471290752
TICKET003823,2024-07-09,PROP006,Structural,High,Closed,2024-07-10,1,1160.0147368390935
TICKET003824,2024-07-09,PROP016,Appliance,Medium,Closed,2024-07-14,5,107.70075312585512
TICKET003825,2024-07-09,PROP023,Electrical,Low,Closed,2024-07-22,13,831.209492776397
TICKET003826,2024-07-09,PROP011,Appliance,Low,Closed,2024-07-16,7,1367.0120420304602
TICKET003827,2024-07-09,PROP018,Landscaping,Emergency,Closed,2024-07-10,1,405.59880790141966
TICKET003828,2024-07-09,PROP025,HVAC,Emergency,Closed,2024-07-09,0,637.3809682957292
TICKET003829,2024-07-09,PROP007,HVAC,High,Closed,2024-07-11,2,798.6807848334271
TICKET003830,2024-07-09,PROP023,Landscaping,Low,Closed,2024-07-16,7,780.0816989937778
TICKET003831,2024-07-09,PROP025,HVAC,Low,Closed,2024-07-16,7,732.2760306727115
TICKET003832,2024-07-09,PROP011,Landscaping,Low,Closed,2024-07-18,9,1365.6092439703377
TICKET003833,2024-07-09,PROP002,Electrical,Emergency,Closed,2024-07-09,0,1107.6981187438403
TICKET003834,2024-07-09,PROP006,Electrical,Low,Closed,2024-07-19,10,1480.2418596016464
TICKET003835,2024-07-09,PROP001,Electrical,Medium,Open,,206,
TICKET003836,2024-07-09,PROP008,Pest Control,Low,Closed,2024-07-23,14,1176.817119609224
TICKET003837,2024-07-09,PROP016,Plumbing,Emergency,Closed,2024-07-10,1,345.52627981732616
TICKET003838,2024-07-09,PROP024,Structural,High,Closed,2024-07-13,4,705.0376077919266
TICKET003839,2024-07-09,PROP009,Electrical,High,In Progress,,206,
TICKET003840,2024-07-09,PROP001,Pest Control,Low,Open,,206,
TICKET003841,2024-07-09,PROP020,Appliance,High,Closed,2024-07-10,1,188.54117780347386
TICKET003842,2024-07-09,PROP004,Landscaping,Medium,Closed,2024-07-17,8,800.9316841861457
TICKET003843,2024-07-09,PROP013,Appliance,Low,Closed,2024-07-19,10,984.0527812072188
TICKET003844,2024-07-10,PROP014,Plumbing,Medium,Closed,2024-07-13,3,1410.75552148186
TICKET003845,2024-07-10,PROP021,HVAC,Medium,Closed,2024-07-15,5,124.57563280535544
TICKET003846,2024-07-10,PROP001,Plumbing,Medium,In Progress,,205,
TICKET003847,2024-07-10,PROP014,Pest Control,Low,Closed,2024-07-22,12,587.8046382151508
TICKET003848,2024-07-10,PROP012,Plumbing,High,Closed,2024-07-14,4,417.13373376089623
TICKET003849,2024-07-10,PROP020,Pest Control,Medium,Closed,2024-07-17,7,497.9129477617834
TICKET003850,2024-07-10,PROP013,Appliance,Low,Closed,2024-07-26,16,1477.565527998813
TICKET003851,2024-07-10,PROP024,Landscaping,Low,Pending Parts,,205,
TICKET003852,2024-07-10,PROP014,Plumbing,High,Closed,2024-07-14,4,327.4916406009813
TICKET003853,2024-07-10,PROP003,Structural,Medium,Closed,2024-07-18,8,1435.9169264506415
TICKET003854,2024-07-10,PROP009,Electrical,Emergency,Closed,2024-07-11,1,1431.0502644528465
TICKET003855,2024-07-10,PROP018,Electrical,Medium,Closed,2024-07-18,8,1028.28125539141
TICKET003856,2024-07-10,PROP023,Structural,Medium,Closed,2024-07-16,6,1005.7655213719944
TICKET003857,2024-07-10,PROP020,Structural,Emergency,Closed,2024-07-11,1,859.1787428926556
TICKET003858,2024-07-10,PROP001,Appliance,High,Closed,2024-07-14,4,1307.0613336496913
TICKET003859,2024-07-10,PROP001,General Maintenance,Low,Closed,2024-07-17,7,1194.512915961197
TICKET003860,2024-07-10,PROP020,HVAC,Medium,Closed,2024-07-19,9,1344.222725527239
TICKET003861,2024-07-10,PROP021,Plumbing,High,Closed,2024-07-11,1,1406.965661694653
TICKET003862,2024-07-10,PROP014,Structural,Medium,Closed,2024-07-17,7,222.36638923511404
TICKET003863,2024-07-10,PROP010,Electrical,Low,Closed,2024-07-29,19,351.7756347686475
TICKET003864,2024-07-10,PROP024,Structural,Low,Open,,205,
TICKET003865,2024-07-10,PROP016,Pest Control,Medium,Open,,205,
TICKET003866,2024-07-10,PROP005,Plumbing,Low,Closed,2024-07-16,6,654.7358016785206
TICKET003867,2024-07-10,PROP008,HVAC,Low,Closed,2024-07-27,17,925.9859198706936
TICKET003868,2024-07-10,PROP015,Structural,Low,Closed,2024-07-16,6,400.2051076813127
TICKET003869,2024-07-10,PROP010,Electrical,Medium,Closed,2024-07-17,7,284.1321982026173
TICKET003870,2024-07-10,PROP021,Plumbing,Low,Open,,205,
TICKET003871,2024-07-10,PROP020,Plumbing,Low,Closed,2024-07-26,16,1209.3266803984397
TICKET003872,2024-07-10,PROP025,Electrical,Low,Closed,2024-07-22,12,148.15871016746812
TICKET003873,2024-07-11,PROP019,Plumbing,High,Closed,2024-07-12,1,993.3974273626224
TICKET003874,2024-07-11,PROP016,Electrical,Medium,Closed,2024-07-18,7,1306.1634084088262
TICKET003875,2024-07-11,PROP021,Appliance,Medium,Closed,2024-07-16,5,306.054500274038
TICKET003876,2024-07-11,PROP018,HVAC,Low,Closed,2024-07-18,7,480.74460911021174
TICKET003877,2024-07-11,PROP016,Landscaping,High,In Progress,,204,
TICKET003878,2024-07-11,PROP021,Structural,Low,Closed,2024-07-16,5,79.9757722854379
TICKET003879,2024-07-11,PROP016,Appliance,High,Closed,2024-07-12,1,1233.8475634132058
TICKET003880,2024-07-11,PROP011,Plumbing,High,Closed,2024-07-14,3,891.2074737254703
TICKET003881,2024-07-11,PROP022,Electrical,Medium,Closed,2024-07-18,7,64.17760693932047
TICKET003882,2024-07-11,PROP016,General Maintenance,Medium,Closed,2024-07-20,9,395.927697135901
TICKET003883,2024-07-11,PROP019,HVAC,Low,Closed,2024-07-27,16,448.92091725001933
TICKET003884,2024-07-11,PROP014,Electrical,Low,Closed,2024-07-16,5,480.7057102263173
TICKET003885,2024-07-11,PROP006,Landscaping,High,Closed,2024-07-15,4,372.87094358403385
TICKET003886,2024-07-11,PROP021,Pest Control,High,Closed,2024-07-12,1,124.2963341218165
TICKET003887,2024-07-11,PROP014,HVAC,High,Closed,2024-07-13,2,750.8950734396379
TICKET003888,2024-07-11,PROP001,General Maintenance,High,Closed,2024-07-14,3,1029.6523572274941
TICKET003889,2024-07-11,PROP024,HVAC,High,Closed,2024-07-14,3,1084.991622690044
TICKET003890,2024-07-11,PROP015,Electrical,Medium,Closed,2024-07-15,4,198.03881591753998
TICKET003891,2024-07-11,PROP002,Electrical,Low,Closed,2024-07-24,13,1001.6017577194315
TICKET003892,2024-07-11,PROP025,HVAC,High,In Progress,,204,
TICKET003893,2024-07-11,PROP001,Structural,Medium,Closed,2024-07-16,5,341.92955649284403
TICKET003894,2024-07-11,PROP020,Landscaping,Low,Closed,2024-07-24,13,422.95866662928165
TICKET003895,2024-07-11,PROP004,HVAC,Medium,Closed,2024-07-15,4,204.90418706612198
TICKET003896,2024-07-11,PROP001,General Maintenance,Medium,In Progress,,204,
TICKET003897,2024-07-11,PROP002,General Maintenance,Low,Closed,2024-07-16,5,620.5722240942182
TICKET003898,2024-07-11,PROP009,Appliance,Medium,Closed,2024-07-17,6,1438.8718845170977
TICKET003899,2024-07-11,PROP003,General Maintenance,Low,Closed,2024-07-18,7,1333.6321818245738
TICKET003900,2024-07-11,PROP007,HVAC,Medium,Closed,2024-07-19,8,224.01915301152718
TICKET003901,2024-07-11,PROP016,Pest Control,Medium,Closed,2024-07-20,9,652.4584265091196
TICKET003902,2024-07-11,PROP010,Structural,Medium,Closed,2024-07-20,9,795.8848791808192
TICKET003903,2024-07-12,PROP006,Pest Control,High,Closed,2024-07-13,1,1381.9882001689568
TICKET003904,2024-07-12,PROP021,Pest Control,High,Closed,2024-07-13,1,889.6105879826831
TICKET003905,2024-07-12,PROP008,HVAC,Medium,Closed,2024-07-18,6,333.788116985883
TICKET003906,2024-07-12,PROP020,Pest Control,Low,Closed,2024-07-30,18,1016.6437791846798
TICKET003907,2024-07-12,PROP020,Pest Control,Medium,Closed,2024-07-20,8,794.140876592795
TICKET003908,2024-07-12,PROP014,General Maintenance,Low,Closed,2024-07-26,14,418.46448991130615
TICKET003909,2024-07-12,PROP020,Pest Control,Low,Closed,2024-07-24,12,1492.928349236287
TICKET003910,2024-07-12,PROP007,Pest Control,Medium,Closed,2024-07-18,6,143.24271450887258
TICKET003911,2024-07-12,PROP001,Appliance,Low,Closed,2024-07-18,6,1382.992911963149
TICKET003912,2024-07-12,PROP006,Structural,High,Closed,2024-07-14,2,689.3123278886785
TICKET003913,2024-07-12,PROP001,Pest Control,Low,Closed,2024-07-22,10,537.7698484427597
TICKET003914,2024-07-12,PROP010,Structural,Low,Closed,2024-07-21,9,1048.9415898428715
TICKET003915,2024-07-12,PROP015,Plumbing,Medium,Closed,2024-07-20,8,705.3500988785671
TICKET003916,2024-07-12,PROP005,Appliance,Medium,Closed,2024-07-17,5,1393.3694208552324
TICKET003917,2024-07-12,PROP002,Appliance,Medium,Closed,2024-07-18,6,203.72081608757892
TICKET003918,2024-07-12,PROP013,Landscaping,Low,Closed,2024-07-25,13,1170.9235393223853
TICKET003919,2024-07-12,PROP010,Electrical,Low,Closed,2024-07-18,6,280.6238464742646
TICKET003920,2024-07-12,PROP021,HVAC,Medium,Closed,2024-07-21,9,57.80678203728246
TICKET003921,2024-07-12,PROP004,HVAC,Low,Closed,2024-07-27,15,1163.8603705438368
TICKET003922,2024-07-13,PROP016,Electrical,High,Closed,2024-07-14,1,1289.2398695654706
TICKET003923,2024-07-13,PROP004,HVAC,High,Closed,2024-07-17,4,1057.642156156911
TICKET003924,2024-07-13,PROP013,Landscaping,Medium,Closed,2024-07-21,8,564.2434795208225
TICKET003925,2024-07-13,PROP014,Pest Control,Medium,Closed,2024-07-20,7,861.2500008923488
TICKET003926,2024-07-13,PROP017,Plumbing,Medium,Closed,2024-07-19,6,516.4050183132126
TICKET003927,2024-07-13,PROP012,Landscaping,Medium,Closed,2024-07-17,4,482.38255347560255
TICKET003928,2024-07-13,PROP013,General Maintenance,Low,Closed,2024-07-28,15,714.5973753638053
TICKET003929,2024-07-13,PROP009,Electrical,Low,Closed,2024-07-24,11,1450.2060669039151
TICKET003930,2024-07-13,PROP020,Electrical,Medium,Closed,2024-07-17,4,869.1797701476501
TICKET003931,2024-07-13,PROP014,Pest Control,Low,Closed,2024-08-01,19,460.14280387010444
TICKET003932,2024-07-13,PROP016,Appliance,Low,Closed,2024-07-22,9,376.85966082996316
TICKET003933,2024-07-13,PROP002,Appliance,High,Closed,2024-07-16,3,882.056860501406
TICKET003934,2024-07-13,PROP023,Appliance,Medium,Closed,2024-07-19,6,84.17194856695713
TICKET003935,2024-07-13,PROP010,Structural,High,Closed,2024-07-16,3,1223.840371677079
TICKET003936,2024-07-13,PROP013,HVAC,Low,Closed,2024-07-19,6,601.5359141643168
TICKET003937,2024-07-13,PROP010,Electrical,Medium,Closed,2024-07-20,7,209.8447454167869
TICKET003938,2024-07-13,PROP002,Pest Control,Low,Closed,2024-07-28,15,1341.1841978550394
TICKET003939,2024-07-13,PROP022,HVAC,Medium,Closed,2024-07-16,3,1093.6421800052926
TICKET003940,2024-07-13,PROP016,Plumbing,Medium,Pending Parts,,202,
TICKET003941,2024-07-13,PROP009,HVAC,High,Open,,202,
TICKET003942,2024-07-13,PROP001,Pest Control,Low,Open,,202,
TICKET003943,2024-07-13,PROP014,Pest Control,Low,Closed,2024-07-21,8,829.0047447774537
TICKET003944,2024-07-14,PROP022,Electrical,Low,Closed,2024-08-02,19,1370.3603321620967
TICKET003945,2024-07-14,PROP023,Pest Control,Low,Closed,2024-07-23,9,1443.655592741991
TICKET003946,2024-07-14,PROP015,Landscaping,Low,Closed,2024-07-23,9,393.78855967492433
TICKET003947,2024-07-14,PROP015,General Maintenance,Medium,Closed,2024-07-23,9,197.1056972734005
TICKET003948,2024-07-14,PROP002,Electrical,High,Closed,2024-07-15,1,537.5510856776915
TICKET003949,2024-07-14,PROP005,General Maintenance,Low,Closed,2024-07-22,8,1193.0452993883578
TICKET003950,2024-07-14,PROP012,Electrical,Medium,Open,,201,
TICKET003951,2024-07-14,PROP016,Pest Control,Medium,Closed,2024-07-21,7,1164.170565177291
TICKET003952,2024-07-14,PROP010,Electrical,Low,Closed,2024-07-28,14,1133.9852894102407
TICKET003953,2024-07-14,PROP001,Pest Control,Low,Closed,2024-07-30,16,808.3828382495434
TICKET003954,2024-07-14,PROP019,Structural,Low,Closed,2024-07-22,8,962.5116954526101
TICKET003955,2024-07-14,PROP009,Landscaping,High,Closed,2024-07-16,2,349.1573226683845
TICKET003956,2024-07-14,PROP018,Structural,Low,Closed,2024-07-28,14,1063.46656849061
TICKET003957,2024-07-14,PROP001,Pest Control,Low,Closed,2024-07-25,11,667.5256243688845
TICKET003958,2024-07-14,PROP025,Landscaping,High,Closed,2024-07-17,3,1357.0627650726526
TICKET003959,2024-07-14,PROP024,General Maintenance,Medium,Closed,2024-07-17,3,576.1774997922372
TICKET003960,2024-07-14,PROP022,Structural,High,Closed,2024-07-15,1,463.65587663844303
TICKET003961,2024-07-14,PROP002,Electrical,Medium,Pending Parts,,201,
TICKET003962,2024-07-14,PROP019,Structural,Medium,Closed,2024-07-17,3,1429.8843048819733
TICKET003963,2024-07-14,PROP021,Pest Control,Medium,Closed,2024-07-17,3,1148.9541477682196
TICKET003964,2024-07-15,PROP012,Electrical,Low,Closed,2024-07-26,11,131.80984782546722
TICKET003965,2024-07-15,PROP014,Pest Control,Emergency,Closed,2024-07-15,0,170.5527504875813
TICKET003966,2024-07-15,PROP003,General Maintenance,Medium,Closed,2024-07-24,9,1369.2197414869463
TICKET003967,2024-07-15,PROP002,Plumbing,Low,Closed,2024-07-23,8,1042.0649657932966
TICKET003968,2024-07-15,PROP012,HVAC,High,Closed,2024-07-17,2,608.656919393747
TICKET003969,2024-07-15,PROP006,Plumbing,Low,Closed,2024-07-20,5,1488.864856186052
TICKET003970,2024-07-15,PROP001,Electrical,High,Closed,2024-07-18,3,1494.8085304474982
TICKET003971,2024-07-15,PROP012,Landscaping,Low,Closed,2024-07-26,11,1481.7854759974844
TICKET003972,2024-07-15,PROP008,Landscaping,Medium,In Progress,,200,
TICKET003973,2024-07-15,PROP022,Plumbing,Medium,Closed,2024-07-23,8,242.86514202106653
TICKET003974,2024-07-15,PROP012,HVAC,Low,Closed,2024-07-22,7,1496.1671830561131
TICKET003975,2024-07-15,PROP012,Landscaping,High,Closed,2024-07-16,1,574.2027333062521
TICKET003976,2024-07-15,PROP002,HVAC,High,Closed,2024-07-17,2,1135.9694594560056
TICKET003977,2024-07-15,PROP016,Electrical,Low,Closed,2024-07-28,13,374.07884037595625
TICKET003978,2024-07-15,PROP025,Appliance,High,Open,,200,
TICKET003979,2024-07-15,PROP015,Appliance,Low,Closed,2024-08-02,18,688.4851209375906
TICKET003980,2024-07-15,PROP004,Structural,High,Open,,200,
TICKET003981,2024-07-16,PROP004,HVAC,Emergency,In Progress,,199,
TICKET003982,2024-07-16,PROP014,General Maintenance,Medium,In Progress,,199,
TICKET003983,2024-07-16,PROP020,Landscaping,Low,Closed,2024-07-29,13,1479.6545511368192
TICKET003984,2024-07-16,PROP010,Pest Control,Low,Closed,2024-07-26,10,733.089786221317
TICKET003985,2024-07-16,PROP011,Electrical,Low,Closed,2024-07-31,15,1283.4316948136566
TICKET003986,2024-07-16,PROP025,Appliance,Low,Closed,2024-07-23,7,758.7044862892266
TICKET003987,2024-07-16,PROP017,Landscaping,Medium,Pending Parts,,199,
TICKET003988,2024-07-16,PROP005,Landscaping,Emergency,In Progress,,199,
TICKET003989,2024-07-16,PROP004,Electrical,High,Closed,2024-07-18,2,1397.6740234560036
TICKET003990,2024-07-16,PROP007,HVAC,Low,Closed,2024-07-28,12,119.08542961516521
TICKET003991,2024-07-16,PROP019,Pest Control,Medium,Pending Parts,,199,
TICKET003992,2024-07-16,PROP018,Plumbing,Medium,Closed,2024-07-19,3,1288.9975881372552
TICKET003993,2024-07-16,PROP014,Pest Control,Low,Closed,2024-07-23,7,563.9525920939988
TICKET003994,2024-07-16,PROP020,Electrical,Medium,Closed,2024-07-20,4,1312.6506418117704
TICKET003995,2024-07-16,PROP017,HVAC,Medium,In Progress,,199,
TICKET003996,2024-07-16,PROP023,Electrical,Low,Closed,2024-07-22,6,946.9441953515178
TICKET003997,2024-07-16,PROP010,HVAC,Medium,Closed,2024-07-20,4,426.02516480886544
TICKET003998,2024-07-16,PROP005,Plumbing,Low,In Progress,,199,
TICKET003999,2024-07-16,PROP006,Landscaping,Medium,Closed,2024-07-21,5,1080.774673967646
TICKET004000,2024-07-16,PROP013,Electrical,Medium,Closed,2024-07-23,7,193.5362781986188
TICKET004001,2024-07-17,PROP019,HVAC,High,Closed,2024-07-18,1,120.18960412138259
TICKET004002,2024-07-17,PROP008,Electrical,Low,Closed,2024-08-05,19,1293.6666269763666
TICKET004003,2024-07-17,PROP020,HVAC,Medium,Closed,2024-07-25,8,172.31561103982602
TICKET004004,2024-07-17,PROP016,Appliance,Medium,Closed,2024-07-25,8,883.6828734697962
TICKET004005,2024-07-17,PROP003,Landscaping,Low,Closed,2024-07-28,11,1264.453408812348
TICKET004006,2024-07-17,PROP011,Electrical,Low,Closed,2024-08-04,18,681.232038791529
TICKET004007,2024-07-17,PROP006,Structural,Low,Closed,2024-07-22,5,188.3757254078335
TICKET004008,2024-07-17,PROP016,HVAC,Medium,Closed,2024-07-21,4,1443.6013784249617
TICKET004009,2024-07-17,PROP005,Plumbing,High,Closed,2024-07-21,4,1428.474385445227
TICKET004010,2024-07-17,PROP008,HVAC,Low,Closed,2024-08-05,19,910.6849626334624
TICKET004011,2024-07-17,PROP020,Pest Control,Low,Closed,2024-07-23,6,100.53405166969193
TICKET004012,2024-07-17,PROP006,Landscaping,Medium,Closed,2024-07-26,9,407.16984946221146
TICKET004013,2024-07-17,PROP024,Pest Control,Emergency,Closed,2024-07-17,0,1343.183775157357
TICKET004014,2024-07-17,PROP016,Pest Control,High,Closed,2024-07-18,1,1156.8124277766829
TICKET004015,2024-07-17,PROP018,Appliance,Low,Closed,2024-08-02,16,645.2951089469874
TICKET004016,2024-07-17,PROP015,General Maintenance,Medium,Closed,2024-07-25,8,120.63930198115867
TICKET004017,2024-07-17,PROP018,General Maintenance,Low,Closed,2024-07-29,12,1208.8580984403698
TICKET004018,2024-07-17,PROP001,Landscaping,Medium,Open,,198,
TICKET004019,2024-07-17,PROP010,HVAC,Low,Closed,2024-07-24,7,234.94201682340326
TICKET004020,2024-07-17,PROP020,Landscaping,Medium,Closed,2024-07-20,3,599.5149495448779
TICKET004021,2024-07-17,PROP006,Structural,High,Closed,2024-07-18,1,1242.8646081275042
TICKET004022,2024-07-17,PROP023,Electrical,Low,Closed,2024-08-04,18,637.3074436937335
TICKET004023,2024-07-17,PROP005,Landscaping,Low,Closed,2024-07-26,9,726.5030724449474
TICKET004024,2024-07-17,PROP012,Plumbing,Low,Closed,2024-07-27,10,1071.2820262400685
TICKET004025,2024-07-17,PROP005,Pest Control,Low,Closed,2024-07-23,6,718.1117472186396
TICKET004026,2024-07-17,PROP021,Appliance,Low,Closed,2024-08-02,16,1365.8030837187803
TICKET004027,2024-07-17,PROP013,HVAC,Low,Closed,2024-08-04,18,1405.211188944546
TICKET004028,2024-07-18,PROP016,HVAC,High,Closed,2024-07-19,1,640.8295138225152
TICKET004029,2024-07-18,PROP007,General Maintenance,Low,Closed,2024-07-25,7,499.31093060693775
TICKET004030,2024-07-18,PROP014,General Maintenance,High,Pending Parts,,197,
TICKET004031,2024-07-18,PROP007,Pest Control,Low,Closed,2024-08-05,18,1329.5310983593272
TICKET004032,2024-07-18,PROP013,Landscaping,High,Closed,2024-07-19,1,108.40413052834946
TICKET004033,2024-07-18,PROP001,Structural,Medium,Closed,2024-07-21,3,1457.0555530682072
TICKET004034,2024-07-18,PROP002,General Maintenance,Low,Closed,2024-07-24,6,654.9910043580564
TICKET004035,2024-07-18,PROP023,Pest Control,Medium,Open,,197,
TICKET004036,2024-07-18,PROP002,Plumbing,High,Closed,2024-07-20,2,915.2898884683534
TICKET004037,2024-07-18,PROP017,Structural,Medium,Open,,197,
TICKET004038,2024-07-18,PROP025,General Maintenance,Medium,Pending Parts,,197,
TICKET004039,2024-07-18,PROP001,Pest Control,Low,Closed,2024-07-25,7,488.053816940174
TICKET004040,2024-07-18,PROP013,Structural,Low,Closed,2024-08-02,15,822.2916391916856
TICKET004041,2024-07-18,PROP002,General Maintenance,High,Closed,2024-07-21,3,846.2906744187407
TICKET004042,2024-07-18,PROP003,Electrical,Medium,In Progress,,197,
TICKET004043,2024-07-18,PROP007,General Maintenance,Emergency,Closed,2024-07-19,1,1463.4513286238816
TICKET004044,2024-07-18,PROP011,Structural,Low,Closed,2024-07-28,10,1052.6367538514883
TICKET004045,2024-07-18,PROP010,HVAC,Low,Closed,2024-08-01,14,1001.9831849473596
TICKET004046,2024-07-18,PROP010,General Maintenance,Low,Closed,2024-07-29,11,613.1752222555415
TICKET004047,2024-07-18,PROP002,Landscaping,Low,Closed,2024-07-23,5,329.2766254958242
TICKET004048,2024-07-18,PROP019,HVAC,High,Closed,2024-07-22,4,1492.5974549264395
TICKET004049,2024-07-18,PROP019,HVAC,High,Closed,2024-07-20,2,681.7938161959777
TICKET004050,2024-07-18,PROP014,Electrical,Medium,Closed,2024-07-27,9,712.3385449170873
TICKET004051,2024-07-18,PROP013,HVAC,Medium,Closed,2024-07-24,6,835.8607187996445
TICKET004052,2024-07-18,PROP022,Plumbing,High,Closed,2024-07-22,4,859.9470063649636
TICKET004053,2024-07-18,PROP007,HVAC,Low,Closed,2024-08-06,19,1467.8259170953038
TICKET004054,2024-07-18,PROP010,General Maintenance,Medium,Pending Parts,,197,
TICKET004055,2024-07-18,PROP024,General Maintenance,Medium,Closed,2024-07-27,9,995.6852762710159
TICKET004056,2024-07-18,PROP021,Landscaping,Low,Closed,2024-07-28,10,882.7683094373699
TICKET004057,2024-07-18,PROP007,Landscaping,High,Closed,2024-07-21,3,1144.6057888594346
TICKET004058,2024-07-19,PROP001,HVAC,Low,Closed,2024-07-26,7,1306.405488032213
TICKET004059,2024-07-19,PROP018,Electrical,Low,Closed,2024-07-28,9,179.51015964718994
TICKET004060,2024-07-19,PROP015,Plumbing,Low,Closed,2024-08-02,14,72.93048938719633
TICKET004061,2024-07-19,PROP015,Landscaping,High,Closed,2024-07-21,2,369.54401459002446
TICKET004062,2024-07-19,PROP006,Pest Control,Low,Closed,2024-08-04,16,1203.5845442759519
TICKET004063,2024-07-19,PROP024,Landscaping,Low,Closed,2024-07-25,6,552.348858461922
TICKET004064,2024-07-19,PROP002,Electrical,Low,Closed,2024-08-01,13,1480.7449121183995
TICKET004065,2024-07-19,PROP021,Plumbing,Medium,Closed,2024-07-23,4,1296.9192407524101
TICKET004066,2024-07-19,PROP002,Landscaping,Medium,Pending Parts,,196,
TICKET004067,2024-07-19,PROP021,Pest Control,Low,Pending Parts,,196,
TICKET004068,2024-07-19,PROP007,Appliance,High,Closed,2024-07-23,4,561.2214197130202
TICKET004069,2024-07-19,PROP016,Plumbing,Low,Closed,2024-07-30,11,856.9952699807355
TICKET004070,2024-07-19,PROP022,Pest Control,Low,Closed,2024-08-03,15,587.0702289111069
TICKET004071,2024-07-19,PROP024,Landscaping,Low,Closed,2024-08-02,14,551.6889019339467
TICKET004072,2024-07-19,PROP020,General Maintenance,Low,Closed,2024-07-31,12,716.7244595288652
TICKET004073,2024-07-19,PROP012,Electrical,Medium,Closed,2024-07-27,8,1271.2323925870726
TICKET004074,2024-07-19,PROP004,General Maintenance,High,Closed,2024-07-21,2,1459.9159313647735
TICKET004075,2024-07-19,PROP013,Landscaping,Low,In Progress,,196,
TICKET004076,2024-07-19,PROP008,Structural,Emergency,Closed,2024-07-20,1,843.7712470703362
TICKET004077,2024-07-19,PROP021,Electrical,Medium,Closed,2024-07-26,7,300.7722710204431
TICKET004078,2024-07-19,PROP021,Pest Control,Medium,Closed,2024-07-22,3,1171.493984173747
TICKET004079,2024-07-19,PROP025,Structural,Medium,Closed,2024-07-23,4,1474.3291492199648
TICKET004080,2024-07-19,PROP012,Structural,Medium,Closed,2024-07-24,5,53.07185643507441
TICKET004081,2024-07-19,PROP022,General Maintenance,Medium,Closed,2024-07-26,7,1030.1467794655177
TICKET004082,2024-07-19,PROP022,HVAC,High,Closed,2024-07-20,1,228.8577297518092
TICKET004083,2024-07-20,PROP015,Structural,Medium,Closed,2024-07-24,4,817.5533640815661
TICKET004084,2024-07-20,PROP002,Structural,High,Closed,2024-07-22,2,816.4243365460387
TICKET004085,2024-07-20,PROP002,General Maintenance,Low,Closed,2024-07-31,11,1074.347778284799
TICKET004086,2024-07-20,PROP023,Appliance,Emergency,Closed,2024-07-21,1,1256.0633514349195
TICKET004087,2024-07-20,PROP013,Appliance,Medium,Pending Parts,,195,
TICKET004088,2024-07-20,PROP020,General Maintenance,Low,Closed,2024-08-05,16,585.4954211475632
TICKET004089,2024-07-20,PROP021,Structural,Emergency,Closed,2024-07-20,0,371.7641072454885
TICKET004090,2024-07-20,PROP012,Plumbing,Medium,Pending Parts,,195,
TICKET004091,2024-07-20,PROP002,Structural,High,Pending Parts,,195,
TICKET004092,2024-07-20,PROP001,Electrical,Medium,Closed,2024-07-23,3,879.6093398649474
TICKET004093,2024-07-20,PROP024,HVAC,High,Closed,2024-07-24,4,158.183162809439
TICKET004094,2024-07-20,PROP014,Appliance,Medium,Closed,2024-07-23,3,1025.5728497762589
TICKET004095,2024-07-20,PROP018,General Maintenance,High,Closed,2024-07-23,3,1137.9183563909903
TICKET004096,2024-07-20,PROP004,Landscaping,High,Closed,2024-07-23,3,302.886920190541
TICKET004097,2024-07-20,PROP013,HVAC,Low,Closed,2024-08-07,18,56.09858586037014
TICKET004098,2024-07-20,PROP020,Plumbing,Low,Closed,2024-08-07,18,1488.2642188674345
TICKET004099,2024-07-20,PROP014,HVAC,High,Closed,2024-07-22,2,984.9325907545398
TICKET004100,2024-07-20,PROP022,General Maintenance,Medium,Closed,2024-07-27,7,1342.7128654520068
TICKET004101,2024-07-20,PROP022,Plumbing,Low,Open,,195,
TICKET004102,2024-07-20,PROP010,Pest Control,Low,Closed,2024-08-03,14,1025.9146354166337
TICKET004103,2024-07-20,PROP008,Appliance,High,Closed,2024-07-21,1,608.5362427796218
TICKET004104,2024-07-20,PROP013,Plumbing,Low,Closed,2024-08-02,13,844.40388734785
TICKET004105,2024-07-20,PROP001,HVAC,Medium,Closed,2024-07-27,7,535.406601552644
TICKET004106,2024-07-20,PROP016,Landscaping,Medium,In Progress,,195,
TICKET004107,2024-07-20,PROP019,Plumbing,Medium,Closed,2024-07-28,8,297.84450771243644
TICKET004108,2024-07-20,PROP005,Structural,High,Closed,2024-07-22,2,1409.7515215354274
TICKET004109,2024-07-20,PROP017,Plumbing,Medium,In Progress,,195,
TICKET004110,2024-07-20,PROP022,Landscaping,Low,Closed,2024-08-03,14,1292.407156710584
TICKET004111,2024-07-20,PROP002,Electrical,Medium,Closed,2024-07-24,4,355.9576539143432
TICKET004112,2024-07-20,PROP002,Pest Control,Low,Closed,2024-07-29,9,835.6022153420569
TICKET004113,2024-07-20,PROP025,Structural,High,Closed,2024-07-22,2,1297.8659071859283
TICKET004114,2024-07-20,PROP008,Appliance,High,Closed,2024-07-24,4,1422.6364797678125
TICKET004115,2024-07-20,PROP018,General Maintenance,Low,In Progress,,195,
TICKET004116,2024-07-20,PROP004,Appliance,Low,Closed,2024-08-07,18,962.6320444085854
TICKET004117,2024-07-21,PROP019,Landscaping,Low,Closed,2024-07-29,8,52.09447557721592
TICKET004118,2024-07-21,PROP005,Landscaping,Medium,Closed,2024-07-25,4,200.17503361465722
TICKET004119,2024-07-21,PROP022,General Maintenance,High,Closed,2024-07-22,1,860.6538066410075
TICKET004120,2024-07-21,PROP009,Landscaping,Low,Closed,2024-08-09,19,274.67891541312946
TICKET004121,2024-07-21,PROP013,Pest Control,Emergency,Closed,2024-07-22,1,848.0015882898039
TICKET004122,2024-07-21,PROP023,Pest Control,Low,Closed,2024-08-03,13,650.7297272111508
TICKET004123,2024-07-21,PROP003,General Maintenance,Medium,Closed,2024-07-28,7,552.6740571441536
TICKET004124,2024-07-21,PROP018,Electrical,Low,Closed,2024-08-03,13,104.57378014029581
TICKET004125,2024-07-21,PROP022,Pest Control,Low,Open,,194,
TICKET004126,2024-07-21,PROP017,General Maintenance,Low,Closed,2024-08-04,14,112.61714286264916
TICKET004127,2024-07-21,PROP016,Pest Control,Medium,Closed,2024-07-26,5,1289.738800191793
TICKET004128,2024-07-21,PROP005,Plumbing,Low,Pending Parts,,194,
TICKET004129,2024-07-21,PROP003,Pest Control,Low,Closed,2024-07-31,10,1007.8529756679042
TICKET004130,2024-07-21,PROP021,HVAC,High,Closed,2024-07-25,4,80.9518441711271
TICKET004131,2024-07-21,PROP006,Pest Control,Emergency,Closed,2024-07-21,0,720.1705370553349
TICKET004132,2024-07-21,PROP022,Appliance,High,Pending Parts,,194,
TICKET004133,2024-07-21,PROP001,Appliance,Low,Closed,2024-07-30,9,977.6546152708928
TICKET004134,2024-07-21,PROP022,HVAC,Low,Closed,2024-08-09,19,509.35299727242534
TICKET004135,2024-07-21,PROP024,Structural,Medium,In Progress,,194,
TICKET004136,2024-07-21,PROP016,Electrical,Medium,Closed,2024-07-28,7,1265.6327762687017
TICKET004137,2024-07-21,PROP013,Structural,Low,Pending Parts,,194,
TICKET004138,2024-07-21,PROP023,Landscaping,Medium,Closed,2024-07-29,8,1294.609480455677
TICKET004139,2024-07-21,PROP003,Landscaping,Medium,Closed,2024-07-30,9,115.54241276704148
TICKET004140,2024-07-21,PROP023,Appliance,Low,Closed,2024-08-04,14,615.4761928998181
TICKET004141,2024-07-21,PROP009,Electrical,Medium,Closed,2024-07-30,9,808.5000818535837
TICKET004142,2024-07-21,PROP002,Pest Control,Low,Closed,2024-08-03,13,995.2213212629322
TICKET004143,2024-07-21,PROP002,Appliance,High,Open,,194,
TICKET004144,2024-07-21,PROP010,Landscaping,Medium,Closed,2024-07-26,5,507.42320320151526
TICKET004145,2024-07-21,PROP005,HVAC,Medium,In Progress,,194,
TICKET004146,2024-07-21,PROP024,Structural,Medium,Closed,2024-07-27,6,1467.538272388361
TICKET004147,2024-07-21,PROP021,Pest Control,High,Closed,2024-07-24,3,758.9553145390486
TICKET004148,2024-07-21,PROP020,Structural,Low,Closed,2024-07-29,8,775.6094251475176
TICKET004149,2024-07-21,PROP021,General Maintenance,Medium,Closed,2024-07-24,3,312.4645061794867
TICKET004150,2024-07-22,PROP019,Pest Control,High,Closed,2024-07-24,2,1316.1734841088182
TICKET004151,2024-07-22,PROP018,General Maintenance,Emergency,Closed,2024-07-22,0,477.9566209524777
TICKET004152,2024-07-22,PROP006,General Maintenance,Medium,Closed,2024-07-30,8,1282.6611007291965
TICKET004153,2024-07-22,PROP017,General Maintenance,Low,Closed,2024-08-06,15,918.5718690926815
TICKET004154,2024-07-22,PROP003,General Maintenance,Medium,Closed,2024-07-29,7,687.1921536157886
TICKET004155,2024-07-22,PROP006,Plumbing,Medium,In Progress,,193,
TICKET004156,2024-07-22,PROP018,Structural,Medium,Closed,2024-07-30,8,471.8790490267037
TICKET004157,2024-07-22,PROP017,Appliance,Low,Closed,2024-08-05,14,936.4069587612721
TICKET004158,2024-07-22,PROP006,Electrical,Low,Open,,193,
TICKET004159,2024-07-22,PROP014,Structural,Medium,Closed,2024-07-25,3,301.29655892112135
TICKET004160,2024-07-22,PROP019,Plumbing,Low,In Progress,,193,
TICKET004161,2024-07-22,PROP001,Pest Control,Medium,Closed,2024-07-30,8,303.579835603818
TICKET004162,2024-07-22,PROP002,Pest Control,Low,Closed,2024-08-10,19,268.0461734000512
TICKET004163,2024-07-22,PROP003,Structural,Low,Closed,2024-07-28,6,705.5060800481738
TICKET004164,2024-07-22,PROP015,Pest Control,Emergency,Closed,2024-07-23,1,220.38230461944826
TICKET004165,2024-07-22,PROP024,Landscaping,High,Closed,2024-07-25,3,1135.5755444491087
TICKET004166,2024-07-23,PROP015,Pest Control,Medium,Closed,2024-07-27,4,1247.7708291830995
TICKET004167,2024-07-23,PROP024,Plumbing,Medium,Closed,2024-07-31,8,1296.9568736774138
TICKET004168,2024-07-23,PROP009,General Maintenance,Low,Closed,2024-08-01,9,1225.650200322686
TICKET004169,2024-07-23,PROP016,Electrical,Medium,Closed,2024-07-31,8,482.83310526681754
TICKET004170,2024-07-23,PROP010,Plumbing,High,Closed,2024-07-24,1,200.65081693709817
TICKET004171,2024-07-23,PROP024,General Maintenance,High,Closed,2024-07-27,4,689.9491574871482
TICKET004172,2024-07-23,PROP019,General Maintenance,Medium,Pending Parts,,192,
TICKET004173,2024-07-23,PROP025,HVAC,High,Closed,2024-07-27,4,754.3917418584783
TICKET004174,2024-07-23,PROP011,Structural,High,Closed,2024-07-27,4,877.4408657767292
TICKET004175,2024-07-23,PROP014,Landscaping,Medium,In Progress,,192,
TICKET004176,2024-07-23,PROP019,Pest Control,Medium,Closed,2024-07-27,4,875.5488271992317
TICKET004177,2024-07-23,PROP008,Structural,High,Pending Parts,,192,
TICKET004178,2024-07-23,PROP024,Appliance,Medium,Closed,2024-07-26,3,200.08258555710123
TICKET004179,2024-07-23,PROP005,Structural,Low,Closed,2024-08-10,18,560.501660174335
TICKET004180,2024-07-23,PROP019,Pest Control,Medium,Closed,2024-07-28,5,1494.0964273022018
TICKET004181,2024-07-23,PROP020,Structural,Low,Closed,2024-07-29,6,453.3785771396285
TICKET004182,2024-07-23,PROP006,Structural,Medium,Closed,2024-07-31,8,625.539595683792
TICKET004183,2024-07-23,PROP014,Electrical,Medium,Open,,192,
TICKET004184,2024-07-23,PROP013,HVAC,Low,Closed,2024-08-03,11,129.80712090788182
TICKET004185,2024-07-23,PROP010,Plumbing,Low,Open,,192,
TICKET004186,2024-07-23,PROP001,Appliance,High,Closed,2024-07-25,2,887.1357779615208
TICKET004187,2024-07-23,PROP018,HVAC,High,Pending Parts,,192,
TICKET004188,2024-07-23,PROP012,Appliance,Emergency,Closed,2024-07-23,0,1495.5214486649897
TICKET004189,2024-07-23,PROP021,Appliance,Medium,Closed,2024-08-01,9,499.9072027084298
TICKET004190,2024-07-23,PROP002,General Maintenance,Low,Pending Parts,,192,
TICKET004191,2024-07-23,PROP007,Plumbing,Medium,Closed,2024-07-26,3,172.07753058350548
TICKET004192,2024-07-23,PROP008,Structural,Medium,Closed,2024-07-29,6,613.5906621634534
TICKET004193,2024-07-23,PROP020,General Maintenance,Medium,In Progress,,192,
TICKET004194,2024-07-23,PROP005,Plumbing,Low,Closed,2024-08-06,14,199.08565663219616
TICKET004195,2024-07-24,PROP002,General Maintenance,Low,Closed,2024-08-12,19,498.9479713121982
TICKET004196,2024-07-24,PROP022,Electrical,Low,Closed,2024-08-10,17,604.6552181198896
TICKET004197,2024-07-24,PROP023,Pest Control,Low,Closed,2024-08-07,14,1397.822320995167
TICKET004198,2024-07-24,PROP003,Plumbing,Low,Closed,2024-08-01,8,900.9380196813614
TICKET004199,2024-07-24,PROP014,Appliance,Emergency,Pending Parts,,191,
TICKET004200,2024-07-24,PROP011,Appliance,Medium,Closed,2024-07-29,5,790.3508686936796
TICKET004201,2024-07-24,PROP013,Landscaping,Medium,Closed,2024-07-27,3,492.56190090785344
TICKET004202,2024-07-24,PROP009,General Maintenance,High,Pending Parts,,191,
TICKET004203,2024-07-24,PROP025,Landscaping,Low,Pending Parts,,191,
TICKET004204,2024-07-24,PROP010,Appliance,High,Closed,2024-07-26,2,947.2988522313559
TICKET004205,2024-07-24,PROP001,Structural,Medium,Closed,2024-07-30,6,1127.5144392413451
TICKET004206,2024-07-24,PROP006,Electrical,Low,Closed,2024-08-01,8,1113.042401587586
TICKET004207,2024-07-24,PROP018,Electrical,Emergency,Closed,2024-07-24,0,941.3395412534016
TICKET004208,2024-07-24,PROP018,Pest Control,Medium,Closed,2024-08-01,8,253.11775145586014
TICKET004209,2024-07-24,PROP008,Pest Control,Medium,Closed,2024-07-28,4,1119.6558156375322
TICKET004210,2024-07-24,PROP016,Plumbing,Medium,Closed,2024-08-01,8,348.1897532638917
TICKET004211,2024-07-24,PROP020,Plumbing,High,Closed,2024-07-25,1,469.7115565188712
TICKET004212,2024-07-24,PROP004,Pest Control,Medium,Closed,2024-07-27,3,459.45828082632124
TICKET004213,2024-07-25,PROP004,Pest Control,High,Closed,2024-07-28,3,72.2663614942293
TICKET004214,2024-07-25,PROP009,Appliance,High,Closed,2024-07-26,1,458.7089133592833
TICKET004215,2024-07-25,PROP016,Electrical,Low,Closed,2024-07-30,5,808.1933952412502
TICKET004216,2024-07-25,PROP025,Structural,High,Closed,2024-07-27,2,428.9219631743712
TICKET004217,2024-07-25,PROP018,Plumbing,Medium,Closed,2024-08-02,8,811.2895610832044
TICKET004218,2024-07-25,PROP022,HVAC,Medium,Closed,2024-07-28,3,649.3555287199947
TICKET004219,2024-07-25,PROP007,Pest Control,Low,Closed,2024-08-11,17,265.5194681357582
TICKET004220,2024-07-25,PROP025,Electrical,High,Closed,2024-07-27,2,135.60604676499392
TICKET004221,2024-07-25,PROP021,Appliance,Low,Closed,2024-08-08,14,615.199731800945
TICKET004222,2024-07-25,PROP008,Plumbing,Low,Closed,2024-08-10,16,621.9077251794324
TICKET004223,2024-07-25,PROP013,Pest Control,High,Closed,2024-07-29,4,1094.5707626238232
TICKET004224,2024-07-25,PROP019,Structural,Low,Closed,2024-08-09,15,1437.0785420535053
TICKET004225,2024-07-25,PROP017,Landscaping,High,Closed,2024-07-28,3,744.9127265253787
TICKET004226,2024-07-25,PROP010,Electrical,Medium,Closed,2024-07-30,5,192.64788938280552
TICKET004227,2024-07-25,PROP018,Pest Control,High,Pending Parts,,190,
TICKET004228,2024-07-25,PROP022,Plumbing,Low,Closed,2024-07-30,5,87.5253167650798
TICKET004229,2024-07-25,PROP002,HVAC,High,Closed,2024-07-28,3,446.73125296072374
TICKET004230,2024-07-25,PROP002,Landscaping,Medium,Closed,2024-07-31,6,560.483934458025
TICKET004231,2024-07-25,PROP025,Landscaping,High,Closed,2024-07-26,1,705.5060644075554
TICKET004232,2024-07-25,PROP012,Electrical,Emergency,Closed,2024-07-26,1,415.37446781298956
TICKET004233,2024-07-25,PROP014,Pest Control,Medium,Closed,2024-07-29,4,1142.315866974727
TICKET004234,2024-07-25,PROP010,Plumbing,High,Pending Parts,,190,
TICKET004235,2024-07-25,PROP024,Landscaping,High,Closed,2024-07-28,3,396.9712659900186
TICKET004236,2024-07-25,PROP003,Plumbing,Medium,Closed,2024-08-01,7,965.0012902477738
TICKET004237,2024-07-25,PROP025,HVAC,Medium,Closed,2024-08-03,9,574.8530660676793
TICKET004238,2024-07-25,PROP005,Structural,Low,Closed,2024-08-05,11,282.49252851798633
TICKET004239,2024-07-25,PROP019,Landscaping,Medium,Closed,2024-08-03,9,1264.5398707638928
TICKET004240,2024-07-25,PROP024,Pest Control,High,Closed,2024-07-28,3,877.2407068486542
TICKET004241,2024-07-25,PROP007,Pest Control,High,Closed,2024-07-27,2,1115.5762127112946
TICKET004242,2024-07-25,PROP001,Landscaping,High,Closed,2024-07-28,3,1132.0782583067696
TICKET004243,2024-07-26,PROP025,Pest Control,Emergency,Closed,2024-07-27,1,662.7359260181601
TICKET004244,2024-07-26,PROP023,Pest Control,Low,Closed,2024-08-12,17,933.0841083641849
TICKET004245,2024-07-26,PROP013,HVAC,Medium,Closed,2024-07-30,4,1246.6098069575453
TICKET004246,2024-07-26,PROP010,Electrical,Medium,Closed,2024-07-29,3,923.033360191153
TICKET004247,2024-07-26,PROP007,HVAC,Low,Closed,2024-08-04,9,152.0415938251631
TICKET004248,2024-07-26,PROP007,Plumbing,High,Closed,2024-07-28,2,1172.0829402114387
TICKET004249,2024-07-26,PROP020,Plumbing,High,Pending Parts,,189,
TICKET004250,2024-07-26,PROP003,Landscaping,Low,Closed,2024-08-12,17,262.6329896613752
TICKET004251,2024-07-26,PROP021,Pest Control,Low,In Progress,,189,
TICKET004252,2024-07-26,PROP010,HVAC,Medium,Closed,2024-07-31,5,169.52004911007205
TICKET004253,2024-07-26,PROP024,HVAC,Medium,Closed,2024-07-30,4,547.8983530901421
TICKET004254,2024-07-26,PROP024,Electrical,Medium,Closed,2024-08-03,8,353.76560973031104
TICKET004255,2024-07-26,PROP017,General Maintenance,High,Closed,2024-07-30,4,586.9957664435966
TICKET004256,2024-07-26,PROP011,Landscaping,Medium,Closed,2024-07-30,4,1357.7013661288804
TICKET004257,2024-07-26,PROP015,Landscaping,Low,Closed,2024-08-14,19,179.97064785656423
TICKET004258,2024-07-26,PROP011,Electrical,High,Closed,2024-07-28,2,1278.795570303565
TICKET004259,2024-07-26,PROP021,Plumbing,Low,Open,,189,
TICKET004260,2024-07-26,PROP002,Plumbing,Low,Closed,2024-08-05,10,303.0160939642268
TICKET004261,2024-07-27,PROP011,Appliance,Low,Closed,2024-08-08,12,497.08451880541105
TICKET004262,2024-07-27,PROP024,Pest Control,Low,Open,,188,
TICKET004263,2024-07-27,PROP003,Electrical,Low,Closed,2024-08-13,17,224.9502601248741
TICKET004264,2024-07-27,PROP019,HVAC,Medium,Closed,2024-07-31,4,404.9902327424215
TICKET004265,2024-07-27,PROP005,General Maintenance,Medium,Closed,2024-08-03,7,1004.4952695890915
TICKET004266,2024-07-27,PROP018,Electrical,Medium,Closed,2024-08-04,8,81.71508418819533
TICKET004267,2024-07-27,PROP005,Electrical,High,Closed,2024-07-29,2,1330.2351197670835
TICKET004268,2024-07-27,PROP015,Pest Control,Low,In Progress,,188,
TICKET004269,2024-07-27,PROP001,Plumbing,Low,Closed,2024-08-11,15,855.7683577581437
TICKET004270,2024-07-27,PROP008,General Maintenance,Medium,Closed,2024-07-31,4,586.9094727835721
TICKET004271,2024-07-27,PROP003,Plumbing,Low,Closed,2024-08-14,18,630.3144926723239
TICKET004272,2024-07-27,PROP024,Electrical,High,Closed,2024-07-31,4,540.7148238606127
TICKET004273,2024-07-27,PROP020,General Maintenance,High,Closed,2024-07-29,2,1386.5828727890553
TICKET004274,2024-07-27,PROP020,Plumbing,Low,Closed,2024-08-15,19,712.1348700683872
TICKET004275,2024-07-27,PROP010,Plumbing,Emergency,In Progress,,188,
TICKET004276,2024-07-27,PROP002,General Maintenance,Low,Closed,2024-08-09,13,1241.3185852884724
TICKET004277,2024-07-27,PROP002,HVAC,Medium,Closed,2024-08-04,8,736.695204481321
TICKET004278,2024-07-27,PROP011,Appliance,Low,Closed,2024-08-15,19,606.4034107283771
TICKET004279,2024-07-27,PROP008,General Maintenance,Emergency,Closed,2024-07-28,1,1182.7649406134483
TICKET004280,2024-07-27,PROP006,HVAC,Low,Pending Parts,,188,
TICKET004281,2024-07-27,PROP017,Landscaping,Low,Closed,2024-08-02,6,1129.087042592649
TICKET004282,2024-07-27,PROP008,Electrical,Low,Closed,2024-08-11,15,94.0494170990272
TICKET004283,2024-07-28,PROP006,Appliance,Medium,Closed,2024-08-03,6,175.4149598995902
TICKET004284,2024-07-28,PROP002,General Maintenance,High,Closed,2024-07-29,1,1220.2208523026973
TICKET004285,2024-07-28,PROP025,Appliance,Medium,Closed,2024-08-06,9,1113.251372021106
TICKET004286,2024-07-28,PROP012,Appliance,High,Pending Parts,,187,
TICKET004287,2024-07-28,PROP006,Pest Control,Medium,Closed,2024-08-02,5,853.1855206670018
TICKET004288,2024-07-28,PROP009,Appliance,Medium,Pending Parts,,187,
TICKET004289,2024-07-28,PROP003,Landscaping,Low,Closed,2024-08-05,8,1070.3279856359984
TICKET004290,2024-07-28,PROP009,General Maintenance,Low,Pending Parts,,187,
TICKET004291,2024-07-28,PROP003,Plumbing,High,In Progress,,187,
TICKET004292,2024-07-28,PROP018,Plumbing,Low,Closed,2024-08-14,17,945.5190194125615
TICKET004293,2024-07-28,PROP006,Pest Control,Medium,Closed,2024-08-02,5,1288.603933175776
TICKET004294,2024-07-28,PROP004,Plumbing,Medium,Closed,2024-08-02,5,692.9090982918608
TICKET004295,2024-07-28,PROP005,Pest Control,Low,Closed,2024-08-12,15,798.9261687827823
TICKET004296,2024-07-28,PROP024,Landscaping,Low,Closed,2024-08-04,7,236.6812494424333
TICKET004297,2024-07-28,PROP018,Pest Control,Medium,Closed,2024-08-03,6,1320.0577933474924
TICKET004298,2024-07-28,PROP004,Landscaping,High,Closed,2024-07-31,3,1097.4001973614443
TICKET004299,2024-07-28,PROP022,Electrical,Low,Closed,2024-08-16,19,1030.4596869743891
TICKET004300,2024-07-28,PROP004,Electrical,High,Closed,2024-08-01,4,381.8077710935714
TICKET004301,2024-07-28,PROP001,Structural,Medium,Closed,2024-07-31,3,622.6776612129983
TICKET004302,2024-07-28,PROP007,HVAC,Medium,Closed,2024-08-01,4,430.5068912628095
TICKET004303,2024-07-29,PROP013,Structural,High,Closed,2024-08-02,4,650.6655349102778
TICKET004304,2024-07-29,PROP022,General Maintenance,High,In Progress,,186,
TICKET004305,2024-07-29,PROP006,HVAC,Low,In Progress,,186,
TICKET004306,2024-07-29,PROP015,General Maintenance,Low,Closed,2024-08-11,13,121.94319420728219
TICKET004307,2024-07-29,PROP001,HVAC,Low,Closed,2024-08-15,17,1306.0158507369608
TICKET004308,2024-07-29,PROP022,General Maintenance,Medium,Closed,2024-08-07,9,894.9404045846715
TICKET004309,2024-07-29,PROP021,Electrical,High,Closed,2024-08-01,3,1467.867498692109
TICKET004310,2024-07-29,PROP018,Electrical,Low,Closed,2024-08-10,12,173.9085884470128
TICKET004311,2024-07-29,PROP022,HVAC,Medium,Closed,2024-08-02,4,1185.1750084737055
TICKET004312,2024-07-29,PROP011,Structural,Low,Closed,2024-08-15,17,1390.3283967814734
TICKET004313,2024-07-29,PROP009,Appliance,Low,Closed,2024-08-05,7,1070.4591270411615
TICKET004314,2024-07-29,PROP012,Landscaping,High,Closed,2024-08-01,3,166.08949069485004
TICKET004315,2024-07-29,PROP014,Appliance,Low,Pending Parts,,186,
TICKET004316,2024-07-29,PROP012,HVAC,Low,Closed,2024-08-15,17,142.17067031080774
TICKET004317,2024-07-29,PROP019,Plumbing,High,Closed,2024-07-30,1,210.92011758361488
TICKET004318,2024-07-29,PROP014,Electrical,Medium,Closed,2024-08-06,8,325.365884812884
TICKET004319,2024-07-29,PROP021,Structural,Low,Closed,2024-08-16,18,1029.4802813900246
TICKET004320,2024-07-29,PROP016,Plumbing,Low,Closed,2024-08-08,10,835.6855895864701
TICKET004321,2024-07-29,PROP015,Structural,Medium,Closed,2024-08-02,4,615.7991924962517
TICKET004322,2024-07-29,PROP019,HVAC,Medium,Closed,2024-08-06,8,1003.6837442527726
TICKET004323,2024-07-29,PROP025,Electrical,Medium,Closed,2024-08-05,7,136.97367671316724
TICKET004324,2024-07-29,PROP017,General Maintenance,High,Closed,2024-08-02,4,1131.3161039349002
TICKET004325,2024-07-29,PROP014,Structural,Medium,Closed,2024-08-04,6,777.6557062740604
TICKET004326,2024-07-29,PROP003,General Maintenance,Low,Closed,2024-08-08,10,1180.5722457945856
TICKET004327,2024-07-29,PROP005,HVAC,High,Closed,2024-07-31,2,1196.0928085135524
TICKET004328,2024-07-29,PROP004,Landscaping,High,Closed,2024-07-30,1,326.5061530489565
TICKET004329,2024-07-29,PROP011,Pest Control,Medium,Closed,2024-08-04,6,509.2423073729474
TICKET004330,2024-07-29,PROP001,HVAC,Low,Closed,2024-08-06,8,582.9337675751727
TICKET004331,2024-07-29,PROP022,Landscaping,Medium,Open,,186,
TICKET004332,2024-07-29,PROP008,Pest Control,Low,Closed,2024-08-17,19,1262.6196069597536
TICKET004333,2024-07-29,PROP016,Appliance,Medium,Closed,2024-08-02,4,142.85685897233265
TICKET004334,2024-07-29,PROP001,Pest Control,Low,Closed,2024-08-11,13,509.05578262856307
TICKET004335,2024-07-29,PROP001,Electrical,Medium,Closed,2024-08-02,4,1052.935046789011
TICKET004336,2024-07-30,PROP023,Landscaping,Low,Open,,185,
TICKET004337,2024-07-30,PROP013,Pest Control,Low,Closed,2024-08-13,14,864.7800191563224
TICKET004338,2024-07-30,PROP009,Appliance,Medium,Closed,2024-08-04,5,359.11650343546995
TICKET004339,2024-07-30,PROP005,Structural,Medium,Closed,2024-08-06,7,977.6756698634247
TICKET004340,2024-07-30,PROP019,Electrical,Emergency,Closed,2024-07-31,1,553.1672706187941
TICKET004341,2024-07-30,PROP017,Plumbing,High,Closed,2024-07-31,1,824.1970064384265
TICKET004342,2024-07-30,PROP015,General Maintenance,Low,Closed,2024-08-11,12,100.90036784672549
TICKET004343,2024-07-30,PROP007,Appliance,Low,Closed,2024-08-09,10,1400.304810032497
TICKET004344,2024-07-30,PROP023,HVAC,Medium,Closed,2024-08-08,9,1492.4662561224852
TICKET004345,2024-07-30,PROP019,Plumbing,Medium,Closed,2024-08-04,5,921.9705183783814
TICKET004346,2024-07-30,PROP007,Electrical,Medium,Closed,2024-08-04,5,761.617972833874
TICKET004347,2024-07-30,PROP010,Structural,High,Open,,185,
TICKET004348,2024-07-30,PROP007,General Maintenance,Medium,Closed,2024-08-06,7,282.871709943796
TICKET004349,2024-07-30,PROP001,Electrical,Low,Closed,2024-08-10,11,301.08853568126096
TICKET004350,2024-07-30,PROP021,HVAC,Low,Closed,2024-08-08,9,1212.8698966595587
TICKET004351,2024-07-30,PROP004,Structural,Low,Pending Parts,,185,
TICKET004352,2024-07-30,PROP018,Electrical,Medium,Closed,2024-08-03,4,413.0320336602399
TICKET004353,2024-07-30,PROP022,Electrical,High,Closed,2024-08-02,3,1275.7269287382837
TICKET004354,2024-07-30,PROP020,Structural,High,Closed,2024-08-01,2,880.2526732527755
TICKET004355,2024-07-30,PROP023,HVAC,Emergency,Closed,2024-07-30,0,1225.0746577549355
TICKET004356,2024-07-30,PROP012,Landscaping,Medium,Open,,185,
TICKET004357,2024-07-30,PROP016,General Maintenance,Medium,Closed,2024-08-02,3,87.68986354771667
TICKET004358,2024-07-30,PROP023,Appliance,Low,Closed,2024-08-17,18,589.8954433292774
TICKET004359,2024-07-30,PROP012,Appliance,Medium,Closed,2024-08-06,7,155.95834790136422
TICKET004360,2024-07-30,PROP022,Structural,Low,Closed,2024-08-06,7,534.6290055479319
TICKET004361,2024-07-30,PROP014,Landscaping,Low,Closed,2024-08-11,12,745.7660409064114
TICKET004362,2024-07-30,PROP020,General Maintenance,Low,Closed,2024-08-14,15,911.2329276550494
TICKET004363,2024-07-30,PROP010,Pest Control,Low,Closed,2024-08-06,7,197.6943380944105
TICKET004364,2024-07-30,PROP013,Plumbing,Low,Closed,2024-08-17,18,1258.038191055112
TICKET004365,2024-07-30,PROP002,Appliance,High,Closed,2024-08-01,2,1034.2059380239543
TICKET004366,2024-07-31,PROP006,Appliance,Medium,Closed,2024-08-05,5,662.3662669771027
TICKET004367,2024-07-31,PROP019,Structural,Emergency,Open,,184,
TICKET004368,2024-07-31,PROP018,Landscaping,Low,Closed,2024-08-14,14,393.01835363509866
TICKET004369,2024-07-31,PROP007,Electrical,Low,In Progress,,184,
TICKET004370,2024-07-31,PROP024,Plumbing,Low,Closed,2024-08-09,9,1190.4507866309423
TICKET004371,2024-07-31,PROP020,HVAC,Low,Closed,2024-08-06,6,514.9935509801644
TICKET004372,2024-07-31,PROP011,Appliance,High,Closed,2024-08-02,2,499.15711616851775
TICKET004373,2024-07-31,PROP023,Landscaping,Low,Closed,2024-08-17,17,56.41543581615879
TICKET004374,2024-07-31,PROP005,Electrical,Low,Closed,2024-08-18,18,1197.1994482864022
TICKET004375,2024-07-31,PROP006,Electrical,Low,Closed,2024-08-06,6,774.8464726151634
TICKET004376,2024-07-31,PROP013,HVAC,High,Closed,2024-08-03,3,289.6075221476441
TICKET004377,2024-07-31,PROP002,Appliance,Medium,Closed,2024-08-07,7,1333.670123508771
TICKET004378,2024-07-31,PROP009,Structural,Emergency,Closed,2024-07-31,0,950.0229703601278
TICKET004379,2024-07-31,PROP001,Structural,Emergency,In Progress,,184,
TICKET004380,2024-07-31,PROP001,General Maintenance,Low,Closed,2024-08-11,11,358.7062194708531
TICKET004381,2024-07-31,PROP025,HVAC,Medium,Closed,2024-08-09,9,1099.697986722331
TICKET004382,2024-07-31,PROP007,Appliance,Low,Closed,2024-08-06,6,654.0250429578939
TICKET004383,2024-07-31,PROP017,General Maintenance,Low,Closed,2024-08-09,9,1269.337556060032
TICKET004384,2024-07-31,PROP013,Electrical,Medium,Closed,2024-08-06,6,77.20362398897105
TICKET004385,2024-07-31,PROP020,Plumbing,Medium,Closed,2024-08-04,4,711.9414690863406
TICKET004386,2024-07-31,PROP016,Structural,High,Closed,2024-08-03,3,126.46994961915406
TICKET004387,2024-07-31,PROP018,Structural,Low,Closed,2024-08-17,17,1246.081290225552
TICKET004388,2024-07-31,PROP013,Structural,Low,In Progress,,184,
TICKET004389,2024-07-31,PROP019,Pest Control,Low,Open,,184,
TICKET004390,2024-07-31,PROP001,Pest Control,High,Closed,2024-08-01,1,1339.8173907251773
TICKET004391,2024-07-31,PROP024,Appliance,High,Closed,2024-08-01,1,194.8204599874312
TICKET004392,2024-07-31,PROP007,Plumbing,Medium,Closed,2024-08-03,3,1294.1770245068599
TICKET004393,2024-08-01,PROP012,Structural,High,Closed,2024-08-05,4,1321.6195269505818
TICKET004394,2024-08-01,PROP021,Landscaping,High,Closed,2024-08-02,1,810.093908845543
TICKET004395,2024-08-01,PROP002,HVAC,High,Closed,2024-08-05,4,394.04629537931766
TICKET004396,2024-08-01,PROP011,Pest Control,High,Closed,2024-08-04,3,993.6962763666833
TICKET004397,2024-08-01,PROP021,Pest Control,High,Open,,183,
TICKET004398,2024-08-01,PROP006,Pest Control,Medium,Closed,2024-08-06,5,1439.6176751508044
TICKET004399,2024-08-01,PROP013,Appliance,Low,Closed,2024-08-18,17,340.04069859644284
TICKET004400,2024-08-01,PROP008,Structural,High,Pending Parts,,183,
TICKET004401,2024-08-01,PROP024,General Maintenance,Low,Closed,2024-08-14,13,1136.9149015049788
TICKET004402,2024-08-01,PROP004,Structural,High,Pending Parts,,183,
TICKET004403,2024-08-01,PROP003,Plumbing,Medium,Closed,2024-08-07,6,481.9967572177627
TICKET004404,2024-08-01,PROP020,General Maintenance,Low,Closed,2024-08-15,14,1461.8143370825442
TICKET004405,2024-08-01,PROP008,Plumbing,Medium,Closed,2024-08-08,7,593.858784081135
TICKET004406,2024-08-01,PROP008,Plumbing,High,Closed,2024-08-05,4,890.0586400416776
TICKET004407,2024-08-01,PROP004,Landscaping,Medium,Open,,183,
TICKET004408,2024-08-01,PROP002,Plumbing,High,Closed,2024-08-04,3,815.0272454072292
TICKET004409,2024-08-01,PROP014,Structural,Medium,Closed,2024-08-09,8,463.02152293842386
TICKET004410,2024-08-01,PROP022,Landscaping,Low,Closed,2024-08-12,11,250.59227762001566
TICKET004411,2024-08-01,PROP016,Pest Control,Low,Closed,2024-08-11,10,1217.1819797876863
TICKET004412,2024-08-01,PROP025,Pest Control,Medium,Closed,2024-08-07,6,273.3322428703702
TICKET004413,2024-08-01,PROP019,Landscaping,Low,Pending Parts,,183,
TICKET004414,2024-08-01,PROP016,Electrical,Emergency,Pending Parts,,183,
TICKET004415,2024-08-01,PROP025,Plumbing,Low,Closed,2024-08-13,12,809.3763736763934
TICKET004416,2024-08-01,PROP003,General Maintenance,Medium,Closed,2024-08-04,3,304.6640477447869
TICKET004417,2024-08-01,PROP007,Landscaping,High,Closed,2024-08-05,4,323.83800379751915
TICKET004418,2024-08-02,PROP002,HVAC,Low,Closed,2024-08-20,18,167.7786549696856
TICKET004419,2024-08-02,PROP009,Appliance,Medium,Open,,182,
TICKET004420,2024-08-02,PROP017,General Maintenance,High,Closed,2024-08-05,3,1193.68489843587
TICKET004421,2024-08-02,PROP011,Landscaping,Medium,Closed,2024-08-11,9,966.3393273552871
TICKET004422,2024-08-02,PROP003,Electrical,Medium,Closed,2024-08-07,5,1487.8330749726995
TICKET004423,2024-08-02,PROP008,Plumbing,Medium,Closed,2024-08-10,8,1028.5055436398843
TICKET004424,2024-08-02,PROP014,Structural,Low,Closed,2024-08-12,10,231.92454199000562
TICKET004425,2024-08-02,PROP001,Pest Control,High,Closed,2024-08-05,3,1008.805967954615
TICKET004426,2024-08-02,PROP007,Landscaping,Low,Closed,2024-08-20,18,841.0343805934782
TICKET004427,2024-08-02,PROP024,Appliance,Low,Open,,182,
TICKET004428,2024-08-02,PROP010,Electrical,High,Open,,182,
TICKET004429,2024-08-02,PROP024,Appliance,Medium,Closed,2024-08-11,9,1082.776639111861
TICKET004430,2024-08-02,PROP009,Landscaping,Emergency,Closed,2024-08-03,1,1166.1933236912269
TICKET004431,2024-08-02,PROP001,Plumbing,Medium,Closed,2024-08-07,5,1467.51915061845
TICKET004432,2024-08-02,PROP010,Appliance,Low,Closed,2024-08-08,6,1301.461109653359
TICKET004433,2024-08-02,PROP010,Appliance,High,Closed,2024-08-04,2,1249.4618908947682
TICKET004434,2024-08-02,PROP009,General Maintenance,Low,Closed,2024-08-09,7,488.98502355249883
TICKET004435,2024-08-02,PROP012,General Maintenance,High,Closed,2024-08-06,4,562.534124059584
TICKET004436,2024-08-02,PROP015,Appliance,Medium,Closed,2024-08-08,6,1235.3614441621755
TICKET004437,2024-08-02,PROP013,General Maintenance,Medium,Closed,2024-08-10,8,934.5789293053067
TICKET004438,2024-08-02,PROP011,Plumbing,Medium,Closed,2024-08-07,5,426.6301308142478
TICKET004439,2024-08-02,PROP015,General Maintenance,High,Closed,2024-08-04,2,578.7861163968945
TICKET004440,2024-08-02,PROP018,Appliance,Low,Closed,2024-08-19,17,1231.5325704778063
TICKET004441,2024-08-02,PROP001,General Maintenance,High,Open,,182,
TICKET004442,2024-08-02,PROP009,Electrical,Medium,Closed,2024-08-08,6,273.8439996822353
TICKET004443,2024-08-02,PROP021,General Maintenance,High,Closed,2024-08-05,3,948.0247258779949
TICKET004444,2024-08-02,PROP014,Structural,Medium,Closed,2024-08-08,6,810.4488438552305
TICKET004445,2024-08-02,PROP004,General Maintenance,Low,Closed,2024-08-15,13,803.643523505005
TICKET004446,2024-08-02,PROP019,General Maintenance,Medium,Closed,2024-08-05,3,1326.5713384796547
TICKET004447,2024-08-02,PROP011,Pest Control,Emergency,Closed,2024-08-03,1,900.2711400794266
TICKET004448,2024-08-03,PROP018,Electrical,Low,Closed,2024-08-19,16,710.6458703531454
TICKET004449,2024-08-03,PROP019,Appliance,High,Closed,2024-08-04,1,52.7900564804433
TICKET004450,2024-08-03,PROP022,Appliance,High,Closed,2024-08-04,1,1252.7332585719673
TICKET004451,2024-08-03,PROP017,Appliance,Low,Closed,2024-08-09,6,1189.1270707206031
TICKET004452,2024-08-03,PROP016,Plumbing,Medium,In Progress,,181,
TICKET004453,2024-08-03,PROP020,Landscaping,Low,Closed,2024-08-12,9,236.57904915324357
TICKET004454,2024-08-03,PROP019,HVAC,High,Closed,2024-08-07,4,1049.922347870568
TICKET004455,2024-08-03,PROP009,Pest Control,Medium,Pending Parts,,181,
TICKET004456,2024-08-03,PROP005,Plumbing,Low,Closed,2024-08-10,7,59.1699079584392
TICKET004457,2024-08-03,PROP002,Plumbing,Medium,Closed,2024-08-12,9,454.90997026102565
TICKET004458,2024-08-03,PROP011,Electrical,Low,Closed,2024-08-15,12,190.4341789305865
TICKET004459,2024-08-03,PROP003,Electrical,Low,Open,,181,
TICKET004460,2024-08-03,PROP024,Landscaping,High,Closed,2024-08-07,4,655.9911948854286
TICKET004461,2024-08-03,PROP015,Appliance,Medium,Closed,2024-08-10,7,381.7163870431883
TICKET004462,2024-08-03,PROP004,HVAC,Medium,Closed,2024-08-06,3,272.7495529878371
TICKET004463,2024-08-03,PROP020,Appliance,Low,Closed,2024-08-08,5,686.1476499469238
TICKET004464,2024-08-03,PROP005,Plumbing,Medium,Closed,2024-08-11,8,669.6840958623103
TICKET004465,2024-08-03,PROP016,Appliance,Medium,In Progress,,181,
TICKET004466,2024-08-03,PROP006,Appliance,Medium,Closed,2024-08-11,8,1477.5396158039168
TICKET004467,2024-08-03,PROP017,Plumbing,Low,Closed,2024-08-22,19,897.7243757031855
TICKET004468,2024-08-03,PROP003,Structural,Low,Pending Parts,,181,
TICKET004469,2024-08-03,PROP009,General Maintenance,Low,Closed,2024-08-09,6,508.94553443079855
TICKET004470,2024-08-03,PROP004,Plumbing,Medium,Closed,2024-08-09,6,133.62055435037774
TICKET004471,2024-08-03,PROP019,Structural,Low,Closed,2024-08-17,14,793.7869564629983
TICKET004472,2024-08-03,PROP014,Landscaping,Low,Open,,181,
TICKET004473,2024-08-03,PROP025,Structural,Medium,Open,,181,
TICKET004474,2024-08-03,PROP011,HVAC,Medium,In Progress,,181,
TICKET004475,2024-08-03,PROP005,Pest Control,Low,Closed,2024-08-09,6,901.0423359683988
TICKET004476,2024-08-03,PROP004,General Maintenance,High,Closed,2024-08-05,2,512.8823975757546
TICKET004477,2024-08-03,PROP005,Landscaping,Low,Closed,2024-08-16,13,1328.083903666406
TICKET004478,2024-08-03,PROP021,Plumbing,Medium,Closed,2024-08-10,7,1415.469545324186
TICKET004479,2024-08-03,PROP006,Pest Control,Medium,Closed,2024-08-08,5,1089.205811726717
TICKET004480,2024-08-03,PROP003,General Maintenance,Medium,Closed,2024-08-09,6,213.19257910660855
TICKET004481,2024-08-03,PROP004,Structural,Medium,Closed,2024-08-08,5,973.5854810282946
TICKET004482,2024-08-04,PROP010,Appliance,Medium,Closed,2024-08-10,6,1229.6945278760054
TICKET004483,2024-08-04,PROP002,HVAC,Low,Closed,2024-08-14,10,1353.3242959769389
TICKET004484,2024-08-04,PROP012,Landscaping,Low,Closed,2024-08-12,8,211.9735401306239
TICKET004485,2024-08-04,PROP018,Plumbing,Low,Closed,2024-08-21,17,870.2066412642521
TICKET004486,2024-08-04,PROP002,Electrical,Low,Closed,2024-08-22,18,507.6875884776674
TICKET004487,2024-08-04,PROP025,Pest Control,Medium,Closed,2024-08-08,4,977.3038220888129
TICKET004488,2024-08-04,PROP011,Electrical,Low,Closed,2024-08-11,7,575.4146581861999
TICKET004489,2024-08-04,PROP021,General Maintenance,Medium,Closed,2024-08-13,9,565.818019624481
TICKET004490,2024-08-04,PROP018,HVAC,Low,Closed,2024-08-14,10,380.80927062968584
TICKET004491,2024-08-04,PROP009,Plumbing,Low,Closed,2024-08-22,18,1235.2910306905328
TICKET004492,2024-08-04,PROP014,Appliance,Low,Closed,2024-08-15,11,140.13581733498324
TICKET004493,2024-08-04,PROP025,Pest Control,High,Closed,2024-08-08,4,1436.8625882363444
TICKET004494,2024-08-04,PROP011,General Maintenance,Medium,Pending Parts,,180,
TICKET004495,2024-08-04,PROP023,Plumbing,Low,Open,,180,
TICKET004496,2024-08-04,PROP020,Plumbing,Medium,Closed,2024-08-07,3,794.099875124718
TICKET004497,2024-08-04,PROP024,General Maintenance,Medium,Closed,2024-08-11,7,1128.150138743481
TICKET004498,2024-08-04,PROP003,HVAC,Medium,Closed,2024-08-07,3,1110.1933988648993
TICKET004499,2024-08-04,PROP023,Appliance,Medium,Closed,2024-08-13,9,347.55016554217275
TICKET004500,2024-08-04,PROP013,General Maintenance,Low,Closed,2024-08-16,12,579.9520912695923
TICKET004501,2024-08-04,PROP012,HVAC,Low,Closed,2024-08-17,13,1184.9751825705189
TICKET004502,2024-08-04,PROP005,Electrical,Low,Closed,2024-08-22,18,1083.3533567320458
TICKET004503,2024-08-05,PROP023,Appliance,Medium,Closed,2024-08-08,3,1421.8723727692798
TICKET004504,2024-08-05,PROP023,Structural,High,Pending Parts,,179,
TICKET004505,2024-08-05,PROP002,General Maintenance,High,Closed,2024-08-08,3,417.3130381749751
TICKET004506,2024-08-05,PROP017,Landscaping,Low,Pending Parts,,179,
TICKET004507,2024-08-05,PROP021,Structural,Low,Pending Parts,,179,
TICKET004508,2024-08-05,PROP005,Plumbing,Low,In Progress,,179,
TICKET004509,2024-08-05,PROP022,Structural,Emergency,Closed,2024-08-06,1,1213.5346549199128
TICKET004510,2024-08-05,PROP022,Landscaping,Medium,Closed,2024-08-11,6,1319.1537521968294
TICKET004511,2024-08-05,PROP003,Structural,Medium,Open,,179,
TICKET004512,2024-08-05,PROP021,Structural,Medium,Closed,2024-08-12,7,325.3329348233619
TICKET004513,2024-08-05,PROP013,Landscaping,High,Closed,2024-08-06,1,1238.3284506127552
TICKET004514,2024-08-05,PROP025,Pest Control,Medium,Closed,2024-08-11,6,872.8844739260463
TICKET004515,2024-08-05,PROP002,Pest Control,Medium,Closed,2024-08-08,3,1419.625158519465
TICKET004516,2024-08-05,PROP019,General Maintenance,Medium,Closed,2024-08-08,3,907.8778882667584
TICKET004517,2024-08-05,PROP022,Electrical,Low,Closed,2024-08-11,6,479.3750591670375
TICKET004518,2024-08-05,PROP018,Plumbing,Medium,Closed,2024-08-12,7,975.9038089045321
TICKET004519,2024-08-05,PROP008,Electrical,Low,Closed,2024-08-12,7,861.8356406003754
TICKET004520,2024-08-05,PROP002,Plumbing,Medium,In Progress,,179,
TICKET004521,2024-08-05,PROP022,Landscaping,Low,Closed,2024-08-23,18,143.84141993518188
TICKET004522,2024-08-06,PROP010,Electrical,Low,Closed,2024-08-16,10,1279.255459172342
TICKET004523,2024-08-06,PROP021,Structural,Low,Closed,2024-08-17,11,1420.3831834100558
TICKET004524,2024-08-06,PROP020,Plumbing,Medium,Open,,178,
TICKET004525,2024-08-06,PROP025,General Maintenance,Low,Closed,2024-08-16,10,228.37404967590123
TICKET004526,2024-08-06,PROP008,Plumbing,High,Closed,2024-08-09,3,78.5647090401168
TICKET004527,2024-08-06,PROP024,Appliance,Low,Closed,2024-08-18,12,790.3524029320305
TICKET004528,2024-08-06,PROP023,HVAC,Medium,Closed,2024-08-10,4,1409.4817805280115
TICKET004529,2024-08-06,PROP005,Appliance,Low,In Progress,,178,
TICKET004530,2024-08-06,PROP001,Appliance,High,Closed,2024-08-10,4,544.1792027997187
TICKET004531,2024-08-06,PROP020,Landscaping,Low,Closed,2024-08-17,11,949.1019008510314
TICKET004532,2024-08-06,PROP022,Plumbing,Medium,Closed,2024-08-13,7,585.5568651332331
TICKET004533,2024-08-06,PROP006,Structural,Low,Closed,2024-08-15,9,552.2495315856646
TICKET004534,2024-08-06,PROP007,Electrical,High,Closed,2024-08-07,1,171.7298357612397
TICKET004535,2024-08-06,PROP022,Pest Control,Low,Closed,2024-08-19,13,767.7774759324418
TICKET004536,2024-08-06,PROP010,Appliance,Low,Closed,2024-08-22,16,135.3565809638496
TICKET004537,2024-08-06,PROP008,Appliance,Medium,Closed,2024-08-13,7,495.56357963677027
TICKET004538,2024-08-06,PROP009,Structural,Medium,Pending Parts,,178,
TICKET004539,2024-08-06,PROP023,Plumbing,Medium,Closed,2024-08-12,6,997.8369176829027
TICKET004540,2024-08-06,PROP013,General Maintenance,Low,Closed,2024-08-23,17,1282.659825837679
TICKET004541,2024-08-06,PROP021,Landscaping,Medium,Closed,2024-08-12,6,861.0111129769159
TICKET004542,2024-08-06,PROP005,Plumbing,High,Closed,2024-08-07,1,1409.9125213854193
TICKET004543,2024-08-06,PROP021,Plumbing,Medium,Open,,178,
TICKET004544,2024-08-06,PROP025,Pest Control,Low,Closed,2024-08-17,11,631.1468702275158
TICKET004545,2024-08-06,PROP020,HVAC,High,In Progress,,178,
TICKET004546,2024-08-06,PROP018,Structural,High,Closed,2024-08-07,1,802.4814309007356
TICKET004547,2024-08-06,PROP023,Landscaping,Medium,In Progress,,178,
TICKET004548,2024-08-06,PROP014,General Maintenance,High,Closed,2024-08-07,1,524.7684331663015
TICKET004549,2024-08-06,PROP017,Appliance,Medium,Pending Parts,,178,
TICKET004550,2024-08-06,PROP003,Appliance,Low,Closed,2024-08-24,18,408.53649861691395
TICKET004551,2024-08-06,PROP013,Plumbing,Low,Closed,2024-08-12,6,998.4745297401256
TICKET004552,2024-08-06,PROP022,Structural,Low,Pending Parts,,178,
TICKET004553,2024-08-06,PROP019,General Maintenance,Low,Closed,2024-08-14,8,1416.8964262864308
TICKET004554,2024-08-07,PROP014,General Maintenance,High,Closed,2024-08-11,4,1260.2816206415314
TICKET004555,2024-08-07,PROP011,Structural,Low,Closed,2024-08-21,14,626.1161227380125
TICKET004556,2024-08-07,PROP019,Appliance,High,Closed,2024-08-10,3,108.23699673033389
TICKET004557,2024-08-07,PROP023,Electrical,Low,Closed,2024-08-18,11,1388.2049564918204
TICKET004558,2024-08-07,PROP012,Structural,High,Closed,2024-08-10,3,700.4861443852587
TICKET004559,2024-08-07,PROP016,HVAC,Low,Closed,2024-08-15,8,401.99634612160906
TICKET004560,2024-08-07,PROP013,Structural,Medium,Closed,2024-08-16,9,203.31782471246086
TICKET004561,2024-08-07,PROP008,Electrical,Medium,Closed,2024-08-15,8,393.3490945197458
TICKET004562,2024-08-07,PROP005,HVAC,Medium,Closed,2024-08-10,3,622.3572504938029
TICKET004563,2024-08-07,PROP017,Pest Control,Low,Closed,2024-08-14,7,352.4305032521522
TICKET004564,2024-08-07,PROP011,HVAC,Low,Closed,2024-08-25,18,521.144873985837
TICKET004565,2024-08-07,PROP016,Landscaping,Medium,Closed,2024-08-10,3,1250.0438123164602
TICKET004566,2024-08-07,PROP002,General Maintenance,Medium,Closed,2024-08-10,3,1352.6798957027206
TICKET004567,2024-08-07,PROP008,HVAC,Medium,Closed,2024-08-10,3,233.1719822215413
TICKET004568,2024-08-07,PROP006,Electrical,Low,Closed,2024-08-19,12,1101.5880824684402
TICKET004569,2024-08-07,PROP025,HVAC,Low,Closed,2024-08-25,18,628.355816958641
TICKET004570,2024-08-07,PROP013,Electrical,Low,Closed,2024-08-21,14,138.72401996661745
TICKET004571,2024-08-07,PROP023,Plumbing,Medium,Closed,2024-08-14,7,631.4901167312956
TICKET004572,2024-08-07,PROP019,HVAC,Low,In Progress,,177,
TICKET004573,2024-08-07,PROP003,HVAC,High,Closed,2024-08-08,1,1228.7043754435513
TICKET004574,2024-08-08,PROP017,Structural,Low,Closed,2024-08-26,18,359.7673579478272
TICKET004575,2024-08-08,PROP003,Plumbing,Low,Pending Parts,,176,
TICKET004576,2024-08-08,PROP024,Plumbing,Low,Closed,2024-08-20,12,243.4297830245397
TICKET004577,2024-08-08,PROP011,Pest Control,High,Closed,2024-08-11,3,1157.3447141468623
TICKET004578,2024-08-08,PROP025,Pest Control,Low,Closed,2024-08-24,16,862.0831530330076
TICKET004579,2024-08-08,PROP021,Plumbing,Low,Closed,2024-08-19,11,1391.06344539811
TICKET004580,2024-08-08,PROP001,Appliance,Medium,Closed,2024-08-13,5,358.8551937205152
TICKET004581,2024-08-08,PROP011,Landscaping,Medium,Closed,2024-08-17,9,860.1954599911352
TICKET004582,2024-08-08,PROP008,Plumbing,Low,Closed,2024-08-27,19,1316.2230981578155
TICKET004583,2024-08-08,PROP014,Structural,Low,In Progress,,176,
TICKET004584,2024-08-08,PROP023,Appliance,Medium,Pending Parts,,176,
TICKET004585,2024-08-08,PROP015,Plumbing,Medium,Closed,2024-08-12,4,433.78867119969067
TICKET004586,2024-08-08,PROP022,Pest Control,Low,Closed,2024-08-17,9,53.602476235883266
TICKET004587,2024-08-08,PROP020,Electrical,High,In Progress,,176,
TICKET004588,2024-08-08,PROP013,Landscaping,Medium,Pending Parts,,176,
TICKET004589,2024-08-08,PROP002,General Maintenance,High,Closed,2024-08-12,4,1133.339089476616
TICKET004590,2024-08-08,PROP024,Electrical,High,Closed,2024-08-10,2,573.295629821003
TICKET004591,2024-08-08,PROP003,Appliance,Emergency,Closed,2024-08-08,0,255.7167753905182
TICKET004592,2024-08-08,PROP007,Appliance,Low,Closed,2024-08-20,12,1014.4769596631392
TICKET004593,2024-08-08,PROP014,Appliance,Medium,In Progress,,176,
TICKET004594,2024-08-08,PROP014,Pest Control,Low,Closed,2024-08-21,13,787.2269837625136
TICKET004595,2024-08-08,PROP004,HVAC,Low,Closed,2024-08-26,18,198.45710621553627
TICKET004596,2024-08-08,PROP007,Appliance,Medium,Pending Parts,,176,
TICKET004597,2024-08-08,PROP014,Landscaping,High,Closed,2024-08-11,3,1497.4930951761244
TICKET004598,2024-08-08,PROP008,Electrical,Low,Closed,2024-08-21,13,1122.6070852922765
TICKET004599,2024-08-08,PROP009,General Maintenance,High,Closed,2024-08-10,2,229.81349692650693
TICKET004600,2024-08-08,PROP002,Pest Control,Low,Closed,2024-08-21,13,760.4344939232707
TICKET004601,2024-08-08,PROP007,Electrical,Low,Closed,2024-08-25,17,876.0902202829644
TICKET004602,2024-08-08,PROP014,General Maintenance,High,Closed,2024-08-10,2,697.944052204924
TICKET004603,2024-08-08,PROP024,Appliance,Medium,Closed,2024-08-16,8,1073.8334092665593
TICKET004604,2024-08-08,PROP024,Structural,Low,Closed,2024-08-27,19,53.499943881415874
TICKET004605,2024-08-08,PROP025,Electrical,Low,Closed,2024-08-13,5,696.440351359874
TICKET004606,2024-08-08,PROP014,Structural,Medium,In Progress,,176,
TICKET004607,2024-08-09,PROP013,Plumbing,Medium,Closed,2024-08-18,9,1276.3299342988514
TICKET004608,2024-08-09,PROP014,Plumbing,Medium,Pending Parts,,175,
TICKET004609,2024-08-09,PROP016,Plumbing,High,Closed,2024-08-11,2,919.3948382634593
TICKET004610,2024-08-09,PROP001,HVAC,Low,Closed,2024-08-19,10,276.1697050561593
TICKET004611,2024-08-09,PROP018,Landscaping,Low,Closed,2024-08-19,10,469.0692242974823
TICKET004612,2024-08-09,PROP006,Plumbing,Low,Closed,2024-08-21,12,62.90268968888621
TICKET004613,2024-08-09,PROP020,Pest Control,High,Closed,2024-08-10,1,596.3496949346741
TICKET004614,2024-08-09,PROP015,Structural,Medium,In Progress,,175,
TICKET004615,2024-08-09,PROP020,Landscaping,Medium,Closed,2024-08-15,6,1092.699355880198
TICKET004616,2024-08-09,PROP004,Plumbing,Low,Closed,2024-08-15,6,1113.395967543973
TICKET004617,2024-08-09,PROP023,Landscaping,Low,Closed,2024-08-28,19,342.10243668035446
TICKET004618,2024-08-09,PROP014,HVAC,Medium,Closed,2024-08-18,9,1184.4920857874124
TICKET004619,2024-08-09,PROP004,Landscaping,Low,Pending Parts,,175,
TICKET004620,2024-08-09,PROP003,Pest Control,Medium,Closed,2024-08-16,7,1173.9292770614736
TICKET004621,2024-08-09,PROP022,Plumbing,Low,Open,,175,
TICKET004622,2024-08-09,PROP007,Appliance,Low,Pending Parts,,175,
TICKET004623,2024-08-09,PROP013,Appliance,Low,Closed,2024-08-16,7,101.896923770466
TICKET004624,2024-08-09,PROP018,Landscaping,Emergency,Closed,2024-08-09,0,1204.1854929532544
TICKET004625,2024-08-09,PROP019,Appliance,Emergency,Pending Parts,,175,
TICKET004626,2024-08-09,PROP008,HVAC,Emergency,Closed,2024-08-10,1,592.9437600570698
TICKET004627,2024-08-09,PROP007,General Maintenance,Low,In Progress,,175,
TICKET004628,2024-08-09,PROP001,Pest Control,High,Closed,2024-08-11,2,1119.6492189549267
TICKET004629,2024-08-09,PROP012,Structural,Low,In Progress,,175,
TICKET004630,2024-08-09,PROP009,Appliance,Medium,Closed,2024-08-12,3,206.76480346114215
TICKET004631,2024-08-10,PROP014,Pest Control,Medium,Closed,2024-08-17,7,797.6211294993277
TICKET004632,2024-08-10,PROP006,Pest Control,Medium,Closed,2024-08-13,3,845.3196998238977
TICKET004633,2024-08-10,PROP006,Pest Control,Low,Closed,2024-08-23,13,727.163351065416
TICKET004634,2024-08-10,PROP025,Pest Control,Medium,Closed,2024-08-14,4,107.8041914026455
TICKET004635,2024-08-10,PROP014,Electrical,Low,Closed,2024-08-19,9,176.8992064254744
TICKET004636,2024-08-10,PROP014,HVAC,Medium,In Progress,,174,
TICKET004637,2024-08-10,PROP019,Electrical,Low,In Progress,,174,
TICKET004638,2024-08-10,PROP017,HVAC,Medium,Closed,2024-08-13,3,431.5661711536896
TICKET004639,2024-08-10,PROP001,Pest Control,Low,Closed,2024-08-18,8,920.5139397209515
TICKET004640,2024-08-10,PROP003,Landscaping,Low,Closed,2024-08-17,7,643.9876169212774
TICKET004641,2024-08-10,PROP008,Appliance,Low,In Progress,,174,
TICKET004642,2024-08-10,PROP015,Pest Control,Low,In Progress,,174,
TICKET004643,2024-08-10,PROP016,General Maintenance,High,Open,,174,
TICKET004644,2024-08-10,PROP007,General Maintenance,Low,Closed,2024-08-24,14,930.9589295416166
TICKET004645,2024-08-10,PROP020,Electrical,Low,Closed,2024-08-22,12,1408.4955141131252
TICKET004646,2024-08-10,PROP017,Landscaping,Medium,Closed,2024-08-19,9,1242.2008739911703
TICKET004647,2024-08-10,PROP015,Pest Control,Medium,Closed,2024-08-16,6,99.12604081434638
TICKET004648,2024-08-10,PROP015,Landscaping,Medium,Closed,2024-08-16,6,1466.617623501782
TICKET004649,2024-08-11,PROP007,Electrical,Low,Closed,2024-08-20,9,255.18500438924377
TICKET004650,2024-08-11,PROP010,Landscaping,Low,Closed,2024-08-28,17,1213.043049173058
TICKET004651,2024-08-11,PROP004,HVAC,High,Closed,2024-08-13,2,1195.102598058525
TICKET004652,2024-08-11,PROP008,Plumbing,Low,Closed,2024-08-18,7,216.88773534988977
TICKET004653,2024-08-11,PROP007,General Maintenance,Medium,Open,,173,
TICKET004654,2024-08-11,PROP008,Electrical,Low,Closed,2024-08-28,17,323.99556988812157
TICKET004655,2024-08-11,PROP023,HVAC,High,Closed,2024-08-15,4,385.71836551254296
TICKET004656,2024-08-11,PROP009,Plumbing,Medium,Closed,2024-08-14,3,221.41691238509821
TICKET004657,2024-08-11,PROP012,General Maintenance,High,Closed,2024-08-15,4,420.4178922454435
TICKET004658,2024-08-11,PROP019,Pest Control,Low,Closed,2024-08-20,9,993.1174513858957
TICKET004659,2024-08-11,PROP019,Plumbing,High,Open,,173,
TICKET004660,2024-08-11,PROP008,Plumbing,High,Closed,2024-08-13,2,544.6381021959677
TICKET004661,2024-08-11,PROP013,General Maintenance,Low,Closed,2024-08-16,5,1036.7546962972276
TICKET004662,2024-08-11,PROP005,Pest Control,Low,Closed,2024-08-21,10,630.59028693327
TICKET004663,2024-08-11,PROP007,HVAC,Low,Closed,2024-08-18,7,257.32306395550955
TICKET004664,2024-08-11,PROP020,Landscaping,Medium,Closed,2024-08-16,5,370.24673108738233
TICKET004665,2024-08-11,PROP018,Pest Control,High,Closed,2024-08-15,4,423.50818162087603
TICKET004666,2024-08-11,PROP021,Landscaping,Medium,Closed,2024-08-15,4,867.4022764964805
TICKET004667,2024-08-11,PROP012,Appliance,Medium,Closed,2024-08-15,4,640.9466736248227
TICKET004668,2024-08-11,PROP005,Structural,High,Closed,2024-08-15,4,363.9754429510961
TICKET004669,2024-08-11,PROP002,Pest Control,Low,Open,,173,
TICKET004670,2024-08-11,PROP007,General Maintenance,High,Closed,2024-08-15,4,1310.9555092597511
TICKET004671,2024-08-11,PROP019,Electrical,Low,Closed,2024-08-20,9,696.6485017200547
TICKET004672,2024-08-11,PROP025,Electrical,Low,Closed,2024-08-18,7,1105.4782942490253
TICKET004673,2024-08-11,PROP016,Landscaping,Low,Closed,2024-08-27,16,792.2383250371421
TICKET004674,2024-08-11,PROP006,HVAC,Low,Closed,2024-08-16,5,782.353133751041
TICKET004675,2024-08-11,PROP017,Structural,Low,Closed,2024-08-21,10,1064.5211710462486
TICKET004676,2024-08-11,PROP002,HVAC,Low,Closed,2024-08-17,6,1043.4076833923696
TICKET004677,2024-08-11,PROP023,Landscaping,Low,Closed,2024-08-18,7,1054.0976446333225
TICKET004678,2024-08-11,PROP009,General Maintenance,Medium,Closed,2024-08-16,5,1126.3921182744098
TICKET004679,2024-08-11,PROP004,Appliance,Low,Closed,2024-08-28,17,1390.7269951652215
TICKET004680,2024-08-11,PROP012,Plumbing,Medium,Open,,173,
TICKET004681,2024-08-11,PROP016,Electrical,High,Closed,2024-08-15,4,235.23230922271378
TICKET004682,2024-08-11,PROP013,Plumbing,Low,Closed,2024-08-21,10,1205.0965128546782
TICKET004683,2024-08-12,PROP009,Appliance,Medium,Closed,2024-08-17,5,1274.5916294463257
TICKET004684,2024-08-12,PROP005,Appliance,Low,Closed,2024-08-21,9,674.2053628067741
TICKET004685,2024-08-12,PROP010,Plumbing,Medium,Closed,2024-08-20,8,1352.859939842853
TICKET004686,2024-08-12,PROP011,HVAC,Low,Closed,2024-08-20,8,1384.2255973405531
TICKET004687,2024-08-12,PROP001,Electrical,Low,Closed,2024-08-27,15,544.353337232863
TICKET004688,2024-08-12,PROP025,Appliance,Medium,Closed,2024-08-17,5,1243.4955436955383
TICKET004689,2024-08-12,PROP008,Pest Control,Low,Closed,2024-08-31,19,767.8982818068035
TICKET004690,2024-08-12,PROP002,General Maintenance,Low,Closed,2024-08-24,12,571.3693457068009
TICKET004691,2024-08-12,PROP009,Landscaping,Low,Pending Parts,,172,
TICKET004692,2024-08-12,PROP021,Electrical,Medium,Closed,2024-08-19,7,1172.6234336154998
TICKET004693,2024-08-12,PROP007,Structural,Medium,Closed,2024-08-17,5,1309.8066653505455
TICKET004694,2024-08-12,PROP003,Pest Control,Medium,Closed,2024-08-17,5,1126.2997796364562
TICKET004695,2024-08-12,PROP005,Plumbing,Low,Closed,2024-08-29,17,659.5706663439073
TICKET004696,2024-08-12,PROP007,General Maintenance,Low,Open,,172,
TICKET004697,2024-08-12,PROP003,Pest Control,Low,Closed,2024-08-22,10,562.3600596144896
TICKET004698,2024-08-12,PROP004,Plumbing,High,Closed,2024-08-13,1,1496.8149616015592
TICKET004699,2024-08-12,PROP003,Electrical,High,In Progress,,172,
TICKET004700,2024-08-12,PROP020,Plumbing,Medium,In Progress,,172,
TICKET004701,2024-08-12,PROP009,HVAC,Low,Closed,2024-08-21,9,473.5644481345826
TICKET004702,2024-08-12,PROP010,HVAC,Low,Closed,2024-08-17,5,445.3071772243409
TICKET004703,2024-08-12,PROP011,Structural,Low,Closed,2024-08-20,8,667.0944831071243
TICKET004704,2024-08-12,PROP020,Structural,Low,In Progress,,172,
TICKET004705,2024-08-13,PROP005,General Maintenance,Emergency,Closed,2024-08-14,1,1042.0470042943862
TICKET004706,2024-08-13,PROP007,Electrical,High,Closed,2024-08-14,1,1437.4462533265896
TICKET004707,2024-08-13,PROP024,Electrical,High,Closed,2024-08-16,3,62.13819139979053
TICKET004708,2024-08-13,PROP013,Pest Control,Low,Closed,2024-08-24,11,1253.8439883169422
TICKET004709,2024-08-13,PROP012,Structural,Low,Closed,2024-08-23,10,172.7009461067376
TICKET004710,2024-08-13,PROP012,Electrical,Medium,Closed,2024-08-17,4,649.988596536221
TICKET004711,2024-08-13,PROP014,Plumbing,High,Closed,2024-08-15,2,338.739834286334
TICKET004712,2024-08-13,PROP010,Structural,Medium,Closed,2024-08-20,7,1452.9816397475306
TICKET004713,2024-08-13,PROP006,General Maintenance,Medium,In Progress,,171,
TICKET004714,2024-08-13,PROP021,General Maintenance,High,Closed,2024-08-15,2,305.26915836939685
TICKET004715,2024-08-13,PROP001,Appliance,Low,Closed,2024-08-20,7,934.6979960948815
TICKET004716,2024-08-13,PROP020,Structural,Medium,Closed,2024-08-17,4,266.7511078012648
TICKET004717,2024-08-13,PROP002,Plumbing,Medium,Pending Parts,,171,
TICKET004718,2024-08-13,PROP009,HVAC,Low,Closed,2024-09-01,19,1060.9998834646026
TICKET004719,2024-08-13,PROP023,Landscaping,High,Closed,2024-08-16,3,712.1866612663472
TICKET004720,2024-08-13,PROP019,Landscaping,Low,Closed,2024-08-20,7,803.0842925274252
TICKET004721,2024-08-13,PROP009,Landscaping,Medium,Closed,2024-08-18,5,1235.9836583129847
TICKET004722,2024-08-13,PROP004,Electrical,Low,Closed,2024-08-21,8,300.5032889741615
TICKET004723,2024-08-13,PROP018,Electrical,Medium,Closed,2024-08-20,7,681.8555397789833
TICKET004724,2024-08-13,PROP005,Landscaping,High,Closed,2024-08-15,2,396.9744073988107
TICKET004725,2024-08-13,PROP003,Electrical,Low,Closed,2024-08-22,9,745.9469839743107
TICKET004726,2024-08-13,PROP008,Landscaping,Low,Closed,2024-08-22,9,533.5922244902753
TICKET004727,2024-08-13,PROP013,Plumbing,Medium,Closed,2024-08-20,7,1154.7153283546515
TICKET004728,2024-08-13,PROP014,Structural,Low,Closed,2024-08-19,6,1138.9677920171464
TICKET004729,2024-08-13,PROP014,General Maintenance,Low,Closed,2024-08-24,11,654.6566207937395
TICKET004730,2024-08-13,PROP014,Plumbing,Low,Closed,2024-08-21,8,474.66033401993025
TICKET004731,2024-08-13,PROP021,Plumbing,Low,Closed,2024-08-20,7,1079.5500338551356
TICKET004732,2024-08-13,PROP021,HVAC,Medium,Closed,2024-08-20,7,399.80181877492765
TICKET004733,2024-08-13,PROP002,Landscaping,High,Closed,2024-08-16,3,1390.9154434118302
TICKET004734,2024-08-13,PROP015,Pest Control,Low,Closed,2024-08-27,14,306.8684654119866
TICKET004735,2024-08-13,PROP009,HVAC,Low,Closed,2024-08-20,7,1457.7514122590126
TICKET004736,2024-08-13,PROP013,Landscaping,Low,Closed,2024-08-26,13,861.3919294617917
TICKET004737,2024-08-13,PROP003,Plumbing,High,Closed,2024-08-16,3,340.50061171393264
TICKET004738,2024-08-13,PROP020,Plumbing,High,Closed,2024-08-17,4,548.0588541602954
TICKET004739,2024-08-14,PROP007,Electrical,Low,Closed,2024-08-27,13,60.363205490387394
TICKET004740,2024-08-14,PROP003,HVAC,Low,Closed,2024-08-19,5,789.1365605341689
TICKET004741,2024-08-14,PROP003,Pest Control,Low,Closed,2024-08-27,13,824.5716975339808
TICKET004742,2024-08-14,PROP009,Landscaping,Emergency,Open,,170,
TICKET004743,2024-08-14,PROP014,Structural,Low,Closed,2024-08-22,8,530.1185861793361
TICKET004744,2024-08-14,PROP021,Structural,Low,Closed,2024-08-30,16,286.5804908272419
TICKET004745,2024-08-14,PROP004,General Maintenance,Low,Closed,2024-08-31,17,375.9097279380557
TICKET004746,2024-08-14,PROP018,Pest Control,Low,Closed,2024-08-27,13,1410.0011112715465
TICKET004747,2024-08-14,PROP004,Appliance,Medium,Closed,2024-08-18,4,1484.0511417484302
TICKET004748,2024-08-14,PROP002,Landscaping,Medium,Closed,2024-08-18,4,545.8186359296642
TICKET004749,2024-08-14,PROP014,Structural,Medium,Closed,2024-08-17,3,1116.5308194174243
TICKET004750,2024-08-14,PROP024,Plumbing,High,Closed,2024-08-15,1,728.4310912438849
TICKET004751,2024-08-14,PROP021,HVAC,High,Closed,2024-08-18,4,331.67014826065514
TICKET004752,2024-08-14,PROP017,Plumbing,Low,Closed,2024-08-30,16,1073.0289062300017
TICKET004753,2024-08-14,PROP013,Electrical,Medium,Closed,2024-08-18,4,287.80564300279605
TICKET004754,2024-08-14,PROP017,Structural,Low,Closed,2024-08-19,5,1366.9429159759563
TICKET004755,2024-08-14,PROP021,Plumbing,High,Pending Parts,,170,
TICKET004756,2024-08-14,PROP008,Structural,Medium,Closed,2024-08-23,9,307.08029636131096
TICKET004757,2024-08-14,PROP010,Pest Control,Medium,Closed,2024-08-17,3,1152.0834264537073
TICKET004758,2024-08-14,PROP020,Landscaping,Low,Closed,2024-09-02,19,1300.1962702149956
TICKET004759,2024-08-14,PROP019,HVAC,Low,Closed,2024-08-25,11,1215.2435727075235
TICKET004760,2024-08-14,PROP002,Pest Control,Medium,Closed,2024-08-20,6,590.6316426222968
TICKET004761,2024-08-15,PROP008,Landscaping,High,Closed,2024-08-19,4,251.3937818312416
TICKET004762,2024-08-15,PROP016,General Maintenance,Emergency,Closed,2024-08-15,0,849.9295237589087
TICKET004763,2024-08-15,PROP013,Electrical,Medium,Open,,169,
TICKET004764,2024-08-15,PROP010,Pest Control,Medium,Closed,2024-08-21,6,990.9136340278917
TICKET004765,2024-08-15,PROP002,Pest Control,Medium,Closed,2024-08-23,8,916.0563295367941
TICKET004766,2024-08-15,PROP020,Landscaping,Low,Closed,2024-08-20,5,1363.145947650602
TICKET004767,2024-08-15,PROP013,Structural,Medium,Closed,2024-08-19,4,352.58661302320894
TICKET004768,2024-08-15,PROP017,Plumbing,Medium,Closed,2024-08-21,6,955.8280895303478
TICKET004769,2024-08-15,PROP005,Plumbing,High,Closed,2024-08-19,4,1064.8927840465203
TICKET004770,2024-08-15,PROP006,Electrical,Emergency,Closed,2024-08-16,1,165.2563926857182
TICKET004771,2024-08-15,PROP005,Plumbing,Low,Pending Parts,,169,
TICKET004772,2024-08-15,PROP008,Structural,Low,Pending Parts,,169,
TICKET004773,2024-08-15,PROP010,Structural,Low,Closed,2024-08-26,11,722.2485906186406
TICKET004774,2024-08-15,PROP011,Landscaping,Low,Open,,169,
TICKET004775,2024-08-15,PROP024,General Maintenance,Medium,Closed,2024-08-24,9,1039.7490537093863
TICKET004776,2024-08-15,PROP010,Pest Control,Low,Closed,2024-09-03,19,726.6253941452607
TICKET004777,2024-08-15,PROP021,Appliance,Emergency,Closed,2024-08-16,1,1287.2233160465125
TICKET004778,2024-08-15,PROP016,Appliance,Low,Open,,169,
TICKET004779,2024-08-15,PROP012,Plumbing,Medium,Closed,2024-08-23,8,704.1734705406703
TICKET004780,2024-08-15,PROP003,Structural,Low,Open,,169,
TICKET004781,2024-08-15,PROP025,Structural,Low,Closed,2024-08-22,7,338.13031986662827
TICKET004782,2024-08-15,PROP002,Appliance,Medium,Closed,2024-08-19,4,1489.8579116593428
TICKET004783,2024-08-15,PROP014,Structural,High,Closed,2024-08-17,2,760.6282106484053
TICKET004784,2024-08-15,PROP012,Landscaping,Emergency,Closed,2024-08-16,1,529.1621072874594
TICKET004785,2024-08-15,PROP023,Landscaping,Low,Closed,2024-08-20,5,431.70335846713544
TICKET004786,2024-08-15,PROP012,Plumbing,Low,Closed,2024-08-25,10,1280.0703100738413
TICKET004787,2024-08-16,PROP010,General Maintenance,Medium,Closed,2024-08-21,5,1186.1953571930924
TICKET004788,2024-08-16,PROP005,Structural,Low,Closed,2024-08-27,11,1121.0344683338649
TICKET004789,2024-08-16,PROP016,HVAC,Medium,Closed,2024-08-24,8,595.0320037847299
TICKET004790,2024-08-16,PROP003,Electrical,Medium,Closed,2024-08-24,8,715.7861891901588
TICKET004791,2024-08-16,PROP001,Landscaping,Low,Closed,2024-08-28,12,246.76348897928898
TICKET004792,2024-08-16,PROP011,Landscaping,Low,Closed,2024-08-21,5,1059.5547103717222
TICKET004793,2024-08-16,PROP017,Structural,Low,Closed,2024-08-27,11,1213.21727248593
TICKET004794,2024-08-16,PROP014,HVAC,Low,Closed,2024-08-21,5,728.3314745678591
TICKET004795,2024-08-16,PROP024,Landscaping,Medium,Closed,2024-08-20,4,762.7210999824698
TICKET004796,2024-08-16,PROP002,Electrical,Medium,Pending Parts,,168,
TICKET004797,2024-08-16,PROP005,Plumbing,Low,Closed,2024-08-27,11,783.9998420514364
TICKET004798,2024-08-16,PROP016,Appliance,Low,Closed,2024-09-04,19,1454.553073649202
TICKET004799,2024-08-16,PROP021,Pest Control,Low,Closed,2024-09-04,19,862.1007055254954
TICKET004800,2024-08-16,PROP008,HVAC,Low,Open,,168,
TICKET004801,2024-08-16,PROP009,Landscaping,High,Closed,2024-08-19,3,630.8038284704389
TICKET004802,2024-08-16,PROP019,General Maintenance,High,Closed,2024-08-20,4,968.948950982291
TICKET004803,2024-08-16,PROP012,General Maintenance,Low,Pending Parts,,168,
TICKET004804,2024-08-16,PROP006,Electrical,High,Closed,2024-08-17,1,796.6126770289882
TICKET004805,2024-08-16,PROP023,HVAC,Low,Closed,2024-08-30,14,688.4177410705045
TICKET004806,2024-08-16,PROP018,Electrical,Medium,Closed,2024-08-20,4,231.9816642994803
TICKET004807,2024-08-16,PROP007,Structural,High,Pending Parts,,168,
TICKET004808,2024-08-16,PROP015,Plumbing,Low,Closed,2024-09-02,17,924.02450384489
TICKET004809,2024-08-16,PROP015,Pest Control,Low,Closed,2024-08-29,13,227.037830524471
TICKET004810,2024-08-16,PROP021,Plumbing,Low,Pending Parts,,168,
TICKET004811,2024-08-16,PROP021,Plumbing,Medium,Open,,168,
TICKET004812,2024-08-16,PROP019,Appliance,Medium,Closed,2024-08-19,3,1030.4341311889016
TICKET004813,2024-08-16,PROP001,Appliance,Low,Closed,2024-08-22,6,1184.2573239508122
TICKET004814,2024-08-16,PROP012,Structural,Medium,Closed,2024-08-24,8,557.5255334819601
TICKET004815,2024-08-16,PROP022,Electrical,Low,Closed,2024-08-29,13,852.6800253554079
TICKET004816,2024-08-16,PROP006,HVAC,Medium,Closed,2024-08-23,7,826.2767586434023
TICKET004817,2024-08-17,PROP010,Plumbing,Low,Open,,167,
TICKET004818,2024-08-17,PROP011,Appliance,Medium,Pending Parts,,167,
TICKET004819,2024-08-17,PROP002,Landscaping,High,Closed,2024-08-18,1,394.24006144610166
TICKET004820,2024-08-17,PROP020,Pest Control,Low,Closed,2024-09-01,15,1080.078499529737
TICKET004821,2024-08-17,PROP014,Appliance,Low,Closed,2024-08-28,11,995.3977951636891
TICKET004822,2024-08-17,PROP019,Pest Control,High,Closed,2024-08-19,2,796.0870588899252
TICKET004823,2024-08-17,PROP017,Structural,High,Closed,2024-08-18,1,773.0682231724875
TICKET004824,2024-08-17,PROP013,Plumbing,Emergency,Closed,2024-08-18,1,1251.172050186734
TICKET004825,2024-08-17,PROP009,Plumbing,Low,Closed,2024-08-28,11,90.90984515350522
TICKET004826,2024-08-17,PROP011,General Maintenance,Medium,Closed,2024-08-20,3,1219.305676899206
TICKET004827,2024-08-17,PROP016,HVAC,Low,Closed,2024-08-31,14,150.4974020751875
TICKET004828,2024-08-17,PROP009,Pest Control,Low,Closed,2024-08-26,9,387.9081919020775
TICKET004829,2024-08-17,PROP009,Structural,Low,In Progress,,167,
TICKET004830,2024-08-17,PROP024,Electrical,Low,Closed,2024-08-22,5,1277.4982998757637
TICKET004831,2024-08-17,PROP013,Landscaping,Low,Closed,2024-08-26,9,1377.7415586579225
TICKET004832,2024-08-17,PROP022,HVAC,High,Closed,2024-08-19,2,1090.1214526587673
TICKET004833,2024-08-18,PROP019,General Maintenance,Medium,Closed,2024-08-24,6,312.92805452565665
TICKET004834,2024-08-18,PROP012,HVAC,Low,Open,,166,
TICKET004835,2024-08-18,PROP007,Electrical,Medium,Closed,2024-08-21,3,1216.3739122242187
TICKET004836,2024-08-18,PROP013,General Maintenance,Low,Closed,2024-08-24,6,1103.3439898643949
TICKET004837,2024-08-18,PROP014,Plumbing,Medium,Closed,2024-08-25,7,1113.61445725709
TICKET004838,2024-08-18,PROP009,Plumbing,Medium,Closed,2024-08-22,4,404.251136672662
TICKET004839,2024-08-18,PROP020,General Maintenance,Low,Closed,2024-09-05,18,979.3717914299343
TICKET004840,2024-08-18,PROP006,Appliance,Medium,Closed,2024-08-24,6,423.4681871330982
TICKET004841,2024-08-18,PROP008,HVAC,Medium,Closed,2024-08-25,7,415.07118938037587
TICKET004842,2024-08-18,PROP016,Plumbing,Low,Closed,2024-09-04,17,719.2900923556047
TICKET004843,2024-08-18,PROP013,General Maintenance,Low,Closed,2024-09-04,17,1114.7376579998875
TICKET004844,2024-08-18,PROP012,Electrical,High,In Progress,,166,
TICKET004845,2024-08-18,PROP008,Electrical,Low,Closed,2024-09-06,19,226.94141287430193
TICKET004846,2024-08-18,PROP015,Pest Control,Low,Closed,2024-08-27,9,580.716561122842
TICKET004847,2024-08-18,PROP010,Plumbing,Low,Closed,2024-08-25,7,624.5148453442158
TICKET004848,2024-08-18,PROP025,Plumbing,High,Closed,2024-08-19,1,217.0480982017919
TICKET004849,2024-08-19,PROP019,HVAC,Low,Closed,2024-09-07,19,1146.0355322662258
TICKET004850,2024-08-19,PROP003,General Maintenance,Medium,Closed,2024-08-24,5,468.0835123207082
TICKET004851,2024-08-19,PROP008,General Maintenance,Low,Pending Parts,,165,
TICKET004852,2024-08-19,PROP012,Plumbing,High,Closed,2024-08-20,1,557.9904783385331
TICKET004853,2024-08-19,PROP013,Landscaping,Medium,Pending Parts,,165,
TICKET004854,2024-08-19,PROP018,Landscaping,Low,Closed,2024-08-30,11,616.6446648100407
TICKET004855,2024-08-19,PROP025,General Maintenance,Low,Closed,2024-09-06,18,674.6013347718898
TICKET004856,2024-08-19,PROP022,General Maintenance,Low,In Progress,,165,
TICKET004857,2024-08-19,PROP006,Landscaping,Medium,Closed,2024-08-28,9,136.3672422436307
TICKET004858,2024-08-19,PROP018,General Maintenance,Medium,Closed,2024-08-25,6,487.74778252765253
TICKET004859,2024-08-19,PROP018,Landscaping,High,Closed,2024-08-23,4,391.1948741727961
TICKET004860,2024-08-19,PROP007,Pest Control,Medium,Closed,2024-08-23,4,1072.7626974914247
TICKET004861,2024-08-19,PROP009,Pest Control,Medium,Closed,2024-08-27,8,712.6189191353128
TICKET004862,2024-08-19,PROP024,Plumbing,High,Closed,2024-08-20,1,223.2416655140321
TICKET004863,2024-08-19,PROP022,Appliance,Low,Closed,2024-08-30,11,367.3032178680787
TICKET004864,2024-08-19,PROP001,HVAC,Low,Closed,2024-09-04,16,443.9516642496847
TICKET004865,2024-08-19,PROP014,General Maintenance,Emergency,Pending Parts,,165,
TICKET004866,2024-08-19,PROP007,Plumbing,Medium,Pending Parts,,165,
TICKET004867,2024-08-19,PROP015,Pest Control,High,Pending Parts,,165,
TICKET004868,2024-08-19,PROP023,Plumbing,Medium,Pending Parts,,165,
TICKET004869,2024-08-19,PROP011,HVAC,Medium,Closed,2024-08-25,6,1481.1057098359395
TICKET004870,2024-08-19,PROP011,Plumbing,Medium,Pending Parts,,165,
TICKET004871,2024-08-19,PROP002,General Maintenance,Low,Closed,2024-08-28,9,342.1886204790434
TICKET004872,2024-08-19,PROP022,Electrical,Medium,Closed,2024-08-27,8,866.5542599802787
TICKET004873,2024-08-19,PROP019,Structural,Medium,Closed,2024-08-24,5,578.9777693951335
TICKET004874,2024-08-19,PROP001,HVAC,Low,Closed,2024-08-26,7,1359.6923141059667
TICKET004875,2024-08-19,PROP004,Plumbing,High,Closed,2024-08-21,2,129.9547134288146
TICKET004876,2024-08-19,PROP023,Landscaping,Emergency,Closed,2024-08-20,1,76.54577468920843
TICKET004877,2024-08-19,PROP009,Appliance,High,Closed,2024-08-22,3,823.6663018954772
TICKET004878,2024-08-19,PROP006,Plumbing,Low,Closed,2024-09-05,17,1380.5907980419731
TICKET004879,2024-08-19,PROP008,Appliance,Emergency,Closed,2024-08-20,1,1046.5823931115594
TICKET004880,2024-08-19,PROP014,Electrical,Medium,Open,,165,
TICKET004881,2024-08-19,PROP021,Appliance,Low,Closed,2024-08-29,10,1035.5977872010794
TICKET004882,2024-08-19,PROP014,Electrical,Medium,Closed,2024-08-25,6,1446.2676273888844
TICKET004883,2024-08-20,PROP015,Pest Control,Medium,Closed,2024-08-24,4,182.21127920018998
TICKET004884,2024-08-20,PROP007,Pest Control,Low,Closed,2024-09-01,12,195.11729761003159
TICKET004885,2024-08-20,PROP023,Pest Control,Low,Closed,2024-08-30,10,596.2799485385707
TICKET004886,2024-08-20,PROP012,HVAC,High,Closed,2024-08-22,2,1228.6374878459574
TICKET004887,2024-08-20,PROP002,Structural,Medium,Closed,2024-08-28,8,105.84760884469115
TICKET004888,2024-08-20,PROP002,Plumbing,Low,Closed,2024-08-26,6,600.8679538995544
TICKET004889,2024-08-20,PROP004,Appliance,Low,Closed,2024-08-27,7,774.9916549424819
TICKET004890,2024-08-20,PROP015,Landscaping,Low,Closed,2024-09-04,15,855.8009579689267
TICKET004891,2024-08-20,PROP006,General Maintenance,Medium,Closed,2024-08-26,6,116.71985452143572
TICKET004892,2024-08-20,PROP017,Appliance,Medium,Closed,2024-08-27,7,570.4527096944221
TICKET004893,2024-08-20,PROP012,General Maintenance,Low,Closed,2024-08-25,5,752.5964581482712
TICKET004894,2024-08-20,PROP021,Structural,Low,Pending Parts,,164,
TICKET004895,2024-08-20,PROP011,HVAC,Low,Closed,2024-09-06,17,1204.1509444705027
TICKET004896,2024-08-20,PROP017,Electrical,Low,Closed,2024-08-25,5,850.3249962263934
TICKET004897,2024-08-20,PROP005,Structural,Medium,Closed,2024-08-28,8,1333.6634211174323
TICKET004898,2024-08-20,PROP004,General Maintenance,Low,Open,,164,
TICKET004899,2024-08-20,PROP015,Structural,Medium,Closed,2024-08-27,7,124.38512701159438
TICKET004900,2024-08-20,PROP001,Pest Control,Medium,Closed,2024-08-24,4,295.15402142497896
TICKET004901,2024-08-20,PROP003,Landscaping,Medium,Closed,2024-08-28,8,1348.696626491288
TICKET004902,2024-08-20,PROP024,Appliance,Medium,Open,,164,
TICKET004903,2024-08-20,PROP024,HVAC,Low,Closed,2024-09-01,12,83.38385864304077
TICKET004904,2024-08-21,PROP025,Structural,Low,Closed,2024-08-30,9,508.020607293358
TICKET004905,2024-08-21,PROP010,Electrical,Medium,Closed,2024-08-24,3,1187.4648075972843
TICKET004906,2024-08-21,PROP001,Plumbing,Low,Closed,2024-08-30,9,1048.053607191147
TICKET004907,2024-08-21,PROP004,HVAC,Low,Closed,2024-08-30,9,822.633681964489
TICKET004908,2024-08-21,PROP007,HVAC,Low,Closed,2024-09-09,19,1487.8065609344117
TICKET004909,2024-08-21,PROP023,Pest Control,Low,Closed,2024-09-03,13,458.0176425725333
TICKET004910,2024-08-21,PROP018,Plumbing,Low,In Progress,,163,
TICKET004911,2024-08-21,PROP018,Plumbing,Low,Closed,2024-08-30,9,906.0481936319476
TICKET004912,2024-08-21,PROP015,Plumbing,Medium,Closed,2024-08-26,5,1269.3831472211436
TICKET004913,2024-08-21,PROP011,Electrical,Low,Closed,2024-09-02,12,936.2890530129051
TICKET004914,2024-08-21,PROP025,Electrical,Medium,Closed,2024-08-28,7,1336.0274836182057
TICKET004915,2024-08-21,PROP008,Electrical,High,Closed,2024-08-24,3,1434.1472840397478
TICKET004916,2024-08-21,PROP016,Structural,Medium,In Progress,,163,
TICKET004917,2024-08-21,PROP017,Structural,Medium,Closed,2024-08-25,4,476.50190517565335
TICKET004918,2024-08-21,PROP011,Electrical,High,Closed,2024-08-23,2,445.4636004829546
TICKET004919,2024-08-21,PROP011,Electrical,Medium,Closed,2024-08-24,3,726.0299478872888
TICKET004920,2024-08-21,PROP023,Structural,Low,Closed,2024-09-05,15,281.43257365189265
TICKET004921,2024-08-21,PROP014,Electrical,Low,Closed,2024-09-07,17,627.3182847872127
TICKET004922,2024-08-21,PROP009,Plumbing,Low,In Progress,,163,
TICKET004923,2024-08-21,PROP024,Plumbing,Medium,Closed,2024-08-29,8,1340.0279255217217
TICKET004924,2024-08-21,PROP019,Plumbing,Medium,Closed,2024-08-29,8,763.8945394400341
TICKET004925,2024-08-22,PROP003,Pest Control,Low,Pending Parts,,162,
TICKET004926,2024-08-22,PROP005,Landscaping,Low,Closed,2024-09-01,10,299.225871148073
TICKET004927,2024-08-22,PROP017,HVAC,Medium,Pending Parts,,162,
TICKET004928,2024-08-22,PROP013,Plumbing,Low,Closed,2024-08-27,5,1231.65442102485
TICKET004929,2024-08-22,PROP024,Electrical,Low,Closed,2024-09-06,15,382.99691815881687
TICKET004930,2024-08-22,PROP022,Electrical,Low,Open,,162,
TICKET004931,2024-08-22,PROP021,Landscaping,Low,Open,,162,
TICKET004932,2024-08-22,PROP008,HVAC,High,Closed,2024-08-23,1,353.0755125139686
TICKET004933,2024-08-22,PROP015,Pest Control,High,Closed,2024-08-25,3,334.7119775109791
TICKET004934,2024-08-22,PROP012,Electrical,Low,Closed,2024-09-06,15,830.472245689958
TICKET004935,2024-08-22,PROP017,Electrical,Low,Closed,2024-09-10,19,1028.6085187632593
TICKET004936,2024-08-22,PROP021,Electrical,High,Open,,162,
TICKET004937,2024-08-22,PROP021,Landscaping,High,Closed,2024-08-25,3,436.0262867235117
TICKET004938,2024-08-22,PROP013,Structural,Low,Closed,2024-09-09,18,764.5476372172709
TICKET004939,2024-08-22,PROP021,Structural,Medium,In Progress,,162,
TICKET004940,2024-08-22,PROP005,Pest Control,Low,Closed,2024-09-02,11,733.1033987407536
TICKET004941,2024-08-22,PROP004,Landscaping,High,Closed,2024-08-24,2,325.46587028252844
TICKET004942,2024-08-22,PROP025,HVAC,Low,Pending Parts,,162,
TICKET004943,2024-08-22,PROP025,Landscaping,Low,Closed,2024-08-31,9,391.3034348191648
TICKET004944,2024-08-22,PROP019,Structural,Low,Closed,2024-08-31,9,410.1605091129459
TICKET004945,2024-08-22,PROP022,General Maintenance,High,Closed,2024-08-23,1,364.182007654739
TICKET004946,2024-08-22,PROP004,HVAC,Low,Closed,2024-09-10,19,77.05816649701784
TICKET004947,2024-08-23,PROP019,Structural,Low,Closed,2024-09-03,11,329.78417093987315
TICKET004948,2024-08-23,PROP019,Plumbing,Low,Closed,2024-08-29,6,1342.387720281525
TICKET004949,2024-08-23,PROP011,Landscaping,High,Closed,2024-08-25,2,1230.2737204020955
TICKET004950,2024-08-23,PROP018,HVAC,Low,Closed,2024-09-11,19,540.703659582236
TICKET004951,2024-08-23,PROP017,Electrical,Medium,Closed,2024-08-29,6,1062.5001576589498
TICKET004952,2024-08-23,PROP021,Plumbing,Low,Closed,2024-09-05,13,1432.718143079722
TICKET004953,2024-08-23,PROP021,Plumbing,Medium,Closed,2024-08-26,3,1238.5616284216676
TICKET004954,2024-08-23,PROP015,Appliance,Low,Closed,2024-09-04,12,797.698526270542
TICKET004955,2024-08-23,PROP016,Plumbing,High,Open,,161,
TICKET004956,2024-08-23,PROP018,HVAC,High,Open,,161,
TICKET004957,2024-08-23,PROP012,Plumbing,Low,Closed,2024-08-29,6,461.74006220115217
TICKET004958,2024-08-23,PROP025,HVAC,Emergency,Closed,2024-08-24,1,142.58627908386686
TICKET004959,2024-08-23,PROP012,Pest Control,Medium,Closed,2024-08-26,3,402.54347319779976
TICKET004960,2024-08-23,PROP013,General Maintenance,Emergency,Closed,2024-08-24,1,303.96894191575166
TICKET004961,2024-08-23,PROP013,HVAC,Medium,In Progress,,161,
TICKET004962,2024-08-23,PROP018,Pest Control,Medium,Closed,2024-08-30,7,950.5305540468098
TICKET004963,2024-08-23,PROP025,Structural,High,Pending Parts,,161,
TICKET004964,2024-08-23,PROP014,Plumbing,Medium,Closed,2024-08-30,7,330.0077104420864
TICKET004965,2024-08-24,PROP011,Pest Control,Medium,Pending Parts,,160,
TICKET004966,2024-08-24,PROP006,Appliance,Low,Closed,2024-09-01,8,1402.9971565728376
TICKET004967,2024-08-24,PROP003,Appliance,Low,Closed,2024-09-08,15,462.73860596913545
TICKET004968,2024-08-24,PROP006,Electrical,Medium,Closed,2024-09-01,8,621.8108748112224
TICKET004969,2024-08-24,PROP018,Appliance,Medium,Closed,2024-09-01,8,557.7509141626784
TICKET004970,2024-08-24,PROP002,Pest Control,Medium,Pending Parts,,160,
TICKET004971,2024-08-24,PROP019,General Maintenance,Emergency,Closed,2024-08-25,1,1425.8550648887124
TICKET004972,2024-08-24,PROP016,Electrical,Low,Pending Parts,,160,
TICKET004973,2024-08-24,PROP011,HVAC,High,Closed,2024-08-25,1,265.9452944194603
TICKET004974,2024-08-24,PROP016,General Maintenance,Low,Closed,2024-08-31,7,461.2058972108991
TICKET004975,2024-08-24,PROP015,General Maintenance,Medium,Closed,2024-08-29,5,613.2129280190653
TICKET004976,2024-08-24,PROP017,Pest Control,Medium,Closed,2024-08-28,4,1193.963004450089
TICKET004977,2024-08-24,PROP023,Structural,Low,Closed,2024-09-09,16,164.70854194185506
TICKET004978,2024-08-24,PROP018,Structural,Low,Closed,2024-09-12,19,1456.9429456160638
TICKET004979,2024-08-24,PROP004,Plumbing,High,Closed,2024-08-26,2,480.36156326761335
TICKET004980,2024-08-24,PROP022,HVAC,High,Closed,2024-08-28,4,413.23934565548
TICKET004981,2024-08-24,PROP018,Structural,Medium,Closed,2024-08-31,7,989.7834488207421
TICKET004982,2024-08-24,PROP009,Structural,Medium,Closed,2024-08-30,6,729.7764899810759
TICKET004983,2024-08-24,PROP020,Landscaping,High,Closed,2024-08-28,4,132.4526532411071
TICKET004984,2024-08-25,PROP011,General Maintenance,Medium,Closed,2024-08-31,6,1288.6873420635998
TICKET004985,2024-08-25,PROP014,Landscaping,Low,Closed,2024-08-31,6,129.18982704523506
TICKET004986,2024-08-25,PROP010,Electrical,Low,Closed,2024-08-31,6,201.56904255714335
TICKET004987,2024-08-25,PROP019,Plumbing,High,Closed,2024-08-29,4,1014.4141491184212
TICKET004988,2024-08-25,PROP023,Appliance,Low,Closed,2024-09-05,11,991.1887131408934
TICKET004989,2024-08-25,PROP019,Plumbing,Emergency,Closed,2024-08-25,0,1009.3101886124253
TICKET004990,2024-08-25,PROP024,Plumbing,High,Closed,2024-08-27,2,124.4074530486469
TICKET004991,2024-08-25,PROP014,Landscaping,Low,Closed,2024-09-07,13,637.0647653274459
TICKET004992,2024-08-25,PROP009,General Maintenance,Medium,Closed,2024-08-31,6,556.8629562709307
TICKET004993,2024-08-25,PROP023,Structural,Low,Closed,2024-08-31,6,1497.6028330135032
TICKET004994,2024-08-25,PROP018,Structural,Medium,Closed,2024-09-01,7,1205.6344094322806
TICKET004995,2024-08-25,PROP017,Plumbing,High,Closed,2024-08-29,4,1134.329186035736
TICKET004996,2024-08-25,PROP006,Electrical,Low,In Progress,,159,
TICKET004997,2024-08-25,PROP006,Plumbing,Medium,Closed,2024-08-28,3,561.685411501051
TICKET004998,2024-08-25,PROP025,Landscaping,Low,Closed,2024-08-30,5,879.7659638881437
TICKET004999,2024-08-25,PROP004,HVAC,Low,Closed,2024-09-11,17,665.417296087284
TICKET005000,2024-08-25,PROP004,Electrical,Low,Closed,2024-09-05,11,449.3161521387377
TICKET005001,2024-08-25,PROP022,General Maintenance,Low,Closed,2024-09-02,8,772.6584847357323
TICKET005002,2024-08-25,PROP019,Plumbing,Emergency,Closed,2024-08-26,1,139.78453196588646
TICKET005003,2024-08-25,PROP003,General Maintenance,High,In Progress,,159,
TICKET005004,2024-08-25,PROP015,General Maintenance,Medium,Closed,2024-08-31,6,1296.152078721404
TICKET005005,2024-08-25,PROP003,General Maintenance,Low,Closed,2024-09-03,9,920.4077143817631
TICKET005006,2024-08-25,PROP001,Landscaping,Low,Closed,2024-09-06,12,639.8523348075291
TICKET005007,2024-08-25,PROP013,Electrical,Emergency,Closed,2024-08-25,0,1464.2485216254597
TICKET005008,2024-08-25,PROP022,Structural,High,Closed,2024-08-27,2,884.5411621948547
TICKET005009,2024-08-25,PROP013,Pest Control,Low,Closed,2024-08-30,5,803.0995834556273
TICKET005010,2024-08-25,PROP023,Landscaping,Medium,Closed,2024-08-29,4,758.0846090716764
TICKET005011,2024-08-25,PROP011,Pest Control,Medium,Closed,2024-09-02,8,344.30609063681334
TICKET005012,2024-08-25,PROP011,General Maintenance,Low,Closed,2024-09-08,14,1440.7671728207786
TICKET005013,2024-08-25,PROP004,Plumbing,Low,Closed,2024-09-02,8,1451.8001054291324
TICKET005014,2024-08-25,PROP007,Appliance,Medium,Closed,2024-08-28,3,717.0755147367286
TICKET005015,2024-08-25,PROP019,Plumbing,Low,In Progress,,159,
TICKET005016,2024-08-25,PROP005,Plumbing,Medium,Closed,2024-09-03,9,536.8302413071056
TICKET005017,2024-08-26,PROP006,Appliance,Low,Closed,2024-09-03,8,390.8819412948729
TICKET005018,2024-08-26,PROP007,Appliance,Medium,Closed,2024-09-04,9,456.4956671042303
TICKET005019,2024-08-26,PROP015,HVAC,Medium,Closed,2024-09-04,9,758.3443759264512
TICKET005020,2024-08-26,PROP002,Landscaping,High,In Progress,,158,
TICKET005021,2024-08-26,PROP008,Landscaping,Medium,Closed,2024-08-31,5,572.2327982733924
TICKET005022,2024-08-26,PROP008,Pest Control,Low,Closed,2024-09-04,9,835.7781362378405
TICKET005023,2024-08-26,PROP014,Appliance,High,Closed,2024-08-30,4,1099.2846900764216
TICKET005024,2024-08-26,PROP011,Landscaping,Medium,Closed,2024-08-31,5,825.8226293718469
TICKET005025,2024-08-26,PROP023,Structural,Low,Closed,2024-09-12,17,1434.5771895547512
TICKET005026,2024-08-26,PROP010,Landscaping,Medium,Pending Parts,,158,
TICKET005027,2024-08-26,PROP002,General Maintenance,Medium,Closed,2024-09-02,7,987.8331689756318
TICKET005028,2024-08-26,PROP004,General Maintenance,Low,Closed,2024-09-10,15,1159.0709041072057
TICKET005029,2024-08-26,PROP013,Landscaping,Medium,Closed,2024-08-29,3,172.84322472504383
TICKET005030,2024-08-26,PROP014,Pest Control,Low,Closed,2024-09-07,12,296.4142478505714
TICKET005031,2024-08-26,PROP019,Plumbing,High,Closed,2024-08-29,3,705.5570419162733
TICKET005032,2024-08-26,PROP001,Plumbing,Low,Closed,2024-09-01,6,571.2672413729188
TICKET005033,2024-08-26,PROP014,Structural,Low,Closed,2024-09-03,8,768.6635183080925
TICKET005034,2024-08-26,PROP009,Appliance,Low,Closed,2024-09-02,7,290.1813493078889
TICKET005035,2024-08-26,PROP014,Structural,Medium,Closed,2024-08-31,5,1021.5145347998226
TICKET005036,2024-08-26,PROP022,Electrical,Medium,Closed,2024-08-29,3,391.1075681290864
TICKET005037,2024-08-26,PROP012,Landscaping,Emergency,Closed,2024-08-26,0,828.2416062123754
TICKET005038,2024-08-26,PROP019,Pest Control,Low,Closed,2024-09-04,9,1293.368825468912
TICKET005039,2024-08-26,PROP001,Electrical,High,Closed,2024-08-27,1,856.6847155785259
TICKET005040,2024-08-26,PROP011,General Maintenance,Medium,Closed,2024-08-31,5,1405.096337772831
TICKET005041,2024-08-26,PROP006,Appliance,High,Closed,2024-08-30,4,55.10963529467468
TICKET005042,2024-08-26,PROP024,General Maintenance,Medium,Closed,2024-09-02,7,564.5393915936687
TICKET005043,2024-08-26,PROP017,Structural,Low,In Progress,,158,
TICKET005044,2024-08-26,PROP007,Structural,High,Closed,2024-08-27,1,827.6040927452144
TICKET005045,2024-08-26,PROP014,Appliance,Low,In Progress,,158,
TICKET005046,2024-08-26,PROP004,General Maintenance,Emergency,Pending Parts,,158,
TICKET005047,2024-08-26,PROP009,Plumbing,Low,Closed,2024-09-09,14,153.41007347865892
TICKET005048,2024-08-26,PROP003,Pest Control,Low,Closed,2024-09-12,17,990.8156214116711
TICKET005049,2024-08-26,PROP011,Electrical,Medium,Closed,2024-09-04,9,221.60978511817157
TICKET005050,2024-08-26,PROP018,Pest Control,High,Closed,2024-08-27,1,745.6274850604883
TICKET005051,2024-08-27,PROP021,General Maintenance,High,Closed,2024-08-29,2,654.3926257274971
TICKET005052,2024-08-27,PROP009,HVAC,Medium,Open,,157,
TICKET005053,2024-08-27,PROP013,Electrical,High,Closed,2024-08-28,1,1487.3938182604832
TICKET005054,2024-08-27,PROP017,HVAC,Low,Closed,2024-09-12,16,1152.5627486538492
TICKET005055,2024-08-27,PROP005,Pest Control,High,Closed,2024-08-31,4,422.28851597759456
TICKET005056,2024-08-27,PROP002,Plumbing,High,Closed,2024-08-28,1,143.78487730357614
TICKET005057,2024-08-27,PROP004,Pest Control,Medium,Closed,2024-09-05,9,1368.9519228514046
TICKET005058,2024-08-27,PROP017,Electrical,Low,Closed,2024-09-15,19,1273.7455154498864
TICKET005059,2024-08-27,PROP013,HVAC,Medium,Closed,2024-09-05,9,809.1363703961854
TICKET005060,2024-08-27,PROP021,General Maintenance,Medium,Closed,2024-09-02,6,823.9220539626571
TICKET005061,2024-08-27,PROP019,Plumbing,High,Closed,2024-08-29,2,669.0529540878837
TICKET005062,2024-08-27,PROP020,Structural,Low,Closed,2024-09-11,15,818.0232768830009
TICKET005063,2024-08-27,PROP002,Electrical,High,Closed,2024-08-28,1,418.55545391602175
TICKET005064,2024-08-27,PROP004,Appliance,Medium,Closed,2024-09-03,7,584.1774102599625
TICKET005065,2024-08-27,PROP014,Landscaping,Low,Open,,157,
TICKET005066,2024-08-27,PROP008,Pest Control,Medium,Closed,2024-08-31,4,525.6463766322403
TICKET005067,2024-08-27,PROP014,Structural,Medium,Closed,2024-09-04,8,655.487027990597
TICKET005068,2024-08-27,PROP008,General Maintenance,Low,Closed,2024-09-13,17,770.7702199560484
TICKET005069,2024-08-27,PROP015,Structural,High,Closed,2024-08-28,1,1057.6930800803707
TICKET005070,2024-08-28,PROP003,Appliance,Low,Closed,2024-09-09,12,621.0252930706499
TICKET005071,2024-08-28,PROP017,Plumbing,High,Open,,156,
TICKET005072,2024-08-28,PROP006,General Maintenance,Low,Closed,2024-09-11,14,55.22675577807086
TICKET005073,2024-08-28,PROP021,Plumbing,Low,Closed,2024-09-07,10,1282.778140839646
TICKET005074,2024-08-28,PROP012,General Maintenance,Low,Closed,2024-09-14,17,789.9371022049309
TICKET005075,2024-08-28,PROP005,Landscaping,Medium,Closed,2024-08-31,3,1289.62556116147
TICKET005076,2024-08-28,PROP001,Landscaping,Low,In Progress,,156,
TICKET005077,2024-08-28,PROP008,Plumbing,High,Pending Parts,,156,
TICKET005078,2024-08-28,PROP012,Electrical,Medium,Closed,2024-09-05,8,1159.649889525178
TICKET005079,2024-08-28,PROP023,Appliance,High,Open,,156,
TICKET005080,2024-08-28,PROP010,HVAC,Low,Pending Parts,,156,
TICKET005081,2024-08-28,PROP024,General Maintenance,High,Closed,2024-08-31,3,387.70504976897894
TICKET005082,2024-08-28,PROP007,Appliance,Medium,Closed,2024-09-03,6,82.72242078309861
TICKET005083,2024-08-28,PROP025,General Maintenance,Medium,Closed,2024-09-01,4,595.4304863585746
TICKET005084,2024-08-28,PROP020,Pest Control,Low,Closed,2024-09-09,12,88.18561778738116
TICKET005085,2024-08-28,PROP018,HVAC,Medium,Closed,2024-09-04,7,1451.4472864837678
TICKET005086,2024-08-28,PROP007,Plumbing,Low,Closed,2024-09-03,6,300.89623141268794
TICKET005087,2024-08-28,PROP010,Appliance,Low,Closed,2024-09-12,15,1427.7886324991998
TICKET005088,2024-08-28,PROP001,Plumbing,Low,Closed,2024-09-12,15,1125.9563888601688
TICKET005089,2024-08-28,PROP001,General Maintenance,Medium,In Progress,,156,
TICKET005090,2024-08-28,PROP016,Plumbing,High,Closed,2024-08-29,1,509.360498290777
TICKET005091,2024-08-28,PROP002,Pest Control,High,Closed,2024-08-30,2,537.5506083929636
TICKET005092,2024-08-28,PROP021,Landscaping,Low,Closed,2024-09-14,17,798.0401848575394
TICKET005093,2024-08-29,PROP014,HVAC,Medium,Closed,2024-09-04,6,568.6908126463804
TICKET005094,2024-08-29,PROP023,Landscaping,Medium,Closed,2024-09-02,4,661.7552955765739
TICKET005095,2024-08-29,PROP015,Plumbing,Low,Closed,2024-09-14,16,307.47626586926623
TICKET005096,2024-08-29,PROP018,Landscaping,Low,Closed,2024-09-12,14,1414.1210190899483
TICKET005097,2024-08-29,PROP014,Appliance,Low,Closed,2024-09-10,12,355.2911103307573
TICKET005098,2024-08-29,PROP023,Pest Control,Low,Closed,2024-09-12,14,1364.8065060840333
TICKET005099,2024-08-29,PROP022,General Maintenance,Medium,Closed,2024-09-04,6,502.2240627826372
TICKET005100,2024-08-29,PROP014,Landscaping,Low,Closed,2024-09-11,13,139.80660289845787
TICKET005101,2024-08-29,PROP019,Landscaping,High,In Progress,,155,
TICKET005102,2024-08-29,PROP008,Plumbing,Medium,Pending Parts,,155,
TICKET005103,2024-08-29,PROP015,Electrical,Medium,Closed,2024-09-02,4,804.7583106511617
TICKET005104,2024-08-29,PROP023,Plumbing,Emergency,Pending Parts,,155,
TICKET005105,2024-08-29,PROP013,Plumbing,Low,Pending Parts,,155,
TICKET005106,2024-08-29,PROP003,Electrical,Low,Closed,2024-09-15,17,1267.3006935270812
TICKET005107,2024-08-29,PROP002,Electrical,Medium,Closed,2024-09-04,6,434.05567455151197
TICKET005108,2024-08-29,PROP014,Appliance,Medium,Closed,2024-09-07,9,391.9629245711896
TICKET005109,2024-08-29,PROP009,Landscaping,Low,Closed,2024-09-17,19,374.33946721211333
TICKET005110,2024-08-29,PROP004,Electrical,High,Pending Parts,,155,
TICKET005111,2024-08-29,PROP023,Structural,Low,Closed,2024-09-12,14,1362.1324435419697
TICKET005112,2024-08-29,PROP005,Electrical,Medium,Closed,2024-09-07,9,287.56369241398136
TICKET005113,2024-08-29,PROP016,Landscaping,High,Open,,155,
TICKET005114,2024-08-29,PROP004,Plumbing,Low,Closed,2024-09-14,16,690.9718000494879
TICKET005115,2024-08-29,PROP022,Electrical,Medium,Closed,2024-09-07,9,1366.011733130896
TICKET005116,2024-08-29,PROP013,Structural,Low,In Progress,,155,
TICKET005117,2024-08-29,PROP008,Landscaping,Low,Closed,2024-09-05,7,1407.970186846464
TICKET005118,2024-08-29,PROP023,Structural,Low,Open,,155,
TICKET005119,2024-08-29,PROP021,Structural,Medium,Closed,2024-09-05,7,842.2470284213746
TICKET005120,2024-08-29,PROP018,General Maintenance,Low,Closed,2024-09-11,13,901.2986166110693
TICKET005121,2024-08-29,PROP003,Electrical,Low,Open,,155,
TICKET005122,2024-08-30,PROP002,Appliance,Medium,Closed,2024-09-05,6,1469.9103098707337
TICKET005123,2024-08-30,PROP002,Appliance,Low,Closed,2024-09-18,19,1141.4843089579542
TICKET005124,2024-08-30,PROP021,Pest Control,Low,Closed,2024-09-15,16,451.590067001344
TICKET005125,2024-08-30,PROP016,Plumbing,High,Closed,2024-09-01,2,356.2463596634356
TICKET005126,2024-08-30,PROP003,Appliance,Low,Closed,2024-09-04,5,700.1923242334589
TICKET005127,2024-08-30,PROP002,General Maintenance,High,Closed,2024-09-03,4,358.8659776645996
TICKET005128,2024-08-30,PROP012,Electrical,Medium,Closed,2024-09-02,3,1270.947711460872
TICKET005129,2024-08-30,PROP025,Pest Control,Medium,Closed,2024-09-03,4,1149.8774603334386
TICKET005130,2024-08-30,PROP024,Appliance,Medium,Closed,2024-09-05,6,133.4675073257613
TICKET005131,2024-08-30,PROP023,Electrical,Low,Closed,2024-09-06,7,1147.6184443509676
TICKET005132,2024-08-30,PROP023,HVAC,High,Closed,2024-09-02,3,264.8145693856625
TICKET005133,2024-08-30,PROP006,HVAC,Low,Closed,2024-09-13,14,918.275314615143
TICKET005134,2024-08-30,PROP004,Plumbing,High,Closed,2024-09-03,4,208.0978317583234
TICKET005135,2024-08-30,PROP022,HVAC,Low,Closed,2024-09-10,11,1302.2678596930957
TICKET005136,2024-08-30,PROP003,Plumbing,Medium,Closed,2024-09-04,5,661.1816610767953
TICKET005137,2024-08-30,PROP018,HVAC,Low,Closed,2024-09-14,15,233.51927145064298
TICKET005138,2024-08-30,PROP003,Landscaping,Low,Closed,2024-09-15,16,1418.9448267133428
TICKET005139,2024-08-30,PROP025,Landscaping,High,Closed,2024-09-02,3,617.1012922935845
TICKET005140,2024-08-30,PROP023,HVAC,Low,Closed,2024-09-16,17,373.5144523092934
TICKET005141,2024-08-30,PROP015,General Maintenance,Low,Closed,2024-09-10,11,316.9795029036829
TICKET005142,2024-08-30,PROP003,Structural,Medium,Closed,2024-09-08,9,140.61262246123124
TICKET005143,2024-08-30,PROP022,Appliance,Low,Closed,2024-09-05,6,169.95343609152687
TICKET005144,2024-08-30,PROP019,Appliance,Low,Closed,2024-09-08,9,482.0134105351855
TICKET005145,2024-08-30,PROP025,Plumbing,High,Closed,2024-09-01,2,980.84507972077
TICKET005146,2024-08-30,PROP024,Electrical,Low,Closed,2024-09-17,18,576.0522003391663
TICKET005147,2024-08-30,PROP003,Pest Control,Medium,In Progress,,154,
TICKET005148,2024-08-30,PROP008,Electrical,Low,In Progress,,154,
TICKET005149,2024-08-30,PROP025,Electrical,Medium,Closed,2024-09-02,3,1371.264251256634
TICKET005150,2024-08-30,PROP002,Pest Control,Low,Open,,154,
TICKET005151,2024-08-30,PROP010,General Maintenance,Emergency,Closed,2024-08-31,1,851.8614863862836
TICKET005152,2024-08-30,PROP013,HVAC,Low,In Progress,,154,
TICKET005153,2024-08-30,PROP006,Structural,Medium,Closed,2024-09-05,6,156.13585867023806
TICKET005154,2024-08-30,PROP005,Landscaping,Medium,Closed,2024-09-04,5,130.9745148660703
TICKET005155,2024-08-31,PROP022,Plumbing,Medium,Open,,153,
TICKET005156,2024-08-31,PROP017,Landscaping,Medium,Pending Parts,,153,
TICKET005157,2024-08-31,PROP024,Landscaping,Low,Closed,2024-09-17,17,1035.2471259731751
TICKET005158,2024-08-31,PROP018,Appliance,Medium,Closed,2024-09-05,5,1131.6497959599276
TICKET005159,2024-08-31,PROP002,Plumbing,Medium,Closed,2024-09-08,8,1488.066966882363
TICKET005160,2024-08-31,PROP004,Pest Control,High,Closed,2024-09-01,1,729.2462929231535
TICKET005161,2024-08-31,PROP013,HVAC,Medium,Closed,2024-09-04,4,989.0190028508629
TICKET005162,2024-08-31,PROP014,Electrical,Low,Closed,2024-09-12,12,339.5315868636945
TICKET005163,2024-08-31,PROP004,Structural,High,Closed,2024-09-04,4,360.72158865310485
TICKET005164,2024-08-31,PROP003,Structural,Low,Closed,2024-09-11,11,242.09027033990253
TICKET005165,2024-08-31,PROP006,Electrical,Medium,Closed,2024-09-05,5,1261.812510684935
TICKET005166,2024-08-31,PROP006,General Maintenance,Medium,Closed,2024-09-06,6,1274.0206458843898
TICKET005167,2024-08-31,PROP008,General Maintenance,Medium,Closed,2024-09-08,8,699.1117131935524
TICKET005168,2024-08-31,PROP004,Appliance,Low,Closed,2024-09-14,14,1444.3280809887094
TICKET005169,2024-08-31,PROP004,HVAC,Medium,Pending Parts,,153,
TICKET005170,2024-09-01,PROP008,HVAC,Medium,Closed,2024-09-05,4,454.43225397474805
TICKET005171,2024-09-01,PROP002,Landscaping,Medium,Open,,152,
TICKET005172,2024-09-01,PROP022,Structural,Medium,Closed,2024-09-07,6,607.2022339917826
TICKET005173,2024-09-01,PROP006,Electrical,Emergency,Closed,2024-09-02,1,98.1864894576752
TICKET005174,2024-09-01,PROP016,Appliance,Low,Closed,2024-09-10,9,339.4522713223294
TICKET005175,2024-09-01,PROP022,General Maintenance,Medium,Closed,2024-09-09,8,1236.4306107448833
TICKET005176,2024-09-01,PROP025,Plumbing,High,Closed,2024-09-02,1,741.2520695286993
TICKET005177,2024-09-01,PROP022,Plumbing,Low,Closed,2024-09-08,7,769.0978923321678
TICKET005178,2024-09-01,PROP021,Electrical,High,Pending Parts,,152,
TICKET005179,2024-09-01,PROP020,HVAC,Low,Closed,2024-09-11,10,689.2580431063262
TICKET005180,2024-09-01,PROP017,Structural,High,In Progress,,152,
TICKET005181,2024-09-01,PROP023,Appliance,Low,Closed,2024-09-16,15,773.1321791423552
TICKET005182,2024-09-01,PROP012,Appliance,Medium,Pending Parts,,152,
TICKET005183,2024-09-01,PROP015,HVAC,Low,Closed,2024-09-08,7,1032.733134732856
TICKET005184,2024-09-01,PROP019,Pest Control,High,Closed,2024-09-03,2,1005.3177747907316
TICKET005185,2024-09-01,PROP012,Electrical,High,Closed,2024-09-03,2,1109.4079423246758
TICKET005186,2024-09-01,PROP011,HVAC,Low,In Progress,,152,
TICKET005187,2024-09-01,PROP014,Plumbing,Low,Closed,2024-09-12,11,102.47448103956253
TICKET005188,2024-09-01,PROP001,Electrical,High,In Progress,,152,
TICKET005189,2024-09-01,PROP020,Landscaping,Low,Closed,2024-09-08,7,1465.7202682762402
TICKET005190,2024-09-01,PROP012,HVAC,Medium,Closed,2024-09-06,5,1200.3789726294908
TICKET005191,2024-09-01,PROP017,Structural,Low,Closed,2024-09-11,10,1105.077254518668
TICKET005192,2024-09-01,PROP018,Landscaping,Low,Closed,2024-09-18,17,688.5065778872853
TICKET005193,2024-09-01,PROP025,General Maintenance,High,Closed,2024-09-03,2,1424.4071432257645
TICKET005194,2024-09-01,PROP022,Landscaping,High,Closed,2024-09-04,3,523.452558297687
TICKET005195,2024-09-02,PROP023,Electrical,High,Closed,2024-09-06,4,1176.617425673655
TICKET005196,2024-09-02,PROP011,Pest Control,Low,Closed,2024-09-18,16,511.3339409577765
TICKET005197,2024-09-02,PROP023,Pest Control,Low,Pending Parts,,151,
TICKET005198,2024-09-02,PROP004,Pest Control,Medium,Pending Parts,,151,
TICKET005199,2024-09-02,PROP022,Appliance,Medium,Closed,2024-09-07,5,316.8948147737452
TICKET005200,2024-09-02,PROP008,Plumbing,Medium,Closed,2024-09-06,4,1128.5314264526917
TICKET005201,2024-09-02,PROP011,Structural,Medium,Closed,2024-09-07,5,509.74816111178467
TICKET005202,2024-09-02,PROP015,Pest Control,Medium,Closed,2024-09-06,4,920.322250110133
TICKET005203,2024-09-02,PROP005,Electrical,High,Closed,2024-09-06,4,346.28056382437836
TICKET005204,2024-09-02,PROP023,Appliance,Medium,Closed,2024-09-09,7,56.73450543174346
TICKET005205,2024-09-02,PROP020,Appliance,Low,Closed,2024-09-09,7,514.4925968396069
TICKET005206,2024-09-02,PROP016,Pest Control,High,Pending Parts,,151,
TICKET005207,2024-09-02,PROP007,Appliance,Low,Closed,2024-09-14,12,1480.4574732176864
TICKET005208,2024-09-02,PROP010,Appliance,Low,In Progress,,151,
TICKET005209,2024-09-02,PROP018,HVAC,Low,Closed,2024-09-15,13,513.8356204003405
TICKET005210,2024-09-02,PROP010,Appliance,Low,Closed,2024-09-07,5,99.99840950133564
TICKET005211,2024-09-03,PROP015,Pest Control,High,Closed,2024-09-05,2,71.51424958192676
TICKET005212,2024-09-03,PROP020,Landscaping,Medium,Closed,2024-09-07,4,1076.527260672266
TICKET005213,2024-09-03,PROP024,Plumbing,High,Closed,2024-09-04,1,520.3952191656222
TICKET005214,2024-09-03,PROP012,HVAC,Medium,Closed,2024-09-06,3,585.1894864800959
TICKET005215,2024-09-03,PROP010,Electrical,High,Closed,2024-09-04,1,1039.2349316144266
TICKET005216,2024-09-03,PROP011,Electrical,Medium,Closed,2024-09-11,8,88.33592520466969
TICKET005217,2024-09-03,PROP019,HVAC,Low,Open,,150,
TICKET005218,2024-09-03,PROP005,Appliance,Medium,Closed,2024-09-10,7,605.5865764596406
TICKET005219,2024-09-03,PROP019,Plumbing,Medium,Closed,2024-09-08,5,842.817191588807
TICKET005220,2024-09-03,PROP015,Electrical,Low,Closed,2024-09-14,11,1137.3689746250236
TICKET005221,2024-09-03,PROP010,Landscaping,Medium,Closed,2024-09-07,4,925.8111497531577
TICKET005222,2024-09-03,PROP010,Plumbing,Medium,Closed,2024-09-07,4,1451.1942357688365
TICKET005223,2024-09-03,PROP025,Plumbing,High,Closed,2024-09-06,3,746.3940401941657
TICKET005224,2024-09-03,PROP004,HVAC,Medium,Closed,2024-09-08,5,598.1432704417488
TICKET005225,2024-09-03,PROP005,Electrical,Medium,Closed,2024-09-07,4,1270.3835734942884
TICKET005226,2024-09-03,PROP018,Appliance,Low,Closed,2024-09-19,16,1014.4542715031179
TICKET005227,2024-09-03,PROP003,HVAC,Medium,Closed,2024-09-10,7,818.184450033854
TICKET005228,2024-09-03,PROP001,HVAC,Low,Closed,2024-09-15,12,379.2967276311778
TICKET005229,2024-09-03,PROP004,Structural,High,Closed,2024-09-05,2,419.620594704699
TICKET005230,2024-09-03,PROP020,Electrical,Low,Closed,2024-09-20,17,1292.9418920445016
TICKET005231,2024-09-03,PROP023,Structural,Medium,Closed,2024-09-06,3,812.5583458430013
TICKET005232,2024-09-03,PROP014,General Maintenance,Low,Closed,2024-09-17,14,211.74750301009144
TICKET005233,2024-09-03,PROP025,Appliance,Low,Closed,2024-09-08,5,1387.085047084506
TICKET005234,2024-09-04,PROP004,Electrical,Medium,Closed,2024-09-13,9,773.1530911633422
TICKET005235,2024-09-04,PROP007,General Maintenance,High,Closed,2024-09-05,1,301.0531437542604
TICKET005236,2024-09-04,PROP025,HVAC,Medium,Closed,2024-09-11,7,211.7542763995251
TICKET005237,2024-09-04,PROP010,HVAC,Medium,Closed,2024-09-08,4,1175.2196553248152
TICKET005238,2024-09-04,PROP013,Plumbing,High,Pending Parts,,149,
TICKET005239,2024-09-04,PROP007,Electrical,Medium,Closed,2024-09-11,7,293.62535614765795
TICKET005240,2024-09-04,PROP018,Electrical,Low,Closed,2024-09-22,18,1204.1676486998272
TICKET005241,2024-09-04,PROP019,Plumbing,High,Closed,2024-09-08,4,841.8209834844821
TICKET005242,2024-09-04,PROP024,Structural,Medium,Pending Parts,,149,
TICKET005243,2024-09-04,PROP022,Landscaping,Low,Closed,2024-09-21,17,1382.7342043013518
TICKET005244,2024-09-04,PROP017,HVAC,Low,Closed,2024-09-11,7,1272.1410640004242
TICKET005245,2024-09-04,PROP011,Electrical,Low,Closed,2024-09-12,8,1157.0337610332908
TICKET005246,2024-09-04,PROP001,Plumbing,Medium,Closed,2024-09-12,8,1065.8645709155003
TICKET005247,2024-09-04,PROP002,Structural,High,Closed,2024-09-05,1,855.1884203863277
TICKET005248,2024-09-04,PROP010,Plumbing,High,Pending Parts,,149,
TICKET005249,2024-09-04,PROP010,Landscaping,High,Closed,2024-09-07,3,1205.4520480444112
TICKET005250,2024-09-05,PROP017,Appliance,Medium,Closed,2024-09-13,8,867.69025544594
TICKET005251,2024-09-05,PROP018,Landscaping,Emergency,Closed,2024-09-05,0,160.07680049557848
TICKET005252,2024-09-05,PROP018,Plumbing,High,Closed,2024-09-08,3,1265.9954869426363
TICKET005253,2024-09-05,PROP014,Plumbing,Low,Closed,2024-09-21,16,1339.241293622596
TICKET005254,2024-09-05,PROP017,General Maintenance,High,Closed,2024-09-09,4,923.9690601921301
TICKET005255,2024-09-05,PROP020,Appliance,High,Closed,2024-09-07,2,109.23676169632245
TICKET005256,2024-09-05,PROP009,General Maintenance,High,Closed,2024-09-08,3,442.34057453638263
TICKET005257,2024-09-05,PROP002,Appliance,Medium,Closed,2024-09-10,5,1252.7088849308127
TICKET005258,2024-09-05,PROP005,Pest Control,High,Closed,2024-09-08,3,304.6920444173021
TICKET005259,2024-09-05,PROP005,Landscaping,High,Open,,148,
TICKET005260,2024-09-05,PROP006,Pest Control,Low,Closed,2024-09-19,14,961.2436116927629
TICKET005261,2024-09-05,PROP019,Appliance,Low,Closed,2024-09-19,14,345.80147615202776
TICKET005262,2024-09-05,PROP019,Appliance,Medium,Closed,2024-09-12,7,421.4435798941209
TICKET005263,2024-09-05,PROP021,Electrical,Low,Closed,2024-09-22,17,1318.4546255009157
TICKET005264,2024-09-05,PROP014,Appliance,Medium,Closed,2024-09-12,7,611.2026175443863
TICKET005265,2024-09-05,PROP002,General Maintenance,Low,Pending Parts,,148,
TICKET005266,2024-09-05,PROP016,General Maintenance,High,Closed,2024-09-07,2,149.51036513912652
TICKET005267,2024-09-05,PROP020,Landscaping,Medium,Closed,2024-09-11,6,1039.6982145544994
TICKET005268,2024-09-05,PROP010,General Maintenance,Medium,In Progress,,148,
TICKET005269,2024-09-05,PROP014,Pest Control,High,Closed,2024-09-09,4,1334.8919954503215
TICKET005270,2024-09-05,PROP013,Electrical,Low,Closed,2024-09-16,11,1131.812752622147
TICKET005271,2024-09-05,PROP005,Pest Control,Low,Closed,2024-09-17,12,593.3784329887886
TICKET005272,2024-09-06,PROP012,Appliance,High,Pending Parts,,147,
TICKET005273,2024-09-06,PROP019,Pest Control,Medium,Pending Parts,,147,
TICKET005274,2024-09-06,PROP010,Electrical,Low,Closed,2024-09-11,5,1290.689835152404
TICKET005275,2024-09-06,PROP022,HVAC,Medium,Closed,2024-09-14,8,559.3416918485523
TICKET005276,2024-09-06,PROP005,Pest Control,Medium,Closed,2024-09-11,5,1424.3358271557158
TICKET005277,2024-09-06,PROP002,HVAC,Medium,Closed,2024-09-10,4,110.08602213268246
TICKET005278,2024-09-06,PROP010,HVAC,High,Closed,2024-09-10,4,1162.2730075622949
TICKET005279,2024-09-06,PROP005,Plumbing,Low,Closed,2024-09-16,10,986.1343460810111
TICKET005280,2024-09-06,PROP016,Appliance,Low,Closed,2024-09-13,7,1199.2817980007617
TICKET005281,2024-09-06,PROP022,General Maintenance,High,Closed,2024-09-07,1,160.413044508113
TICKET005282,2024-09-06,PROP012,HVAC,High,Closed,2024-09-07,1,1001.238163300961
TICKET005283,2024-09-06,PROP005,Appliance,Low,Closed,2024-09-22,16,656.3797455915361
TICKET005284,2024-09-06,PROP015,Structural,High,Pending Parts,,147,
TICKET005285,2024-09-06,PROP002,Plumbing,High,Closed,2024-09-08,2,1131.4673522752232
TICKET005286,2024-09-06,PROP021,General Maintenance,Low,Closed,2024-09-11,5,759.6454875473012
TICKET005287,2024-09-06,PROP016,General Maintenance,Low,Closed,2024-09-20,14,312.77303932422257
TICKET005288,2024-09-06,PROP021,Appliance,Medium,Closed,2024-09-12,6,1308.1151340662896
TICKET005289,2024-09-06,PROP002,Plumbing,Low,Pending Parts,,147,
TICKET005290,2024-09-06,PROP020,Pest Control,Low,Closed,2024-09-17,11,1244.2469497412446
TICKET005291,2024-09-06,PROP014,Structural,Low,Closed,2024-09-19,13,221.39690742049254
TICKET005292,2024-09-06,PROP018,Pest Control,Low,Closed,2024-09-13,7,708.1397757027886
TICKET005293,2024-09-07,PROP010,Structural,Medium,Closed,2024-09-11,4,1221.8765995116482
TICKET005294,2024-09-07,PROP023,Appliance,High,In Progress,,146,
TICKET005295,2024-09-07,PROP022,Plumbing,Medium,Closed,2024-09-11,4,466.298583673
TICKET005296,2024-09-07,PROP004,Landscaping,High,Closed,2024-09-11,4,622.4142179072082
TICKET005297,2024-09-07,PROP019,Structural,Medium,Closed,2024-09-11,4,560.4457066659796
TICKET005298,2024-09-07,PROP001,Pest Control,Low,Closed,2024-09-25,18,1348.133308800284
TICKET005299,2024-09-07,PROP007,Pest Control,Low,In Progress,,146,
TICKET005300,2024-09-07,PROP020,General Maintenance,Low,Closed,2024-09-18,11,813.2866715168208
TICKET005301,2024-09-07,PROP012,HVAC,Medium,Closed,2024-09-12,5,1056.0696908967084
TICKET005302,2024-09-07,PROP017,Structural,Medium,Closed,2024-09-15,8,312.5941906179086
TICKET005303,2024-09-07,PROP005,Structural,Low,Closed,2024-09-15,8,557.0500077437982
TICKET005304,2024-09-07,PROP010,General Maintenance,Low,Closed,2024-09-15,8,865.2657238715537
TICKET005305,2024-09-07,PROP011,Landscaping,High,Closed,2024-09-11,4,156.31271287998214
TICKET005306,2024-09-07,PROP005,Structural,Medium,Closed,2024-09-10,3,1011.5615999869715
TICKET005307,2024-09-07,PROP009,Electrical,Medium,Closed,2024-09-15,8,1402.0326632219296
TICKET005308,2024-09-08,PROP012,Landscaping,Medium,Closed,2024-09-17,9,1178.2955823739173
TICKET005309,2024-09-08,PROP013,Structural,Medium,Closed,2024-09-17,9,1484.597972966665
TICKET005310,2024-09-08,PROP020,Landscaping,Low,Closed,2024-09-16,8,968.9789576120339
TICKET005311,2024-09-08,PROP017,Appliance,Low,Open,,145,
TICKET005312,2024-09-08,PROP005,General Maintenance,Medium,Closed,2024-09-12,4,935.7682210348107
TICKET005313,2024-09-08,PROP005,General Maintenance,Medium,In Progress,,145,
TICKET005314,2024-09-08,PROP001,General Maintenance,Medium,Closed,2024-09-13,5,1237.7346315162997
TICKET005315,2024-09-08,PROP010,Plumbing,Medium,Closed,2024-09-12,4,1462.4995488437708
TICKET005316,2024-09-08,PROP011,Appliance,Low,Closed,2024-09-17,9,497.7126807048114
TICKET005317,2024-09-08,PROP015,Structural,Low,Closed,2024-09-24,16,232.03297576226984
TICKET005318,2024-09-08,PROP025,HVAC,Low,Open,,145,
TICKET005319,2024-09-08,PROP003,General Maintenance,Medium,Closed,2024-09-16,8,283.0874347093401
TICKET005320,2024-09-08,PROP015,HVAC,Medium,Closed,2024-09-16,8,426.6526121071158
TICKET005321,2024-09-08,PROP022,Pest Control,High,Closed,2024-09-11,3,631.9135443614629
TICKET005322,2024-09-08,PROP001,Pest Control,Low,Closed,2024-09-24,16,594.8327158966442
TICKET005323,2024-09-08,PROP020,HVAC,Medium,Closed,2024-09-14,6,267.30921122905323
TICKET005324,2024-09-08,PROP003,Plumbing,High,Closed,2024-09-10,2,769.6451491651471
TICKET005325,2024-09-09,PROP013,HVAC,Low,In Progress,,144,
TICKET005326,2024-09-09,PROP014,Appliance,Low,Closed,2024-09-27,18,1313.2918544749846
TICKET005327,2024-09-09,PROP015,Plumbing,High,Closed,2024-09-10,1,473.4301998579755
TICKET005328,2024-09-09,PROP014,Pest Control,Low,Closed,2024-09-17,8,320.3983188987873
TICKET005329,2024-09-09,PROP021,HVAC,High,Closed,2024-09-10,1,399.37538555516994
TICKET005330,2024-09-09,PROP010,Appliance,Medium,Closed,2024-09-15,6,349.81150508267865
TICKET005331,2024-09-09,PROP017,HVAC,Medium,Closed,2024-09-16,7,693.2306628708299
TICKET005332,2024-09-09,PROP012,General Maintenance,Emergency,Closed,2024-09-10,1,1334.9196544746887
TICKET005333,2024-09-09,PROP025,Structural,Low,In Progress,,144,
TICKET005334,2024-09-09,PROP002,Structural,Low,Closed,2024-09-16,7,1196.0823955606104
TICKET005335,2024-09-09,PROP005,Landscaping,Emergency,Open,,144,
TICKET005336,2024-09-09,PROP013,Electrical,Low,In Progress,,144,
TICKET005337,2024-09-09,PROP003,Pest Control,Medium,Closed,2024-09-16,7,276.0331313852503
TICKET005338,2024-09-09,PROP021,Structural,Low,Closed,2024-09-14,5,1424.7736164486696
TICKET005339,2024-09-09,PROP018,Pest Control,Medium,Closed,2024-09-12,3,680.5774173989289
TICKET005340,2024-09-09,PROP022,Structural,Low,Closed,2024-09-20,11,1196.2503427327217
TICKET005341,2024-09-09,PROP007,Pest Control,Medium,Closed,2024-09-14,5,1258.9961923174142
TICKET005342,2024-09-09,PROP004,Appliance,Medium,Closed,2024-09-16,7,544.5072842613032
TICKET005343,2024-09-09,PROP004,HVAC,High,Closed,2024-09-12,3,910.6498901783872
TICKET005344,2024-09-09,PROP001,Appliance,Medium,Closed,2024-09-14,5,1448.6105074637983
TICKET005345,2024-09-10,PROP001,Landscaping,Medium,Closed,2024-09-18,8,578.4483255633301
TICKET005346,2024-09-10,PROP013,Appliance,Medium,Pending Parts,,143,
TICKET005347,2024-09-10,PROP008,Pest Control,High,Open,,143,
TICKET005348,2024-09-10,PROP012,Plumbing,Low,Closed,2024-09-25,15,1385.3502053457269
TICKET005349,2024-09-10,PROP019,General Maintenance,Low,Closed,2024-09-24,14,122.08305311960399
TICKET005350,2024-09-10,PROP015,Appliance,Medium,Closed,2024-09-19,9,469.49069533022987
TICKET005351,2024-09-10,PROP025,Electrical,Medium,Closed,2024-09-15,5,486.50532258800456
TICKET005352,2024-09-10,PROP002,Pest Control,Low,Closed,2024-09-24,14,1200.6614563833011
TICKET005353,2024-09-10,PROP006,Appliance,Low,Closed,2024-09-20,10,1293.2270095808142
TICKET005354,2024-09-10,PROP017,Pest Control,Medium,Closed,2024-09-13,3,805.8820256811068
TICKET005355,2024-09-10,PROP022,General Maintenance,Medium,Closed,2024-09-18,8,523.6198614781479
TICKET005356,2024-09-10,PROP018,Pest Control,Low,Open,,143,
TICKET005357,2024-09-10,PROP004,Pest Control,Low,Closed,2024-09-25,15,836.6066237877995
TICKET005358,2024-09-10,PROP020,Structural,Medium,Closed,2024-09-14,4,733.8916463459367
TICKET005359,2024-09-10,PROP018,Landscaping,Low,Closed,2024-09-21,11,82.15557201803152
TICKET005360,2024-09-10,PROP013,HVAC,High,Closed,2024-09-12,2,1303.7845270335442
TICKET005361,2024-09-10,PROP018,Plumbing,Low,Closed,2024-09-23,13,167.6961671486441
TICKET005362,2024-09-10,PROP021,Pest Control,High,Closed,2024-09-13,3,1261.6759805806626
TICKET005363,2024-09-10,PROP012,Landscaping,High,Closed,2024-09-13,3,520.5365690218098
TICKET005364,2024-09-10,PROP002,Structural,Medium,Closed,2024-09-13,3,1382.7779296398285
TICKET005365,2024-09-10,PROP024,Landscaping,Low,Closed,2024-09-27,17,313.4129075920982
TICKET005366,2024-09-10,PROP010,Plumbing,Emergency,Closed,2024-09-11,1,1045.0659360122525
TICKET005367,2024-09-10,PROP007,Pest Control,Low,Closed,2024-09-17,7,226.00719933850996
TICKET005368,2024-09-10,PROP007,HVAC,Medium,Closed,2024-09-14,4,470.52702836497946
TICKET005369,2024-09-10,PROP014,Electrical,Medium,Closed,2024-09-14,4,1151.824158934229
TICKET005370,2024-09-10,PROP013,Plumbing,Low,Closed,2024-09-20,10,1412.7248662349893
TICKET005371,2024-09-10,PROP003,Landscaping,Medium,Closed,2024-09-19,9,1048.5695868638659
TICKET005372,2024-09-10,PROP001,Landscaping,High,Closed,2024-09-12,2,1014.7620736557958
TICKET005373,2024-09-10,PROP007,General Maintenance,Medium,Closed,2024-09-13,3,476.7920289876957
TICKET005374,2024-09-10,PROP017,Electrical,Medium,Closed,2024-09-15,5,1139.7458929106933
TICKET005375,2024-09-10,PROP008,General Maintenance,High,Closed,2024-09-13,3,264.36316398063263
TICKET005376,2024-09-10,PROP007,Structural,Medium,Closed,2024-09-16,6,1305.3102209800697
TICKET005377,2024-09-11,PROP009,Structural,High,Closed,2024-09-13,2,1492.8214962032987
TICKET005378,2024-09-11,PROP016,Appliance,Low,Closed,2024-09-23,12,501.0264019161818
TICKET005379,2024-09-11,PROP017,Landscaping,Medium,Closed,2024-09-16,5,463.1109367924872
TICKET005380,2024-09-11,PROP012,General Maintenance,Low,Closed,2024-09-19,8,184.60970829754305
TICKET005381,2024-09-11,PROP018,HVAC,Medium,Closed,2024-09-14,3,1193.088162102506
TICKET005382,2024-09-11,PROP016,Appliance,High,Closed,2024-09-13,2,96.91938825067447
TICKET005383,2024-09-11,PROP025,General Maintenance,Medium,Closed,2024-09-16,5,1042.9491036965082
TICKET005384,2024-09-11,PROP001,Landscaping,Emergency,Closed,2024-09-11,0,1302.1263493933718
TICKET005385,2024-09-11,PROP024,Appliance,Low,Closed,2024-09-20,9,393.0061978428374
TICKET005386,2024-09-11,PROP002,HVAC,Medium,Closed,2024-09-16,5,105.1135338729199
TICKET005387,2024-09-11,PROP019,Pest Control,Low,Closed,2024-09-19,8,1222.6578254362958
TICKET005388,2024-09-11,PROP010,Electrical,Low,Closed,2024-09-24,13,196.32811933489495
TICKET005389,2024-09-11,PROP012,Structural,Medium,Closed,2024-09-17,6,645.5004366411874
TICKET005390,2024-09-11,PROP022,HVAC,Medium,Closed,2024-09-19,8,300.589370373963
TICKET005391,2024-09-11,PROP014,Structural,Medium,Closed,2024-09-18,7,696.4525568741183
TICKET005392,2024-09-11,PROP003,Plumbing,Medium,Closed,2024-09-19,8,87.53190127885411
TICKET005393,2024-09-11,PROP012,Appliance,Low,Closed,2024-09-25,14,346.21711291841297
TICKET005394,2024-09-11,PROP024,Plumbing,High,Closed,2024-09-14,3,357.2733366711198
TICKET005395,2024-09-11,PROP015,Landscaping,Low,Open,,142,
TICKET005396,2024-09-11,PROP014,Appliance,Low,Closed,2024-09-20,9,817.6510345363465
TICKET005397,2024-09-11,PROP022,General Maintenance,Low,Closed,2024-09-23,12,771.7261819436259
TICKET005398,2024-09-11,PROP025,HVAC,High,Closed,2024-09-13,2,835.9465749379821
TICKET005399,2024-09-11,PROP018,General Maintenance,Medium,Pending Parts,,142,
TICKET005400,2024-09-11,PROP014,Pest Control,Low,Closed,2024-09-22,11,1194.4296372705633
TICKET005401,2024-09-11,PROP011,Pest Control,Low,Closed,2024-09-24,13,1466.6686923654388
TICKET005402,2024-09-11,PROP003,Plumbing,High,Closed,2024-09-12,1,1048.424442668296
TICKET005403,2024-09-11,PROP024,HVAC,Emergency,Closed,2024-09-12,1,843.06074844025
TICKET005404,2024-09-11,PROP016,Structural,High,In Progress,,142,
TICKET005405,2024-09-11,PROP024,HVAC,High,Closed,2024-09-14,3,282.8449177834327
TICKET005406,2024-09-11,PROP001,Landscaping,Low,Closed,2024-09-29,18,474.2161902959709
TICKET005407,2024-09-12,PROP022,Electrical,Low,Closed,2024-09-18,6,1242.819634933816
TICKET005408,2024-09-12,PROP022,General Maintenance,Medium,Closed,2024-09-19,7,702.6397771131433
TICKET005409,2024-09-12,PROP020,Electrical,Low,Closed,2024-09-22,10,961.2166391954792
TICKET005410,2024-09-12,PROP003,Structural,Low,Closed,2024-09-24,12,409.48918511596116
TICKET005411,2024-09-12,PROP013,Electrical,Low,Closed,2024-09-22,10,997.5434167298031
TICKET005412,2024-09-12,PROP018,General Maintenance,Low,Open,,141,
TICKET005413,2024-09-12,PROP014,Electrical,Medium,Closed,2024-09-15,3,884.0584559062472
TICKET005414,2024-09-12,PROP006,General Maintenance,Medium,Closed,2024-09-21,9,656.5963526502851
TICKET005415,2024-09-12,PROP024,Landscaping,Medium,Closed,2024-09-16,4,1336.094095359678
TICKET005416,2024-09-12,PROP001,Appliance,Medium,Closed,2024-09-20,8,1369.4999997920497
TICKET005417,2024-09-12,PROP005,Appliance,Medium,Closed,2024-09-17,5,756.5134043835235
TICKET005418,2024-09-12,PROP014,Electrical,Low,Closed,2024-09-19,7,488.0678834886069
TICKET005419,2024-09-12,PROP007,Electrical,Medium,In Progress,,141,
TICKET005420,2024-09-12,PROP010,HVAC,Low,Closed,2024-09-29,17,927.2113575972738
TICKET005421,2024-09-12,PROP009,Electrical,Medium,Closed,2024-09-20,8,447.15923022791856
TICKET005422,2024-09-12,PROP002,Pest Control,Medium,Closed,2024-09-16,4,305.7987493595424
TICKET005423,2024-09-12,PROP018,Electrical,Low,Closed,2024-09-21,9,1495.1029775459983
TICKET005424,2024-09-12,PROP016,HVAC,Medium,Closed,2024-09-16,4,131.51091045985223
TICKET005425,2024-09-12,PROP004,Pest Control,Low,Closed,2024-09-26,14,710.1975297909877
TICKET005426,2024-09-12,PROP025,Appliance,Low,Open,,141,
TICKET005427,2024-09-12,PROP015,Structural,Low,Closed,2024-09-23,11,583.7452965418926
TICKET005428,2024-09-12,PROP025,HVAC,High,Closed,2024-09-15,3,1132.9725856681173
TICKET005429,2024-09-12,PROP007,Landscaping,Low,Closed,2024-09-22,10,1039.7278847068187
TICKET005430,2024-09-12,PROP008,General Maintenance,Low,Pending Parts,,141,
TICKET005431,2024-09-12,PROP023,General Maintenance,Medium,Closed,2024-09-15,3,824.020549630344
TICKET005432,2024-09-12,PROP011,Structural,Medium,Closed,2024-09-16,4,729.0489806730624
TICKET005433,2024-09-12,PROP024,Pest Control,High,Closed,2024-09-16,4,124.23076960497201
TICKET005434,2024-09-12,PROP013,Pest Control,Medium,Closed,2024-09-16,4,107.65737508204708
TICKET005435,2024-09-12,PROP024,HVAC,Medium,Closed,2024-09-18,6,1358.766295461674
TICKET005436,2024-09-12,PROP023,HVAC,Low,Closed,2024-09-26,14,1483.5435124315602
TICKET005437,2024-09-12,PROP019,Plumbing,Medium,Closed,2024-09-18,6,936.8413105882014
TICKET005438,2024-09-12,PROP019,Landscaping,Low,Closed,2024-09-17,5,1479.8208015971652
TICKET005439,2024-09-13,PROP003,Pest Control,High,Closed,2024-09-17,4,879.633261827339
TICKET005440,2024-09-13,PROP015,Structural,Low,Closed,2024-09-20,7,1190.5610351792475
TICKET005441,2024-09-13,PROP008,Electrical,Medium,Closed,2024-09-18,5,681.6931692983577
TICKET005442,2024-09-13,PROP007,Electrical,High,Closed,2024-09-16,3,408.14866552442845
TICKET005443,2024-09-13,PROP001,Structural,Medium,Closed,2024-09-20,7,305.3209571910113
TICKET005444,2024-09-13,PROP003,Structural,Medium,Closed,2024-09-17,4,858.3331295595289
TICKET005445,2024-09-13,PROP005,General Maintenance,Low,Closed,2024-09-26,13,1304.0759660745
TICKET005446,2024-09-13,PROP009,Electrical,Medium,Closed,2024-09-20,7,362.22435985303133
TICKET005447,2024-09-13,PROP020,Landscaping,High,Closed,2024-09-16,3,861.4758279609091
TICKET005448,2024-09-13,PROP025,Pest Control,Low,Closed,2024-09-29,16,841.4339597228383
TICKET005449,2024-09-13,PROP004,HVAC,Medium,Closed,2024-09-21,8,767.0497133930871
TICKET005450,2024-09-13,PROP023,Plumbing,Low,Closed,2024-09-18,5,1261.2600714380642
TICKET005451,2024-09-13,PROP011,HVAC,Medium,Open,,140,
TICKET005452,2024-09-13,PROP004,Electrical,Low,Closed,2024-09-28,15,1134.4949287432585
TICKET005453,2024-09-13,PROP020,Structural,Low,Closed,2024-09-19,6,557.0536875473318
TICKET005454,2024-09-13,PROP004,Pest Control,Medium,Closed,2024-09-16,3,565.4551378720713
TICKET005455,2024-09-13,PROP025,Appliance,High,Closed,2024-09-15,2,516.0593496776021
TICKET005456,2024-09-14,PROP007,General Maintenance,High,Closed,2024-09-18,4,1029.8902062573768
TICKET005457,2024-09-14,PROP010,HVAC,Medium,Closed,2024-09-20,6,821.8468519867197
TICKET005458,2024-09-14,PROP011,Plumbing,Medium,Closed,2024-09-17,3,765.6024266863144
TICKET005459,2024-09-14,PROP007,General Maintenance,Medium,Closed,2024-09-20,6,790.0821974593028
TICKET005460,2024-09-14,PROP012,General Maintenance,High,Closed,2024-09-16,2,1256.432864507397
TICKET005461,2024-09-14,PROP023,General Maintenance,Medium,Closed,2024-09-20,6,1056.2747223107897
TICKET005462,2024-09-14,PROP005,Plumbing,High,Closed,2024-09-16,2,1150.7923557257188
TICKET005463,2024-09-14,PROP022,Electrical,Low,Open,,139,
TICKET005464,2024-09-14,PROP013,Pest Control,Medium,Closed,2024-09-22,8,1423.6264172614963
TICKET005465,2024-09-14,PROP002,Appliance,Low,Closed,2024-09-19,5,284.505247634585
TICKET005466,2024-09-14,PROP003,HVAC,Emergency,Closed,2024-09-15,1,1451.6497720437972
TICKET005467,2024-09-14,PROP022,Electrical,Low,Closed,2024-09-26,12,1299.159617288132
TICKET005468,2024-09-14,PROP008,Pest Control,Medium,Pending Parts,,139,
TICKET005469,2024-09-14,PROP021,Pest Control,High,Closed,2024-09-17,3,260.67794833223917
TICKET005470,2024-09-14,PROP022,Appliance,Low,Pending Parts,,139,
TICKET005471,2024-09-14,PROP003,General Maintenance,High,Closed,2024-09-15,1,731.653170038026
TICKET005472,2024-09-15,PROP007,Structural,Low,Closed,2024-10-04,19,1430.3658104519152
TICKET005473,2024-09-15,PROP022,Structural,Low,Closed,2024-09-21,6,790.1489689622404
TICKET005474,2024-09-15,PROP021,General Maintenance,Low,In Progress,,138,
TICKET005475,2024-09-15,PROP015,Appliance,Low,Closed,2024-10-02,17,230.52844866281885
TICKET005476,2024-09-15,PROP007,Landscaping,Medium,Closed,2024-09-21,6,1421.799263230448
TICKET005477,2024-09-15,PROP009,Pest Control,Medium,Closed,2024-09-19,4,896.9433657979218
TICKET005478,2024-09-15,PROP013,Appliance,Low,Closed,2024-09-20,5,152.44376588640077
TICKET005479,2024-09-15,PROP016,Appliance,Medium,Closed,2024-09-24,9,355.8458209809977
TICKET005480,2024-09-15,PROP003,Plumbing,High,Closed,2024-09-16,1,429.1619551667783
TICKET005481,2024-09-15,PROP005,Structural,High,Closed,2024-09-18,3,793.0121892849525
TICKET005482,2024-09-15,PROP025,Pest Control,Low,Closed,2024-09-21,6,841.1746276581018
TICKET005483,2024-09-15,PROP015,HVAC,High,Closed,2024-09-18,3,387.04951373633486
TICKET005484,2024-09-15,PROP020,General Maintenance,Medium,Closed,2024-09-23,8,1075.443801641988
TICKET005485,2024-09-15,PROP024,Landscaping,Medium,Closed,2024-09-18,3,834.1886268354876
TICKET005486,2024-09-15,PROP010,Landscaping,High,Closed,2024-09-16,1,998.6616712489399
TICKET005487,2024-09-15,PROP012,Plumbing,Low,Closed,2024-10-01,16,703.7247311846295
TICKET005488,2024-09-15,PROP005,Electrical,Low,Closed,2024-09-30,15,1067.523355140885
TICKET005489,2024-09-15,PROP018,Pest Control,High,Closed,2024-09-18,3,477.6052079340262
TICKET005490,2024-09-16,PROP005,HVAC,High,Closed,2024-09-17,1,258.4356593478585
TICKET005491,2024-09-16,PROP020,HVAC,Low,Closed,2024-09-25,9,428.15802113040706
TICKET005492,2024-09-16,PROP020,Electrical,Low,Closed,2024-09-26,10,624.8015629733018
TICKET005493,2024-09-16,PROP022,General Maintenance,High,Closed,2024-09-19,3,1435.2256534144105
TICKET005494,2024-09-16,PROP012,Pest Control,Medium,Closed,2024-09-20,4,138.29294548996248
TICKET005495,2024-09-16,PROP008,Pest Control,Low,Pending Parts,,137,
TICKET005496,2024-09-16,PROP012,General Maintenance,Low,Closed,2024-09-22,6,486.1071807485451
TICKET005497,2024-09-16,PROP021,General Maintenance,Emergency,Closed,2024-09-16,0,407.4926310665795
TICKET005498,2024-09-16,PROP019,Plumbing,High,Closed,2024-09-19,3,381.29602142229186
TICKET005499,2024-09-16,PROP009,Structural,High,In Progress,,137,
TICKET005500,2024-09-16,PROP015,Pest Control,Medium,Closed,2024-09-21,5,1369.2848046862393
TICKET005501,2024-09-16,PROP008,Landscaping,Medium,Closed,2024-09-24,8,1275.78055648132
TICKET005502,2024-09-16,PROP021,General Maintenance,Medium,Closed,2024-09-24,8,1223.197820442336
TICKET005503,2024-09-16,PROP017,Plumbing,High,Closed,2024-09-20,4,1007.5828982743718
TICKET005504,2024-09-16,PROP005,Structural,Emergency,Closed,2024-09-16,0,718.108721969128
TICKET005505,2024-09-16,PROP021,Electrical,Medium,Closed,2024-09-23,7,476.2451627563461
TICKET005506,2024-09-16,PROP018,HVAC,Low,Closed,2024-09-30,14,1062.8978917845393
TICKET005507,2024-09-16,PROP019,Electrical,Medium,Closed,2024-09-19,3,1445.9852817845906
TICKET005508,2024-09-16,PROP016,Electrical,Low,Closed,2024-09-25,9,161.72300503014043
TICKET005509,2024-09-17,PROP004,Pest Control,Low,Closed,2024-10-01,14,802.176886735483
TICKET005510,2024-09-17,PROP025,HVAC,Low,Closed,2024-09-29,12,319.3667091252985
TICKET005511,2024-09-17,PROP015,Structural,High,Closed,2024-09-18,1,954.7216931837389
TICKET005512,2024-09-17,PROP016,Structural,Medium,In Progress,,136,
TICKET005513,2024-09-17,PROP013,General Maintenance,Low,Closed,2024-10-02,15,1093.753284529247
TICKET005514,2024-09-17,PROP006,HVAC,Medium,Closed,2024-09-20,3,1124.1324507705922
TICKET005515,2024-09-17,PROP016,Landscaping,Low,Closed,2024-09-25,8,77.20630220288433
TICKET005516,2024-09-17,PROP023,Structural,Low,Pending Parts,,136,
TICKET005517,2024-09-17,PROP002,Pest Control,Low,Closed,2024-09-24,7,275.6437451291948
TICKET005518,2024-09-17,PROP019,Pest Control,High,Closed,2024-09-18,1,538.1848740838835
TICKET005519,2024-09-17,PROP007,Electrical,Low,Closed,2024-09-25,8,669.704704212854
TICKET005520,2024-09-17,PROP004,Plumbing,Medium,Pending Parts,,136,
TICKET005521,2024-09-17,PROP009,General Maintenance,Low,Closed,2024-10-03,16,654.9861953555237
TICKET005522,2024-09-17,PROP014,Structural,Emergency,Closed,2024-09-18,1,574.2503628700049
TICKET005523,2024-09-17,PROP022,Appliance,Emergency,Closed,2024-09-17,0,71.19742336674786
TICKET005524,2024-09-17,PROP018,General Maintenance,Low,Closed,2024-09-25,8,267.65062938756535
TICKET005525,2024-09-17,PROP006,Electrical,Emergency,Closed,2024-09-17,0,1240.576948394239
TICKET005526,2024-09-17,PROP024,General Maintenance,Low,In Progress,,136,
TICKET005527,2024-09-17,PROP018,Electrical,Medium,Closed,2024-09-21,4,655.9960057415116
TICKET005528,2024-09-18,PROP021,General Maintenance,High,Closed,2024-09-20,2,1343.2654052103737
TICKET005529,2024-09-18,PROP015,Pest Control,High,Closed,2024-09-22,4,1142.6310583448635
TICKET005530,2024-09-18,PROP015,Plumbing,Medium,Closed,2024-09-25,7,929.5529759763047
TICKET005531,2024-09-18,PROP020,Appliance,High,Closed,2024-09-22,4,828.2955000998622
TICKET005532,2024-09-18,PROP021,Pest Control,High,Closed,2024-09-19,1,916.4605124089251
TICKET005533,2024-09-18,PROP013,Electrical,High,Closed,2024-09-20,2,270.9168993640294
TICKET005534,2024-09-18,PROP019,HVAC,Medium,Closed,2024-09-26,8,783.039651072106
TICKET005535,2024-09-18,PROP006,Plumbing,Low,Closed,2024-09-28,10,191.01592114347838
TICKET005536,2024-09-18,PROP017,Landscaping,Low,Closed,2024-10-05,17,143.76236532260248
TICKET005537,2024-09-18,PROP003,Appliance,Medium,Closed,2024-09-21,3,150.11636250496008
TICKET005538,2024-09-18,PROP017,Plumbing,Low,Closed,2024-09-29,11,213.54617800462248
TICKET005539,2024-09-18,PROP002,Structural,Medium,Closed,2024-09-27,9,872.6262186522165
TICKET005540,2024-09-18,PROP001,Plumbing,High,Closed,2024-09-22,4,57.30022233598368
TICKET005541,2024-09-18,PROP010,Pest Control,High,Closed,2024-09-19,1,1093.1805977048143
TICKET005542,2024-09-18,PROP004,HVAC,Emergency,Closed,2024-09-18,0,994.266258287759
TICKET005543,2024-09-18,PROP025,Plumbing,Low,Closed,2024-10-02,14,149.38581617050727
TICKET005544,2024-09-18,PROP025,General Maintenance,Low,Closed,2024-09-26,8,309.1018777396551
TICKET005545,2024-09-18,PROP024,Electrical,Medium,Closed,2024-09-26,8,934.4012901074503
TICKET005546,2024-09-18,PROP023,HVAC,Medium,In Progress,,135,
TICKET005547,2024-09-18,PROP017,Electrical,Low,Closed,2024-09-27,9,1012.3009780469043
TICKET005548,2024-09-18,PROP008,General Maintenance,High,Closed,2024-09-19,1,1326.8022648535566
TICKET005549,2024-09-18,PROP007,HVAC,Medium,Closed,2024-09-21,3,107.32295826084055
TICKET005550,2024-09-18,PROP004,Landscaping,Low,Closed,2024-09-25,7,1317.7235074936054
TICKET005551,2024-09-18,PROP007,Structural,Medium,Closed,2024-09-21,3,101.48810128899402
TICKET005552,2024-09-18,PROP019,Pest Control,Low,Closed,2024-10-02,14,78.22314338965083
TICKET005553,2024-09-18,PROP007,Pest Control,Low,Closed,2024-09-25,7,505.59225821586074
TICKET005554,2024-09-18,PROP009,General Maintenance,Low,Closed,2024-09-24,6,64.66587516423684
TICKET005555,2024-09-18,PROP001,Plumbing,Low,Closed,2024-09-29,11,294.3095405718149
TICKET005556,2024-09-18,PROP010,Electrical,Low,Closed,2024-10-02,14,60.84934214904012
TICKET005557,2024-09-18,PROP016,Electrical,Medium,Closed,2024-09-24,6,947.0438009216924
TICKET005558,2024-09-19,PROP015,HVAC,Medium,Closed,2024-09-25,6,725.4430676521813
TICKET005559,2024-09-19,PROP001,Appliance,Low,Closed,2024-09-29,10,464.0075550337713
TICKET005560,2024-09-19,PROP019,Appliance,High,Open,,134,
TICKET005561,2024-09-19,PROP018,Appliance,High,In Progress,,134,
TICKET005562,2024-09-19,PROP025,Pest Control,High,Open,,134,
TICKET005563,2024-09-19,PROP020,Plumbing,Low,Closed,2024-09-25,6,137.37317009145994
TICKET005564,2024-09-19,PROP024,Structural,High,Closed,2024-09-23,4,263.2559855223307
TICKET005565,2024-09-19,PROP025,General Maintenance,Emergency,Open,,134,
TICKET005566,2024-09-19,PROP012,Landscaping,High,Closed,2024-09-21,2,1359.1831263309318
TICKET005567,2024-09-19,PROP003,Structural,Low,Closed,2024-10-07,18,127.04040344226404
TICKET005568,2024-09-19,PROP016,Landscaping,High,Closed,2024-09-23,4,1118.5816411349638
TICKET005569,2024-09-19,PROP016,HVAC,High,Closed,2024-09-20,1,1239.3003810768168
TICKET005570,2024-09-19,PROP013,General Maintenance,Low,In Progress,,134,
TICKET005571,2024-09-19,PROP025,Structural,Medium,Closed,2024-09-24,5,577.4103029430113
TICKET005572,2024-09-19,PROP011,Landscaping,High,Closed,2024-09-23,4,407.1591656047146
TICKET005573,2024-09-19,PROP017,Structural,Medium,Closed,2024-09-24,5,646.9768408667844
TICKET005574,2024-09-19,PROP022,HVAC,Low,Closed,2024-10-05,16,764.2891778400325
TICKET005575,2024-09-19,PROP021,General Maintenance,Medium,Closed,2024-09-22,3,825.178251504858
TICKET005576,2024-09-19,PROP011,General Maintenance,Low,Closed,2024-10-06,17,1020.5973243303434
TICKET005577,2024-09-19,PROP001,Structural,Low,Closed,2024-10-02,13,1368.4365594694632
TICKET005578,2024-09-19,PROP007,Pest Control,High,Closed,2024-09-23,4,1174.6309494664426
TICKET005579,2024-09-19,PROP022,Electrical,Medium,Closed,2024-09-26,7,1262.9278633150714
TICKET005580,2024-09-19,PROP005,HVAC,Medium,Closed,2024-09-26,7,486.8000038667991
TICKET005581,2024-09-19,PROP010,Electrical,High,Closed,2024-09-23,4,404.4341119899659
TICKET005582,2024-09-19,PROP004,Electrical,Medium,Closed,2024-09-24,5,1423.222931992175
TICKET005583,2024-09-19,PROP017,Appliance,Medium,Closed,2024-09-28,9,1389.1753933400464
TICKET005584,2024-09-19,PROP019,Appliance,High,Closed,2024-09-22,3,1163.9537564619623
TICKET005585,2024-09-19,PROP015,HVAC,Emergency,Closed,2024-09-20,1,1093.9805423549988
TICKET005586,2024-09-19,PROP009,Pest Control,Emergency,In Progress,,134,
TICKET005587,2024-09-19,PROP004,Pest Control,Medium,Closed,2024-09-23,4,1208.1328309987025
TICKET005588,2024-09-19,PROP012,Structural,Low,Closed,2024-10-08,19,1016.5199131712346
TICKET005589,2024-09-19,PROP007,Plumbing,Low,Closed,2024-10-01,12,158.20430940918214
TICKET005590,2024-09-19,PROP015,Structural,High,Closed,2024-09-22,3,370.32305953945314
TICKET005591,2024-09-20,PROP024,HVAC,Low,Closed,2024-10-03,13,81.73391811576332
TICKET005592,2024-09-20,PROP004,Pest Control,Medium,Closed,2024-09-26,6,1285.726700091985
TICKET005593,2024-09-20,PROP018,Pest Control,Medium,Closed,2024-09-24,4,978.0225385006117
TICKET005594,2024-09-20,PROP025,General Maintenance,Medium,Closed,2024-09-28,8,848.0770489526093
TICKET005595,2024-09-20,PROP008,Structural,High,Pending Parts,,133,
TICKET005596,2024-09-20,PROP018,Pest Control,High,Closed,2024-09-23,3,1320.490803224177
TICKET005597,2024-09-20,PROP019,Plumbing,Low,Closed,2024-10-04,14,607.6210371036032
TICKET005598,2024-09-20,PROP003,Appliance,High,Closed,2024-09-23,3,517.668681092933
TICKET005599,2024-09-20,PROP015,Plumbing,Low,Closed,2024-10-01,11,980.3138778423333
TICKET005600,2024-09-20,PROP014,HVAC,Medium,In Progress,,133,
TICKET005601,2024-09-20,PROP002,Pest Control,Medium,Closed,2024-09-26,6,83.67912794084208
TICKET005602,2024-09-20,PROP018,Landscaping,Medium,Closed,2024-09-23,3,876.8542223290422
TICKET005603,2024-09-20,PROP005,Pest Control,High,Closed,2024-09-23,3,563.759529502611
TICKET005604,2024-09-20,PROP009,General Maintenance,Medium,Pending Parts,,133,
TICKET005605,2024-09-20,PROP007,Appliance,Medium,Closed,2024-09-27,7,129.85007039566483
TICKET005606,2024-09-20,PROP006,Pest Control,Low,Closed,2024-10-08,18,1451.3940343693275
TICKET005607,2024-09-20,PROP023,General Maintenance,Low,Open,,133,
TICKET005608,2024-09-20,PROP002,Electrical,Low,Closed,2024-09-27,7,676.3119253283685
TICKET005609,2024-09-20,PROP018,Pest Control,High,Closed,2024-09-21,1,590.2118242714673
TICKET005610,2024-09-20,PROP003,Structural,High,Closed,2024-09-23,3,1252.5975586905527
TICKET005611,2024-09-20,PROP006,Pest Control,Low,Closed,2024-10-01,11,830.1351481586609
TICKET005612,2024-09-21,PROP014,Pest Control,Low,Closed,2024-10-10,19,1280.8490870628448
TICKET005613,2024-09-21,PROP017,Landscaping,High,Closed,2024-09-23,2,1152.8696610012253
TICKET005614,2024-09-21,PROP023,Pest Control,Medium,Closed,2024-09-28,7,1456.4804485538264
TICKET005615,2024-09-21,PROP025,General Maintenance,Medium,Closed,2024-09-26,5,338.95179185743945
TICKET005616,2024-09-21,PROP005,Landscaping,Medium,Closed,2024-09-28,7,175.36168993751548
TICKET005617,2024-09-21,PROP025,HVAC,Medium,Closed,2024-09-26,5,607.9131022598651
TICKET005618,2024-09-21,PROP018,Appliance,High,Closed,2024-09-23,2,343.5572327853712
TICKET005619,2024-09-21,PROP008,General Maintenance,Medium,Closed,2024-09-25,4,51.07925658916761
TICKET005620,2024-09-21,PROP013,Landscaping,Low,Closed,2024-10-10,19,860.5506508271087
TICKET005621,2024-09-21,PROP024,Structural,Low,Closed,2024-10-09,18,1238.0478967669983
TICKET005622,2024-09-21,PROP020,Appliance,Medium,Closed,2024-09-25,4,1277.9063880164322
TICKET005623,2024-09-21,PROP021,Appliance,High,Closed,2024-09-23,2,1264.1204712981944
TICKET005624,2024-09-21,PROP018,Landscaping,Medium,In Progress,,132,
TICKET005625,2024-09-21,PROP007,Plumbing,High,Closed,2024-09-25,4,662.5287111532149
TICKET005626,2024-09-21,PROP003,Pest Control,High,Pending Parts,,132,
TICKET005627,2024-09-21,PROP021,Structural,Medium,Closed,2024-09-24,3,50.90258231949933
TICKET005628,2024-09-21,PROP006,HVAC,Medium,Closed,2024-09-30,9,680.0087901818848
TICKET005629,2024-09-21,PROP019,Landscaping,High,Closed,2024-09-25,4,1120.3605990633362
TICKET005630,2024-09-21,PROP021,Appliance,Medium,Closed,2024-09-27,6,1132.8823360180588
TICKET005631,2024-09-21,PROP008,Landscaping,Medium,Closed,2024-09-29,8,535.5375861453933
TICKET005632,2024-09-21,PROP019,Landscaping,High,Closed,2024-09-23,2,670.2081437581435
TICKET005633,2024-09-21,PROP019,Electrical,Medium,Closed,2024-09-30,9,939.273392178119
TICKET005634,2024-09-21,PROP017,Appliance,Low,Closed,2024-09-28,7,316.9532738709442
TICKET005635,2024-09-21,PROP009,Structural,Low,Closed,2024-10-09,18,433.36836714561787
TICKET005636,2024-09-21,PROP002,General Maintenance,Low,Closed,2024-09-30,9,432.1296870159122
TICKET005637,2024-09-21,PROP010,Landscaping,High,Closed,2024-09-25,4,67.9320178979846
TICKET005638,2024-09-21,PROP019,Electrical,Low,Closed,2024-10-01,10,532.8014343656973
TICKET005639,2024-09-21,PROP009,Pest Control,Low,Closed,2024-10-07,16,802.2819311585231
TICKET005640,2024-09-22,PROP018,Structural,Medium,Closed,2024-10-01,9,500.5485458032337
TICKET005641,2024-09-22,PROP004,Plumbing,Emergency,Closed,2024-09-22,0,980.0578826163409
TICKET005642,2024-09-22,PROP016,Structural,High,Closed,2024-09-25,3,436.6046761972735
TICKET005643,2024-09-22,PROP017,Landscaping,Medium,Closed,2024-09-30,8,895.2702383150524
TICKET005644,2024-09-22,PROP010,Electrical,Low,Closed,2024-10-07,15,478.29400959697995
TICKET005645,2024-09-22,PROP025,Electrical,Medium,In Progress,,131,
TICKET005646,2024-09-22,PROP024,Pest Control,Low,Closed,2024-09-27,5,1395.3225525862208
TICKET005647,2024-09-22,PROP013,Plumbing,Low,Closed,2024-10-10,18,679.5373574495235
TICKET005648,2024-09-22,PROP022,Landscaping,Medium,Closed,2024-09-30,8,1334.4015395872514
TICKET005649,2024-09-22,PROP004,Pest Control,Medium,Closed,2024-09-29,7,703.97283215875
TICKET005650,2024-09-22,PROP020,Electrical,High,Closed,2024-09-23,1,254.36999979164597
TICKET005651,2024-09-22,PROP009,General Maintenance,Low,Closed,2024-09-30,8,114.0889377991289
TICKET005652,2024-09-22,PROP004,HVAC,Low,Closed,2024-09-30,8,288.1616480909373
TICKET005653,2024-09-22,PROP004,Electrical,High,Closed,2024-09-26,4,914.2941074041771
TICKET005654,2024-09-22,PROP025,Electrical,Medium,Closed,2024-09-28,6,1355.392125419095
TICKET005655,2024-09-22,PROP008,Structural,Emergency,Closed,2024-09-22,0,967.9830771587052
TICKET005656,2024-09-22,PROP014,Landscaping,Medium,Closed,2024-10-01,9,1447.1801251747743
TICKET005657,2024-09-22,PROP020,HVAC,High,Closed,2024-09-23,1,62.00937068829613
TICKET005658,2024-09-22,PROP021,Landscaping,High,Closed,2024-09-24,2,1468.4225522218408
TICKET005659,2024-09-22,PROP004,Plumbing,High,Closed,2024-09-23,1,1226.4566086314342
TICKET005660,2024-09-22,PROP004,Plumbing,High,Closed,2024-09-23,1,731.8108970009575
TICKET005661,2024-09-22,PROP018,General Maintenance,High,Closed,2024-09-25,3,773.1802826415823
TICKET005662,2024-09-22,PROP022,HVAC,High,Open,,131,
TICKET005663,2024-09-22,PROP023,Landscaping,Low,Closed,2024-10-01,9,285.00201142863045
TICKET005664,2024-09-22,PROP025,HVAC,Medium,Closed,2024-09-26,4,847.8682188003003
TICKET005665,2024-09-22,PROP004,Structural,Medium,Closed,2024-09-26,4,806.6086106330506
TICKET005666,2024-09-22,PROP007,Pest Control,Medium,Closed,2024-09-30,8,1491.8465045907888
TICKET005667,2024-09-23,PROP019,HVAC,Medium,Closed,2024-09-29,6,1394.765244607091
TICKET005668,2024-09-23,PROP011,Pest Control,High,Closed,2024-09-27,4,854.2118566779668
TICKET005669,2024-09-23,PROP016,Appliance,Medium,Closed,2024-09-28,5,272.90108794149836
TICKET005670,2024-09-23,PROP006,HVAC,High,Closed,2024-09-26,3,142.60230645736974
TICKET005671,2024-09-23,PROP002,Appliance,Low,Closed,2024-10-06,13,482.0649207914292
TICKET005672,2024-09-23,PROP015,HVAC,Medium,Closed,2024-09-29,6,563.3871894390047
TICKET005673,2024-09-23,PROP024,Structural,Medium,Closed,2024-09-28,5,555.4281025467387
TICKET005674,2024-09-23,PROP025,Electrical,Medium,Open,,130,
TICKET005675,2024-09-23,PROP002,Structural,High,Closed,2024-09-24,1,1435.5788301037303
TICKET005676,2024-09-23,PROP004,Appliance,Medium,Closed,2024-10-02,9,1331.3486698458355
TICKET005677,2024-09-23,PROP009,Landscaping,Low,Pending Parts,,130,
TICKET005678,2024-09-23,PROP018,General Maintenance,Low,Pending Parts,,130,
TICKET005679,2024-09-23,PROP013,Landscaping,Low,Closed,2024-10-11,18,1311.2157341435513
TICKET005680,2024-09-23,PROP015,HVAC,Low,Pending Parts,,130,
TICKET005681,2024-09-23,PROP014,Appliance,Low,Closed,2024-09-30,7,1218.7419074159418
TICKET005682,2024-09-23,PROP009,Pest Control,Medium,Closed,2024-09-28,5,711.3031386042713
TICKET005683,2024-09-23,PROP005,Appliance,Medium,In Progress,,130,
TICKET005684,2024-09-23,PROP016,Electrical,Medium,Closed,2024-09-27,4,138.43405460085842
TICKET005685,2024-09-23,PROP004,Structural,Low,Closed,2024-10-05,12,478.78306266936767
TICKET005686,2024-09-23,PROP012,Plumbing,Low,Closed,2024-09-30,7,966.9794626462134
TICKET005687,2024-09-23,PROP004,Appliance,Low,Closed,2024-10-10,17,249.42614234704575
TICKET005688,2024-09-23,PROP008,Landscaping,Medium,Closed,2024-09-26,3,643.2066488901685
TICKET005689,2024-09-23,PROP023,Appliance,Emergency,Closed,2024-09-23,0,1076.2994599883182
TICKET005690,2024-09-23,PROP001,HVAC,High,Closed,2024-09-24,1,850.8197876862819
TICKET005691,2024-09-23,PROP003,Plumbing,Medium,Closed,2024-09-27,4,683.179191147409
TICKET005692,2024-09-24,PROP007,General Maintenance,High,Closed,2024-09-25,1,1478.2795396795739
TICKET005693,2024-09-24,PROP008,Landscaping,Medium,Closed,2024-10-02,8,571.7213769385535
TICKET005694,2024-09-24,PROP003,Structural,Low,Closed,2024-10-08,14,1000.3588191831874
TICKET005695,2024-09-24,PROP005,Pest Control,Medium,Closed,2024-10-01,7,76.01535079111878
TICKET005696,2024-09-24,PROP004,General Maintenance,Low,Closed,2024-10-04,10,1105.3018372003887
TICKET005697,2024-09-24,PROP021,HVAC,Low,Closed,2024-10-12,18,773.2773634095787
TICKET005698,2024-09-24,PROP025,Structural,High,Closed,2024-09-28,4,1428.3242249117427
TICKET005699,2024-09-24,PROP025,Structural,Emergency,Closed,2024-09-25,1,257.0495049172507
TICKET005700,2024-09-24,PROP019,Plumbing,Low,In Progress,,129,
TICKET005701,2024-09-24,PROP024,HVAC,Low,Closed,2024-10-08,14,761.6941289516038
TICKET005702,2024-09-24,PROP025,Structural,Medium,Closed,2024-10-03,9,315.9932639255133
TICKET005703,2024-09-24,PROP012,Pest Control,Medium,Closed,2024-09-30,6,1059.3053035936082
TICKET005704,2024-09-24,PROP015,Appliance,Low,Closed,2024-10-04,10,775.3584488923937
TICKET005705,2024-09-24,PROP016,HVAC,Medium,Closed,2024-09-27,3,444.47246803524513
TICKET005706,2024-09-24,PROP020,Structural,Low,Closed,2024-10-11,17,1104.3711145301363
TICKET005707,2024-09-24,PROP004,HVAC,Low,Closed,2024-10-13,19,244.47257055415253
TICKET005708,2024-09-24,PROP004,Electrical,Low,Closed,2024-10-10,16,1355.95504338084
TICKET005709,2024-09-24,PROP015,Pest Control,High,Closed,2024-09-27,3,904.9324581191615
TICKET005710,2024-09-24,PROP018,Pest Control,Low,Closed,2024-10-09,15,365.20656803719334
TICKET005711,2024-09-24,PROP020,Pest Control,Medium,Closed,2024-10-02,8,1288.600271333524
TICKET005712,2024-09-24,PROP018,Pest Control,Medium,Closed,2024-10-02,8,400.42131803340357
TICKET005713,2024-09-24,PROP010,Structural,Medium,Closed,2024-10-01,7,992.5080697176232
TICKET005714,2024-09-24,PROP022,Structural,Low,Closed,2024-10-06,12,161.76340375381972
TICKET005715,2024-09-24,PROP021,Pest Control,Low,Closed,2024-10-05,11,541.3083985543662
TICKET005716,2024-09-24,PROP020,HVAC,High,Closed,2024-09-27,3,353.6795761220346
TICKET005717,2024-09-25,PROP018,Appliance,High,Closed,2024-09-29,4,892.2191261309498
TICKET005718,2024-09-25,PROP005,General Maintenance,High,Closed,2024-09-26,1,535.7367520252749
TICKET005719,2024-09-25,PROP011,Plumbing,Medium,Closed,2024-10-01,6,619.2051544407625
TICKET005720,2024-09-25,PROP019,Plumbing,Emergency,Closed,2024-09-25,0,1293.9256290990684
TICKET005721,2024-09-25,PROP002,Structural,Low,Closed,2024-10-07,12,1472.5662740956368
TICKET005722,2024-09-25,PROP021,General Maintenance,Medium,Closed,2024-10-02,7,1386.302896517998
TICKET005723,2024-09-25,PROP009,Landscaping,Low,Closed,2024-10-07,12,887.7948680209842
TICKET005724,2024-09-25,PROP013,Pest Control,Low,Closed,2024-10-07,12,581.3246946999739
TICKET005725,2024-09-25,PROP016,General Maintenance,Medium,Closed,2024-10-03,8,412.81087285346604
TICKET005726,2024-09-25,PROP001,HVAC,High,Pending Parts,,128,
TICKET005727,2024-09-25,PROP015,General Maintenance,Low,Closed,2024-10-04,9,970.5682866776582
TICKET005728,2024-09-25,PROP001,HVAC,Low,Closed,2024-10-09,14,450.5082361486324
TICKET005729,2024-09-25,PROP002,Appliance,Medium,Closed,2024-10-04,9,1468.2333040822455
TICKET005730,2024-09-25,PROP018,HVAC,Emergency,Closed,2024-09-25,0,1161.939064115342
TICKET005731,2024-09-25,PROP013,HVAC,Medium,Closed,2024-09-30,5,1057.5051086186713
TICKET005732,2024-09-25,PROP022,HVAC,Low,Closed,2024-10-03,8,990.192374549195
TICKET005733,2024-09-25,PROP012,Electrical,Medium,Closed,2024-10-03,8,163.2085911890516
TICKET005734,2024-09-25,PROP007,Appliance,High,In Progress,,128,
TICKET005735,2024-09-25,PROP001,Plumbing,Low,Closed,2024-10-14,19,60.3800912132467
TICKET005736,2024-09-25,PROP020,Pest Control,Low,Closed,2024-10-13,18,1348.7557394942107
TICKET005737,2024-09-25,PROP003,HVAC,Medium,Closed,2024-10-03,8,798.2486040920044
TICKET005738,2024-09-25,PROP017,General Maintenance,Medium,Open,,128,
TICKET005739,2024-09-25,PROP017,Electrical,Low,Pending Parts,,128,
TICKET005740,2024-09-25,PROP001,General Maintenance,Medium,Closed,2024-10-04,9,254.81554836351282
TICKET005741,2024-09-25,PROP011,Plumbing,Medium,Closed,2024-09-30,5,1288.7280562086291
TICKET005742,2024-09-25,PROP014,HVAC,High,Closed,2024-09-28,3,858.1352691450167
TICKET005743,2024-09-25,PROP020,Electrical,High,Closed,2024-09-29,4,1448.5132439045117
TICKET005744,2024-09-25,PROP023,Structural,Low,Closed,2024-10-08,13,1073.2683451012829
TICKET005745,2024-09-25,PROP007,Plumbing,High,Closed,2024-09-28,3,1003.4930792342032
TICKET005746,2024-09-25,PROP008,Plumbing,Low,In Progress,,128,
TICKET005747,2024-09-25,PROP012,HVAC,High,Pending Parts,,128,
TICKET005748,2024-09-25,PROP023,HVAC,Medium,Closed,2024-09-29,4,970.4233389810363
TICKET005749,2024-09-25,PROP010,Plumbing,High,Closed,2024-09-29,4,1169.4641421616782
TICKET005750,2024-09-25,PROP002,HVAC,High,Closed,2024-09-28,3,549.3560862367615
TICKET005751,2024-09-26,PROP015,Electrical,Medium,Closed,2024-09-30,4,1226.801770195082
TICKET005752,2024-09-26,PROP003,Electrical,Medium,Closed,2024-09-29,3,313.018593569625
TICKET005753,2024-09-26,PROP012,HVAC,Low,Open,,127,
TICKET005754,2024-09-26,PROP016,Plumbing,Low,Closed,2024-10-09,13,1031.6810971881891
TICKET005755,2024-09-26,PROP013,HVAC,Medium,Pending Parts,,127,
TICKET005756,2024-09-26,PROP015,Landscaping,Medium,Closed,2024-09-30,4,1118.0719154291505
TICKET005757,2024-09-26,PROP012,Landscaping,Medium,Closed,2024-10-01,5,884.2999271529168
TICKET005758,2024-09-26,PROP024,Electrical,Low,Closed,2024-10-13,17,203.42545399614596
TICKET005759,2024-09-26,PROP013,Pest Control,High,Closed,2024-09-27,1,727.4554267325403
TICKET005760,2024-09-26,PROP016,Electrical,Medium,Closed,2024-10-05,9,873.9735946271126
TICKET005761,2024-09-26,PROP004,Plumbing,High,Pending Parts,,127,
TICKET005762,2024-09-26,PROP019,Pest Control,Medium,In Progress,,127,
TICKET005763,2024-09-26,PROP020,Pest Control,Medium,Closed,2024-10-02,6,1255.9703308472644
TICKET005764,2024-09-26,PROP020,Appliance,Medium,Closed,2024-10-02,6,1331.6492425134118
TICKET005765,2024-09-26,PROP014,Landscaping,Low,Open,,127,
TICKET005766,2024-09-26,PROP020,Pest Control,Medium,Pending Parts,,127,
TICKET005767,2024-09-26,PROP024,Appliance,Medium,Closed,2024-10-04,8,1226.0308987928174
TICKET005768,2024-09-26,PROP023,Structural,Low,Closed,2024-10-11,15,1423.757733739767
TICKET005769,2024-09-26,PROP020,Appliance,Low,Closed,2024-10-12,16,423.0155983587207
TICKET005770,2024-09-26,PROP005,HVAC,Low,In Progress,,127,
TICKET005771,2024-09-26,PROP011,Appliance,Low,Closed,2024-10-15,19,1157.7093538693698
TICKET005772,2024-09-26,PROP013,Pest Control,Medium,Closed,2024-10-04,8,363.0599546256396
TICKET005773,2024-09-26,PROP017,Structural,Medium,Closed,2024-10-02,6,1217.5609822493109
TICKET005774,2024-09-26,PROP022,Structural,High,Closed,2024-09-27,1,1331.3199663523812
TICKET005775,2024-09-26,PROP009,HVAC,High,Closed,2024-09-27,1,1282.488210573537
TICKET005776,2024-09-26,PROP013,Plumbing,Low,Closed,2024-10-06,10,492.61688894445166
TICKET005777,2024-09-26,PROP014,Landscaping,High,Closed,2024-09-29,3,1368.2331166426693
TICKET005778,2024-09-27,PROP011,Landscaping,Medium,Open,,126,
TICKET005779,2024-09-27,PROP023,Electrical,Medium,Closed,2024-10-04,7,114.61828703673716
TICKET005780,2024-09-27,PROP001,Plumbing,Low,Closed,2024-10-06,9,344.19036301737776
TICKET005781,2024-09-27,PROP007,Pest Control,Low,Closed,2024-10-04,7,865.4768204960455
TICKET005782,2024-09-27,PROP006,Landscaping,Low,In Progress,,126,
TICKET005783,2024-09-27,PROP006,Landscaping,Medium,Closed,2024-10-06,9,1406.9278877276336
TICKET005784,2024-09-27,PROP014,Pest Control,High,Closed,2024-09-30,3,1054.2418462355581
TICKET005785,2024-09-27,PROP012,Structural,High,Pending Parts,,126,
TICKET005786,2024-09-27,PROP021,Electrical,High,Closed,2024-10-01,4,52.41129999960261
TICKET005787,2024-09-27,PROP003,HVAC,Low,Closed,2024-10-08,11,400.53921792194427
TICKET005788,2024-09-27,PROP022,Landscaping,Low,Closed,2024-10-05,8,1001.5284425604484
TICKET005789,2024-09-27,PROP009,Electrical,High,Closed,2024-09-29,2,1478.67735139266
TICKET005790,2024-09-27,PROP006,HVAC,High,Closed,2024-10-01,4,65.90363030352144
TICKET005791,2024-09-27,PROP009,General Maintenance,Low,Closed,2024-10-09,12,840.3628472300967
TICKET005792,2024-09-27,PROP002,Plumbing,Low,Open,,126,
TICKET005793,2024-09-27,PROP023,Pest Control,Low,Closed,2024-10-06,9,589.7967535489745
TICKET005794,2024-09-27,PROP006,HVAC,High,Closed,2024-10-01,4,145.36764880622255
TICKET005795,2024-09-27,PROP014,Pest Control,Low,Closed,2024-10-11,14,1099.7137215952941
TICKET005796,2024-09-27,PROP014,Structural,High,Closed,2024-10-01,4,1117.7615572670313
TICKET005797,2024-09-27,PROP001,Electrical,Low,Open,,126,
TICKET005798,2024-09-27,PROP020,Pest Control,Medium,Closed,2024-10-06,9,602.3917280434753
TICKET005799,2024-09-27,PROP004,Pest Control,Medium,Closed,2024-10-05,8,1018.4294332271983
TICKET005800,2024-09-27,PROP024,Appliance,Low,Pending Parts,,126,
TICKET005801,2024-09-27,PROP001,Electrical,Low,Open,,126,
TICKET005802,2024-09-27,PROP021,Structural,Medium,Closed,2024-10-05,8,393.6367044013787
TICKET005803,2024-09-27,PROP024,Structural,Medium,Closed,2024-10-02,5,814.5378425890241
TICKET005804,2024-09-27,PROP016,Electrical,Medium,Closed,2024-10-01,4,674.7572032074017
TICKET005805,2024-09-27,PROP019,Appliance,Low,Closed,2024-10-16,19,166.07946095223176
TICKET005806,2024-09-27,PROP017,Electrical,Low,Closed,2024-10-06,9,118.06190026957947
TICKET005807,2024-09-27,PROP003,Appliance,Emergency,Closed,2024-09-27,0,759.236756101696
TICKET005808,2024-09-27,PROP021,Appliance,Medium,Closed,2024-10-04,7,183.4415941045721
TICKET005809,2024-09-27,PROP006,HVAC,Medium,Closed,2024-10-02,5,612.7313876905915
TICKET005810,2024-09-27,PROP011,HVAC,Low,Closed,2024-10-08,11,768.7253094349071
TICKET005811,2024-09-27,PROP002,Electrical,Low,Closed,2024-10-15,18,810.9041238288138
TICKET005812,2024-09-28,PROP009,Pest Control,Emergency,Closed,2024-09-28,0,311.10102474536734
TICKET005813,2024-09-28,PROP001,Landscaping,High,In Progress,,125,
TICKET005814,2024-09-28,PROP004,General Maintenance,High,Closed,2024-09-30,2,1246.6825422721104
TICKET005815,2024-09-28,PROP007,Plumbing,Medium,Open,,125,
TICKET005816,2024-09-28,PROP022,Electrical,Low,Closed,2024-10-07,9,757.4893927840219
TICKET005817,2024-09-28,PROP016,Structural,Low,Closed,2024-10-03,5,1233.0662598468127
TICKET005818,2024-09-28,PROP006,Landscaping,Medium,Closed,2024-10-07,9,1427.5946850026357
TICKET005819,2024-09-28,PROP016,General Maintenance,High,Closed,2024-09-29,1,854.5302006034708
TICKET005820,2024-09-28,PROP017,Electrical,Medium,Open,,125,
TICKET005821,2024-09-28,PROP011,Landscaping,Low,Open,,125,
TICKET005822,2024-09-28,PROP025,Landscaping,Low,Closed,2024-10-16,18,533.9198598288748
TICKET005823,2024-09-28,PROP014,Appliance,Low,Closed,2024-10-05,7,545.0914000664127
TICKET005824,2024-09-28,PROP003,General Maintenance,Medium,Closed,2024-10-03,5,1442.1816112056604
TICKET005825,2024-09-28,PROP020,HVAC,Medium,Closed,2024-10-06,8,554.4463196584027
TICKET005826,2024-09-28,PROP011,Structural,High,Open,,125,
TICKET005827,2024-09-28,PROP004,Electrical,High,Closed,2024-10-02,4,1204.8978310991056
TICKET005828,2024-09-28,PROP012,Plumbing,Medium,Closed,2024-10-04,6,566.322191192082
TICKET005829,2024-09-28,PROP016,Structural,Medium,Closed,2024-10-02,4,756.2617301107878
TICKET005830,2024-09-28,PROP011,HVAC,Medium,Closed,2024-10-06,8,148.25052562601394
TICKET005831,2024-09-28,PROP014,Structural,High,Closed,2024-10-02,4,1360.001570051107
TICKET005832,2024-09-28,PROP024,General Maintenance,Low,Closed,2024-10-11,13,1164.1586023746768
TICKET005833,2024-09-28,PROP006,Plumbing,Medium,Closed,2024-10-02,4,365.8262245953099
TICKET005834,2024-09-28,PROP001,Landscaping,Medium,Closed,2024-10-04,6,503.42622037467703
TICKET005835,2024-09-28,PROP011,Structural,Low,Closed,2024-10-12,14,503.6332614179514
TICKET005836,2024-09-28,PROP016,Structural,High,Closed,2024-09-29,1,852.3331094105415
TICKET005837,2024-09-28,PROP010,Appliance,High,Closed,2024-09-29,1,359.5975378751264
TICKET005838,2024-09-29,PROP009,Landscaping,High,Closed,2024-10-02,3,136.7630630416867
TICKET005839,2024-09-29,PROP025,Plumbing,Medium,Closed,2024-10-02,3,1461.811908558959
TICKET005840,2024-09-29,PROP017,HVAC,Low,In Progress,,124,
TICKET005841,2024-09-29,PROP002,Appliance,Low,Pending Parts,,124,
TICKET005842,2024-09-29,PROP003,HVAC,Low,Closed,2024-10-09,10,1142.1005470558985
TICKET005843,2024-09-29,PROP016,Plumbing,Medium,Closed,2024-10-08,9,807.5983813641726
TICKET005844,2024-09-29,PROP018,Electrical,Emergency,Closed,2024-09-29,0,1147.1273742145768
TICKET005845,2024-09-29,PROP011,Landscaping,Low,Closed,2024-10-15,16,405.4683652786
TICKET005846,2024-09-29,PROP005,HVAC,Low,Closed,2024-10-17,18,650.5967497878365
TICKET005847,2024-09-29,PROP007,Appliance,High,Closed,2024-10-01,2,241.28073376132306
TICKET005848,2024-09-29,PROP023,General Maintenance,Low,Closed,2024-10-13,14,889.5997997851882
TICKET005849,2024-09-29,PROP016,General Maintenance,Low,Closed,2024-10-05,6,493.2069070662069
TICKET005850,2024-09-29,PROP017,Appliance,Medium,Closed,2024-10-04,5,284.07833505635415
TICKET005851,2024-09-29,PROP001,General Maintenance,Low,Closed,2024-10-15,16,503.41536425099673
TICKET005852,2024-09-29,PROP018,Electrical,Emergency,Closed,2024-09-30,1,209.4617211569231
TICKET005853,2024-09-29,PROP020,Appliance,Low,Closed,2024-10-04,5,176.4621911431105
TICKET005854,2024-09-29,PROP005,Appliance,Medium,Closed,2024-10-04,5,1104.8354330679658
TICKET005855,2024-09-29,PROP010,HVAC,High,Closed,2024-10-03,4,592.8292173320109
TICKET005856,2024-09-29,PROP012,General Maintenance,Medium,Closed,2024-10-08,9,812.8661983425507
TICKET005857,2024-09-29,PROP004,HVAC,High,Closed,2024-10-02,3,316.30636401033127
TICKET005858,2024-09-29,PROP004,Landscaping,Low,Closed,2024-10-04,5,1078.4499218426974
TICKET005859,2024-09-29,PROP017,Appliance,Medium,Closed,2024-10-02,3,957.1509245621278
TICKET005860,2024-09-29,PROP019,Electrical,Low,Closed,2024-10-05,6,1345.7328844842878
TICKET005861,2024-09-29,PROP012,Landscaping,High,Closed,2024-09-30,1,554.5351463425363
TICKET005862,2024-09-29,PROP017,Structural,High,Closed,2024-09-30,1,1342.5178898809743
TICKET005863,2024-09-29,PROP021,Plumbing,High,Open,,124,
TICKET005864,2024-09-29,PROP004,Pest Control,High,Closed,2024-10-02,3,550.9140243266836
TICKET005865,2024-09-29,PROP017,Structural,Medium,Closed,2024-10-06,7,1454.0272993583646
TICKET005866,2024-09-29,PROP020,Appliance,Low,In Progress,,124,
TICKET005867,2024-09-29,PROP017,General Maintenance,Medium,Closed,2024-10-03,4,934.5170264414725
TICKET005868,2024-09-29,PROP008,Appliance,Low,Closed,2024-10-11,12,1308.1698339112036
TICKET005869,2024-09-29,PROP012,Appliance,Low,Closed,2024-10-14,15,682.7668448463817
TICKET005870,2024-09-30,PROP021,Appliance,Emergency,Closed,2024-09-30,0,622.4895486592068
TICKET005871,2024-09-30,PROP009,Plumbing,Low,Closed,2024-10-09,9,555.1081349764179
TICKET005872,2024-09-30,PROP002,HVAC,Low,Closed,2024-10-07,7,956.7198360246264
TICKET005873,2024-09-30,PROP015,Landscaping,Low,Closed,2024-10-13,13,128.11962129244978
TICKET005874,2024-09-30,PROP022,HVAC,Low,Closed,2024-10-07,7,439.65195372180324
TICKET005875,2024-09-30,PROP005,Plumbing,Medium,Closed,2024-10-08,8,1055.8374121512666
TICKET005876,2024-09-30,PROP021,Electrical,Medium,Closed,2024-10-04,4,562.8406949748902
TICKET005877,2024-09-30,PROP011,Plumbing,Low,Closed,2024-10-13,13,1412.6355104789156
TICKET005878,2024-09-30,PROP015,Plumbing,Low,Closed,2024-10-16,16,177.76921266481617
TICKET005879,2024-09-30,PROP024,Electrical,High,Closed,2024-10-01,1,823.6274949815471
TICKET005880,2024-09-30,PROP003,Landscaping,Medium,Closed,2024-10-06,6,119.02386897935747
TICKET005881,2024-09-30,PROP002,Electrical,Low,Closed,2024-10-09,9,1409.2723866739468
TICKET005882,2024-09-30,PROP008,Appliance,Medium,Closed,2024-10-04,4,1052.2569212867543
TICKET005883,2024-09-30,PROP011,Electrical,Low,Open,,123,
TICKET005884,2024-09-30,PROP010,Plumbing,Low,Closed,2024-10-07,7,698.6011765116804
TICKET005885,2024-09-30,PROP011,Pest Control,Low,Closed,2024-10-07,7,357.74640454157026
TICKET005886,2024-09-30,PROP015,Appliance,Low,Closed,2024-10-06,6,1365.4339095082373
TICKET005887,2024-09-30,PROP023,Landscaping,Low,Closed,2024-10-15,15,1127.8538500708892
TICKET005888,2024-09-30,PROP013,Electrical,Medium,Closed,2024-10-07,7,727.134327175712
TICKET005889,2024-09-30,PROP021,General Maintenance,Medium,Closed,2024-10-09,9,854.082788912469
TICKET005890,2024-09-30,PROP005,Plumbing,Medium,Pending Parts,,123,
TICKET005891,2024-09-30,PROP013,Appliance,Medium,Closed,2024-10-08,8,472.22836993470924
TICKET005892,2024-09-30,PROP016,Plumbing,Medium,Closed,2024-10-08,8,552.1131618931208
TICKET005893,2024-09-30,PROP007,Structural,Medium,Closed,2024-10-08,8,989.8451587355064
TICKET005894,2024-09-30,PROP005,Structural,Low,Open,,123,
TICKET005895,2024-09-30,PROP006,Plumbing,High,Closed,2024-10-01,1,1046.3303662920407
TICKET005896,2024-09-30,PROP007,Appliance,Medium,Closed,2024-10-08,8,59.716542579958926
TICKET005897,2024-10-01,PROP009,Pest Control,Medium,Closed,2024-10-09,8,615.273339419334
TICKET005898,2024-10-01,PROP002,HVAC,Low,Closed,2024-10-19,18,722.8584896279929
TICKET005899,2024-10-01,PROP015,HVAC,Low,Closed,2024-10-12,11,1471.2990843054324
TICKET005900,2024-10-01,PROP002,Plumbing,Medium,Closed,2024-10-06,5,513.0491480401588
TICKET005901,2024-10-01,PROP018,Plumbing,Medium,Closed,2024-10-05,4,1044.7946751991587
TICKET005902,2024-10-01,PROP021,Plumbing,Low,Closed,2024-10-06,5,1223.4096734780583
TICKET005903,2024-10-01,PROP019,General Maintenance,Low,Closed,2024-10-16,15,850.3873941520621
TICKET005904,2024-10-01,PROP009,Appliance,Low,In Progress,,122,
TICKET005905,2024-10-01,PROP004,HVAC,Medium,Closed,2024-10-06,5,513.087923950568
TICKET005906,2024-10-01,PROP015,Landscaping,High,Closed,2024-10-05,4,799.8617135699251
TICKET005907,2024-10-01,PROP002,Landscaping,High,Closed,2024-10-04,3,238.79183443756142
TICKET005908,2024-10-01,PROP025,Appliance,High,In Progress,,122,
TICKET005909,2024-10-01,PROP019,Electrical,Medium,Closed,2024-10-06,5,1469.42161098304
TICKET005910,2024-10-01,PROP014,Electrical,Emergency,Open,,122,
TICKET005911,2024-10-01,PROP023,Appliance,Low,Closed,2024-10-17,16,472.7005098077082
TICKET005912,2024-10-01,PROP017,Appliance,Medium,Closed,2024-10-07,6,473.0729860647967
TICKET005913,2024-10-01,PROP020,Pest Control,Low,Closed,2024-10-16,15,523.7572905732837
TICKET005914,2024-10-01,PROP010,Electrical,Low,Closed,2024-10-14,13,288.9355903450978
TICKET005915,2024-10-01,PROP018,Plumbing,Medium,Closed,2024-10-05,4,1181.1634369191333
TICKET005916,2024-10-01,PROP010,Pest Control,Low,Closed,2024-10-11,10,756.1007168449645
TICKET005917,2024-10-01,PROP008,Landscaping,Low,Closed,2024-10-09,8,302.4590685748209
TICKET005918,2024-10-01,PROP023,Plumbing,Medium,Closed,2024-10-10,9,1239.6819434438335
TICKET005919,2024-10-02,PROP020,Pest Control,Low,Closed,2024-10-10,8,646.454488326494
TICKET005920,2024-10-02,PROP004,Structural,Low,Closed,2024-10-07,5,1309.093234069711
TICKET005921,2024-10-02,PROP021,HVAC,High,Closed,2024-10-04,2,782.035481384387
TICKET005922,2024-10-02,PROP001,HVAC,Low,Pending Parts,,121,
TICKET005923,2024-10-02,PROP001,HVAC,Low,Closed,2024-10-21,19,727.100702077615
TICKET005924,2024-10-02,PROP004,Plumbing,Low,Closed,2024-10-07,5,1387.2722851125604
TICKET005925,2024-10-02,PROP009,Pest Control,Medium,Closed,2024-10-06,4,638.7464927330985
TICKET005926,2024-10-02,PROP012,Landscaping,Medium,Closed,2024-10-06,4,120.27345083367437
TICKET005927,2024-10-02,PROP001,Appliance,High,Closed,2024-10-05,3,505.7657830479729
TICKET005928,2024-10-02,PROP022,Plumbing,Medium,Closed,2024-10-07,5,93.4305556773132
TICKET005929,2024-10-02,PROP017,Pest Control,Low,Closed,2024-10-07,5,1359.1746630925688
TICKET005930,2024-10-02,PROP021,Structural,Low,Closed,2024-10-15,13,1383.884316601759
TICKET005931,2024-10-02,PROP003,Appliance,Low,Closed,2024-10-10,8,784.1775690138797
TICKET005932,2024-10-02,PROP009,Plumbing,High,Closed,2024-10-03,1,1052.4137517895651
TICKET005933,2024-10-02,PROP001,HVAC,Medium,Closed,2024-10-08,6,1378.2901928763865
TICKET005934,2024-10-02,PROP012,Electrical,High,Closed,2024-10-03,1,553.2364703815161
TICKET005935,2024-10-02,PROP013,Plumbing,Low,Pending Parts,,121,
TICKET005936,2024-10-02,PROP024,Landscaping,High,Closed,2024-10-04,2,793.7182980140599
TICKET005937,2024-10-02,PROP024,Landscaping,Medium,Closed,2024-10-08,6,1247.0307345380838
TICKET005938,2024-10-02,PROP018,Structural,High,Closed,2024-10-06,4,1132.4919810617737
TICKET005939,2024-10-02,PROP014,HVAC,High,Open,,121,
TICKET005940,2024-10-02,PROP024,Electrical,Low,Closed,2024-10-21,19,104.48062374690036
TICKET005941,2024-10-02,PROP002,Structural,Low,Closed,2024-10-15,13,259.50310777437176
TICKET005942,2024-10-02,PROP025,Structural,Medium,Closed,2024-10-09,7,1397.746134046891
TICKET005943,2024-10-02,PROP024,Pest Control,Medium,Closed,2024-10-05,3,811.1739477477972
TICKET005944,2024-10-02,PROP013,Structural,Low,Open,,121,
TICKET005945,2024-10-02,PROP003,HVAC,Low,Closed,2024-10-15,13,52.030673615629965
TICKET005946,2024-10-02,PROP008,Electrical,Medium,Closed,2024-10-10,8,203.9156853094232
TICKET005947,2024-10-03,PROP010,Appliance,High,Pending Parts,,120,
TICKET005948,2024-10-03,PROP020,Plumbing,Emergency,Closed,2024-10-03,0,1127.7797590947691
TICKET005949,2024-10-03,PROP024,Plumbing,Emergency,In Progress,,120,
TICKET005950,2024-10-03,PROP023,Appliance,High,Closed,2024-10-04,1,341.24710596622907
TICKET005951,2024-10-03,PROP022,Landscaping,Low,Closed,2024-10-19,16,578.5173039827725
TICKET005952,2024-10-03,PROP013,Structural,High,Closed,2024-10-05,2,75.458345751985
TICKET005953,2024-10-03,PROP012,Electrical,High,Closed,2024-10-07,4,1348.4820091001
TICKET005954,2024-10-03,PROP002,General Maintenance,Medium,Closed,2024-10-07,4,1475.2559457824218
TICKET005955,2024-10-03,PROP003,HVAC,Low,Closed,2024-10-08,5,383.60804893645695
TICKET005956,2024-10-03,PROP001,Landscaping,High,In Progress,,120,
TICKET005957,2024-10-03,PROP003,Plumbing,Low,Open,,120,
TICKET005958,2024-10-03,PROP015,Pest Control,High,In Progress,,120,
TICKET005959,2024-10-03,PROP019,Electrical,Medium,Closed,2024-10-08,5,944.3267485898093
TICKET005960,2024-10-03,PROP002,Pest Control,Low,Closed,2024-10-15,12,418.7039852401346
TICKET005961,2024-10-03,PROP017,Pest Control,Low,Closed,2024-10-18,15,1474.4632237048056
TICKET005962,2024-10-03,PROP014,Plumbing,Medium,Closed,2024-10-12,9,854.9129383161762
TICKET005963,2024-10-03,PROP002,Appliance,Low,Closed,2024-10-15,12,192.65869895101972
TICKET005964,2024-10-03,PROP006,Electrical,Medium,In Progress,,120,
TICKET005965,2024-10-03,PROP015,Appliance,Medium,Closed,2024-10-06,3,993.0702732928531
TICKET005966,2024-10-03,PROP022,General Maintenance,Emergency,Closed,2024-10-03,0,911.1557782371952
TICKET005967,2024-10-03,PROP005,HVAC,High,Closed,2024-10-05,2,848.3349873719098
TICKET005968,2024-10-03,PROP019,Landscaping,Emergency,Closed,2024-10-03,0,285.53357758842503
TICKET005969,2024-10-03,PROP005,Landscaping,Emergency,Closed,2024-10-04,1,1368.1715633489923
TICKET005970,2024-10-03,PROP002,Landscaping,High,Closed,2024-10-05,2,1468.7706907167353
TICKET005971,2024-10-03,PROP017,Appliance,Low,Closed,2024-10-09,6,1111.2817075406024
TICKET005972,2024-10-03,PROP014,Electrical,Low,Closed,2024-10-19,16,1179.0432130057823
TICKET005973,2024-10-03,PROP003,Electrical,High,Closed,2024-10-05,2,937.727496002051
TICKET005974,2024-10-03,PROP011,Landscaping,Emergency,Closed,2024-10-04,1,1017.3927247254124
TICKET005975,2024-10-03,PROP004,Appliance,Medium,Pending Parts,,120,
TICKET005976,2024-10-03,PROP005,Plumbing,Low,Closed,2024-10-19,16,842.8271534789706
TICKET005977,2024-10-04,PROP001,Plumbing,Low,Closed,2024-10-14,10,1437.397061890386
TICKET005978,2024-10-04,PROP016,Structural,High,Closed,2024-10-05,1,902.695362358625
TICKET005979,2024-10-04,PROP002,Structural,Medium,Open,,119,
TICKET005980,2024-10-04,PROP006,Landscaping,High,Open,,119,
TICKET005981,2024-10-04,PROP008,Plumbing,High,In Progress,,119,
TICKET005982,2024-10-04,PROP011,HVAC,Low,Closed,2024-10-22,18,325.69829618916157
TICKET005983,2024-10-04,PROP002,Landscaping,Medium,Closed,2024-10-13,9,901.1554457100708
TICKET005984,2024-10-04,PROP015,Structural,Medium,Closed,2024-10-09,5,1255.2727435211864
TICKET005985,2024-10-04,PROP016,General Maintenance,High,Closed,2024-10-07,3,377.0136459983082
TICKET005986,2024-10-04,PROP018,Plumbing,Low,Closed,2024-10-14,10,1375.5244435532843
TICKET005987,2024-10-04,PROP019,Electrical,Low,Closed,2024-10-19,15,1463.7587866656283
TICKET005988,2024-10-04,PROP002,Electrical,Low,Closed,2024-10-12,8,1083.0039294829392
TICKET005989,2024-10-04,PROP008,Appliance,High,Closed,2024-10-07,3,889.720323508182
TICKET005990,2024-10-04,PROP024,HVAC,Low,Closed,2024-10-17,13,959.5895727647905
TICKET005991,2024-10-04,PROP020,Appliance,Low,Closed,2024-10-10,6,1193.9990302954789
TICKET005992,2024-10-04,PROP002,Appliance,Medium,Closed,2024-10-13,9,651.7583217510252
TICKET005993,2024-10-04,PROP004,Appliance,High,Closed,2024-10-07,3,232.63857087931004
TICKET005994,2024-10-04,PROP001,Landscaping,Emergency,Closed,2024-10-04,0,206.85000646326307
TICKET005995,2024-10-04,PROP013,General Maintenance,Low,Closed,2024-10-23,19,965.2402926052715
TICKET005996,2024-10-04,PROP008,Structural,High,Closed,2024-10-08,4,1446.1756178666694
TICKET005997,2024-10-04,PROP003,General Maintenance,Low,Closed,2024-10-14,10,246.32688454127526
TICKET005998,2024-10-04,PROP008,Appliance,Medium,Open,,119,
TICKET005999,2024-10-04,PROP019,HVAC,Low,Closed,2024-10-13,9,140.58014487713785
TICKET006000,2024-10-04,PROP010,Electrical,Medium,Closed,2024-10-08,4,418.89342705872116
TICKET006001,2024-10-04,PROP009,Pest Control,Low,Closed,2024-10-23,19,1116.1210533419605
TICKET006002,2024-10-04,PROP016,Landscaping,Medium,Closed,2024-10-09,5,435.32571374852813
TICKET006003,2024-10-04,PROP017,Plumbing,Low,Closed,2024-10-17,13,892.4745915973562
TICKET006004,2024-10-04,PROP024,Structural,High,Closed,2024-10-08,4,321.4370181697245
TICKET006005,2024-10-04,PROP021,Plumbing,High,Closed,2024-10-08,4,335.48034998624263
TICKET006006,2024-10-05,PROP019,Plumbing,Medium,Open,,118,
TICKET006007,2024-10-05,PROP009,HVAC,Low,Closed,2024-10-11,6,964.5746536524412
TICKET006008,2024-10-05,PROP009,Electrical,Low,Closed,2024-10-12,7,881.3036534476446
TICKET006009,2024-10-05,PROP012,HVAC,Low,Closed,2024-10-23,18,918.0899614420182
TICKET006010,2024-10-05,PROP018,Pest Control,Low,Closed,2024-10-16,11,409.99413290431477
TICKET006011,2024-10-05,PROP020,HVAC,High,Closed,2024-10-09,4,298.75275055254224
TICKET006012,2024-10-05,PROP007,Appliance,Low,Closed,2024-10-15,10,588.8016661100052
TICKET006013,2024-10-05,PROP004,Plumbing,Low,Closed,2024-10-11,6,934.429212574795
TICKET006014,2024-10-05,PROP007,Electrical,Low,Closed,2024-10-24,19,162.8572932749238
TICKET006015,2024-10-05,PROP008,General Maintenance,High,Closed,2024-10-09,4,1029.8244269410047
TICKET006016,2024-10-05,PROP018,HVAC,High,Closed,2024-10-08,3,132.71333845283533
TICKET006017,2024-10-05,PROP023,Structural,Low,Closed,2024-10-19,14,337.47210485544696
TICKET006018,2024-10-05,PROP019,Structural,Low,Closed,2024-10-20,15,457.0260262714655
TICKET006019,2024-10-05,PROP021,Plumbing,Low,In Progress,,118,
TICKET006020,2024-10-05,PROP021,Pest Control,Medium,Closed,2024-10-10,5,167.5000651540662
TICKET006021,2024-10-05,PROP018,Electrical,High,Closed,2024-10-09,4,766.880071495811
TICKET006022,2024-10-05,PROP019,Structural,High,Closed,2024-10-07,2,1236.7336368188758
TICKET006023,2024-10-05,PROP025,Plumbing,High,In Progress,,118,
TICKET006024,2024-10-06,PROP018,Electrical,Medium,Closed,2024-10-14,8,1148.9991290848704
TICKET006025,2024-10-06,PROP008,Structural,Emergency,Open,,117,
TICKET006026,2024-10-06,PROP024,Appliance,High,Pending Parts,,117,
TICKET006027,2024-10-06,PROP023,Structural,Medium,Closed,2024-10-15,9,906.1005824769853
TICKET006028,2024-10-06,PROP017,Appliance,High,Closed,2024-10-08,2,891.9702620215418
TICKET006029,2024-10-06,PROP015,Appliance,Low,Closed,2024-10-15,9,593.2614489251282
TICKET006030,2024-10-06,PROP006,Electrical,Medium,Closed,2024-10-15,9,1368.177703115943
TICKET006031,2024-10-06,PROP013,Landscaping,Medium,Closed,2024-10-13,7,80.9222879977479
TICKET006032,2024-10-06,PROP002,General Maintenance,Medium,Closed,2024-10-09,3,945.7585883811834
TICKET006033,2024-10-06,PROP002,Plumbing,High,Closed,2024-10-07,1,931.6392834213398
TICKET006034,2024-10-06,PROP020,General Maintenance,Low,Closed,2024-10-16,10,1091.9053702206338
TICKET006035,2024-10-06,PROP013,General Maintenance,High,Closed,2024-10-07,1,550.6388910303679
TICKET006036,2024-10-06,PROP011,Electrical,Medium,Closed,2024-10-09,3,396.03526671843696
TICKET006037,2024-10-06,PROP010,Electrical,Medium,Closed,2024-10-11,5,550.873507687742
TICKET006038,2024-10-06,PROP023,Plumbing,Medium,Closed,2024-10-11,5,1394.7662406691716
TICKET006039,2024-10-06,PROP023,General Maintenance,Medium,Closed,2024-10-09,3,1184.758510367902
TICKET006040,2024-10-06,PROP002,Structural,Medium,Closed,2024-10-14,8,450.59015078718807
TICKET006041,2024-10-06,PROP002,Pest Control,Medium,Closed,2024-10-14,8,898.4918925568774
TICKET006042,2024-10-06,PROP002,Landscaping,Low,Closed,2024-10-20,14,1358.0430865901342
TICKET006043,2024-10-06,PROP025,Appliance,Low,Closed,2024-10-19,13,756.0716961196028
TICKET006044,2024-10-06,PROP023,Structural,Low,Closed,2024-10-15,9,539.1140648660144
TICKET006045,2024-10-06,PROP011,Structural,Low,Closed,2024-10-19,13,1335.4728728146515
TICKET006046,2024-10-06,PROP020,Electrical,Emergency,Closed,2024-10-07,1,700.7425405796547
TICKET006047,2024-10-06,PROP003,Appliance,Medium,Closed,2024-10-13,7,1151.3210680151353
TICKET006048,2024-10-06,PROP010,Pest Control,Medium,Closed,2024-10-10,4,368.60554057302477
TICKET006049,2024-10-06,PROP003,Electrical,Low,Closed,2024-10-14,8,646.4062445924816
TICKET006050,2024-10-06,PROP017,Landscaping,Medium,Closed,2024-10-13,7,392.43720656654017
TICKET006051,2024-10-06,PROP020,General Maintenance,Medium,In Progress,,117,
TICKET006052,2024-10-07,PROP009,General Maintenance,High,Closed,2024-10-11,4,1015.0327081659037
TICKET006053,2024-10-07,PROP011,Pest Control,Medium,Closed,2024-10-13,6,1231.669993818349
TICKET006054,2024-10-07,PROP014,Pest Control,Medium,Closed,2024-10-15,8,227.41918848817264
TICKET006055,2024-10-07,PROP007,Landscaping,High,Closed,2024-10-09,2,314.7023563647795
TICKET006056,2024-10-07,PROP004,Structural,Medium,Closed,2024-10-12,5,1476.8412012148974
TICKET006057,2024-10-07,PROP018,Pest Control,Low,Closed,2024-10-19,12,717.5483393216878
TICKET006058,2024-10-07,PROP017,Plumbing,Medium,Closed,2024-10-10,3,635.4255570420161
TICKET006059,2024-10-07,PROP005,HVAC,Medium,Closed,2024-10-12,5,699.8923860564987
TICKET006060,2024-10-07,PROP007,Appliance,Medium,Closed,2024-10-13,6,869.7619548865032
TICKET006061,2024-10-07,PROP015,Plumbing,Low,Closed,2024-10-22,15,1391.9502497776784
TICKET006062,2024-10-07,PROP004,General Maintenance,Medium,Closed,2024-10-14,7,81.20735691218988
TICKET006063,2024-10-07,PROP012,Pest Control,Emergency,Closed,2024-10-07,0,134.4641420015625
TICKET006064,2024-10-07,PROP002,Pest Control,Low,Closed,2024-10-22,15,397.85920823734796
TICKET006065,2024-10-07,PROP002,Plumbing,Low,Closed,2024-10-21,14,560.7135659327682
TICKET006066,2024-10-07,PROP008,Landscaping,Low,Closed,2024-10-12,5,888.8556906398887
TICKET006067,2024-10-07,PROP018,General Maintenance,Medium,Closed,2024-10-13,6,329.6697453219434
TICKET006068,2024-10-07,PROP014,Structural,High,Closed,2024-10-10,3,892.8129870611798
TICKET006069,2024-10-07,PROP003,Electrical,Low,Closed,2024-10-15,8,1168.3351542411658
TICKET006070,2024-10-07,PROP016,Plumbing,Low,Closed,2024-10-23,16,699.6341724804092
TICKET006071,2024-10-07,PROP002,Landscaping,High,Closed,2024-10-10,3,1477.371239203427
TICKET006072,2024-10-07,PROP002,Landscaping,High,Closed,2024-10-11,4,1298.9096847355438
TICKET006073,2024-10-07,PROP017,Pest Control,Emergency,Closed,2024-10-07,0,492.45648519626525
TICKET006074,2024-10-08,PROP021,General Maintenance,Medium,Closed,2024-10-16,8,121.33731976523521
TICKET006075,2024-10-08,PROP002,HVAC,Low,Closed,2024-10-17,9,1215.8772989669424
TICKET006076,2024-10-08,PROP004,Appliance,Low,Closed,2024-10-18,10,857.9575789505086
TICKET006077,2024-10-08,PROP012,Appliance,Low,Closed,2024-10-17,9,271.9501382778309
TICKET006078,2024-10-08,PROP004,General Maintenance,High,In Progress,,115,
TICKET006079,2024-10-08,PROP009,Pest Control,Medium,Closed,2024-10-16,8,536.1103973640892
TICKET006080,2024-10-08,PROP001,Landscaping,Medium,Closed,2024-10-13,5,68.12740866283724
TICKET006081,2024-10-08,PROP002,Plumbing,Low,Closed,2024-10-18,10,1482.4190843414463
TICKET006082,2024-10-08,PROP025,Landscaping,Medium,Closed,2024-10-15,7,261.66437736926173
TICKET006083,2024-10-08,PROP008,General Maintenance,Low,Closed,2024-10-14,6,423.89739711689515
TICKET006084,2024-10-08,PROP013,Appliance,Low,Closed,2024-10-14,6,1069.4580870138752
TICKET006085,2024-10-08,PROP004,Plumbing,Medium,Closed,2024-10-11,3,1057.3477003104076
TICKET006086,2024-10-08,PROP008,Pest Control,Medium,Closed,2024-10-12,4,295.054664993591
TICKET006087,2024-10-08,PROP017,General Maintenance,Medium,Closed,2024-10-11,3,721.1894467047791
TICKET006088,2024-10-08,PROP001,Electrical,Medium,Closed,2024-10-17,9,783.3616246952671
TICKET006089,2024-10-08,PROP022,General Maintenance,Medium,Closed,2024-10-17,9,1131.1099342020163
TICKET006090,2024-10-08,PROP003,Structural,High,Closed,2024-10-12,4,694.8384323501906
TICKET006091,2024-10-09,PROP023,HVAC,Low,Closed,2024-10-24,15,957.6660996557812
TICKET006092,2024-10-09,PROP023,Plumbing,Low,Pending Parts,,114,
TICKET006093,2024-10-09,PROP018,Pest Control,Low,Closed,2024-10-23,14,1336.4475712091917
TICKET006094,2024-10-09,PROP010,Landscaping,Low,Closed,2024-10-27,18,1219.8926253541808
TICKET006095,2024-10-09,PROP019,Pest Control,Low,Closed,2024-10-15,6,1387.9888345336449
TICKET006096,2024-10-09,PROP009,Landscaping,Medium,Closed,2024-10-14,5,1486.2731231321177
TICKET006097,2024-10-09,PROP005,HVAC,Low,Closed,2024-10-28,19,913.4822207978277
TICKET006098,2024-10-09,PROP006,Landscaping,High,Closed,2024-10-12,3,918.8236124293858
TICKET006099,2024-10-09,PROP009,Plumbing,Low,Closed,2024-10-14,5,1395.9552228795703
TICKET006100,2024-10-09,PROP017,Electrical,Medium,Closed,2024-10-17,8,1275.126660754756
TICKET006101,2024-10-09,PROP005,Landscaping,Medium,Closed,2024-10-16,7,649.9128809469134
TICKET006102,2024-10-09,PROP009,Electrical,Low,Closed,2024-10-22,13,714.0412609810135
TICKET006103,2024-10-09,PROP023,Plumbing,Emergency,Open,,114,
TICKET006104,2024-10-09,PROP013,Plumbing,Low,Closed,2024-10-27,18,1123.6402997664275
TICKET006105,2024-10-09,PROP002,Pest Control,Medium,Closed,2024-10-15,6,1445.670948317217
TICKET006106,2024-10-09,PROP025,General Maintenance,Low,Closed,2024-10-26,17,416.85754914932596
TICKET006107,2024-10-09,PROP021,Electrical,Medium,Closed,2024-10-14,5,1392.148877724708
TICKET006108,2024-10-09,PROP005,Landscaping,High,Closed,2024-10-13,4,235.3958964562749
TICKET006109,2024-10-09,PROP003,Structural,Medium,Closed,2024-10-17,8,441.68242143206396
TICKET006110,2024-10-09,PROP013,Electrical,Low,Closed,2024-10-28,19,1345.9774725212899
TICKET006111,2024-10-09,PROP016,Pest Control,Medium,Closed,2024-10-13,4,1478.8392880153558
TICKET006112,2024-10-09,PROP013,Landscaping,Medium,Closed,2024-10-18,9,746.1829995347309
TICKET006113,2024-10-09,PROP020,Landscaping,High,Closed,2024-10-11,2,1484.5680445890675
TICKET006114,2024-10-09,PROP019,Plumbing,Low,Closed,2024-10-28,19,699.2907222805875
TICKET006115,2024-10-09,PROP020,Structural,Medium,Closed,2024-10-17,8,1456.2481515174302
TICKET006116,2024-10-09,PROP014,General Maintenance,Low,Closed,2024-10-25,16,670.6458728320243
TICKET006117,2024-10-09,PROP002,Structural,High,Closed,2024-10-10,1,1244.3494113010843
TICKET006118,2024-10-10,PROP016,Plumbing,Medium,Closed,2024-10-15,5,504.40546642929667
TICKET006119,2024-10-10,PROP018,Appliance,Low,Closed,2024-10-24,14,849.4897715682615
TICKET006120,2024-10-10,PROP014,HVAC,Medium,Closed,2024-10-17,7,552.9410486730264
TICKET006121,2024-10-10,PROP017,Landscaping,High,Closed,2024-10-13,3,612.3759948232986
TICKET006122,2024-10-10,PROP004,HVAC,Emergency,Closed,2024-10-11,1,317.6691397858217
TICKET006123,2024-10-10,PROP002,HVAC,Low,Closed,2024-10-25,15,1160.7805797099631
TICKET006124,2024-10-10,PROP020,Plumbing,Low,Closed,2024-10-24,14,1145.830799018425
TICKET006125,2024-10-10,PROP003,Plumbing,Medium,Closed,2024-10-19,9,978.3246876815099
TICKET006126,2024-10-10,PROP022,HVAC,High,Closed,2024-10-13,3,298.4885543714571
TICKET006127,2024-10-10,PROP005,Plumbing,High,Closed,2024-10-11,1,678.4931321014725
TICKET006128,2024-10-10,PROP019,General Maintenance,Medium,Closed,2024-10-13,3,471.22531863527854
TICKET006129,2024-10-10,PROP009,Appliance,Low,Closed,2024-10-25,15,1109.0703385566137
TICKET006130,2024-10-10,PROP021,Pest Control,High,In Progress,,113,
TICKET006131,2024-10-10,PROP015,Appliance,Low,Closed,2024-10-18,8,424.22206290179577
TICKET006132,2024-10-10,PROP009,Appliance,Medium,Closed,2024-10-14,4,781.0749424659354
TICKET006133,2024-10-10,PROP009,HVAC,Low,Closed,2024-10-26,16,1185.9291682100961
TICKET006134,2024-10-10,PROP007,HVAC,Low,Open,,113,
TICKET006135,2024-10-10,PROP012,HVAC,Low,Closed,2024-10-16,6,1147.5345259908415
TICKET006136,2024-10-10,PROP022,Appliance,Emergency,Closed,2024-10-11,1,520.0515870585137
TICKET006137,2024-10-10,PROP009,HVAC,Medium,Closed,2024-10-16,6,1142.897323001573
TICKET006138,2024-10-10,PROP019,Landscaping,Low,Closed,2024-10-15,5,274.8906650327554
TICKET006139,2024-10-11,PROP015,Pest Control,Medium,Closed,2024-10-14,3,828.9960532049851
TICKET006140,2024-10-11,PROP005,General Maintenance,Low,Closed,2024-10-29,18,817.8193043526169
TICKET006141,2024-10-11,PROP003,Appliance,Low,Closed,2024-10-23,12,164.64918065809618
TICKET006142,2024-10-11,PROP017,General Maintenance,Low,Closed,2024-10-27,16,1324.5834253120631
TICKET006143,2024-10-11,PROP020,Landscaping,Medium,Closed,2024-10-19,8,1001.947874031204
TICKET006144,2024-10-11,PROP013,Plumbing,Low,Closed,2024-10-29,18,535.2580961410098
TICKET006145,2024-10-11,PROP018,Plumbing,High,Open,,112,
TICKET006146,2024-10-11,PROP010,Structural,Low,Closed,2024-10-24,13,1406.1686277300405
TICKET006147,2024-10-11,PROP011,Electrical,Low,Closed,2024-10-22,11,702.5872048614741
TICKET006148,2024-10-11,PROP013,Appliance,Medium,Closed,2024-10-18,7,1169.8012023882632
TICKET006149,2024-10-11,PROP012,Landscaping,Low,Closed,2024-10-23,12,958.8379780911579
TICKET006150,2024-10-11,PROP001,Pest Control,Low,Closed,2024-10-26,15,598.9507614180641
TICKET006151,2024-10-11,PROP016,Appliance,Medium,Closed,2024-10-16,5,1145.289057269429
TICKET006152,2024-10-11,PROP011,General Maintenance,Low,Closed,2024-10-28,17,533.850987017149
TICKET006153,2024-10-11,PROP022,Electrical,Low,Closed,2024-10-17,6,1401.355456414274
TICKET006154,2024-10-11,PROP022,HVAC,Low,Closed,2024-10-28,17,845.8366498803225
TICKET006155,2024-10-11,PROP012,Electrical,Medium,Closed,2024-10-18,7,1087.6626408205846
TICKET006156,2024-10-11,PROP013,Pest Control,Low,Closed,2024-10-23,12,610.7072935633944
TICKET006157,2024-10-11,PROP004,Electrical,High,Closed,2024-10-14,3,1135.7372309176046
TICKET006158,2024-10-11,PROP022,HVAC,Low,Closed,2024-10-19,8,617.3829159257499
TICKET006159,2024-10-11,PROP010,Pest Control,High,Closed,2024-10-12,1,821.9055794252239
TICKET006160,2024-10-11,PROP025,HVAC,High,Closed,2024-10-13,2,703.3333070245732
TICKET006161,2024-10-11,PROP016,Pest Control,Medium,Closed,2024-10-14,3,1226.0385562830052
TICKET006162,2024-10-11,PROP001,Electrical,High,Open,,112,
TICKET006163,2024-10-11,PROP007,Pest Control,Medium,Closed,2024-10-19,8,489.90820642912763
TICKET006164,2024-10-11,PROP015,Structural,Medium,Closed,2024-10-19,8,393.07326896717166
TICKET006165,2024-10-11,PROP010,Electrical,High,Closed,2024-10-13,2,1074.0489288939343
TICKET006166,2024-10-11,PROP006,Electrical,Emergency,Closed,2024-10-11,0,228.88708122610313
TICKET006167,2024-10-11,PROP012,Electrical,Low,Closed,2024-10-27,16,765.7278914221782
TICKET006168,2024-10-11,PROP009,Landscaping,Low,Closed,2024-10-27,16,754.5430163412467
TICKET006169,2024-10-11,PROP017,HVAC,High,Closed,2024-10-13,2,1334.108889058947
TICKET006170,2024-10-11,PROP019,General Maintenance,Low,Closed,2024-10-16,5,879.5561040389993
TICKET006171,2024-10-12,PROP015,Plumbing,Low,Closed,2024-10-18,6,280.1956283039418
TICKET006172,2024-10-12,PROP015,Electrical,Low,Closed,2024-10-23,11,1499.664999064923
TICKET006173,2024-10-12,PROP007,Appliance,Low,Closed,2024-10-30,18,883.3922899510441
TICKET006174,2024-10-12,PROP016,Landscaping,Emergency,Closed,2024-10-12,0,327.4293870008464
TICKET006175,2024-10-12,PROP022,Pest Control,Low,Closed,2024-10-21,9,464.73921494602746
TICKET006176,2024-10-12,PROP013,Electrical,Low,Closed,2024-10-29,17,304.0032760718045
TICKET006177,2024-10-12,PROP011,HVAC,Medium,Closed,2024-10-17,5,449.64836447673304
TICKET006178,2024-10-12,PROP017,Pest Control,High,Closed,2024-10-14,2,108.70766769382945
TICKET006179,2024-10-12,PROP011,General Maintenance,Low,Closed,2024-10-20,8,1317.059207550647
TICKET006180,2024-10-12,PROP022,Plumbing,Low,Closed,2024-10-17,5,189.40482194065962
TICKET006181,2024-10-12,PROP016,Plumbing,Medium,Closed,2024-10-20,8,1092.1997357988487
TICKET006182,2024-10-12,PROP005,Landscaping,Low,Closed,2024-10-24,12,1242.9944797064265
TICKET006183,2024-10-12,PROP007,Appliance,High,Pending Parts,,111,
TICKET006184,2024-10-12,PROP016,Electrical,Medium,Closed,2024-10-15,3,1098.2950878688018
TICKET006185,2024-10-12,PROP023,Pest Control,Medium,Open,,111,
TICKET006186,2024-10-12,PROP018,General Maintenance,Medium,Closed,2024-10-21,9,769.1907299818029
TICKET006187,2024-10-12,PROP001,Plumbing,Medium,Closed,2024-10-15,3,1404.3967940789175
TICKET006188,2024-10-12,PROP022,Electrical,High,Closed,2024-10-13,1,1335.4721909724515
TICKET006189,2024-10-12,PROP008,Structural,High,Closed,2024-10-16,4,195.56731359716005
TICKET006190,2024-10-12,PROP003,General Maintenance,Medium,Closed,2024-10-16,4,64.4427706519172
TICKET006191,2024-10-12,PROP018,Plumbing,Emergency,Open,,111,
TICKET006192,2024-10-12,PROP009,Landscaping,Medium,Closed,2024-10-15,3,368.07806075466357
TICKET006193,2024-10-12,PROP002,Landscaping,Low,Closed,2024-10-24,12,55.22450304865792
TICKET006194,2024-10-12,PROP001,Pest Control,Low,Closed,2024-10-25,13,1141.2172835335173
TICKET006195,2024-10-12,PROP020,Pest Control,Low,Closed,2024-10-30,18,935.1799552134391
TICKET006196,2024-10-12,PROP019,HVAC,Low,Open,,111,
TICKET006197,2024-10-12,PROP020,Structural,Medium,Closed,2024-10-16,4,1478.7234771351339
TICKET006198,2024-10-12,PROP011,Plumbing,Low,Open,,111,
TICKET006199,2024-10-12,PROP025,General Maintenance,High,Closed,2024-10-16,4,511.0619643196355
TICKET006200,2024-10-12,PROP021,Electrical,Low,Closed,2024-10-23,11,467.66637916229166
TICKET006201,2024-10-13,PROP025,Electrical,Low,Closed,2024-10-29,16,994.7203630965818
TICKET006202,2024-10-13,PROP001,Appliance,Medium,Closed,2024-10-21,8,1116.668601857601
TICKET006203,2024-10-13,PROP009,Landscaping,Medium,Closed,2024-10-22,9,271.79970582448277
TICKET006204,2024-10-13,PROP010,Plumbing,Medium,Closed,2024-10-20,7,1435.0750904325425
TICKET006205,2024-10-13,PROP009,Appliance,Low,Closed,2024-10-30,17,693.9932620688406
TICKET006206,2024-10-13,PROP014,Electrical,Medium,Closed,2024-10-19,6,1002.6475569756874
TICKET006207,2024-10-13,PROP007,HVAC,Low,Closed,2024-10-29,16,1444.5004801609302
TICKET006208,2024-10-13,PROP006,Structural,Low,Closed,2024-10-18,5,180.21551228236217
TICKET006209,2024-10-13,PROP024,Structural,Low,Closed,2024-10-31,18,1122.0747369267142
TICKET006210,2024-10-13,PROP016,Plumbing,Medium,Closed,2024-10-20,7,599.926391096245
TICKET006211,2024-10-13,PROP022,Appliance,Medium,Closed,2024-10-19,6,1288.422675629515
TICKET006212,2024-10-13,PROP008,HVAC,High,Pending Parts,,110,
TICKET006213,2024-10-13,PROP023,General Maintenance,Emergency,Closed,2024-10-13,0,675.234564666751
TICKET006214,2024-10-13,PROP015,Appliance,Medium,Closed,2024-10-17,4,558.0902316901332
TICKET006215,2024-10-13,PROP017,Structural,High,Closed,2024-10-16,3,244.35706533914896
TICKET006216,2024-10-13,PROP025,Pest Control,High,Closed,2024-10-14,1,1250.235701229277
TICKET006217,2024-10-13,PROP022,Plumbing,Low,Closed,2024-10-25,12,649.0977218268272
TICKET006218,2024-10-13,PROP014,Plumbing,High,Closed,2024-10-17,4,1104.5337457723788
TICKET006219,2024-10-13,PROP019,Pest Control,High,Closed,2024-10-17,4,322.5363575520173
TICKET006220,2024-10-13,PROP005,Structural,Low,Closed,2024-10-19,6,260.07928002963615
TICKET006221,2024-10-13,PROP002,Pest Control,Low,Closed,2024-10-19,6,896.358745049058
TICKET006222,2024-10-13,PROP013,Plumbing,Low,Closed,2024-10-25,12,1125.7264824088243
TICKET006223,2024-10-13,PROP006,Appliance,Medium,Closed,2024-10-21,8,793.5455065972877
TICKET006224,2024-10-13,PROP024,General Maintenance,Emergency,Closed,2024-10-14,1,71.62728873646836
TICKET006225,2024-10-13,PROP003,Pest Control,Low,Closed,2024-11-01,19,569.6361545551613
TICKET006226,2024-10-13,PROP022,Structural,Low,Closed,2024-10-23,10,311.46250255588984
TICKET006227,2024-10-13,PROP011,HVAC,Low,Closed,2024-10-18,5,1247.0606859992376
TICKET006228,2024-10-13,PROP001,Pest Control,Low,In Progress,,110,
TICKET006229,2024-10-13,PROP010,Structural,Medium,In Progress,,110,
TICKET006230,2024-10-13,PROP020,Plumbing,Medium,Pending Parts,,110,
TICKET006231,2024-10-13,PROP017,HVAC,Medium,Closed,2024-10-20,7,431.24877944267615
TICKET006232,2024-10-13,PROP025,Landscaping,Low,Closed,2024-10-31,18,1212.3755252733822
TICKET006233,2024-10-13,PROP003,Structural,High,Closed,2024-10-14,1,203.41757005341793
TICKET006234,2024-10-13,PROP018,Landscaping,Low,Closed,2024-10-25,12,955.3351328825252
TICKET006235,2024-10-14,PROP019,Plumbing,Medium,Closed,2024-10-22,8,906.7336661643495
TICKET006236,2024-10-14,PROP012,Pest Control,Low,Closed,2024-10-25,11,970.9829393766906
TICKET006237,2024-10-14,PROP005,Plumbing,Low,Closed,2024-10-19,5,607.9549835810345
TICKET006238,2024-10-14,PROP021,Pest Control,Medium,Closed,2024-10-20,6,706.1760514844103
TICKET006239,2024-10-14,PROP016,HVAC,Low,Open,,109,
TICKET006240,2024-10-14,PROP024,Appliance,Medium,Closed,2024-10-21,7,544.7902008265302
TICKET006241,2024-10-14,PROP021,Structural,Medium,Closed,2024-10-20,6,425.9972186128737
TICKET006242,2024-10-14,PROP021,Plumbing,High,Closed,2024-10-15,1,1123.4032826195041
TICKET006243,2024-10-14,PROP011,General Maintenance,Emergency,Closed,2024-10-14,0,699.3360273777126
TICKET006244,2024-10-14,PROP002,Plumbing,Medium,Closed,2024-10-17,3,710.6825213369862
TICKET006245,2024-10-14,PROP007,HVAC,Medium,Pending Parts,,109,
TICKET006246,2024-10-14,PROP011,Pest Control,Medium,Closed,2024-10-20,6,540.3223944845266
TICKET006247,2024-10-14,PROP015,Appliance,Emergency,Closed,2024-10-14,0,305.64726617217195
TICKET006248,2024-10-14,PROP016,Structural,Low,Closed,2024-10-20,6,572.6563620806985
TICKET006249,2024-10-14,PROP011,Landscaping,Medium,Closed,2024-10-21,7,336.93480821864785
TICKET006250,2024-10-14,PROP025,Pest Control,Low,Closed,2024-10-19,5,1218.8956412463851
TICKET006251,2024-10-14,PROP015,Appliance,High,Closed,2024-10-18,4,326.4943163841815
TICKET006252,2024-10-14,PROP023,Plumbing,High,Pending Parts,,109,
TICKET006253,2024-10-14,PROP011,HVAC,Medium,Closed,2024-10-18,4,691.3870811244224
TICKET006254,2024-10-15,PROP020,Landscaping,Low,Closed,2024-10-23,8,563.5943194240892
TICKET006255,2024-10-15,PROP016,Structural,Medium,Closed,2024-10-24,9,658.8992624223262
TICKET006256,2024-10-15,PROP020,HVAC,Medium,Closed,2024-10-24,9,1415.3853162854252
TICKET006257,2024-10-15,PROP005,Electrical,Medium,Closed,2024-10-24,9,125.71811065924913
TICKET006258,2024-10-15,PROP018,Pest Control,Medium,Closed,2024-10-21,6,852.6244501579401
TICKET006259,2024-10-15,PROP025,Electrical,Low,Closed,2024-10-23,8,951.0571399718937
TICKET006260,2024-10-15,PROP001,General Maintenance,Medium,Closed,2024-10-23,8,711.6718763657292
TICKET006261,2024-10-15,PROP020,Plumbing,Medium,Closed,2024-10-24,9,1335.511238409929
TICKET006262,2024-10-15,PROP019,HVAC,Low,Closed,2024-11-02,18,428.86982864212393
TICKET006263,2024-10-15,PROP009,General Maintenance,Medium,Closed,2024-10-18,3,553.8504289314756
TICKET006264,2024-10-15,PROP010,Landscaping,Low,Closed,2024-10-23,8,97.418922792654
TICKET006265,2024-10-15,PROP012,Structural,Medium,Closed,2024-10-20,5,623.7175123587919
TICKET006266,2024-10-15,PROP017,Appliance,Low,Closed,2024-10-26,11,647.9159051059797
TICKET006267,2024-10-15,PROP019,Pest Control,High,Closed,2024-10-19,4,1445.563091946433
TICKET006268,2024-10-15,PROP006,Appliance,Low,Closed,2024-10-23,8,323.6001041848069
TICKET006269,2024-10-15,PROP013,Landscaping,Low,Closed,2024-10-31,16,169.8517868341323
TICKET006270,2024-10-15,PROP012,HVAC,Medium,Closed,2024-10-21,6,1290.5602183454105
TICKET006271,2024-10-15,PROP002,Electrical,Low,Closed,2024-11-01,17,114.68665619018836
TICKET006272,2024-10-15,PROP024,Structural,Low,Closed,2024-10-24,9,936.9136973057148
TICKET006273,2024-10-15,PROP011,Electrical,Medium,Closed,2024-10-21,6,1026.2311411433056
TICKET006274,2024-10-15,PROP010,Pest Control,Low,Closed,2024-11-03,19,998.2528842816214
TICKET006275,2024-10-15,PROP020,Electrical,High,Closed,2024-10-18,3,683.3589164540521
TICKET006276,2024-10-15,PROP024,Appliance,Medium,Closed,2024-10-23,8,935.1901723352819
TICKET006277,2024-10-15,PROP006,General Maintenance,High,Closed,2024-10-19,4,657.9428360688435
TICKET006278,2024-10-15,PROP021,General Maintenance,High,In Progress,,108,
TICKET006279,2024-10-15,PROP009,General Maintenance,Low,Open,,108,
TICKET006280,2024-10-15,PROP014,Electrical,High,Closed,2024-10-18,3,254.44339439999416
TICKET006281,2024-10-15,PROP009,Pest Control,High,Closed,2024-10-18,3,739.2621730434437
TICKET006282,2024-10-15,PROP005,Electrical,Medium,Closed,2024-10-21,6,322.98499125653694
TICKET006283,2024-10-15,PROP005,General Maintenance,Low,Closed,2024-10-22,7,1074.9938715862934
TICKET006284,2024-10-15,PROP004,HVAC,Low,Closed,2024-11-01,17,667.7281368909605
TICKET006285,2024-10-15,PROP009,Appliance,High,Closed,2024-10-19,4,1472.8151760936832
TICKET006286,2024-10-16,PROP015,Plumbing,Low,Closed,2024-11-01,16,724.0445959332346
TICKET006287,2024-10-16,PROP007,Pest Control,High,Closed,2024-10-19,3,103.82243917133282
TICKET006288,2024-10-16,PROP010,Pest Control,Low,Closed,2024-11-01,16,407.043960571318
TICKET006289,2024-10-16,PROP020,Landscaping,Medium,Closed,2024-10-22,6,1279.9351067312873
TICKET006290,2024-10-16,PROP003,General Maintenance,Low,Closed,2024-10-31,15,135.60045732515812
TICKET006291,2024-10-16,PROP008,Landscaping,High,Closed,2024-10-17,1,1454.511733101839
TICKET006292,2024-10-16,PROP007,Appliance,Medium,Closed,2024-10-20,4,1130.1840853504461
TICKET006293,2024-10-16,PROP021,Landscaping,High,Closed,2024-10-18,2,1311.6230715046536
TICKET006294,2024-10-16,PROP018,Structural,Low,Closed,2024-10-25,9,717.5594502668192
TICKET006295,2024-10-16,PROP021,Landscaping,Low,Closed,2024-11-04,19,243.27105236575167
TICKET006296,2024-10-16,PROP022,Electrical,Low,Open,,107,
TICKET006297,2024-10-16,PROP010,HVAC,Low,Closed,2024-10-29,13,705.4368914782596
TICKET006298,2024-10-16,PROP016,Appliance,Medium,Closed,2024-10-19,3,1271.3587653353782
TICKET006299,2024-10-16,PROP021,General Maintenance,Low,Closed,2024-10-24,8,620.5695230586157
TICKET006300,2024-10-16,PROP019,HVAC,Low,Closed,2024-10-31,15,288.1543370132705
TICKET006301,2024-10-16,PROP007,Pest Control,Low,Closed,2024-10-22,6,1475.1880794274362
TICKET006302,2024-10-16,PROP004,Landscaping,Low,Closed,2024-11-02,17,466.2315190984065
TICKET006303,2024-10-16,PROP003,Appliance,Medium,Closed,2024-10-23,7,1000.4748074643297
TICKET006304,2024-10-16,PROP005,Landscaping,Medium,Closed,2024-10-20,4,1247.5254241436837
TICKET006305,2024-10-16,PROP015,Landscaping,High,Closed,2024-10-17,1,1041.5546879848218
TICKET006306,2024-10-16,PROP002,Pest Control,Medium,Closed,2024-10-24,8,132.6114690047496
TICKET006307,2024-10-16,PROP022,Electrical,Low,Closed,2024-11-02,17,707.6896417613635
TICKET006308,2024-10-16,PROP021,HVAC,Emergency,Closed,2024-10-16,0,1374.517034839022
TICKET006309,2024-10-16,PROP011,Plumbing,Low,Closed,2024-10-25,9,1145.3460826240976
TICKET006310,2024-10-16,PROP010,Appliance,Low,Closed,2024-11-02,17,1387.444020317968
TICKET006311,2024-10-16,PROP005,Appliance,Medium,Closed,2024-10-22,6,1253.2022995499265
TICKET006312,2024-10-16,PROP004,Structural,High,In Progress,,107,
TICKET006313,2024-10-17,PROP019,Structural,Medium,Closed,2024-10-24,7,1395.305028585843
TICKET006314,2024-10-17,PROP022,Appliance,High,Closed,2024-10-21,4,726.0448795895761
TICKET006315,2024-10-17,PROP006,Structural,High,Closed,2024-10-18,1,1086.7193514354608
TICKET006316,2024-10-17,PROP017,Pest Control,Low,Closed,2024-10-30,13,1194.5965797844458
TICKET006317,2024-10-17,PROP019,Appliance,Medium,Closed,2024-10-22,5,681.6897672348223
TICKET006318,2024-10-17,PROP021,Plumbing,Emergency,Closed,2024-10-17,0,1445.9652694711951
TICKET006319,2024-10-17,PROP013,Pest Control,Low,In Progress,,106,
TICKET006320,2024-10-17,PROP022,HVAC,High,Closed,2024-10-19,2,1167.3557079678274
TICKET006321,2024-10-17,PROP001,Pest Control,Low,Closed,2024-10-22,5,849.6439199121958
TICKET006322,2024-10-17,PROP003,Pest Control,High,Closed,2024-10-18,1,1284.13621522204
TICKET006323,2024-10-17,PROP011,Electrical,Medium,Pending Parts,,106,
TICKET006324,2024-10-17,PROP015,Electrical,Medium,Closed,2024-10-26,9,1434.2213063152478
TICKET006325,2024-10-17,PROP015,Landscaping,Low,Closed,2024-11-02,16,587.1631305407906
TICKET006326,2024-10-17,PROP018,HVAC,Low,Closed,2024-10-31,14,828.8786254096368
TICKET006327,2024-10-17,PROP005,Appliance,Low,Closed,2024-11-01,15,51.228175174059984
TICKET006328,2024-10-17,PROP020,Electrical,Medium,Closed,2024-10-25,8,1281.1456540831782
TICKET006329,2024-10-17,PROP003,Plumbing,Low,Closed,2024-10-31,14,441.33580369072746
TICKET006330,2024-10-17,PROP004,Appliance,Low,Closed,2024-10-26,9,1207.8537685126234
TICKET006331,2024-10-17,PROP020,Pest Control,Low,Closed,2024-11-04,18,461.8469498605383
TICKET006332,2024-10-17,PROP004,Structural,High,Open,,106,
TICKET006333,2024-10-17,PROP016,General Maintenance,High,Closed,2024-10-20,3,684.046090539669
TICKET006334,2024-10-17,PROP020,Landscaping,Medium,Closed,2024-10-25,8,596.9355340996892
TICKET006335,2024-10-17,PROP018,Plumbing,Low,Pending Parts,,106,
TICKET006336,2024-10-17,PROP015,Electrical,Low,Pending Parts,,106,
TICKET006337,2024-10-17,PROP017,Structural,Medium,Closed,2024-10-24,7,155.21584458813018
TICKET006338,2024-10-17,PROP025,Landscaping,Low,Closed,2024-11-01,15,1229.9609281341932
TICKET006339,2024-10-17,PROP022,Electrical,Low,Closed,2024-11-01,15,742.7155383158689
TICKET006340,2024-10-17,PROP014,Electrical,Medium,Closed,2024-10-21,4,168.07606321309498
TICKET006341,2024-10-17,PROP011,Pest Control,High,Closed,2024-10-20,3,152.55818392184838
TICKET006342,2024-10-17,PROP016,Pest Control,High,Closed,2024-10-21,4,889.8106337015686
TICKET006343,2024-10-17,PROP004,Plumbing,Medium,Closed,2024-10-22,5,223.690529649983
TICKET006344,2024-10-17,PROP016,Appliance,Low,Closed,2024-10-23,6,118.14810322160446
TICKET006345,2024-10-18,PROP024,Pest Control,Medium,Closed,2024-10-23,5,1330.1713374960452
TICKET006346,2024-10-18,PROP002,Pest Control,High,Closed,2024-10-22,4,1204.8310074666192
TICKET006347,2024-10-18,PROP017,Structural,Low,Pending Parts,,105,
TICKET006348,2024-10-18,PROP024,Electrical,Medium,Closed,2024-10-22,4,1097.909155446839
TICKET006349,2024-10-18,PROP016,HVAC,Medium,Closed,2024-10-25,7,1216.7536665480063
TICKET006350,2024-10-18,PROP009,General Maintenance,Low,Closed,2024-10-25,7,1271.1250231911902
TICKET006351,2024-10-18,PROP020,General Maintenance,Medium,Closed,2024-10-23,5,695.880656198635
TICKET006352,2024-10-18,PROP003,Plumbing,Medium,In Progress,,105,
TICKET006353,2024-10-18,PROP022,Landscaping,Low,Closed,2024-11-06,19,1351.462787995599
TICKET006354,2024-10-18,PROP011,Landscaping,Medium,Closed,2024-10-26,8,1487.5490677976372
TICKET006355,2024-10-18,PROP015,HVAC,Emergency,Closed,2024-10-19,1,592.2624354254613
TICKET006356,2024-10-18,PROP013,Landscaping,High,Closed,2024-10-20,2,959.7181652827519
TICKET006357,2024-10-18,PROP012,General Maintenance,Medium,Closed,2024-10-27,9,771.14885048045
TICKET006358,2024-10-18,PROP015,Electrical,Medium,Closed,2024-10-21,3,1379.5341315105647
TICKET006359,2024-10-18,PROP011,HVAC,High,In Progress,,105,
TICKET006360,2024-10-18,PROP018,Plumbing,High,Closed,2024-10-22,4,1095.9062942516416
TICKET006361,2024-10-18,PROP023,HVAC,Medium,Closed,2024-10-23,5,573.220694664285
TICKET006362,2024-10-18,PROP008,HVAC,Low,Open,,105,
TICKET006363,2024-10-18,PROP014,Appliance,Medium,Open,,105,
TICKET006364,2024-10-18,PROP002,Electrical,Medium,Closed,2024-10-22,4,666.1132291211345
TICKET006365,2024-10-18,PROP022,HVAC,High,Closed,2024-10-22,4,300.20661527589425
TICKET006366,2024-10-18,PROP024,HVAC,Low,Closed,2024-10-30,12,851.306905952972
TICKET006367,2024-10-18,PROP024,HVAC,Low,Closed,2024-10-25,7,1216.9736982916986
TICKET006368,2024-10-18,PROP001,Pest Control,High,In Progress,,105,
TICKET006369,2024-10-18,PROP020,Plumbing,High,Closed,2024-10-22,4,740.6161611406044
TICKET006370,2024-10-19,PROP002,Electrical,Low,Closed,2024-10-29,10,1368.7350189601302
TICKET006371,2024-10-19,PROP018,HVAC,High,Closed,2024-10-21,2,1235.9899202110403
TICKET006372,2024-10-19,PROP023,Appliance,Low,In Progress,,104,
TICKET006373,2024-10-19,PROP010,Pest Control,Medium,Closed,2024-10-24,5,1103.352496662184
TICKET006374,2024-10-19,PROP025,Structural,Medium,Open,,104,
TICKET006375,2024-10-19,PROP013,Landscaping,Low,Closed,2024-10-28,9,1150.5338984021546
TICKET006376,2024-10-19,PROP013,General Maintenance,High,Closed,2024-10-22,3,155.80359301567037
TICKET006377,2024-10-19,PROP010,Landscaping,Medium,Closed,2024-10-24,5,280.84144651426897
TICKET006378,2024-10-19,PROP021,Plumbing,Medium,Closed,2024-10-23,4,725.2818183294703
TICKET006379,2024-10-19,PROP005,General Maintenance,Low,Closed,2024-11-05,17,465.3570489327405
TICKET006380,2024-10-19,PROP006,Plumbing,Low,Closed,2024-10-29,10,1343.6122073228964
TICKET006381,2024-10-19,PROP019,Plumbing,High,Closed,2024-10-23,4,1251.6079381848851
TICKET006382,2024-10-19,PROP006,General Maintenance,Medium,Open,,104,
TICKET006383,2024-10-19,PROP002,General Maintenance,High,Closed,2024-10-22,3,1065.472431321465
TICKET006384,2024-10-19,PROP019,Appliance,High,Closed,2024-10-20,1,674.174797084726
TICKET006385,2024-10-19,PROP015,Structural,Low,Closed,2024-11-04,16,781.7226694016558
TICKET006386,2024-10-19,PROP025,Landscaping,High,Closed,2024-10-21,2,360.9608239112074
TICKET006387,2024-10-19,PROP018,Structural,Medium,Pending Parts,,104,
TICKET006388,2024-10-20,PROP010,General Maintenance,Medium,Closed,2024-10-23,3,1197.545184903494
TICKET006389,2024-10-20,PROP012,Pest Control,Medium,Closed,2024-10-29,9,684.3074235837739
TICKET006390,2024-10-20,PROP022,Plumbing,Low,Closed,2024-11-05,16,1322.872907735532
TICKET006391,2024-10-20,PROP005,Appliance,Medium,Pending Parts,,103,
TICKET006392,2024-10-20,PROP015,Pest Control,Medium,Closed,2024-10-25,5,821.1852891091331
TICKET006393,2024-10-20,PROP007,Electrical,Medium,Closed,2024-10-27,7,1431.505927418285
TICKET006394,2024-10-20,PROP004,Structural,Medium,Pending Parts,,103,
TICKET006395,2024-10-20,PROP006,Landscaping,Medium,Closed,2024-10-29,9,552.7919121315103
TICKET006396,2024-10-20,PROP022,Pest Control,High,Closed,2024-10-21,1,744.3020782339886
TICKET006397,2024-10-20,PROP025,Landscaping,Low,Closed,2024-11-07,18,1393.767963804535
TICKET006398,2024-10-20,PROP008,Structural,Low,Closed,2024-10-31,11,689.8772845659906
TICKET006399,2024-10-20,PROP002,HVAC,Medium,Closed,2024-10-27,7,334.4420034516394
TICKET006400,2024-10-20,PROP016,Landscaping,High,Closed,2024-10-24,4,1248.3249829989115
TICKET006401,2024-10-20,PROP018,Electrical,High,Closed,2024-10-24,4,972.3591747415134
TICKET006402,2024-10-20,PROP016,Structural,Medium,Closed,2024-10-23,3,1397.8659994882728
TICKET006403,2024-10-21,PROP016,Appliance,Medium,Closed,2024-10-29,8,472.54169140194256
TICKET006404,2024-10-21,PROP004,Appliance,Medium,Closed,2024-10-30,9,1058.8804966644964
TICKET006405,2024-10-21,PROP015,Pest Control,Low,Closed,2024-10-29,8,1086.5934812027515
TICKET006406,2024-10-21,PROP004,Appliance,High,Closed,2024-10-23,2,1194.4761868948883
TICKET006407,2024-10-21,PROP021,Plumbing,High,Closed,2024-10-24,3,801.8188835525774
TICKET006408,2024-10-21,PROP013,Appliance,Low,Closed,2024-11-07,17,702.3071646394488
TICKET006409,2024-10-21,PROP017,Plumbing,Medium,Closed,2024-10-30,9,1180.8917534658488
TICKET006410,2024-10-21,PROP003,Plumbing,Low,Closed,2024-10-31,10,764.0187426783392
TICKET006411,2024-10-21,PROP007,General Maintenance,Medium,Closed,2024-10-25,4,822.3315567276649
TICKET006412,2024-10-21,PROP019,HVAC,Low,Closed,2024-10-31,10,1304.5451578205661
TICKET006413,2024-10-21,PROP025,HVAC,Medium,Closed,2024-10-26,5,1242.1144185777082
TICKET006414,2024-10-21,PROP007,Electrical,High,Closed,2024-10-25,4,1283.7968072814122
TICKET006415,2024-10-21,PROP018,HVAC,Medium,Closed,2024-10-26,5,425.29876026362786
TICKET006416,2024-10-21,PROP023,Plumbing,High,Closed,2024-10-25,4,989.8249696503667
TICKET006417,2024-10-21,PROP020,Landscaping,Medium,Closed,2024-10-24,3,1242.7429056399253
TICKET006418,2024-10-21,PROP003,Plumbing,Low,Closed,2024-10-30,9,315.68352330351274
TICKET006419,2024-10-21,PROP016,Plumbing,Low,Closed,2024-11-04,14,59.517616888370455
TICKET006420,2024-10-21,PROP025,Appliance,High,In Progress,,102,
TICKET006421,2024-10-21,PROP004,Landscaping,Emergency,Closed,2024-10-22,1,1236.7056052390237
TICKET006422,2024-10-21,PROP020,Appliance,Low,Closed,2024-11-08,18,855.254520447754
TICKET006423,2024-10-21,PROP024,Electrical,Medium,Closed,2024-10-30,9,51.89688931139045
TICKET006424,2024-10-21,PROP020,Plumbing,High,Closed,2024-10-24,3,1439.3219806382187
TICKET006425,2024-10-21,PROP022,Landscaping,Emergency,Closed,2024-10-21,0,1471.4041716244317
TICKET006426,2024-10-21,PROP022,Pest Control,Low,Closed,2024-11-06,16,619.2519559150003
TICKET006427,2024-10-21,PROP022,General Maintenance,Low,Closed,2024-10-28,7,879.7620210190378
TICKET006428,2024-10-21,PROP010,General Maintenance,Low,Closed,2024-11-01,11,721.0407027794697
TICKET006429,2024-10-21,PROP013,Structural,High,Closed,2024-10-25,4,78.08765482695284
TICKET006430,2024-10-21,PROP013,Electrical,Low,Pending Parts,,102,
TICKET006431,2024-10-21,PROP010,Plumbing,Medium,Closed,2024-10-28,7,139.83862613219287
TICKET006432,2024-10-21,PROP017,General Maintenance,Medium,Closed,2024-10-27,6,696.9289308721437
TICKET006433,2024-10-21,PROP015,Electrical,Low,Closed,2024-10-27,6,570.4434196371235
TICKET006434,2024-10-21,PROP017,General Maintenance,Medium,Closed,2024-10-25,4,1175.9988363783327
TICKET006435,2024-10-21,PROP013,Structural,Medium,In Progress,,102,
TICKET006436,2024-10-21,PROP010,General Maintenance,High,Open,,102,
TICKET006437,2024-10-22,PROP006,Pest Control,Low,Closed,2024-10-31,9,1087.8926739078938
TICKET006438,2024-10-22,PROP008,Structural,Low,Closed,2024-10-27,5,1056.3528880051804
TICKET006439,2024-10-22,PROP014,General Maintenance,Medium,Closed,2024-10-26,4,636.5620578655918
TICKET006440,2024-10-22,PROP008,Pest Control,Emergency,Closed,2024-10-22,0,577.2673576980715
TICKET006441,2024-10-22,PROP022,HVAC,Medium,Closed,2024-10-28,6,315.3691532381063
TICKET006442,2024-10-22,PROP011,HVAC,High,Closed,2024-10-24,2,178.10508839781826
TICKET006443,2024-10-22,PROP025,Landscaping,Low,Closed,2024-10-30,8,1460.3604976508955
TICKET006444,2024-10-22,PROP023,Structural,Medium,Closed,2024-10-27,5,1110.2567460595048
TICKET006445,2024-10-22,PROP009,Pest Control,Medium,Closed,2024-10-28,6,899.5078285727004
TICKET006446,2024-10-22,PROP014,Pest Control,Medium,Closed,2024-10-31,9,1382.2829986362053
TICKET006447,2024-10-22,PROP013,Appliance,Medium,Closed,2024-10-30,8,315.27083480881294
TICKET006448,2024-10-22,PROP021,Structural,Low,Closed,2024-11-06,15,1462.9989095297285
TICKET006449,2024-10-22,PROP024,Electrical,Low,Closed,2024-10-27,5,1447.6194070845563
TICKET006450,2024-10-22,PROP021,HVAC,Low,Closed,2024-10-30,8,607.2562838245273
TICKET006451,2024-10-22,PROP008,Appliance,Low,Closed,2024-11-02,11,1251.2190609993656
TICKET006452,2024-10-22,PROP005,HVAC,Medium,Closed,2024-10-30,8,1316.1432180438037
TICKET006453,2024-10-22,PROP021,General Maintenance,Low,In Progress,,101,
TICKET006454,2024-10-22,PROP001,General Maintenance,Medium,In Progress,,101,
TICKET006455,2024-10-22,PROP013,Electrical,Medium,Closed,2024-10-27,5,488.34318396082836
TICKET006456,2024-10-22,PROP006,Landscaping,Medium,Closed,2024-10-29,7,689.260960398003
TICKET006457,2024-10-22,PROP023,HVAC,Low,Closed,2024-11-09,18,523.7425748316873
TICKET006458,2024-10-22,PROP003,Plumbing,Low,Closed,2024-11-03,12,1320.7762209804039
TICKET006459,2024-10-22,PROP011,General Maintenance,Medium,Pending Parts,,101,
TICKET006460,2024-10-22,PROP004,Plumbing,Medium,Closed,2024-10-30,8,133.75898748835755
TICKET006461,2024-10-22,PROP013,Electrical,Medium,Closed,2024-10-28,6,849.454260622424
TICKET006462,2024-10-22,PROP025,Appliance,Low,Open,,101,
TICKET006463,2024-10-22,PROP008,Structural,Low,Closed,2024-10-29,7,528.8149705144158
TICKET006464,2024-10-22,PROP008,Landscaping,High,Closed,2024-10-25,3,61.21449097122556
TICKET006465,2024-10-22,PROP021,Appliance,Low,Closed,2024-11-03,12,151.97569934677924
TICKET006466,2024-10-22,PROP008,Landscaping,Low,Closed,2024-11-10,19,1130.195365965086
TICKET006467,2024-10-22,PROP022,Structural,Medium,Closed,2024-10-30,8,1202.342848200051
TICKET006468,2024-10-22,PROP003,Appliance,Medium,Open,,101,
TICKET006469,2024-10-23,PROP006,Plumbing,Low,Closed,2024-11-04,12,1305.6415493453123
TICKET006470,2024-10-23,PROP024,Appliance,Low,Closed,2024-11-02,10,1479.5476587268163
TICKET006471,2024-10-23,PROP017,Pest Control,Medium,Closed,2024-10-26,3,614.9983585391689
TICKET006472,2024-10-23,PROP003,Structural,Medium,Closed,2024-10-31,8,473.59403075153136
TICKET006473,2024-10-23,PROP006,HVAC,Low,Pending Parts,,100,
TICKET006474,2024-10-23,PROP018,Plumbing,Medium,In Progress,,100,
TICKET006475,2024-10-23,PROP014,Pest Control,High,In Progress,,100,
TICKET006476,2024-10-23,PROP016,Landscaping,Medium,Closed,2024-10-31,8,1251.5970421219906
TICKET006477,2024-10-23,PROP013,Landscaping,Low,Closed,2024-11-10,18,1265.285801726863
TICKET006478,2024-10-23,PROP008,Appliance,Medium,In Progress,,100,
TICKET006479,2024-10-23,PROP015,Pest Control,High,Closed,2024-10-27,4,702.1209913706458
TICKET006480,2024-10-23,PROP009,Appliance,Medium,Closed,2024-10-27,4,1209.1678517797563
TICKET006481,2024-10-23,PROP020,General Maintenance,High,Closed,2024-10-26,3,1028.7809928423214
TICKET006482,2024-10-23,PROP022,Appliance,Low,Open,,100,
TICKET006483,2024-10-23,PROP001,Pest Control,Low,Closed,2024-11-01,9,942.2077813026256
TICKET006484,2024-10-23,PROP003,Plumbing,Low,Closed,2024-10-30,7,650.7710121761324
TICKET006485,2024-10-23,PROP010,Pest Control,Low,Pending Parts,,100,
TICKET006486,2024-10-23,PROP013,Plumbing,High,Closed,2024-10-25,2,801.2014006216933
TICKET006487,2024-10-23,PROP002,HVAC,High,Closed,2024-10-27,4,1215.8606751799216
TICKET006488,2024-10-23,PROP005,Appliance,Medium,Closed,2024-10-26,3,695.6393511462702
TICKET006489,2024-10-23,PROP012,Plumbing,High,Closed,2024-10-26,3,1011.6594154545083
TICKET006490,2024-10-23,PROP008,Appliance,Medium,Pending Parts,,100,
TICKET006491,2024-10-23,PROP010,Plumbing,Low,Closed,2024-10-28,5,296.8360702464518
TICKET006492,2024-10-23,PROP002,Appliance,High,Closed,2024-10-27,4,820.9218739388599
TICKET006493,2024-10-23,PROP007,Electrical,Low,Closed,2024-11-02,10,883.8390763793715
TICKET006494,2024-10-23,PROP022,Pest Control,Low,Closed,2024-11-10,18,1125.461053582145
TICKET006495,2024-10-23,PROP014,HVAC,Medium,Open,,100,
TICKET006496,2024-10-23,PROP009,HVAC,Low,Closed,2024-11-09,17,1371.6997066761369
TICKET006497,2024-10-23,PROP014,Appliance,Low,Closed,2024-11-09,17,997.9046657438439
TICKET006498,2024-10-23,PROP008,Landscaping,High,Closed,2024-10-25,2,458.9452920942195
TICKET006499,2024-10-24,PROP024,Pest Control,Low,Closed,2024-11-11,18,1135.9784401632514
TICKET006500,2024-10-24,PROP020,Electrical,Medium,Closed,2024-10-29,5,674.5070031799705
TICKET006501,2024-10-24,PROP008,Pest Control,High,Closed,2024-10-28,4,1479.4797263864853
TICKET006502,2024-10-24,PROP014,Appliance,Low,Pending Parts,,99,
TICKET006503,2024-10-24,PROP016,General Maintenance,Low,Closed,2024-10-31,7,722.7641171397445
TICKET006504,2024-10-24,PROP023,Appliance,Low,Open,,99,
TICKET006505,2024-10-24,PROP021,Landscaping,Medium,Closed,2024-11-02,9,897.2511486513828
TICKET006506,2024-10-24,PROP013,Appliance,Low,Closed,2024-11-07,14,390.9413677729661
TICKET006507,2024-10-24,PROP023,Structural,Medium,Closed,2024-10-31,7,617.6082724399076
TICKET006508,2024-10-24,PROP004,General Maintenance,Low,Closed,2024-11-07,14,226.77896915446374
TICKET006509,2024-10-24,PROP020,Structural,Medium,Closed,2024-11-02,9,743.8926986519975
TICKET006510,2024-10-24,PROP007,Electrical,High,Closed,2024-10-27,3,888.2122476572372
TICKET006511,2024-10-24,PROP015,General Maintenance,High,Closed,2024-10-26,2,527.4006616004223
TICKET006512,2024-10-24,PROP020,Structural,Medium,Closed,2024-11-02,9,1401.930588838773
TICKET006513,2024-10-24,PROP019,Electrical,High,Pending Parts,,99,
TICKET006514,2024-10-24,PROP011,Electrical,Low,Closed,2024-11-03,10,184.38077813919693
TICKET006515,2024-10-24,PROP015,General Maintenance,Low,In Progress,,99,
TICKET006516,2024-10-24,PROP011,Electrical,Emergency,Closed,2024-10-24,0,1491.9404536479522
TICKET006517,2024-10-24,PROP023,Landscaping,Low,Closed,2024-11-05,12,890.6180157178624
TICKET006518,2024-10-24,PROP020,Structural,High,In Progress,,99,
TICKET006519,2024-10-24,PROP016,HVAC,Medium,Closed,2024-10-31,7,1490.5902285540199
TICKET006520,2024-10-24,PROP021,Structural,High,Closed,2024-10-26,2,1217.0148541927626
TICKET006521,2024-10-24,PROP006,Plumbing,Low,Closed,2024-11-09,16,1079.1461108006463
TICKET006522,2024-10-24,PROP003,General Maintenance,Low,Closed,2024-11-06,13,1242.6644958478341
TICKET006523,2024-10-24,PROP023,Pest Control,Medium,Closed,2024-10-31,7,105.8703546590803
TICKET006524,2024-10-24,PROP018,HVAC,Emergency,Closed,2024-10-25,1,743.8553745353959
TICKET006525,2024-10-24,PROP006,Structural,High,Closed,2024-10-27,3,1296.159569526644
TICKET006526,2024-10-24,PROP020,Landscaping,High,Closed,2024-10-26,2,1216.8070819278419
TICKET006527,2024-10-24,PROP016,Landscaping,High,Open,,99,
TICKET006528,2024-10-24,PROP007,Structural,Emergency,Closed,2024-10-25,1,227.6271609861359
TICKET006529,2024-10-24,PROP025,Structural,Medium,In Progress,,99,
TICKET006530,2024-10-24,PROP020,HVAC,Medium,In Progress,,99,
TICKET006531,2024-10-25,PROP021,Pest Control,Medium,Closed,2024-11-02,8,685.4177244199782
TICKET006532,2024-10-25,PROP002,Pest Control,Low,Open,,98,
TICKET006533,2024-10-25,PROP025,HVAC,Medium,Closed,2024-10-29,4,797.3341334558975
TICKET006534,2024-10-25,PROP003,Plumbing,Low,Closed,2024-11-06,12,216.60666692166853
TICKET006535,2024-10-25,PROP025,Appliance,Medium,Closed,2024-11-02,8,1334.4827619826156
TICKET006536,2024-10-25,PROP018,Plumbing,Low,Closed,2024-11-01,7,1187.6498140995234
TICKET006537,2024-10-25,PROP007,Landscaping,High,Closed,2024-10-27,2,497.8439813912558
TICKET006538,2024-10-25,PROP023,HVAC,Medium,Closed,2024-10-30,5,1452.3172919473461
TICKET006539,2024-10-25,PROP010,Electrical,Medium,Closed,2024-10-30,5,280.62870964545425
TICKET006540,2024-10-25,PROP005,Appliance,Low,Closed,2024-11-12,18,811.2019835427002
TICKET006541,2024-10-25,PROP015,HVAC,High,Closed,2024-10-29,4,661.5702797329951
TICKET006542,2024-10-25,PROP025,Electrical,High,Open,,98,
TICKET006543,2024-10-25,PROP001,Plumbing,High,Closed,2024-10-29,4,1106.3411890177417
TICKET006544,2024-10-25,PROP019,Plumbing,High,Closed,2024-10-29,4,180.98796606429192
TICKET006545,2024-10-25,PROP007,Plumbing,Low,Closed,2024-11-07,13,79.16144808117478
TICKET006546,2024-10-25,PROP010,HVAC,Low,Closed,2024-11-02,8,484.5719312535641
TICKET006547,2024-10-25,PROP016,Appliance,Low,Closed,2024-11-02,8,992.8823640061953
TICKET006548,2024-10-25,PROP010,HVAC,Low,Closed,2024-11-13,19,1133.5152265827949
TICKET006549,2024-10-25,PROP021,Electrical,Low,Closed,2024-11-07,13,382.57345923760175
TICKET006550,2024-10-25,PROP019,Appliance,Medium,Closed,2024-11-01,7,95.88915406963301
TICKET006551,2024-10-25,PROP003,General Maintenance,Medium,Closed,2024-10-30,5,905.3124612679998
TICKET006552,2024-10-25,PROP001,Landscaping,Low,Closed,2024-11-04,10,1060.153294779273
TICKET006553,2024-10-25,PROP016,Pest Control,Low,Closed,2024-10-30,5,1022.1312118405253
TICKET006554,2024-10-25,PROP013,Structural,Low,Closed,2024-10-31,6,520.9600838878576
TICKET006555,2024-10-25,PROP009,Plumbing,Low,Closed,2024-11-11,17,844.6918960038695
TICKET006556,2024-10-25,PROP006,General Maintenance,Low,Closed,2024-11-10,16,1001.7977980090315
TICKET006557,2024-10-25,PROP006,Landscaping,Medium,Closed,2024-10-29,4,220.82169350650574
TICKET006558,2024-10-25,PROP008,Structural,Low,Closed,2024-11-11,17,155.44726015365904
TICKET006559,2024-10-25,PROP010,Structural,High,In Progress,,98,
TICKET006560,2024-10-25,PROP003,General Maintenance,Medium,Closed,2024-11-01,7,1209.4344104843835
TICKET006561,2024-10-25,PROP002,Landscaping,High,Open,,98,
TICKET006562,2024-10-26,PROP002,General Maintenance,Low,Closed,2024-11-14,19,1278.3862524242732
TICKET006563,2024-10-26,PROP003,General Maintenance,Low,Closed,2024-11-12,17,791.6698261570417
TICKET006564,2024-10-26,PROP020,Electrical,High,Closed,2024-10-29,3,655.8975053317905
TICKET006565,2024-10-26,PROP016,Pest Control,Medium,Closed,2024-11-01,6,1477.834860989991
TICKET006566,2024-10-26,PROP002,General Maintenance,Low,Closed,2024-11-10,15,239.16709329827154
TICKET006567,2024-10-26,PROP009,Plumbing,High,Closed,2024-10-29,3,168.80009880837486
TICKET006568,2024-10-26,PROP001,Landscaping,Low,Closed,2024-11-12,17,1421.9674965557615
TICKET006569,2024-10-26,PROP025,Landscaping,Medium,Closed,2024-10-30,4,152.49009166958257
TICKET006570,2024-10-26,PROP020,Pest Control,Medium,Closed,2024-10-30,4,258.7202043036292
TICKET006571,2024-10-26,PROP022,General Maintenance,High,Closed,2024-10-27,1,261.6667887368995
TICKET006572,2024-10-26,PROP016,Appliance,Low,Closed,2024-11-08,13,1364.7484325149346
TICKET006573,2024-10-26,PROP019,General Maintenance,Medium,Closed,2024-10-31,5,1409.352620972109
TICKET006574,2024-10-26,PROP009,Plumbing,Medium,Closed,2024-10-30,4,833.8940597357245
TICKET006575,2024-10-26,PROP020,Landscaping,Low,Closed,2024-11-14,19,1128.9132526330354
TICKET006576,2024-10-26,PROP003,Landscaping,Low,Closed,2024-11-06,11,1473.9397474814657
TICKET006577,2024-10-26,PROP015,Appliance,High,Closed,2024-10-28,2,211.00039925595013
TICKET006578,2024-10-26,PROP006,Landscaping,Medium,Closed,2024-11-02,7,1071.4648623163207
TICKET006579,2024-10-26,PROP003,Pest Control,Medium,Closed,2024-10-29,3,1316.1550097013226
TICKET006580,2024-10-26,PROP018,Landscaping,Low,Closed,2024-11-12,17,644.0244063457035
TICKET006581,2024-10-26,PROP020,Pest Control,Medium,Closed,2024-10-30,4,815.0455083292884
TICKET006582,2024-10-26,PROP025,Landscaping,Low,Closed,2024-11-11,16,562.2597012333442
TICKET006583,2024-10-27,PROP023,Landscaping,High,Closed,2024-10-30,3,430.3884706328644
TICKET006584,2024-10-27,PROP021,HVAC,Low,Closed,2024-11-12,16,1051.6566664368033
TICKET006585,2024-10-27,PROP014,Plumbing,Emergency,Closed,2024-10-27,0,147.4140345856884
TICKET006586,2024-10-27,PROP005,Plumbing,Low,Closed,2024-11-06,10,991.2555261624935
TICKET006587,2024-10-27,PROP011,Appliance,High,In Progress,,96,
TICKET006588,2024-10-27,PROP023,Structural,High,Closed,2024-10-31,4,866.7863372904626
TICKET006589,2024-10-27,PROP022,Appliance,Emergency,Closed,2024-10-28,1,631.9679930741742
TICKET006590,2024-10-27,PROP012,Appliance,Medium,Closed,2024-11-03,7,596.742494026384
TICKET006591,2024-10-27,PROP021,Landscaping,Low,Closed,2024-11-12,16,1321.2922440652442
TICKET006592,2024-10-27,PROP003,Electrical,Low,Closed,2024-11-12,16,1350.1081861944308
TICKET006593,2024-10-27,PROP019,HVAC,Low,Closed,2024-11-08,12,1066.5889823575033
TICKET006594,2024-10-27,PROP003,Structural,Medium,Closed,2024-10-31,4,292.27682211990657
TICKET006595,2024-10-27,PROP013,Structural,Low,Closed,2024-11-05,9,1173.2415896882694
TICKET006596,2024-10-27,PROP019,General Maintenance,Medium,Closed,2024-11-05,9,1152.2152397441596
TICKET006597,2024-10-27,PROP002,Electrical,Medium,Closed,2024-10-30,3,713.9827754101361
TICKET006598,2024-10-27,PROP005,Structural,Low,Closed,2024-11-13,17,263.94976080945503
TICKET006599,2024-10-27,PROP023,Electrical,Low,Closed,2024-11-09,13,518.698957141519
TICKET006600,2024-10-27,PROP002,Plumbing,Low,Closed,2024-11-10,14,810.2634729089882
TICKET006601,2024-10-27,PROP009,Plumbing,Low,Pending Parts,,96,
TICKET006602,2024-10-27,PROP014,HVAC,Medium,Closed,2024-11-02,6,453.8381451292004
TICKET006603,2024-10-27,PROP008,Structural,High,Closed,2024-10-31,4,1040.6732258750735
TICKET006604,2024-10-27,PROP017,Landscaping,High,Closed,2024-10-30,3,1112.9928835370183
TICKET006605,2024-10-27,PROP003,Appliance,High,Closed,2024-10-30,3,1096.2857397252783
TICKET006606,2024-10-27,PROP007,Structural,Low,Pending Parts,,96,
TICKET006607,2024-10-27,PROP018,Structural,Emergency,Closed,2024-10-28,1,584.583612179445
TICKET006608,2024-10-27,PROP025,HVAC,Medium,Closed,2024-11-04,8,336.2207091802654
TICKET006609,2024-10-27,PROP019,Electrical,Low,Closed,2024-11-08,12,1249.1635204383838
TICKET006610,2024-10-27,PROP006,Appliance,High,Closed,2024-10-29,2,105.41539259033749
TICKET006611,2024-10-27,PROP024,Landscaping,Low,Closed,2024-11-14,18,191.94900221239828
TICKET006612,2024-10-27,PROP022,Structural,High,Open,,96,
TICKET006613,2024-10-28,PROP007,Appliance,Emergency,Closed,2024-10-28,0,1118.586633285369
TICKET006614,2024-10-28,PROP022,General Maintenance,Medium,Closed,2024-11-02,5,1163.2089221901094
TICKET006615,2024-10-28,PROP006,Electrical,Low,Closed,2024-11-13,16,924.6282061593763
TICKET006616,2024-10-28,PROP011,General Maintenance,Medium,Pending Parts,,95,
TICKET006617,2024-10-28,PROP019,Electrical,Medium,Closed,2024-11-02,5,156.90433822259456
TICKET006618,2024-10-28,PROP002,Electrical,Low,Closed,2024-11-03,6,1425.5717192368018
TICKET006619,2024-10-28,PROP009,Electrical,Medium,Closed,2024-11-01,4,1239.7425022478158
TICKET006620,2024-10-28,PROP008,Landscaping,High,Closed,2024-11-01,4,1341.5012600061962
TICKET006621,2024-10-28,PROP002,Landscaping,Low,Closed,2024-11-13,16,694.9728429067584
TICKET006622,2024-10-28,PROP007,Plumbing,Medium,Closed,2024-11-06,9,80.07282312154216
TICKET006623,2024-10-28,PROP008,Pest Control,Low,Open,,95,
TICKET006624,2024-10-28,PROP004,Structural,Emergency,Closed,2024-10-28,0,311.2641958946893
TICKET006625,2024-10-28,PROP007,Appliance,Medium,Closed,2024-11-05,8,917.4884282370014
TICKET006626,2024-10-28,PROP023,Pest Control,Low,Open,,95,
TICKET006627,2024-10-28,PROP006,Electrical,High,Closed,2024-10-31,3,856.0509499104211
TICKET006628,2024-10-28,PROP002,Pest Control,High,Pending Parts,,95,
TICKET006629,2024-10-28,PROP015,Landscaping,Medium,Closed,2024-11-06,9,641.4162076537173
TICKET006630,2024-10-28,PROP010,Plumbing,Low,Closed,2024-11-06,9,491.72585728144907
TICKET006631,2024-10-28,PROP016,Electrical,Low,Closed,2024-11-05,8,409.172063086936
TICKET006632,2024-10-28,PROP008,Plumbing,High,Pending Parts,,95,
TICKET006633,2024-10-28,PROP016,Structural,Low,Closed,2024-11-08,11,978.4709732195089
TICKET006634,2024-10-28,PROP006,Appliance,Medium,In Progress,,95,
TICKET006635,2024-10-28,PROP008,General Maintenance,Medium,Pending Parts,,95,
TICKET006636,2024-10-28,PROP007,Landscaping,Emergency,Closed,2024-10-28,0,75.72686097903929
TICKET006637,2024-10-28,PROP012,Appliance,Medium,Closed,2024-11-03,6,1242.700487083281
TICKET006638,2024-10-28,PROP005,Appliance,Low,Closed,2024-11-08,11,308.40420772801986
TICKET006639,2024-10-28,PROP009,Structural,Medium,Closed,2024-10-31,3,895.474851066534
TICKET006640,2024-10-28,PROP023,Electrical,Emergency,Pending Parts,,95,
TICKET006641,2024-10-28,PROP020,Pest Control,Medium,Closed,2024-11-06,9,190.08082466091025
TICKET006642,2024-10-29,PROP002,Pest Control,High,Open,,94,
TICKET006643,2024-10-29,PROP017,Electrical,Emergency,In Progress,,94,
TICKET006644,2024-10-29,PROP016,Appliance,Low,Open,,94,
TICKET006645,2024-10-29,PROP020,Pest Control,Emergency,Closed,2024-10-29,0,962.0168968700817
TICKET006646,2024-10-29,PROP018,General Maintenance,Medium,Closed,2024-11-01,3,1205.3800597684535
TICKET006647,2024-10-29,PROP015,Electrical,High,Closed,2024-10-31,2,1329.2990865769987
TICKET006648,2024-10-29,PROP006,Structural,Low,Closed,2024-11-14,16,108.85777320019822
TICKET006649,2024-10-29,PROP024,General Maintenance,Medium,Closed,2024-11-03,5,221.54177742743315
TICKET006650,2024-10-29,PROP007,General Maintenance,Low,Closed,2024-11-17,19,1378.9917770372247
TICKET006651,2024-10-29,PROP015,Appliance,Medium,Closed,2024-11-02,4,1188.2454995394532
TICKET006652,2024-10-29,PROP010,Structural,Medium,Closed,2024-11-01,3,1351.524890047657
TICKET006653,2024-10-29,PROP011,Landscaping,High,In Progress,,94,
TICKET006654,2024-10-29,PROP016,Landscaping,Medium,Closed,2024-11-07,9,682.5419299555757
TICKET006655,2024-10-29,PROP018,Structural,Medium,Closed,2024-11-02,4,58.80792988016516
TICKET006656,2024-10-29,PROP005,Landscaping,Low,Pending Parts,,94,
TICKET006657,2024-10-30,PROP004,Landscaping,Medium,In Progress,,93,
TICKET006658,2024-10-30,PROP017,Pest Control,Medium,Closed,2024-11-04,5,330.25655521546344
TICKET006659,2024-10-30,PROP025,General Maintenance,Low,Closed,2024-11-09,10,728.7555715424306
TICKET006660,2024-10-30,PROP017,Electrical,Medium,Pending Parts,,93,
TICKET006661,2024-10-30,PROP021,Appliance,Medium,Closed,2024-11-08,9,190.94724326394436
TICKET006662,2024-10-30,PROP014,Structural,Medium,Closed,2024-11-03,4,180.6327945280763
TICKET006663,2024-10-30,PROP012,Pest Control,Low,Closed,2024-11-14,15,169.51466621742946
TICKET006664,2024-10-30,PROP005,General Maintenance,Medium,Closed,2024-11-04,5,963.9570953418538
TICKET006665,2024-10-30,PROP004,HVAC,Medium,Open,,93,
TICKET006666,2024-10-30,PROP020,Appliance,Medium,Closed,2024-11-06,7,549.183640126189
TICKET006667,2024-10-30,PROP012,Plumbing,Low,Closed,2024-11-17,18,1407.1401542310027
TICKET006668,2024-10-30,PROP018,Pest Control,Low,Closed,2024-11-09,10,958.9816739157689
TICKET006669,2024-10-30,PROP002,Structural,High,Closed,2024-11-02,3,857.6864540248911
TICKET006670,2024-10-30,PROP021,Electrical,Low,Closed,2024-11-06,7,895.6264475793695
TICKET006671,2024-10-30,PROP009,Plumbing,Low,Closed,2024-11-17,18,403.39937396498055
TICKET006672,2024-10-30,PROP012,Structural,Low,Closed,2024-11-09,10,204.7739333064567
TICKET006673,2024-10-30,PROP019,Structural,High,Closed,2024-11-03,4,1259.3552154543017
TICKET006674,2024-10-30,PROP023,HVAC,Medium,Closed,2024-11-02,3,1404.1351348397395
TICKET006675,2024-10-30,PROP004,Pest Control,Low,Closed,2024-11-06,7,1023.741164798999
TICKET006676,2024-10-30,PROP011,General Maintenance,Low,Closed,2024-11-14,15,709.0030433564128
TICKET006677,2024-10-31,PROP017,General Maintenance,Medium,Closed,2024-11-04,4,1316.5067702470933
TICKET006678,2024-10-31,PROP006,Landscaping,Low,Closed,2024-11-06,6,342.99287206110426
TICKET006679,2024-10-31,PROP025,Structural,Low,Closed,2024-11-17,17,556.2383969740688
TICKET006680,2024-10-31,PROP016,General Maintenance,Low,Closed,2024-11-05,5,701.9442189555423
TICKET006681,2024-10-31,PROP001,Plumbing,Low,Closed,2024-11-09,9,1088.2394307429179
TICKET006682,2024-10-31,PROP007,Structural,High,Closed,2024-11-04,4,1338.1169832585715
TICKET006683,2024-10-31,PROP018,General Maintenance,Low,Closed,2024-11-18,18,907.0478932424394
TICKET006684,2024-10-31,PROP007,Pest Control,Low,Closed,2024-11-16,16,798.6278894045946
TICKET006685,2024-10-31,PROP012,Plumbing,High,Closed,2024-11-01,1,226.2220850544044
TICKET006686,2024-10-31,PROP003,Electrical,Low,Open,,92,
TICKET006687,2024-10-31,PROP024,HVAC,Low,Closed,2024-11-07,7,636.8300749196392
TICKET006688,2024-10-31,PROP011,Plumbing,Emergency,Closed,2024-10-31,0,1412.9377500930232
TICKET006689,2024-10-31,PROP012,Pest Control,High,Closed,2024-11-01,1,94.63276727247896
TICKET006690,2024-10-31,PROP011,Landscaping,Low,Closed,2024-11-06,6,1167.9022373805321
TICKET006691,2024-10-31,PROP011,Pest Control,Medium,Closed,2024-11-09,9,600.0551157513906
TICKET006692,2024-10-31,PROP008,HVAC,Medium,Closed,2024-11-04,4,935.2364481456011
TICKET006693,2024-10-31,PROP002,Electrical,Low,Closed,2024-11-13,13,173.873309708014
TICKET006694,2024-10-31,PROP019,Electrical,Low,Closed,2024-11-12,12,1327.976174224719
TICKET006695,2024-10-31,PROP020,Landscaping,Low,Closed,2024-11-05,5,1481.797827512825
TICKET006696,2024-10-31,PROP016,Pest Control,Low,Closed,2024-11-09,9,999.4842298299678
TICKET006697,2024-10-31,PROP009,Landscaping,Low,Closed,2024-11-17,17,1274.7229064382193
TICKET006698,2024-10-31,PROP017,Appliance,High,Closed,2024-11-01,1,1240.5592779842848
TICKET006699,2024-10-31,PROP017,Electrical,Medium,Closed,2024-11-03,3,1374.853880530005
TICKET006700,2024-10-31,PROP008,Plumbing,Medium,Closed,2024-11-06,6,609.7466212429928
TICKET006701,2024-10-31,PROP016,Structural,High,Closed,2024-11-01,1,533.3361448206404
TICKET006702,2024-10-31,PROP018,Pest Control,Low,Closed,2024-11-15,15,401.02798115578634
TICKET006703,2024-10-31,PROP021,General Maintenance,Low,Closed,2024-11-12,12,254.91962460477887
TICKET006704,2024-11-01,PROP005,Electrical,Medium,Closed,2024-11-08,7,541.8046290007665
TICKET006705,2024-11-01,PROP010,Landscaping,Medium,Closed,2024-11-08,7,1239.883843718043
TICKET006706,2024-11-01,PROP011,General Maintenance,Low,Open,,91,
TICKET006707,2024-11-01,PROP002,Plumbing,Medium,Closed,2024-11-09,8,1383.3965059899967
TICKET006708,2024-11-01,PROP012,Landscaping,Low,Closed,2024-11-15,14,132.11987704360598
TICKET006709,2024-11-01,PROP020,HVAC,Low,Closed,2024-11-10,9,393.0412711010133
TICKET006710,2024-11-01,PROP023,Appliance,Medium,Closed,2024-11-07,6,248.9108414548664
TICKET006711,2024-11-01,PROP002,Plumbing,Low,Closed,2024-11-17,16,186.2785880185663
TICKET006712,2024-11-01,PROP021,General Maintenance,Low,Pending Parts,,91,
TICKET006713,2024-11-01,PROP008,Appliance,Medium,Open,,91,
TICKET006714,2024-11-01,PROP024,Pest Control,Emergency,Closed,2024-11-02,1,1421.7007422894105
TICKET006715,2024-11-01,PROP001,Appliance,Low,Open,,91,
TICKET006716,2024-11-01,PROP022,Plumbing,Low,Closed,2024-11-15,14,779.9125705963583
TICKET006717,2024-11-01,PROP012,Pest Control,Low,Closed,2024-11-09,8,428.8920799195527
TICKET006718,2024-11-01,PROP012,General Maintenance,Medium,Closed,2024-11-07,6,1491.1385386282118
TICKET006719,2024-11-01,PROP022,Structural,Medium,Closed,2024-11-09,8,1088.662628467239
TICKET006720,2024-11-02,PROP009,Landscaping,Low,Closed,2024-11-21,19,1268.5020751167172
TICKET006721,2024-11-02,PROP011,Pest Control,High,Closed,2024-11-05,3,366.50193971885267
TICKET006722,2024-11-02,PROP010,General Maintenance,Low,Closed,2024-11-21,19,970.7459271902127
TICKET006723,2024-11-02,PROP011,Appliance,Low,Closed,2024-11-13,11,776.5986364887749
TICKET006724,2024-11-02,PROP009,Electrical,Medium,Closed,2024-11-11,9,884.7536837882973
TICKET006725,2024-11-02,PROP013,Landscaping,Low,Closed,2024-11-12,10,594.5512775884736
TICKET006726,2024-11-02,PROP020,Pest Control,Low,Closed,2024-11-11,9,1431.20408364608
TICKET006727,2024-11-02,PROP009,General Maintenance,Medium,In Progress,,90,
TICKET006728,2024-11-02,PROP004,Plumbing,Low,Closed,2024-11-11,9,439.47722382283143
TICKET006729,2024-11-02,PROP021,Electrical,Medium,Closed,2024-11-10,8,1399.6187010482538
TICKET006730,2024-11-02,PROP023,HVAC,Medium,Open,,90,
TICKET006731,2024-11-02,PROP002,Appliance,Medium,Closed,2024-11-07,5,824.9222542074316
TICKET006732,2024-11-02,PROP009,Appliance,High,Closed,2024-11-05,3,1348.6791031471325
TICKET006733,2024-11-02,PROP004,Pest Control,Medium,Closed,2024-11-11,9,808.8182711302206
TICKET006734,2024-11-02,PROP020,Plumbing,Low,Closed,2024-11-16,14,1480.2136310978815
TICKET006735,2024-11-02,PROP015,HVAC,Medium,Closed,2024-11-08,6,732.8071307688358
TICKET006736,2024-11-02,PROP013,Electrical,Emergency,Closed,2024-11-02,0,1361.9273736815826
TICKET006737,2024-11-02,PROP024,Pest Control,Medium,Closed,2024-11-07,5,836.1774416271776
TICKET006738,2024-11-02,PROP019,Landscaping,Medium,Closed,2024-11-11,9,840.1004063028324
TICKET006739,2024-11-02,PROP019,HVAC,Medium,Closed,2024-11-08,6,1019.452440721672
TICKET006740,2024-11-02,PROP013,Pest Control,Emergency,Closed,2024-11-02,0,564.3254974232099
TICKET006741,2024-11-03,PROP024,HVAC,High,Closed,2024-11-04,1,1256.2436458973987
TICKET006742,2024-11-03,PROP003,HVAC,Medium,Closed,2024-11-06,3,886.9572961240026
TICKET006743,2024-11-03,PROP006,Landscaping,Low,Closed,2024-11-12,9,638.6191232536805
TICKET006744,2024-11-03,PROP021,Pest Control,Medium,Closed,2024-11-08,5,1383.6012881283166
TICKET006745,2024-11-03,PROP016,Pest Control,Low,Closed,2024-11-16,13,872.7708021383702
TICKET006746,2024-11-03,PROP016,Plumbing,Low,Closed,2024-11-19,16,248.62176513432243
TICKET006747,2024-11-03,PROP016,General Maintenance,Low,Open,,89,
TICKET006748,2024-11-03,PROP005,Landscaping,Medium,Closed,2024-11-12,9,500.30467575964167
TICKET006749,2024-11-03,PROP021,Appliance,Emergency,Closed,2024-11-03,0,1165.4686001423697
TICKET006750,2024-11-03,PROP011,Landscaping,Low,Closed,2024-11-09,6,1063.3121462406298
TICKET006751,2024-11-03,PROP008,Electrical,Medium,Closed,2024-11-09,6,1158.791044237548
TICKET006752,2024-11-03,PROP022,Pest Control,Medium,Closed,2024-11-12,9,1061.698544629945
TICKET006753,2024-11-03,PROP007,Pest Control,High,Closed,2024-11-05,2,1002.5698584218387
TICKET006754,2024-11-03,PROP007,Structural,Low,Closed,2024-11-09,6,1434.8648996602612
TICKET006755,2024-11-03,PROP016,Plumbing,Medium,Closed,2024-11-12,9,528.6821505344092
TICKET006756,2024-11-03,PROP024,Structural,Low,Closed,2024-11-20,17,173.43969310576463
TICKET006757,2024-11-03,PROP018,Electrical,Low,Closed,2024-11-18,15,131.05423186667036
TICKET006758,2024-11-03,PROP013,General Maintenance,Low,Pending Parts,,89,
TICKET006759,2024-11-03,PROP002,Plumbing,Low,Closed,2024-11-22,19,234.55926522666354
TICKET006760,2024-11-03,PROP013,Plumbing,Emergency,Closed,2024-11-04,1,1466.8918607413168
TICKET006761,2024-11-03,PROP019,HVAC,Medium,Closed,2024-11-10,7,1049.3749906723906
TICKET006762,2024-11-03,PROP006,General Maintenance,High,Closed,2024-11-04,1,850.0304266222049
TICKET006763,2024-11-03,PROP016,Plumbing,Low,Closed,2024-11-11,8,1042.5964594367892
TICKET006764,2024-11-03,PROP009,Plumbing,Low,Closed,2024-11-13,10,1374.0466253894424
TICKET006765,2024-11-03,PROP002,Electrical,Medium,Closed,2024-11-08,5,962.8688938798268
TICKET006766,2024-11-03,PROP018,Structural,High,Closed,2024-11-06,3,580.84379180977
TICKET006767,2024-11-03,PROP002,Pest Control,Low,Closed,2024-11-22,19,122.50492620530086
TICKET006768,2024-11-03,PROP017,Structural,Low,Open,,89,
TICKET006769,2024-11-03,PROP002,Structural,High,Closed,2024-11-05,2,153.45969228035358
TICKET006770,2024-11-03,PROP006,Landscaping,Medium,Closed,2024-11-08,5,259.27457275650215
TICKET006771,2024-11-03,PROP003,Plumbing,Low,Closed,2024-11-18,15,209.08074638485712
TICKET006772,2024-11-03,PROP019,Structural,High,Open,,89,
TICKET006773,2024-11-03,PROP022,Plumbing,Low,Closed,2024-11-12,9,1071.5460651889862
TICKET006774,2024-11-04,PROP018,HVAC,Emergency,Closed,2024-11-04,0,324.491662589022
TICKET006775,2024-11-04,PROP009,General Maintenance,High,Closed,2024-11-06,2,1294.200124992726
TICKET006776,2024-11-04,PROP011,Electrical,Low,Closed,2024-11-21,17,908.6363684455199
TICKET006777,2024-11-04,PROP004,Landscaping,Low,Closed,2024-11-23,19,295.3818196153063
TICKET006778,2024-11-04,PROP022,Plumbing,High,Closed,2024-11-08,4,658.2874984133134
TICKET006779,2024-11-04,PROP004,Structural,Medium,Closed,2024-11-10,6,123.76389173415122
TICKET006780,2024-11-04,PROP015,Plumbing,Low,Open,,88,
TICKET006781,2024-11-04,PROP005,Electrical,Low,Closed,2024-11-22,18,412.79886417021635
TICKET006782,2024-11-04,PROP002,General Maintenance,Medium,Closed,2024-11-11,7,1123.616615483821
TICKET006783,2024-11-04,PROP014,Plumbing,Medium,Closed,2024-11-08,4,321.716238468976
TICKET006784,2024-11-04,PROP016,Structural,Low,Closed,2024-11-10,6,805.7048930051623
TICKET006785,2024-11-04,PROP020,Plumbing,Medium,Pending Parts,,88,
TICKET006786,2024-11-04,PROP015,Landscaping,Low,Closed,2024-11-10,6,1345.2909894214556
TICKET006787,2024-11-04,PROP022,Appliance,Medium,Closed,2024-11-10,6,762.5251531286591
TICKET006788,2024-11-04,PROP017,General Maintenance,Low,Closed,2024-11-14,10,520.2417093244906
TICKET006789,2024-11-04,PROP012,Plumbing,Medium,Closed,2024-11-07,3,161.73079552226855
TICKET006790,2024-11-04,PROP016,Electrical,Medium,Closed,2024-11-12,8,440.8515017915978
TICKET006791,2024-11-04,PROP025,Landscaping,Low,Open,,88,
TICKET006792,2024-11-04,PROP006,HVAC,Low,Closed,2024-11-23,19,557.3482236159919
TICKET006793,2024-11-04,PROP008,Structural,Medium,In Progress,,88,
TICKET006794,2024-11-04,PROP023,Appliance,Medium,Closed,2024-11-08,4,732.6453182481591
TICKET006795,2024-11-04,PROP021,Landscaping,Low,Open,,88,
TICKET006796,2024-11-04,PROP007,Plumbing,Low,Closed,2024-11-17,13,946.708962070591
TICKET006797,2024-11-04,PROP018,General Maintenance,Medium,Closed,2024-11-10,6,1071.2161428235217
TICKET006798,2024-11-04,PROP024,Landscaping,Low,Closed,2024-11-09,5,1456.5780923168018
TICKET006799,2024-11-04,PROP024,General Maintenance,Low,Closed,2024-11-23,19,980.4006993395967
TICKET006800,2024-11-04,PROP024,HVAC,Emergency,Closed,2024-11-04,0,515.239068595871
TICKET006801,2024-11-04,PROP021,Appliance,Medium,Closed,2024-11-10,6,344.41847796889544
TICKET006802,2024-11-04,PROP023,HVAC,Medium,Closed,2024-11-13,9,60.00296346296374
TICKET006803,2024-11-04,PROP017,Landscaping,Low,Pending Parts,,88,
TICKET006804,2024-11-04,PROP022,Structural,Medium,Closed,2024-11-08,4,438.7010845487524
TICKET006805,2024-11-04,PROP013,Pest Control,Medium,Closed,2024-11-08,4,96.68706512069281
TICKET006806,2024-11-04,PROP025,Appliance,Low,Closed,2024-11-11,7,1414.1770414170276
TICKET006807,2024-11-05,PROP012,HVAC,High,Pending Parts,,87,
TICKET006808,2024-11-05,PROP001,Appliance,Medium,Closed,2024-11-09,4,1167.0820412358426
TICKET006809,2024-11-05,PROP004,General Maintenance,Medium,Closed,2024-11-11,6,354.2545323739381
TICKET006810,2024-11-05,PROP001,Appliance,High,Closed,2024-11-09,4,1086.0607436652626
TICKET006811,2024-11-05,PROP004,Pest Control,Low,Closed,2024-11-23,18,404.80698318343354
TICKET006812,2024-11-05,PROP017,HVAC,Low,Closed,2024-11-16,11,904.5258682446579
TICKET006813,2024-11-05,PROP007,Landscaping,Low,Closed,2024-11-23,18,711.257099132752
TICKET006814,2024-11-05,PROP009,Electrical,Medium,Closed,2024-11-13,8,448.10307718668423
TICKET006815,2024-11-05,PROP018,Structural,High,Closed,2024-11-08,3,1266.7893701813525
TICKET006816,2024-11-05,PROP004,General Maintenance,Emergency,Closed,2024-11-06,1,1409.537662128332
TICKET006817,2024-11-05,PROP005,Appliance,Low,Closed,2024-11-14,9,980.2872563875204
TICKET006818,2024-11-05,PROP016,Plumbing,Low,Closed,2024-11-24,19,1359.8906578217202
TICKET006819,2024-11-05,PROP007,Landscaping,Low,Closed,2024-11-21,16,274.48471294420096
TICKET006820,2024-11-05,PROP006,General Maintenance,Low,Closed,2024-11-17,12,393.19986219569427
TICKET006821,2024-11-05,PROP014,HVAC,Emergency,Closed,2024-11-05,0,1135.7079161997324
TICKET006822,2024-11-05,PROP024,Landscaping,High,Closed,2024-11-08,3,971.7208857131105
TICKET006823,2024-11-05,PROP004,Electrical,Medium,Closed,2024-11-14,9,1473.6670252520266
TICKET006824,2024-11-05,PROP006,Appliance,Medium,Closed,2024-11-08,3,501.3286642981493
TICKET006825,2024-11-05,PROP009,Plumbing,Medium,Closed,2024-11-12,7,84.99926167168232
TICKET006826,2024-11-05,PROP018,Plumbing,Low,Open,,87,
TICKET006827,2024-11-06,PROP004,Landscaping,Low,Closed,2024-11-21,15,1034.8254983408447
TICKET006828,2024-11-06,PROP014,Landscaping,Emergency,Open,,86,
TICKET006829,2024-11-06,PROP016,General Maintenance,Medium,Closed,2024-11-11,5,626.2950841706406
TICKET006830,2024-11-06,PROP019,Appliance,Medium,Closed,2024-11-15,9,1115.3244151068766
TICKET006831,2024-11-06,PROP001,HVAC,High,Closed,2024-11-10,4,1168.8317871025665
TICKET006832,2024-11-06,PROP003,Landscaping,Medium,Closed,2024-11-14,8,620.4846123380377
TICKET006833,2024-11-06,PROP005,Pest Control,Low,Closed,2024-11-21,15,770.6246765348868
TICKET006834,2024-11-06,PROP019,Pest Control,Low,In Progress,,86,
TICKET006835,2024-11-06,PROP002,Structural,Medium,Closed,2024-11-10,4,535.742072157761
TICKET006836,2024-11-06,PROP022,Structural,Low,Closed,2024-11-15,9,174.0741047567899
TICKET006837,2024-11-06,PROP002,Pest Control,Medium,Closed,2024-11-11,5,1309.2194880929233
TICKET006838,2024-11-06,PROP012,General Maintenance,High,Closed,2024-11-08,2,1385.6846873048198
TICKET006839,2024-11-06,PROP024,General Maintenance,Low,Pending Parts,,86,
TICKET006840,2024-11-06,PROP006,Appliance,Medium,Closed,2024-11-11,5,61.02231971435018
TICKET006841,2024-11-06,PROP020,Plumbing,High,Closed,2024-11-08,2,885.5243003619055
TICKET006842,2024-11-06,PROP011,HVAC,Low,Closed,2024-11-16,10,1003.0519386263059
TICKET006843,2024-11-06,PROP009,Pest Control,Medium,Closed,2024-11-10,4,891.077805700888
TICKET006844,2024-11-06,PROP012,General Maintenance,Medium,Closed,2024-11-11,5,990.6113159502802
TICKET006845,2024-11-06,PROP015,Structural,Medium,Closed,2024-11-09,3,772.1925911761797
TICKET006846,2024-11-06,PROP006,Plumbing,Medium,Closed,2024-11-09,3,521.4569262473368
TICKET006847,2024-11-06,PROP011,Pest Control,Low,Closed,2024-11-13,7,343.726927650285
TICKET006848,2024-11-06,PROP006,Structural,Low,Closed,2024-11-25,19,117.31642641220635
TICKET006849,2024-11-06,PROP015,HVAC,Medium,In Progress,,86,
TICKET006850,2024-11-06,PROP003,Appliance,Low,Closed,2024-11-22,16,717.3780557341684
TICKET006851,2024-11-06,PROP004,Landscaping,Medium,Closed,2024-11-11,5,971.2302213179529
TICKET006852,2024-11-06,PROP016,Appliance,Low,Closed,2024-11-11,5,659.5605557914291
TICKET006853,2024-11-06,PROP004,Structural,Low,Closed,2024-11-20,14,645.9865270081825
TICKET006854,2024-11-06,PROP001,Electrical,Emergency,Closed,2024-11-06,0,578.1049399349139
TICKET006855,2024-11-06,PROP007,Electrical,Low,Closed,2024-11-19,13,867.8869253334542
TICKET006856,2024-11-06,PROP004,General Maintenance,Medium,Closed,2024-11-11,5,161.4233058542402
TICKET006857,2024-11-06,PROP007,General Maintenance,Low,Closed,2024-11-22,16,166.85063663386182
TICKET006858,2024-11-06,PROP020,HVAC,Emergency,Closed,2024-11-06,0,608.3637570115604
TICKET006859,2024-11-06,PROP013,Structural,Low,Open,,86,
TICKET006860,2024-11-07,PROP017,General Maintenance,Medium,Closed,2024-11-15,8,688.4136464463041
TICKET006861,2024-11-07,PROP017,General Maintenance,Low,Pending Parts,,85,
TICKET006862,2024-11-07,PROP023,Pest Control,Medium,Closed,2024-11-11,4,778.5685597466974
TICKET006863,2024-11-07,PROP014,HVAC,Low,Closed,2024-11-26,19,797.0777341859969
TICKET006864,2024-11-07,PROP003,Electrical,Medium,Closed,2024-11-13,6,1412.9030484021525
TICKET006865,2024-11-07,PROP016,Pest Control,Low,Closed,2024-11-21,14,843.8188411583795
TICKET006866,2024-11-07,PROP012,Appliance,High,Closed,2024-11-09,2,727.7283710882184
TICKET006867,2024-11-07,PROP013,General Maintenance,Medium,Closed,2024-11-16,9,72.86288174099077
TICKET006868,2024-11-07,PROP016,Structural,Low,Closed,2024-11-22,15,1087.6377022968466
TICKET006869,2024-11-07,PROP019,Pest Control,Medium,Closed,2024-11-14,7,387.58480919550215
TICKET006870,2024-11-07,PROP017,Structural,Medium,Closed,2024-11-14,7,1470.7964112615368
TICKET006871,2024-11-07,PROP001,Pest Control,Medium,Closed,2024-11-15,8,278.90457771986115
TICKET006872,2024-11-07,PROP023,Plumbing,Medium,Closed,2024-11-13,6,1460.0844362226408
TICKET006873,2024-11-07,PROP022,Pest Control,Low,Closed,2024-11-12,5,1041.976590102513
TICKET006874,2024-11-07,PROP017,Electrical,Low,In Progress,,85,
TICKET006875,2024-11-07,PROP012,General Maintenance,Low,Closed,2024-11-15,8,948.8283844153
TICKET006876,2024-11-07,PROP019,Plumbing,High,Closed,2024-11-11,4,925.655967547742
TICKET006877,2024-11-07,PROP016,General Maintenance,Low,Closed,2024-11-19,12,1067.8034778362753
TICKET006878,2024-11-07,PROP019,Landscaping,High,In Progress,,85,
TICKET006879,2024-11-07,PROP024,Electrical,Medium,Closed,2024-11-11,4,510.4245733712751
TICKET006880,2024-11-07,PROP022,Appliance,Emergency,Closed,2024-11-08,1,325.0086371496877
TICKET006881,2024-11-07,PROP004,Pest Control,Medium,Closed,2024-11-12,5,266.17059087384735
TICKET006882,2024-11-07,PROP002,Structural,Emergency,Closed,2024-11-08,1,1132.4699789920458
TICKET006883,2024-11-07,PROP024,HVAC,Medium,Closed,2024-11-14,7,789.3544132506142
TICKET006884,2024-11-07,PROP012,HVAC,High,Closed,2024-11-10,3,788.3698144215967
TICKET006885,2024-11-08,PROP008,Structural,Low,Open,,84,
TICKET006886,2024-11-08,PROP015,Electrical,Low,Closed,2024-11-19,11,376.86462181404613
TICKET006887,2024-11-08,PROP020,Pest Control,Medium,Closed,2024-11-13,5,1355.460419821924
TICKET006888,2024-11-08,PROP013,General Maintenance,Low,Closed,2024-11-18,10,880.4195758653026
TICKET006889,2024-11-08,PROP008,Plumbing,Medium,Closed,2024-11-12,4,1092.922208818023
TICKET006890,2024-11-08,PROP016,HVAC,High,Closed,2024-11-09,1,856.0772778231188
TICKET006891,2024-11-08,PROP017,Pest Control,Medium,Closed,2024-11-11,3,398.00220873505396
TICKET006892,2024-11-08,PROP009,Pest Control,Medium,Closed,2024-11-16,8,682.5483480582926
TICKET006893,2024-11-08,PROP023,Electrical,Emergency,Closed,2024-11-08,0,652.2225515605116
TICKET006894,2024-11-08,PROP001,Appliance,Low,Closed,2024-11-27,19,1290.761400788052
TICKET006895,2024-11-08,PROP022,General Maintenance,High,Closed,2024-11-11,3,956.2705890358816
TICKET006896,2024-11-08,PROP011,Pest Control,High,Pending Parts,,84,
TICKET006897,2024-11-08,PROP014,Plumbing,Medium,Closed,2024-11-14,6,282.66112633691023
TICKET006898,2024-11-08,PROP020,Pest Control,Low,Closed,2024-11-14,6,1499.1072655459825
TICKET006899,2024-11-08,PROP008,Pest Control,High,Closed,2024-11-11,3,741.3424720131866
TICKET006900,2024-11-08,PROP008,Appliance,Low,Closed,2024-11-27,19,1448.9937845496127
TICKET006901,2024-11-08,PROP011,Landscaping,High,In Progress,,84,
TICKET006902,2024-11-09,PROP004,Appliance,Low,Closed,2024-11-22,13,1121.5782801529588
TICKET006903,2024-11-09,PROP016,Structural,Low,Closed,2024-11-19,10,851.883959328927
TICKET006904,2024-11-09,PROP021,Landscaping,Emergency,Closed,2024-11-10,1,780.4804652046454
TICKET006905,2024-11-09,PROP008,Plumbing,High,Closed,2024-11-11,2,483.1235697688721
TICKET006906,2024-11-09,PROP004,General Maintenance,Medium,Closed,2024-11-18,9,144.9150958100916
TICKET006907,2024-11-09,PROP021,General Maintenance,Medium,Closed,2024-11-14,5,75.57000440872991
TICKET006908,2024-11-09,PROP011,Landscaping,High,Closed,2024-11-13,4,686.8563237067629
TICKET006909,2024-11-09,PROP022,Plumbing,Medium,Closed,2024-11-12,3,156.30884081358096
TICKET006910,2024-11-09,PROP016,Structural,Medium,Closed,2024-11-16,7,89.20755013966962
TICKET006911,2024-11-09,PROP018,General Maintenance,High,Closed,2024-11-10,1,793.8216314753012
TICKET006912,2024-11-09,PROP008,Landscaping,High,Closed,2024-11-10,1,1264.2698814423877
TICKET006913,2024-11-09,PROP010,Landscaping,High,Closed,2024-11-10,1,211.53716410041233
TICKET006914,2024-11-09,PROP021,Appliance,Low,Closed,2024-11-27,18,212.23797242349696
TICKET006915,2024-11-09,PROP019,Electrical,Low,Closed,2024-11-15,6,297.4714545517952
TICKET006916,2024-11-09,PROP004,Landscaping,Low,In Progress,,83,
TICKET006917,2024-11-09,PROP016,Electrical,Emergency,Closed,2024-11-10,1,1160.0479545855233
TICKET006918,2024-11-09,PROP016,Plumbing,Medium,Closed,2024-11-16,7,1436.5464698291162
TICKET006919,2024-11-09,PROP002,HVAC,Emergency,Closed,2024-11-09,0,1208.3612357513448
TICKET006920,2024-11-09,PROP015,Pest Control,Emergency,Closed,2024-11-09,0,1006.258535512392
TICKET006921,2024-11-09,PROP003,Plumbing,Medium,Closed,2024-11-14,5,524.4142013310452
TICKET006922,2024-11-09,PROP003,Landscaping,Emergency,Closed,2024-11-09,0,1094.0212772803243
TICKET006923,2024-11-09,PROP014,Structural,Medium,Closed,2024-11-15,6,994.7054223633363
TICKET006924,2024-11-09,PROP023,Structural,High,Closed,2024-11-13,4,279.3000772794004
TICKET006925,2024-11-09,PROP015,General Maintenance,Low,Closed,2024-11-15,6,1275.7995963501285
TICKET006926,2024-11-09,PROP011,Plumbing,High,Closed,2024-11-13,4,1423.545370396081
TICKET006927,2024-11-09,PROP013,Appliance,Low,Closed,2024-11-21,12,1332.9504810608223
TICKET006928,2024-11-09,PROP014,Appliance,High,Closed,2024-11-13,4,1123.819580038199
TICKET006929,2024-11-09,PROP015,Electrical,Low,Closed,2024-11-17,8,589.277461495774
TICKET006930,2024-11-09,PROP016,Landscaping,Low,Closed,2024-11-14,5,415.55783153599117
TICKET006931,2024-11-09,PROP020,Pest Control,Medium,In Progress,,83,
TICKET006932,2024-11-09,PROP013,HVAC,Low,Closed,2024-11-26,17,273.36490790294386
TICKET006933,2024-11-09,PROP014,Structural,Low,Open,,83,
TICKET006934,2024-11-09,PROP022,Plumbing,Emergency,In Progress,,83,
TICKET006935,2024-11-10,PROP016,Structural,Emergency,Closed,2024-11-10,0,184.42862551233262
TICKET006936,2024-11-10,PROP025,Landscaping,Low,Closed,2024-11-25,15,1455.873738021052
TICKET006937,2024-11-10,PROP014,Landscaping,Low,Open,,82,
TICKET006938,2024-11-10,PROP012,Electrical,Medium,Closed,2024-11-18,8,291.03498627181307
TICKET006939,2024-11-10,PROP011,Pest Control,Medium,Pending Parts,,82,
TICKET006940,2024-11-10,PROP019,Appliance,Low,Closed,2024-11-15,5,1155.1874919592467
TICKET006941,2024-11-10,PROP017,HVAC,Low,Closed,2024-11-26,16,1483.8508581362005
TICKET006942,2024-11-10,PROP023,Landscaping,High,Closed,2024-11-13,3,824.1193027668833
TICKET006943,2024-11-10,PROP005,Landscaping,Medium,Closed,2024-11-16,6,907.8273434304664
TICKET006944,2024-11-10,PROP015,Structural,High,Closed,2024-11-14,4,544.8520119813871
TICKET006945,2024-11-10,PROP008,Plumbing,Low,Closed,2024-11-28,18,1281.1558308609299
TICKET006946,2024-11-10,PROP005,Landscaping,Low,Closed,2024-11-29,19,987.3680342450893
TICKET006947,2024-11-10,PROP020,Appliance,Medium,Closed,2024-11-17,7,324.7302668247934
TICKET006948,2024-11-10,PROP013,General Maintenance,Medium,Closed,2024-11-19,9,314.83710523178576
TICKET006949,2024-11-10,PROP004,General Maintenance,Medium,Closed,2024-11-13,3,1045.709198089999
TICKET006950,2024-11-10,PROP003,Landscaping,Medium,Closed,2024-11-18,8,732.358991087774
TICKET006951,2024-11-10,PROP018,Structural,Low,Pending Parts,,82,
TICKET006952,2024-11-10,PROP023,HVAC,Medium,Closed,2024-11-18,8,97.49065597191904
TICKET006953,2024-11-11,PROP019,Electrical,High,Closed,2024-11-12,1,52.999892579792956
TICKET006954,2024-11-11,PROP019,Landscaping,Medium,Closed,2024-11-15,4,1255.4309742061203
TICKET006955,2024-11-11,PROP023,Electrical,Low,In Progress,,81,
TICKET006956,2024-11-11,PROP013,HVAC,High,Closed,2024-11-15,4,1044.752645315452
TICKET006957,2024-11-11,PROP025,Appliance,Medium,Closed,2024-11-20,9,561.0416083505704
TICKET006958,2024-11-11,PROP014,Landscaping,Low,In Progress,,81,
TICKET006959,2024-11-11,PROP005,Pest Control,Medium,Closed,2024-11-15,4,356.08212670671094
TICKET006960,2024-11-11,PROP002,Electrical,Low,Closed,2024-11-22,11,1479.3016171589302
TICKET006961,2024-11-11,PROP011,Plumbing,Low,Closed,2024-11-30,19,994.9068608014713
TICKET006962,2024-11-11,PROP024,Structural,Medium,Closed,2024-11-15,4,450.3322400764484
TICKET006963,2024-11-11,PROP022,Landscaping,High,Closed,2024-11-15,4,1409.0678098106162
TICKET006964,2024-11-11,PROP024,Structural,Medium,Open,,81,
TICKET006965,2024-11-11,PROP012,Pest Control,Low,Closed,2024-11-16,5,928.2535202904885
TICKET006966,2024-11-11,PROP002,Plumbing,High,Closed,2024-11-13,2,456.89386222056277
TICKET006967,2024-11-11,PROP001,Pest Control,Low,Closed,2024-11-20,9,868.733823073123
TICKET006968,2024-11-11,PROP011,Pest Control,Low,Closed,2024-11-18,7,1234.9752168122152
TICKET006969,2024-11-11,PROP016,Electrical,Low,Closed,2024-11-16,5,1182.8236688473955
TICKET006970,2024-11-11,PROP020,General Maintenance,Low,Closed,2024-11-20,9,1109.077733323953
TICKET006971,2024-11-11,PROP016,Appliance,Low,Closed,2024-11-16,5,817.2232284712006
TICKET006972,2024-11-11,PROP006,General Maintenance,Medium,Closed,2024-11-17,6,408.58916279690004
TICKET006973,2024-11-11,PROP024,Plumbing,Medium,Closed,2024-11-14,3,382.7902043227451
TICKET006974,2024-11-11,PROP016,General Maintenance,High,Closed,2024-11-13,2,1354.9533861199436
TICKET006975,2024-11-11,PROP019,General Maintenance,Low,Open,,81,
TICKET006976,2024-11-12,PROP006,Landscaping,Low,Closed,2024-11-18,6,779.2507735335184
TICKET006977,2024-11-12,PROP020,Electrical,High,Closed,2024-11-16,4,1468.4657091164
TICKET006978,2024-11-12,PROP025,HVAC,Low,Closed,2024-11-29,17,348.1189956838935
TICKET006979,2024-11-12,PROP014,Appliance,Medium,Closed,2024-11-18,6,520.0208533640758
TICKET006980,2024-11-12,PROP011,Appliance,Medium,Closed,2024-11-15,3,530.6886556192961
TICKET006981,2024-11-12,PROP015,Appliance,Low,Closed,2024-11-22,10,1252.3469894374523
TICKET006982,2024-11-12,PROP023,Pest Control,High,Pending Parts,,80,
TICKET006983,2024-11-12,PROP013,Plumbing,Medium,In Progress,,80,
TICKET006984,2024-11-12,PROP022,General Maintenance,High,Pending Parts,,80,
TICKET006985,2024-11-12,PROP019,Electrical,Low,In Progress,,80,
TICKET006986,2024-11-12,PROP002,Landscaping,Low,Closed,2024-11-17,5,1332.158170431272
TICKET006987,2024-11-12,PROP018,Structural,Medium,Closed,2024-11-20,8,998.5289987190743
TICKET006988,2024-11-12,PROP024,HVAC,Low,Closed,2024-11-22,10,603.1728597349522
TICKET006989,2024-11-12,PROP003,Landscaping,High,Closed,2024-11-13,1,658.2774286136035
TICKET006990,2024-11-12,PROP016,Landscaping,High,Closed,2024-11-15,3,1386.0319096270266
TICKET006991,2024-11-12,PROP025,Electrical,Low,Closed,2024-11-18,6,989.2344178682678
TICKET006992,2024-11-12,PROP001,Plumbing,High,Closed,2024-11-15,3,1175.3155929042005
TICKET006993,2024-11-12,PROP018,Appliance,Low,Closed,2024-11-23,11,255.18426436985936
TICKET006994,2024-11-12,PROP011,Landscaping,Medium,Closed,2024-11-17,5,764.9575620420692
TICKET006995,2024-11-12,PROP008,Appliance,Low,Closed,2024-12-01,19,804.7162204900563
TICKET006996,2024-11-12,PROP021,Structural,Medium,Closed,2024-11-15,3,667.3910193801484
TICKET006997,2024-11-12,PROP014,HVAC,Medium,Closed,2024-11-15,3,89.5319639104791
TICKET006998,2024-11-12,PROP010,Pest Control,Low,Closed,2024-11-28,16,978.5890290172653
TICKET006999,2024-11-12,PROP002,Structural,Low,Closed,2024-11-19,7,272.9389610112223
TICKET007000,2024-11-12,PROP014,HVAC,Medium,Closed,2024-11-15,3,732.333162234383
TICKET007001,2024-11-12,PROP004,Structural,Low,Closed,2024-11-19,7,503.2989691926885
TICKET007002,2024-11-12,PROP011,HVAC,Low,Closed,2024-11-26,14,313.42354485041375
TICKET007003,2024-11-13,PROP023,Landscaping,High,Pending Parts,,79,
TICKET007004,2024-11-13,PROP004,Plumbing,Low,Closed,2024-11-20,7,1448.866243282483
TICKET007005,2024-11-13,PROP024,Appliance,Low,Pending Parts,,79,
TICKET007006,2024-11-13,PROP002,Pest Control,Low,Closed,2024-11-23,10,1308.9341006517463
TICKET007007,2024-11-13,PROP006,General Maintenance,Low,Closed,2024-11-26,13,1303.545668582442
TICKET007008,2024-11-13,PROP008,HVAC,Low,Closed,2024-12-02,19,255.5766506844406
TICKET007009,2024-11-13,PROP008,Appliance,Emergency,Closed,2024-11-13,0,1049.1063769195348
TICKET007010,2024-11-13,PROP015,General Maintenance,Low,Closed,2024-11-21,8,730.5128514618336
TICKET007011,2024-11-13,PROP016,Structural,Medium,Closed,2024-11-19,6,581.7941707456044
TICKET007012,2024-11-13,PROP014,General Maintenance,Medium,Closed,2024-11-17,4,1074.5773837001755
TICKET007013,2024-11-13,PROP004,Structural,Low,Pending Parts,,79,
TICKET007014,2024-11-13,PROP018,Structural,Low,Closed,2024-11-24,11,1165.7991790789063
TICKET007015,2024-11-13,PROP001,Landscaping,Emergency,Closed,2024-11-14,1,208.6292579187513
TICKET007016,2024-11-13,PROP025,General Maintenance,Low,Closed,2024-11-26,13,387.42761173784646
TICKET007017,2024-11-13,PROP006,HVAC,Low,Closed,2024-11-28,15,402.7243863676198
TICKET007018,2024-11-13,PROP018,Appliance,High,Closed,2024-11-16,3,916.4575349036852
TICKET007019,2024-11-13,PROP012,Plumbing,Low,Closed,2024-11-20,7,426.3598495269625
TICKET007020,2024-11-13,PROP003,Plumbing,Low,Closed,2024-12-01,18,1110.9473365331428
TICKET007021,2024-11-13,PROP022,Structural,Medium,Closed,2024-11-22,9,266.4411983377639
TICKET007022,2024-11-13,PROP023,Pest Control,Medium,Closed,2024-11-18,5,803.8436854959623
TICKET007023,2024-11-13,PROP024,Appliance,Medium,Closed,2024-11-17,4,96.5085976514425
TICKET007024,2024-11-13,PROP006,Plumbing,Low,Closed,2024-11-18,5,1099.182007284932
TICKET007025,2024-11-13,PROP025,Structural,Medium,Open,,79,
TICKET007026,2024-11-13,PROP019,HVAC,High,In Progress,,79,
TICKET007027,2024-11-13,PROP022,Pest Control,Low,Closed,2024-11-19,6,557.2730793662502
TICKET007028,2024-11-14,PROP025,Pest Control,Medium,Closed,2024-11-20,6,258.4642155898621
TICKET007029,2024-11-14,PROP011,General Maintenance,Medium,Closed,2024-11-17,3,1171.370110561151
TICKET007030,2024-11-14,PROP021,Pest Control,Medium,Closed,2024-11-22,8,89.80619468897248
TICKET007031,2024-11-14,PROP001,Pest Control,Low,In Progress,,78,
TICKET007032,2024-11-14,PROP017,Pest Control,Emergency,Closed,2024-11-14,0,1309.8285912984916
TICKET007033,2024-11-14,PROP017,General Maintenance,High,Closed,2024-11-16,2,822.1369560612106
TICKET007034,2024-11-14,PROP004,Landscaping,Medium,Pending Parts,,78,
TICKET007035,2024-11-14,PROP007,Plumbing,Medium,Closed,2024-11-19,5,422.9842040924636
TICKET007036,2024-11-14,PROP025,Pest Control,Medium,Closed,2024-11-22,8,1339.9409204599388
TICKET007037,2024-11-14,PROP011,Electrical,Medium,Closed,2024-11-20,6,628.1236876518274
TICKET007038,2024-11-14,PROP016,Pest Control,Medium,Open,,78,
TICKET007039,2024-11-14,PROP019,General Maintenance,Low,Closed,2024-11-22,8,618.3720503549249
TICKET007040,2024-11-14,PROP016,Plumbing,Medium,Closed,2024-11-23,9,1111.9440692506948
TICKET007041,2024-11-14,PROP005,Appliance,Medium,Closed,2024-11-20,6,865.7449117157167
TICKET007042,2024-11-14,PROP017,General Maintenance,Medium,In Progress,,78,
TICKET007043,2024-11-14,PROP014,Structural,Low,Pending Parts,,78,
TICKET007044,2024-11-14,PROP015,Landscaping,Medium,Closed,2024-11-23,9,1474.782525931849
TICKET007045,2024-11-14,PROP023,Electrical,High,Closed,2024-11-16,2,501.69377586022813
TICKET007046,2024-11-14,PROP021,Plumbing,Medium,Closed,2024-11-19,5,479.7406159921954
TICKET007047,2024-11-14,PROP007,Plumbing,Medium,Closed,2024-11-21,7,87.23022743100628
TICKET007048,2024-11-14,PROP012,Structural,High,Pending Parts,,78,
TICKET007049,2024-11-14,PROP021,HVAC,Medium,In Progress,,78,
TICKET007050,2024-11-14,PROP011,Structural,Medium,Closed,2024-11-23,9,656.0214933581708
TICKET007051,2024-11-14,PROP021,Landscaping,Low,Closed,2024-11-27,13,469.21188971302877
TICKET007052,2024-11-14,PROP009,General Maintenance,Medium,Closed,2024-11-17,3,1161.9626079722054
TICKET007053,2024-11-14,PROP006,Structural,Low,Closed,2024-12-02,18,1136.596676608865
TICKET007054,2024-11-14,PROP012,Pest Control,Medium,Closed,2024-11-18,4,843.3604672375997
TICKET007055,2024-11-14,PROP003,Electrical,Low,Closed,2024-11-28,14,762.5077752036192
TICKET007056,2024-11-14,PROP025,Plumbing,High,Closed,2024-11-16,2,762.3426548593359
TICKET007057,2024-11-15,PROP014,Landscaping,Medium,Closed,2024-11-21,6,349.19581895174156
TICKET007058,2024-11-15,PROP001,Structural,Low,Closed,2024-11-30,15,792.2405482049896
TICKET007059,2024-11-15,PROP022,Structural,High,Closed,2024-11-17,2,426.4752269121139
TICKET007060,2024-11-15,PROP004,Landscaping,Medium,Closed,2024-11-20,5,512.0250721473469
TICKET007061,2024-11-15,PROP021,HVAC,Medium,Closed,2024-11-18,3,799.2533342621153
TICKET007062,2024-11-15,PROP005,Structural,Emergency,Closed,2024-11-15,0,1278.011262106947
TICKET007063,2024-11-15,PROP019,Electrical,High,Closed,2024-11-16,1,865.7272564513352
TICKET007064,2024-11-15,PROP020,Pest Control,Medium,Closed,2024-11-23,8,190.71630393122504
TICKET007065,2024-11-15,PROP023,General Maintenance,High,Closed,2024-11-16,1,618.781294043044
TICKET007066,2024-11-15,PROP019,Landscaping,Medium,Closed,2024-11-21,6,93.52390561435418
TICKET007067,2024-11-15,PROP004,Landscaping,Medium,Closed,2024-11-20,5,1203.5203376329075
TICKET007068,2024-11-15,PROP012,Structural,High,Closed,2024-11-17,2,1453.6274933723464
TICKET007069,2024-11-15,PROP010,HVAC,Medium,Closed,2024-11-23,8,1082.4685963644827
TICKET007070,2024-11-15,PROP013,Plumbing,Low,Closed,2024-11-21,6,1105.233855105868
TICKET007071,2024-11-15,PROP024,Appliance,Medium,Closed,2024-11-18,3,473.0898586108187
TICKET007072,2024-11-15,PROP020,Plumbing,Medium,Closed,2024-11-24,9,502.63303192317767
TICKET007073,2024-11-15,PROP015,Plumbing,Emergency,Closed,2024-11-15,0,1127.1078723221235
TICKET007074,2024-11-15,PROP018,Landscaping,Low,Closed,2024-11-29,14,743.0298309688139
TICKET007075,2024-11-15,PROP004,HVAC,High,Closed,2024-11-19,4,890.2637692869333
TICKET007076,2024-11-15,PROP022,Appliance,Low,In Progress,,77,
TICKET007077,2024-11-15,PROP005,Appliance,Emergency,Closed,2024-11-15,0,185.13923817235033
TICKET007078,2024-11-15,PROP005,HVAC,Low,Open,,77,
TICKET007079,2024-11-15,PROP009,Structural,Low,Closed,2024-12-04,19,556.220566276206
TICKET007080,2024-11-15,PROP013,General Maintenance,Low,Closed,2024-11-22,7,607.9364206086209
TICKET007081,2024-11-15,PROP014,Landscaping,Medium,Closed,2024-11-20,5,378.75594517620965
TICKET007082,2024-11-15,PROP005,Structural,Low,Closed,2024-12-03,18,722.295975452142
TICKET007083,2024-11-16,PROP021,Structural,High,Closed,2024-11-19,3,53.500863460963075
TICKET007084,2024-11-16,PROP005,HVAC,Low,Closed,2024-11-27,11,1262.6338274798638
TICKET007085,2024-11-16,PROP002,Landscaping,High,Closed,2024-11-20,4,894.6830901788547
TICKET007086,2024-11-16,PROP024,Electrical,Medium,Pending Parts,,76,
TICKET007087,2024-11-16,PROP009,Appliance,Low,Closed,2024-11-23,7,1183.9634928250603
TICKET007088,2024-11-16,PROP010,Plumbing,Low,Closed,2024-12-03,17,472.33739988550997
TICKET007089,2024-11-16,PROP012,HVAC,Medium,Closed,2024-11-22,6,1310.5480240360037
TICKET007090,2024-11-16,PROP005,Electrical,Low,Closed,2024-12-02,16,1009.876353985607
TICKET007091,2024-11-16,PROP019,Structural,High,Closed,2024-11-17,1,191.2987798985935
TICKET007092,2024-11-16,PROP005,Appliance,Low,Closed,2024-11-29,13,553.0814673834938
TICKET007093,2024-11-16,PROP013,Pest Control,Low,Closed,2024-11-28,12,623.6453616566882
TICKET007094,2024-11-16,PROP015,Pest Control,Medium,Open,,76,
TICKET007095,2024-11-16,PROP022,Plumbing,Medium,Closed,2024-11-19,3,1034.8139284687982
TICKET007096,2024-11-16,PROP019,Structural,Medium,Closed,2024-11-21,5,779.5948084951245
TICKET007097,2024-11-16,PROP022,Pest Control,Medium,Closed,2024-11-21,5,887.1137539469354
TICKET007098,2024-11-16,PROP005,Structural,Medium,Open,,76,
TICKET007099,2024-11-16,PROP010,HVAC,Medium,Closed,2024-11-25,9,1350.3856226481128
TICKET007100,2024-11-16,PROP025,Electrical,Low,Closed,2024-12-02,16,1461.6929219568046
TICKET007101,2024-11-16,PROP001,Landscaping,Low,Closed,2024-11-26,10,969.9170961704175
TICKET007102,2024-11-16,PROP015,General Maintenance,Medium,Closed,2024-11-23,7,649.6075012724812
TICKET007103,2024-11-16,PROP011,Electrical,Low,Closed,2024-11-28,12,863.9452479058665
TICKET007104,2024-11-16,PROP012,Plumbing,Low,Closed,2024-12-04,18,1334.8360995662808
TICKET007105,2024-11-16,PROP019,Plumbing,High,Closed,2024-11-19,3,381.09951649638816
TICKET007106,2024-11-17,PROP018,HVAC,High,In Progress,,75,
TICKET007107,2024-11-17,PROP019,Appliance,High,Closed,2024-11-21,4,278.70148745972654
TICKET007108,2024-11-17,PROP017,HVAC,Medium,Closed,2024-11-26,9,1105.0495368296713
TICKET007109,2024-11-17,PROP008,Appliance,High,Closed,2024-11-21,4,1425.9753669957568
TICKET007110,2024-11-17,PROP020,Structural,Low,Closed,2024-11-29,12,603.6855893700572
TICKET007111,2024-11-17,PROP009,Pest Control,Low,Closed,2024-11-29,12,1447.9431093127662
TICKET007112,2024-11-17,PROP025,General Maintenance,Medium,Closed,2024-11-25,8,1275.900372548307
TICKET007113,2024-11-17,PROP017,General Maintenance,Medium,Closed,2024-11-26,9,1214.4157126926932
TICKET007114,2024-11-17,PROP007,Landscaping,Low,Closed,2024-11-28,11,533.1418762420005
TICKET007115,2024-11-17,PROP008,Electrical,High,Open,,75,
TICKET007116,2024-11-17,PROP012,Structural,Low,Closed,2024-12-02,15,665.6662232939724
TICKET007117,2024-11-17,PROP007,Electrical,Low,Closed,2024-11-29,12,1352.2840341126896
TICKET007118,2024-11-17,PROP010,General Maintenance,Low,Closed,2024-11-29,12,1368.8957443533209
TICKET007119,2024-11-17,PROP012,Structural,Low,Closed,2024-12-02,15,1493.9852978857339
TICKET007120,2024-11-17,PROP025,Plumbing,Medium,Closed,2024-11-21,4,1097.2213204950724
TICKET007121,2024-11-17,PROP024,General Maintenance,Low,Closed,2024-11-30,13,1193.7155532649938
TICKET007122,2024-11-17,PROP011,General Maintenance,Low,Pending Parts,,75,
TICKET007123,2024-11-17,PROP006,Pest Control,Low,Closed,2024-12-02,15,982.1883393151477
TICKET007124,2024-11-17,PROP003,Electrical,Emergency,Closed,2024-11-18,1,109.06245354937067
TICKET007125,2024-11-17,PROP004,Landscaping,Low,Closed,2024-11-30,13,1388.120988661297
TICKET007126,2024-11-17,PROP022,Appliance,Medium,Closed,2024-11-20,3,448.7093374031176
TICKET007127,2024-11-17,PROP018,General Maintenance,High,Closed,2024-11-20,3,1034.9623406114047
TICKET007128,2024-11-17,PROP024,HVAC,Emergency,Closed,2024-11-18,1,1264.3284176768034
TICKET007129,2024-11-17,PROP010,Structural,Medium,Closed,2024-11-25,8,385.6217421901255
TICKET007130,2024-11-17,PROP024,Appliance,Emergency,Closed,2024-11-18,1,1191.3630866899784
TICKET007131,2024-11-17,PROP016,Structural,Medium,Closed,2024-11-25,8,1432.9114946041893
TICKET007132,2024-11-17,PROP013,General Maintenance,Low,Closed,2024-11-30,13,71.79649995532691
TICKET007133,2024-11-18,PROP025,Electrical,Medium,Closed,2024-11-26,8,1170.6748213516735
TICKET007134,2024-11-18,PROP014,Landscaping,Medium,In Progress,,74,
TICKET007135,2024-11-18,PROP016,Structural,High,Closed,2024-11-21,3,597.7113737572944
TICKET007136,2024-11-18,PROP011,Landscaping,Low,Closed,2024-12-06,18,751.2474321410689
TICKET007137,2024-11-18,PROP022,Electrical,Low,Closed,2024-11-25,7,131.81905224940743
TICKET007138,2024-11-18,PROP024,HVAC,High,Closed,2024-11-21,3,1092.7465145788487
TICKET007139,2024-11-18,PROP006,Structural,High,Closed,2024-11-20,2,1473.7687306346295
TICKET007140,2024-11-18,PROP025,Structural,Medium,Closed,2024-11-26,8,431.70140869009856
TICKET007141,2024-11-18,PROP011,Pest Control,Emergency,Closed,2024-11-19,1,1027.267241484645
TICKET007142,2024-11-18,PROP014,Electrical,High,Closed,2024-11-21,3,821.6488478209978
TICKET007143,2024-11-18,PROP012,Electrical,Low,Closed,2024-12-01,13,1004.7591470197142
TICKET007144,2024-11-18,PROP021,Pest Control,Low,Closed,2024-12-02,14,1490.2748846032462
TICKET007145,2024-11-18,PROP004,HVAC,Medium,Closed,2024-11-27,9,927.5693658978133
TICKET007146,2024-11-18,PROP022,Electrical,Emergency,In Progress,,74,
TICKET007147,2024-11-18,PROP012,Landscaping,Low,Closed,2024-11-30,12,644.1873709305671
TICKET007148,2024-11-18,PROP014,Electrical,Low,Closed,2024-12-06,18,287.6389728432747
TICKET007149,2024-11-18,PROP001,Landscaping,Low,Open,,74,
TICKET007150,2024-11-18,PROP024,Landscaping,High,Closed,2024-11-22,4,527.8006259544261
TICKET007151,2024-11-18,PROP002,HVAC,Medium,Closed,2024-11-27,9,329.5657209079668
TICKET007152,2024-11-18,PROP021,Pest Control,Medium,Pending Parts,,74,
TICKET007153,2024-11-18,PROP013,General Maintenance,Low,Closed,2024-11-30,12,1162.3046395790436
TICKET007154,2024-11-18,PROP020,General Maintenance,Low,Closed,2024-11-25,7,806.432847841796
TICKET007155,2024-11-18,PROP019,General Maintenance,Medium,Closed,2024-11-22,4,1085.256588681521
TICKET007156,2024-11-18,PROP009,Appliance,Low,Closed,2024-11-24,6,1411.7405735028774
TICKET007157,2024-11-18,PROP023,Landscaping,Medium,Closed,2024-11-25,7,1159.4600192761197
TICKET007158,2024-11-18,PROP023,Structural,Low,Closed,2024-12-05,17,242.2757286064497
TICKET007159,2024-11-18,PROP010,Structural,Medium,Closed,2024-11-21,3,177.70311967507854
TICKET007160,2024-11-18,PROP014,Pest Control,Medium,Closed,2024-11-22,4,305.2240693991498
TICKET007161,2024-11-18,PROP003,HVAC,High,In Progress,,74,
TICKET007162,2024-11-18,PROP008,Appliance,Medium,Closed,2024-11-22,4,582.0418796252926
TICKET007163,2024-11-18,PROP016,Plumbing,High,Closed,2024-11-19,1,394.9965628940155
TICKET007164,2024-11-19,PROP019,Electrical,Emergency,In Progress,,73,
TICKET007165,2024-11-19,PROP005,General Maintenance,Emergency,Closed,2024-11-20,1,428.8668235695542
TICKET007166,2024-11-19,PROP021,Structural,High,Closed,2024-11-23,4,1363.7841556052904
TICKET007167,2024-11-19,PROP025,Plumbing,Low,Closed,2024-12-07,18,667.1713842654653
TICKET007168,2024-11-19,PROP014,Plumbing,Medium,Closed,2024-11-22,3,838.4767713839472
TICKET007169,2024-11-19,PROP004,Electrical,Low,Open,,73,
TICKET007170,2024-11-19,PROP015,Appliance,Medium,Closed,2024-11-26,7,912.4018261865936
TICKET007171,2024-11-19,PROP003,Appliance,Medium,Pending Parts,,73,
TICKET007172,2024-11-19,PROP003,HVAC,Emergency,Closed,2024-11-20,1,1193.8288904942447
TICKET007173,2024-11-19,PROP021,General Maintenance,High,Closed,2024-11-21,2,1360.0335478808609
TICKET007174,2024-11-19,PROP011,Pest Control,Low,Closed,2024-12-07,18,1047.9914315675562
TICKET007175,2024-11-19,PROP016,HVAC,Low,Closed,2024-11-29,10,1391.8953310518075
TICKET007176,2024-11-19,PROP020,Landscaping,Low,Closed,2024-12-04,15,128.19301320225009
TICKET007177,2024-11-19,PROP006,HVAC,Medium,Closed,2024-11-24,5,931.8917521592562
TICKET007178,2024-11-19,PROP023,Plumbing,Low,Closed,2024-12-02,13,134.65950232152701
TICKET007179,2024-11-19,PROP018,Appliance,Low,Closed,2024-11-26,7,61.93267654866305
TICKET007180,2024-11-20,PROP020,Pest Control,Medium,Closed,2024-11-23,3,557.3636801239423
TICKET007181,2024-11-20,PROP024,Appliance,Medium,Closed,2024-11-26,6,161.26670663941144
TICKET007182,2024-11-20,PROP001,General Maintenance,Emergency,Closed,2024-11-20,0,383.67264825823537
TICKET007183,2024-11-20,PROP009,General Maintenance,Low,Closed,2024-12-07,17,937.0074711981719
TICKET007184,2024-11-20,PROP015,Electrical,Low,Closed,2024-12-08,18,1098.0654406520334
TICKET007185,2024-11-20,PROP004,Appliance,Low,Closed,2024-12-02,12,1062.815792374939
TICKET007186,2024-11-20,PROP022,Electrical,Low,Closed,2024-11-28,8,1328.1993565268147
TICKET007187,2024-11-20,PROP003,Plumbing,Medium,Closed,2024-11-24,4,1449.609859754502
TICKET007188,2024-11-20,PROP024,Pest Control,Low,Closed,2024-11-29,9,658.6937069459464
TICKET007189,2024-11-20,PROP013,Landscaping,Medium,Closed,2024-11-24,4,451.6848712792913
TICKET007190,2024-11-20,PROP013,Plumbing,Medium,Closed,2024-11-24,4,79.97884821156131
TICKET007191,2024-11-20,PROP001,Electrical,Low,Closed,2024-11-28,8,104.70253763270725
TICKET007192,2024-11-20,PROP009,Electrical,High,Closed,2024-11-22,2,517.1286406691308
TICKET007193,2024-11-20,PROP002,HVAC,Medium,Closed,2024-11-23,3,1358.5623366949494
TICKET007194,2024-11-20,PROP012,HVAC,Medium,Closed,2024-11-23,3,339.6256230484001
TICKET007195,2024-11-20,PROP018,Plumbing,Medium,Open,,72,
TICKET007196,2024-11-20,PROP025,Structural,Emergency,Closed,2024-11-21,1,60.486113043875164
TICKET007197,2024-11-20,PROP015,Landscaping,High,Closed,2024-11-24,4,1289.6517151906185
TICKET007198,2024-11-20,PROP014,Structural,Medium,Closed,2024-11-24,4,699.2325637462715
TICKET007199,2024-11-20,PROP011,Structural,Low,Closed,2024-11-30,10,1387.1995882540632
TICKET007200,2024-11-20,PROP018,HVAC,High,Closed,2024-11-23,3,804.9350163531731
TICKET007201,2024-11-20,PROP008,HVAC,Low,Closed,2024-11-25,5,1302.844154315797
TICKET007202,2024-11-20,PROP017,Plumbing,Medium,Closed,2024-11-24,4,207.40256902282536
TICKET007203,2024-11-21,PROP024,Landscaping,Emergency,Closed,2024-11-22,1,110.6251530754717
TICKET007204,2024-11-21,PROP008,Appliance,Low,Closed,2024-12-02,11,534.9920109300997
TICKET007205,2024-11-21,PROP019,HVAC,Medium,Closed,2024-11-27,6,585.1900238889219
TICKET007206,2024-11-21,PROP008,Structural,Low,Closed,2024-11-30,9,698.5682307671891
TICKET007207,2024-11-21,PROP005,Electrical,Medium,Closed,2024-11-27,6,919.9197204575141
TICKET007208,2024-11-21,PROP014,Structural,Low,Closed,2024-12-04,13,430.90354582071353
TICKET007209,2024-11-21,PROP006,Landscaping,Low,Closed,2024-11-29,8,162.58629730663426
TICKET007210,2024-11-21,PROP005,General Maintenance,Low,In Progress,,71,
TICKET007211,2024-11-21,PROP018,Pest Control,High,In Progress,,71,
TICKET007212,2024-11-21,PROP023,Pest Control,Low,Closed,2024-11-27,6,999.0712500952212
TICKET007213,2024-11-21,PROP021,Appliance,Medium,Closed,2024-11-30,9,226.5134991327157
TICKET007214,2024-11-21,PROP021,Landscaping,Medium,Closed,2024-11-27,6,1347.8392572722607
TICKET007215,2024-11-21,PROP013,Electrical,Emergency,Pending Parts,,71,
TICKET007216,2024-11-21,PROP003,Structural,Medium,Closed,2024-11-24,3,766.8025709849823
TICKET007217,2024-11-21,PROP021,Plumbing,Medium,In Progress,,71,
TICKET007218,2024-11-21,PROP007,Structural,Low,Closed,2024-12-02,11,320.7368065289491
TICKET007219,2024-11-21,PROP019,Plumbing,Low,Closed,2024-12-03,12,1446.810993557568
TICKET007220,2024-11-21,PROP013,Plumbing,Medium,Closed,2024-11-29,8,388.4658494713744
TICKET007221,2024-11-21,PROP021,Appliance,High,Closed,2024-11-24,3,1214.4625402026932
TICKET007222,2024-11-21,PROP005,General Maintenance,High,Closed,2024-11-25,4,1009.0048866478888
TICKET007223,2024-11-21,PROP002,General Maintenance,Low,Closed,2024-11-29,8,353.4470204274904
TICKET007224,2024-11-21,PROP009,Landscaping,Low,Closed,2024-12-01,10,268.58850963453983
TICKET007225,2024-11-21,PROP001,Structural,Low,Closed,2024-12-10,19,1362.410503446082
TICKET007226,2024-11-21,PROP023,Appliance,Medium,Pending Parts,,71,
TICKET007227,2024-11-22,PROP020,General Maintenance,Low,Closed,2024-11-29,7,1248.8327042847015
TICKET007228,2024-11-22,PROP020,Landscaping,Low,Closed,2024-11-27,5,1385.8806803015887
TICKET007229,2024-11-22,PROP022,Pest Control,High,Closed,2024-11-26,4,1452.2142826774452
TICKET007230,2024-11-22,PROP013,Appliance,Medium,Closed,2024-12-01,9,1067.9428474747158
TICKET007231,2024-11-22,PROP021,Appliance,Medium,Closed,2024-11-26,4,1306.2850993502277
TICKET007232,2024-11-22,PROP022,HVAC,Medium,Closed,2024-11-26,4,1318.7169501470282
TICKET007233,2024-11-22,PROP009,Appliance,Low,Closed,2024-12-05,13,225.57292374878125
TICKET007234,2024-11-22,PROP023,General Maintenance,Medium,In Progress,,70,
TICKET007235,2024-11-22,PROP019,Pest Control,High,Closed,2024-11-23,1,353.0694929941546
TICKET007236,2024-11-22,PROP023,Pest Control,High,Closed,2024-11-23,1,995.5003538579462
TICKET007237,2024-11-22,PROP015,Plumbing,Medium,Pending Parts,,70,
TICKET007238,2024-11-22,PROP012,Landscaping,Emergency,Closed,2024-11-23,1,503.4776321314344
TICKET007239,2024-11-22,PROP021,HVAC,Low,Closed,2024-12-05,13,1225.9851713321386
TICKET007240,2024-11-22,PROP018,Plumbing,Medium,Closed,2024-11-29,7,1368.061215427504
TICKET007241,2024-11-22,PROP017,Landscaping,Medium,Closed,2024-11-27,5,64.7248175323686
TICKET007242,2024-11-22,PROP005,Structural,Medium,Closed,2024-12-01,9,837.4315304116682
TICKET007243,2024-11-22,PROP017,Structural,High,Closed,2024-11-24,2,872.4687278520915
TICKET007244,2024-11-22,PROP001,General Maintenance,High,Closed,2024-11-26,4,128.98325968714263
TICKET007245,2024-11-22,PROP013,Pest Control,Low,Closed,2024-12-07,15,1415.059305602847
TICKET007246,2024-11-22,PROP009,Landscaping,Medium,Closed,2024-11-29,7,1062.2887657457081
TICKET007247,2024-11-22,PROP013,HVAC,Low,Closed,2024-12-05,13,907.149977014588
TICKET007248,2024-11-22,PROP019,Plumbing,Low,Closed,2024-12-10,18,292.96602223585654
TICKET007249,2024-11-22,PROP009,Structural,Medium,Closed,2024-12-01,9,1140.4452520157204
TICKET007250,2024-11-22,PROP017,HVAC,Low,Closed,2024-12-08,16,1362.2605184434944
TICKET007251,2024-11-22,PROP019,Plumbing,High,Closed,2024-11-25,3,1179.8183600048874
TICKET007252,2024-11-22,PROP021,General Maintenance,Low,Closed,2024-12-04,12,1170.3698852644834
TICKET007253,2024-11-22,PROP007,Appliance,High,Closed,2024-11-23,1,1059.6573800841727
TICKET007254,2024-11-22,PROP002,Appliance,Low,Closed,2024-11-28,6,1475.1076513050016
TICKET007255,2024-11-22,PROP008,Appliance,Low,Closed,2024-12-03,11,265.7101001595553
TICKET007256,2024-11-22,PROP008,Pest Control,High,Closed,2024-11-25,3,216.01892078312898
TICKET007257,2024-11-22,PROP016,Landscaping,Low,Closed,2024-12-01,9,88.84030302618348
TICKET007258,2024-11-23,PROP003,Electrical,Medium,Pending Parts,,69,
TICKET007259,2024-11-23,PROP022,Plumbing,Low,Closed,2024-12-08,15,1078.5955782326791
TICKET007260,2024-11-23,PROP002,Electrical,Low,Closed,2024-11-30,7,90.95039969423118
TICKET007261,2024-11-23,PROP002,HVAC,Medium,Closed,2024-12-01,8,1128.4496724676192
TICKET007262,2024-11-23,PROP006,Pest Control,Low,Closed,2024-12-01,8,204.66587491452583
TICKET007263,2024-11-23,PROP024,Appliance,Low,Closed,2024-11-28,5,300.2706708474355
TICKET007264,2024-11-23,PROP023,Appliance,High,Closed,2024-11-25,2,51.48117362328903
TICKET007265,2024-11-23,PROP004,Appliance,Low,Closed,2024-12-07,14,833.1726148162651
TICKET007266,2024-11-23,PROP014,Appliance,Medium,Closed,2024-11-27,4,1208.1583420156169
TICKET007267,2024-11-23,PROP014,Electrical,Medium,Closed,2024-12-01,8,1230.2703721030045
TICKET007268,2024-11-23,PROP011,General Maintenance,Low,Closed,2024-12-03,10,148.56158199393536
TICKET007269,2024-11-23,PROP013,Structural,High,Closed,2024-11-25,2,765.855102774187
TICKET007270,2024-11-23,PROP015,Plumbing,Medium,Closed,2024-11-30,7,58.94119170621657
TICKET007271,2024-11-23,PROP008,Plumbing,Medium,Closed,2024-12-01,8,703.4831689701577
TICKET007272,2024-11-23,PROP008,Electrical,Low,Closed,2024-12-05,12,979.1054782438083
TICKET007273,2024-11-23,PROP011,HVAC,Medium,Closed,2024-11-30,7,695.7285293004207
TICKET007274,2024-11-23,PROP008,HVAC,Low,Closed,2024-12-09,16,1466.7112429535373
TICKET007275,2024-11-23,PROP009,General Maintenance,Medium,Closed,2024-11-30,7,179.8732572215098
TICKET007276,2024-11-23,PROP001,General Maintenance,Low,Closed,2024-12-07,14,1173.0876092028357
TICKET007277,2024-11-23,PROP015,Pest Control,Medium,Closed,2024-11-27,4,1273.8208339658333
TICKET007278,2024-11-23,PROP019,Plumbing,High,Closed,2024-11-25,2,1475.386320434717
TICKET007279,2024-11-23,PROP021,Pest Control,Emergency,Closed,2024-11-23,0,115.26951636375345
TICKET007280,2024-11-23,PROP006,Appliance,Medium,Closed,2024-12-02,9,938.3909475100706
TICKET007281,2024-11-23,PROP002,Appliance,High,Closed,2024-11-24,1,511.957957962491
TICKET007282,2024-11-23,PROP017,Structural,Medium,Closed,2024-11-26,3,617.5116411305937
TICKET007283,2024-11-23,PROP014,Electrical,Medium,Closed,2024-11-28,5,146.38224943722344
TICKET007284,2024-11-23,PROP020,Structural,Low,Closed,2024-11-28,5,516.2606034539006
TICKET007285,2024-11-23,PROP024,Plumbing,Medium,Closed,2024-11-30,7,620.9668575524317
TICKET007286,2024-11-23,PROP023,Plumbing,Medium,Open,,69,
TICKET007287,2024-11-23,PROP011,Structural,Medium,In Progress,,69,
TICKET007288,2024-11-23,PROP001,Structural,Low,Closed,2024-12-07,14,578.8361561737408
TICKET007289,2024-11-23,PROP023,HVAC,Low,Open,,69,
TICKET007290,2024-11-23,PROP007,Structural,High,Closed,2024-11-24,1,657.1949754253778
TICKET007291,2024-11-23,PROP016,Plumbing,High,Closed,2024-11-27,4,324.15689753276064
TICKET007292,2024-11-24,PROP008,Structural,Low,Pending Parts,,68,
TICKET007293,2024-11-24,PROP003,HVAC,Medium,Closed,2024-12-03,9,911.0855618186062
TICKET007294,2024-11-24,PROP010,Pest Control,Emergency,Closed,2024-11-24,0,757.2481494895486
TICKET007295,2024-11-24,PROP021,Structural,Medium,Closed,2024-12-03,9,1443.1023744436004
TICKET007296,2024-11-24,PROP018,HVAC,Low,Closed,2024-11-29,5,373.3028119733817
TICKET007297,2024-11-24,PROP008,General Maintenance,Medium,Closed,2024-12-02,8,705.0324999116161
TICKET007298,2024-11-24,PROP010,General Maintenance,High,Closed,2024-11-27,3,1094.8274889932402
TICKET007299,2024-11-24,PROP014,Plumbing,Medium,Closed,2024-11-30,6,1053.0277259861487
TICKET007300,2024-11-24,PROP014,Appliance,Low,Closed,2024-12-02,8,1094.3909013601155
TICKET007301,2024-11-24,PROP013,Plumbing,Medium,Closed,2024-11-29,5,939.4142585078183
TICKET007302,2024-11-24,PROP013,General Maintenance,Emergency,Closed,2024-11-25,1,1284.8566651544988
TICKET007303,2024-11-24,PROP017,Appliance,Low,Closed,2024-11-29,5,780.2725894366777
TICKET007304,2024-11-24,PROP024,HVAC,Medium,Closed,2024-11-29,5,1475.5813101024423
TICKET007305,2024-11-24,PROP010,Landscaping,High,Closed,2024-11-27,3,329.6650522829085
TICKET007306,2024-11-24,PROP001,General Maintenance,Low,Closed,2024-11-29,5,263.99561573485784
TICKET007307,2024-11-24,PROP009,HVAC,Emergency,Closed,2024-11-24,0,1391.9890949589255
TICKET007308,2024-11-24,PROP007,Pest Control,Low,Closed,2024-12-10,16,420.59246939717707
TICKET007309,2024-11-24,PROP009,Plumbing,High,Closed,2024-11-25,1,264.0292845851597
TICKET007310,2024-11-25,PROP020,Structural,Medium,Closed,2024-12-02,7,704.1657302970649
TICKET007311,2024-11-25,PROP004,General Maintenance,Low,Closed,2024-12-01,6,502.1330575169782
TICKET007312,2024-11-25,PROP023,HVAC,High,Closed,2024-11-29,4,204.45560140755754
TICKET007313,2024-11-25,PROP002,Appliance,High,Closed,2024-11-29,4,722.1824084877643
TICKET007314,2024-11-25,PROP003,Electrical,High,Closed,2024-11-29,4,948.1219498220668
TICKET007315,2024-11-25,PROP003,Appliance,Low,Closed,2024-12-07,12,498.4733664209155
TICKET007316,2024-11-25,PROP021,Electrical,Medium,Closed,2024-12-02,7,755.4370652689671
TICKET007317,2024-11-25,PROP019,Plumbing,Medium,Closed,2024-11-30,5,416.17384738098315
TICKET007318,2024-11-25,PROP023,Appliance,Medium,Closed,2024-11-28,3,580.7530504887523
TICKET007319,2024-11-25,PROP005,General Maintenance,Low,Open,,67,
TICKET007320,2024-11-25,PROP019,Appliance,Low,Closed,2024-12-10,15,1332.456817453248
TICKET007321,2024-11-25,PROP004,Structural,Low,Closed,2024-12-13,18,134.2376597882828
TICKET007322,2024-11-25,PROP010,HVAC,Low,Closed,2024-12-12,17,220.11987356969868
TICKET007323,2024-11-25,PROP013,Electrical,Medium,Open,,67,
TICKET007324,2024-11-25,PROP007,Pest Control,Low,Pending Parts,,67,
TICKET007325,2024-11-25,PROP009,Plumbing,Medium,Closed,2024-11-30,5,1445.2261968941912
TICKET007326,2024-11-25,PROP009,Landscaping,Low,Closed,2024-12-02,7,1077.3077144511217
TICKET007327,2024-11-25,PROP003,Electrical,Medium,Closed,2024-11-29,4,680.126620041074
TICKET007328,2024-11-25,PROP019,Structural,Medium,Closed,2024-12-03,8,491.12340601628193
TICKET007329,2024-11-25,PROP019,General Maintenance,Low,Closed,2024-12-13,18,618.4515144113471
TICKET007330,2024-11-25,PROP005,Pest Control,Emergency,Closed,2024-11-25,0,327.2647293092184
TICKET007331,2024-11-25,PROP001,HVAC,Medium,In Progress,,67,
TICKET007332,2024-11-25,PROP020,General Maintenance,Low,Closed,2024-12-07,12,432.72247072185814
TICKET007333,2024-11-25,PROP004,Structural,High,Closed,2024-11-28,3,1232.826877938842
TICKET007334,2024-11-25,PROP020,Plumbing,Low,Closed,2024-12-11,16,324.02811472297236
TICKET007335,2024-11-25,PROP009,Electrical,Low,Open,,67,
TICKET007336,2024-11-26,PROP011,Plumbing,Medium,Closed,2024-12-01,5,997.946182063202
TICKET007337,2024-11-26,PROP025,Structural,Low,Closed,2024-12-07,11,659.3776716581456
TICKET007338,2024-11-26,PROP009,Plumbing,Medium,Open,,66,
TICKET007339,2024-11-26,PROP010,Landscaping,Low,Open,,66,
TICKET007340,2024-11-26,PROP020,General Maintenance,High,Closed,2024-11-28,2,260.2585262392728
TICKET007341,2024-11-26,PROP007,Pest Control,Medium,Closed,2024-12-04,8,1344.8736852637471
TICKET007342,2024-11-26,PROP013,Electrical,Medium,Closed,2024-12-05,9,1487.6724813750088
TICKET007343,2024-11-26,PROP022,Electrical,Low,Closed,2024-12-07,11,370.5774315080795
TICKET007344,2024-11-26,PROP007,Landscaping,Low,Open,,66,
TICKET007345,2024-11-26,PROP004,Electrical,Low,Closed,2024-12-12,16,1325.03663323001
TICKET007346,2024-11-26,PROP017,General Maintenance,High,Closed,2024-11-28,2,1483.19195982143
TICKET007347,2024-11-26,PROP020,Appliance,Low,Closed,2024-12-12,16,630.2944073772575
TICKET007348,2024-11-26,PROP013,Pest Control,Emergency,Closed,2024-11-26,0,1401.086711086991
TICKET007349,2024-11-26,PROP015,Landscaping,High,Closed,2024-11-30,4,1204.0811143276492
TICKET007350,2024-11-26,PROP023,Pest Control,Low,Closed,2024-12-12,16,557.5891254225844
TICKET007351,2024-11-26,PROP019,Plumbing,High,Closed,2024-11-30,4,617.7966293180757
TICKET007352,2024-11-26,PROP008,Pest Control,Medium,Closed,2024-11-30,4,437.58087004151105
TICKET007353,2024-11-26,PROP014,General Maintenance,Medium,Closed,2024-12-02,6,227.37921945440573
TICKET007354,2024-11-26,PROP014,Appliance,Low,Closed,2024-12-11,15,1162.393472087365
TICKET007355,2024-11-26,PROP009,Landscaping,Medium,Closed,2024-12-05,9,1369.871560400377
TICKET007356,2024-11-26,PROP024,Structural,Medium,Closed,2024-12-05,9,905.90804168189
TICKET007357,2024-11-26,PROP023,General Maintenance,Low,Closed,2024-12-11,15,1284.2075697410487
TICKET007358,2024-11-26,PROP009,Plumbing,Low,In Progress,,66,
TICKET007359,2024-11-26,PROP021,Appliance,Medium,Closed,2024-12-02,6,1339.733289366357
TICKET007360,2024-11-26,PROP002,Electrical,Low,Closed,2024-12-09,13,567.2161167284198
TICKET007361,2024-11-26,PROP009,Plumbing,Low,Closed,2024-12-09,13,935.781450694879
TICKET007362,2024-11-26,PROP009,Appliance,Low,Closed,2024-12-04,8,1317.4967879404999
TICKET007363,2024-11-26,PROP022,Pest Control,Medium,Closed,2024-11-30,4,580.2651654818162
TICKET007364,2024-11-26,PROP005,General Maintenance,Low,Closed,2024-12-13,17,569.2559549453275
TICKET007365,2024-11-26,PROP024,General Maintenance,Medium,In Progress,,66,
TICKET007366,2024-11-26,PROP009,Appliance,Low,Closed,2024-12-12,16,796.5605479748392
TICKET007367,2024-11-26,PROP017,Electrical,Low,Pending Parts,,66,
TICKET007368,2024-11-27,PROP024,Pest Control,Medium,Closed,2024-12-06,9,512.8939561626021
TICKET007369,2024-11-27,PROP010,Appliance,Low,Closed,2024-12-03,6,1463.8959324251296
TICKET007370,2024-11-27,PROP011,Pest Control,Low,Closed,2024-12-03,6,500.21274521084473
TICKET007371,2024-11-27,PROP010,Structural,Low,Closed,2024-12-02,5,508.5232906238532
TICKET007372,2024-11-27,PROP016,Plumbing,Medium,In Progress,,65,
TICKET007373,2024-11-27,PROP012,Electrical,Low,Closed,2024-12-03,6,468.96405635694236
TICKET007374,2024-11-27,PROP005,Appliance,Low,In Progress,,65,
TICKET007375,2024-11-27,PROP025,Landscaping,Medium,Closed,2024-12-02,5,484.7844634733058
TICKET007376,2024-11-27,PROP002,Electrical,High,Closed,2024-11-28,1,1098.3513834916016
TICKET007377,2024-11-27,PROP009,HVAC,Low,Closed,2024-12-07,10,1211.7575898731839
TICKET007378,2024-11-27,PROP017,Appliance,High,Closed,2024-12-01,4,808.7228544190183
TICKET007379,2024-11-27,PROP011,Appliance,Low,Closed,2024-12-15,18,1414.0128650530128
TICKET007380,2024-11-27,PROP007,Appliance,Medium,Closed,2024-12-02,5,1452.5084147202315
TICKET007381,2024-11-27,PROP012,Plumbing,Low,Closed,2024-12-04,7,1117.6418034570754
TICKET007382,2024-11-27,PROP016,HVAC,High,Closed,2024-11-29,2,171.81194057122008
TICKET007383,2024-11-27,PROP006,Appliance,High,Closed,2024-12-01,4,895.4431879396693
TICKET007384,2024-11-27,PROP006,General Maintenance,High,Closed,2024-11-29,2,1159.892154883434
TICKET007385,2024-11-27,PROP010,Landscaping,Medium,Closed,2024-12-03,6,265.8442479945119
TICKET007386,2024-11-27,PROP001,General Maintenance,High,Closed,2024-11-30,3,126.39754818179952
TICKET007387,2024-11-27,PROP010,HVAC,Low,Open,,65,
TICKET007388,2024-11-27,PROP002,Plumbing,Low,Closed,2024-12-06,9,753.3332834805921
TICKET007389,2024-11-27,PROP005,Electrical,Medium,In Progress,,65,
TICKET007390,2024-11-27,PROP008,Appliance,Low,Closed,2024-12-16,19,568.0008382603239
TICKET007391,2024-11-27,PROP022,General Maintenance,Low,Closed,2024-12-07,10,954.6252234764631
TICKET007392,2024-11-27,PROP013,Plumbing,Low,Closed,2024-12-09,12,638.9732544495231
TICKET007393,2024-11-27,PROP012,General Maintenance,High,Pending Parts,,65,
TICKET007394,2024-11-27,PROP022,HVAC,Medium,Closed,2024-12-03,6,779.0256852937808
TICKET007395,2024-11-27,PROP003,Structural,High,Closed,2024-11-30,3,817.342826404649
TICKET007396,2024-11-27,PROP015,Plumbing,Low,Closed,2024-12-15,18,1440.5193783086988
TICKET007397,2024-11-27,PROP012,HVAC,Low,Closed,2024-12-16,19,1436.7138965284046
TICKET007398,2024-11-27,PROP004,Pest Control,High,Closed,2024-11-30,3,729.8355589062664
TICKET007399,2024-11-27,PROP008,HVAC,Low,Closed,2024-12-05,8,62.746646094227096
TICKET007400,2024-11-28,PROP011,Landscaping,Medium,Closed,2024-12-01,3,1427.0110878374808
TICKET007401,2024-11-28,PROP020,General Maintenance,Medium,Closed,2024-12-03,5,1068.6366967923143
TICKET007402,2024-11-28,PROP011,HVAC,High,Closed,2024-11-30,2,258.5996114183454
TICKET007403,2024-11-28,PROP015,Electrical,Low,Closed,2024-12-04,6,825.9588809188284
TICKET007404,2024-11-28,PROP020,Structural,Medium,Closed,2024-12-07,9,846.2141729749393
TICKET007405,2024-11-28,PROP022,Appliance,Low,Closed,2024-12-17,19,394.4629149904763
TICKET007406,2024-11-28,PROP014,Landscaping,High,Closed,2024-11-29,1,467.5732466210339
TICKET007407,2024-11-28,PROP012,General Maintenance,Medium,Closed,2024-12-07,9,807.2277500897526
TICKET007408,2024-11-28,PROP016,Structural,Medium,Closed,2024-12-06,8,951.7503074315548
TICKET007409,2024-11-28,PROP004,Electrical,High,Closed,2024-12-02,4,931.160652536007
TICKET007410,2024-11-28,PROP020,Pest Control,Low,Closed,2024-12-12,14,984.2819022387488
TICKET007411,2024-11-28,PROP004,Pest Control,Medium,Pending Parts,,64,
TICKET007412,2024-11-28,PROP014,General Maintenance,Emergency,Closed,2024-11-28,0,199.89263019495115
TICKET007413,2024-11-28,PROP001,Landscaping,Medium,Closed,2024-12-02,4,1007.7251113161448
TICKET007414,2024-11-28,PROP025,Electrical,Medium,Open,,64,
TICKET007415,2024-11-29,PROP023,Plumbing,Low,Closed,2024-12-13,14,213.86486862717402
TICKET007416,2024-11-29,PROP017,Appliance,Medium,Closed,2024-12-02,3,345.5106365385181
TICKET007417,2024-11-29,PROP014,Pest Control,High,Closed,2024-11-30,1,577.7652983863995
TICKET007418,2024-11-29,PROP023,Pest Control,Medium,Closed,2024-12-03,4,395.280095738159
TICKET007419,2024-11-29,PROP015,Appliance,Medium,In Progress,,63,
TICKET007420,2024-11-29,PROP017,HVAC,Medium,Closed,2024-12-06,7,1361.5025774215128
TICKET007421,2024-11-29,PROP015,General Maintenance,Low,Closed,2024-12-08,9,644.6035629367539
TICKET007422,2024-11-29,PROP010,General Maintenance,Medium,Closed,2024-12-03,4,866.2458258175736
TICKET007423,2024-11-29,PROP005,General Maintenance,Low,Closed,2024-12-13,14,613.1103007902983
TICKET007424,2024-11-29,PROP021,Appliance,Medium,Closed,2024-12-07,8,567.895979542188
TICKET007425,2024-11-29,PROP019,Plumbing,Medium,Closed,2024-12-03,4,967.4274303457101
TICKET007426,2024-11-29,PROP003,Landscaping,Medium,Closed,2024-12-02,3,823.9590520449934
TICKET007427,2024-11-29,PROP014,General Maintenance,Low,Closed,2024-12-12,13,1407.4998121865533
TICKET007428,2024-11-29,PROP008,Appliance,Medium,Closed,2024-12-05,6,743.4429978524196
TICKET007429,2024-11-29,PROP009,Electrical,Medium,Closed,2024-12-05,6,1074.2733395764933
TICKET007430,2024-11-29,PROP002,Electrical,Low,Closed,2024-12-06,7,844.7660876587045
TICKET007431,2024-11-29,PROP018,Plumbing,High,Closed,2024-12-03,4,832.9166895411947
TICKET007432,2024-11-29,PROP020,Electrical,Medium,Closed,2024-12-05,6,517.5443427655712
TICKET007433,2024-11-29,PROP022,HVAC,Medium,Closed,2024-12-05,6,1346.6825623638954
TICKET007434,2024-11-29,PROP009,Appliance,Medium,Closed,2024-12-06,7,764.5416898576659
TICKET007435,2024-11-29,PROP018,Structural,Low,Closed,2024-12-09,10,210.29868625086525
TICKET007436,2024-11-29,PROP008,Landscaping,Low,Closed,2024-12-14,15,1336.2202534158555
TICKET007437,2024-11-29,PROP015,HVAC,Low,Closed,2024-12-18,19,729.628801991485
TICKET007438,2024-11-29,PROP002,Plumbing,Medium,Closed,2024-12-04,5,589.9629970505879
TICKET007439,2024-11-29,PROP005,Pest Control,Low,Closed,2024-12-11,12,224.83516376479034
TICKET007440,2024-11-29,PROP006,General Maintenance,High,Closed,2024-11-30,1,1473.9759066484428
TICKET007441,2024-11-29,PROP025,Electrical,Low,Closed,2024-12-08,9,1112.7726798844344
TICKET007442,2024-11-29,PROP012,Plumbing,Medium,Closed,2024-12-07,8,777.1203795236103
TICKET007443,2024-11-29,PROP022,HVAC,Medium,Closed,2024-12-03,4,378.02033164270495
TICKET007444,2024-11-30,PROP008,General Maintenance,High,Closed,2024-12-03,3,1090.1814503805672
TICKET007445,2024-11-30,PROP012,HVAC,High,Closed,2024-12-03,3,952.9946809098544
TICKET007446,2024-11-30,PROP023,Appliance,Medium,Closed,2024-12-04,4,329.38275850013815
TICKET007447,2024-11-30,PROP023,General Maintenance,Low,Closed,2024-12-06,6,1161.7034509878436
TICKET007448,2024-11-30,PROP025,Appliance,Medium,Closed,2024-12-03,3,249.579932340895
TICKET007449,2024-11-30,PROP017,Plumbing,Low,Closed,2024-12-07,7,563.9782670418952
TICKET007450,2024-11-30,PROP021,Appliance,Low,Closed,2024-12-12,12,302.402344348473
TICKET007451,2024-11-30,PROP012,Structural,Low,Closed,2024-12-15,15,601.7072489362178
TICKET007452,2024-11-30,PROP013,Landscaping,Low,Pending Parts,,62,
TICKET007453,2024-11-30,PROP017,HVAC,High,Closed,2024-12-03,3,993.8247332967794
TICKET007454,2024-11-30,PROP009,Appliance,Medium,Closed,2024-12-08,8,767.211536566134
TICKET007455,2024-11-30,PROP025,Plumbing,Low,Closed,2024-12-12,12,470.7851587208524
TICKET007456,2024-11-30,PROP012,Plumbing,High,Closed,2024-12-02,2,304.4644092818987
TICKET007457,2024-11-30,PROP001,Pest Control,Low,Closed,2024-12-05,5,713.2804621892564
TICKET007458,2024-11-30,PROP014,Electrical,Low,Closed,2024-12-05,5,1198.8430619445155
TICKET007459,2024-11-30,PROP020,Structural,High,Closed,2024-12-03,3,846.2883405577512
TICKET007460,2024-11-30,PROP015,General Maintenance,Medium,Closed,2024-12-08,8,1202.6549114568863
TICKET007461,2024-11-30,PROP014,Plumbing,Low,Closed,2024-12-17,17,699.4887305632268
TICKET007462,2024-11-30,PROP011,Appliance,High,Closed,2024-12-03,3,145.50663966901712
TICKET007463,2024-11-30,PROP001,General Maintenance,Low,Open,,62,
TICKET007464,2024-11-30,PROP005,Electrical,Medium,Closed,2024-12-05,5,203.68284902169182
TICKET007465,2024-11-30,PROP017,Landscaping,Low,Pending Parts,,62,
TICKET007466,2024-11-30,PROP004,Pest Control,Medium,Closed,2024-12-07,7,558.1520193181848
TICKET007467,2024-11-30,PROP018,HVAC,Medium,Closed,2024-12-09,9,430.6991404400891
TICKET007468,2024-11-30,PROP023,Electrical,Low,Open,,62,
TICKET007469,2024-11-30,PROP012,Structural,Emergency,Closed,2024-11-30,0,822.3354925772793
TICKET007470,2024-11-30,PROP021,Pest Control,Medium,Closed,2024-12-06,6,704.2273350440177
TICKET007471,2024-11-30,PROP005,Pest Control,Low,Closed,2024-12-10,10,919.1335423400549
TICKET007472,2024-11-30,PROP005,Appliance,Emergency,Closed,2024-11-30,0,649.1666311852105
TICKET007473,2024-12-01,PROP024,HVAC,High,Closed,2024-12-02,1,492.2753332969924
TICKET007474,2024-12-01,PROP009,Landscaping,Low,Closed,2024-12-20,19,394.9967121365303
TICKET007475,2024-12-01,PROP023,Landscaping,Emergency,Closed,2024-12-02,1,1079.2764303215165
TICKET007476,2024-12-01,PROP016,Pest Control,Medium,Closed,2024-12-09,8,396.33014717449873
TICKET007477,2024-12-01,PROP011,Plumbing,Low,Closed,2024-12-16,15,532.1974486382562
TICKET007478,2024-12-01,PROP012,Pest Control,Low,Closed,2024-12-18,17,1067.947549006392
TICKET007479,2024-12-01,PROP013,Plumbing,Medium,Closed,2024-12-08,7,330.65554501289375
TICKET007480,2024-12-01,PROP001,Plumbing,Low,Closed,2024-12-12,11,790.327401551994
TICKET007481,2024-12-01,PROP024,Appliance,Low,Closed,2024-12-10,9,598.2405610733208
TICKET007482,2024-12-01,PROP009,Structural,Low,Closed,2024-12-20,19,611.194520624054
TICKET007483,2024-12-01,PROP014,Appliance,Low,Closed,2024-12-11,10,978.6428904761317
TICKET007484,2024-12-01,PROP021,Appliance,Medium,Closed,2024-12-07,6,552.1302593653995
TICKET007485,2024-12-01,PROP009,Pest Control,Low,Closed,2024-12-11,10,440.1407001249919
TICKET007486,2024-12-01,PROP018,HVAC,High,Closed,2024-12-04,3,790.461039799625
TICKET007487,2024-12-01,PROP007,HVAC,Medium,Closed,2024-12-08,7,771.3757959487262
TICKET007488,2024-12-01,PROP005,Appliance,High,Closed,2024-12-05,4,548.76640754491
TICKET007489,2024-12-01,PROP022,Structural,High,Closed,2024-12-03,2,1219.7450948476742
TICKET007490,2024-12-01,PROP008,Pest Control,Medium,Closed,2024-12-07,6,948.7902166695212
TICKET007491,2024-12-01,PROP019,Landscaping,Low,Closed,2024-12-19,18,326.83953217785773
TICKET007492,2024-12-01,PROP010,Appliance,Medium,Closed,2024-12-06,5,1359.7714416232977
TICKET007493,2024-12-01,PROP006,General Maintenance,Medium,In Progress,,61,
TICKET007494,2024-12-01,PROP021,Plumbing,High,Closed,2024-12-04,3,1434.214602288673
TICKET007495,2024-12-01,PROP012,Landscaping,High,Closed,2024-12-03,2,224.33820446174047
TICKET007496,2024-12-01,PROP006,Appliance,Low,Closed,2024-12-16,15,1155.4173490111182
TICKET007497,2024-12-01,PROP022,Appliance,Low,Closed,2024-12-08,7,1296.9299901328548
TICKET007498,2024-12-02,PROP002,Electrical,High,Closed,2024-12-04,2,631.1636047745294
TICKET007499,2024-12-02,PROP006,General Maintenance,Low,Closed,2024-12-16,14,1370.193900286012
TICKET007500,2024-12-02,PROP023,Plumbing,Low,Closed,2024-12-21,19,1486.5082060778225
TICKET007501,2024-12-02,PROP001,HVAC,Low,Closed,2024-12-19,17,766.8903739590444
TICKET007502,2024-12-02,PROP007,Appliance,High,Pending Parts,,60,
TICKET007503,2024-12-02,PROP022,Landscaping,Low,Closed,2024-12-19,17,752.0210011306776
TICKET007504,2024-12-02,PROP012,Pest Control,Medium,In Progress,,60,
TICKET007505,2024-12-02,PROP013,Pest Control,Low,Closed,2024-12-21,19,1220.7038982144056
TICKET007506,2024-12-02,PROP002,Structural,Low,Closed,2024-12-08,6,1137.878235618907
TICKET007507,2024-12-02,PROP020,Landscaping,High,Closed,2024-12-04,2,1330.073426096571
TICKET007508,2024-12-02,PROP008,HVAC,Low,Closed,2024-12-11,9,215.20778995616996
TICKET007509,2024-12-02,PROP008,Appliance,Low,Closed,2024-12-09,7,1475.8102582874026
TICKET007510,2024-12-02,PROP023,General Maintenance,High,Closed,2024-12-03,1,509.5566124597112
TICKET007511,2024-12-02,PROP002,Structural,High,Closed,2024-12-06,4,1454.1630646275319
TICKET007512,2024-12-02,PROP021,Structural,Low,In Progress,,60,
TICKET007513,2024-12-02,PROP008,Electrical,High,Closed,2024-12-05,3,1357.8513462530545
TICKET007514,2024-12-02,PROP008,Appliance,Low,Closed,2024-12-09,7,936.7856125074212
TICKET007515,2024-12-02,PROP008,Structural,Low,Closed,2024-12-20,18,1337.7756858775886
TICKET007516,2024-12-02,PROP003,Structural,Emergency,Closed,2024-12-03,1,869.8159572066643
TICKET007517,2024-12-02,PROP005,Appliance,Low,Closed,2024-12-17,15,475.6943788420418
TICKET007518,2024-12-02,PROP015,Appliance,Medium,Closed,2024-12-09,7,1030.4629795639248
TICKET007519,2024-12-02,PROP017,Landscaping,Low,Closed,2024-12-14,12,324.1252970915761
TICKET007520,2024-12-02,PROP023,HVAC,Low,Closed,2024-12-20,18,1020.7638874411701
TICKET007521,2024-12-02,PROP014,General Maintenance,Medium,Closed,2024-12-08,6,1048.4025013355972
TICKET007522,2024-12-02,PROP008,HVAC,Medium,In Progress,,60,
TICKET007523,2024-12-02,PROP025,Electrical,Low,Closed,2024-12-18,16,323.7742020899134
TICKET007524,2024-12-02,PROP025,HVAC,High,Pending Parts,,60,
TICKET007525,2024-12-02,PROP021,Landscaping,Low,Closed,2024-12-07,5,1253.3837156913344
TICKET007526,2024-12-02,PROP004,Structural,Medium,Closed,2024-12-05,3,1181.3993741646868
TICKET007527,2024-12-02,PROP020,Landscaping,Medium,Closed,2024-12-11,9,758.7256685002887
TICKET007528,2024-12-03,PROP004,Plumbing,Low,Closed,2024-12-19,16,1144.5777909075164
TICKET007529,2024-12-03,PROP001,General Maintenance,Medium,Closed,2024-12-11,8,1142.9644708446524
TICKET007530,2024-12-03,PROP017,Appliance,Low,Closed,2024-12-15,12,159.39141485066125
TICKET007531,2024-12-03,PROP013,Appliance,Low,In Progress,,59,
TICKET007532,2024-12-03,PROP001,Appliance,Medium,Closed,2024-12-09,6,1432.7633938524011
TICKET007533,2024-12-03,PROP003,Structural,Medium,Closed,2024-12-12,9,1029.1424798900953
TICKET007534,2024-12-03,PROP017,Appliance,High,Closed,2024-12-06,3,466.63520111824954
TICKET007535,2024-12-03,PROP009,Plumbing,Low,Closed,2024-12-12,9,1062.8979013681678
TICKET007536,2024-12-03,PROP024,Appliance,Medium,Closed,2024-12-08,5,481.1286620662803
TICKET007537,2024-12-03,PROP006,General Maintenance,Low,Closed,2024-12-08,5,143.75182966318806
TICKET007538,2024-12-03,PROP020,Plumbing,Medium,Closed,2024-12-07,4,842.8593079088517
TICKET007539,2024-12-03,PROP008,Appliance,Medium,Closed,2024-12-06,3,379.5076030320592
TICKET007540,2024-12-03,PROP014,Electrical,Medium,Closed,2024-12-09,6,124.73019066836419
TICKET007541,2024-12-03,PROP016,General Maintenance,Medium,Pending Parts,,59,
TICKET007542,2024-12-03,PROP012,General Maintenance,Medium,Closed,2024-12-08,5,665.1906740410699
TICKET007543,2024-12-03,PROP015,Structural,Medium,Closed,2024-12-09,6,459.4080741200776
TICKET007544,2024-12-03,PROP025,Electrical,Medium,Closed,2024-12-07,4,168.15711611199794
TICKET007545,2024-12-03,PROP001,Structural,Medium,Closed,2024-12-12,9,143.43728191136165
TICKET007546,2024-12-03,PROP003,Electrical,Medium,Closed,2024-12-11,8,1347.0888800271628
TICKET007547,2024-12-03,PROP021,Pest Control,Medium,Closed,2024-12-06,3,1250.6219056436362
TICKET007548,2024-12-03,PROP009,Structural,Medium,Open,,59,
TICKET007549,2024-12-03,PROP007,General Maintenance,High,Closed,2024-12-04,1,1189.4815090675263
TICKET007550,2024-12-03,PROP006,Appliance,High,Closed,2024-12-07,4,951.759086467597
TICKET007551,2024-12-03,PROP005,Structural,Low,Closed,2024-12-21,18,434.3487340007464
TICKET007552,2024-12-03,PROP023,HVAC,Low,Closed,2024-12-12,9,1221.2149127763007
TICKET007553,2024-12-03,PROP010,Electrical,High,Closed,2024-12-07,4,1382.682885780561
TICKET007554,2024-12-03,PROP001,Landscaping,Low,Closed,2024-12-15,12,466.3907754388864
TICKET007555,2024-12-03,PROP001,Pest Control,Low,Closed,2024-12-21,18,728.6274747717424
TICKET007556,2024-12-03,PROP015,Electrical,Low,In Progress,,59,
TICKET007557,2024-12-03,PROP007,Electrical,Medium,Closed,2024-12-08,5,357.03497327324874
TICKET007558,2024-12-03,PROP003,Landscaping,Medium,Closed,2024-12-11,8,594.3342262210175
TICKET007559,2024-12-04,PROP019,Pest Control,High,Pending Parts,,58,
TICKET007560,2024-12-04,PROP010,Plumbing,Medium,Closed,2024-12-08,4,311.7521862379919
TICKET007561,2024-12-04,PROP013,Pest Control,Low,Closed,2024-12-20,16,985.2376501059341
TICKET007562,2024-12-04,PROP006,Pest Control,Medium,Closed,2024-12-13,9,199.5733491607477
TICKET007563,2024-12-04,PROP005,Plumbing,High,In Progress,,58,
TICKET007564,2024-12-04,PROP005,Structural,Low,Closed,2024-12-11,7,124.20548218526933
TICKET007565,2024-12-04,PROP001,General Maintenance,Emergency,Closed,2024-12-04,0,161.1803189868773
TICKET007566,2024-12-04,PROP006,HVAC,High,Closed,2024-12-07,3,1196.8415676534078
TICKET007567,2024-12-04,PROP017,Appliance,Medium,Closed,2024-12-13,9,1251.4797182499635
TICKET007568,2024-12-04,PROP011,Appliance,High,Closed,2024-12-06,2,248.2725784451659
TICKET007569,2024-12-04,PROP015,Electrical,Medium,Closed,2024-12-08,4,1420.3207772573264
TICKET007570,2024-12-04,PROP024,Plumbing,Medium,Closed,2024-12-08,4,1103.8943050764246
TICKET007571,2024-12-04,PROP015,Pest Control,Medium,Closed,2024-12-07,3,1161.0440884719237
TICKET007572,2024-12-04,PROP017,General Maintenance,Emergency,Closed,2024-12-04,0,1404.2495736002304
TICKET007573,2024-12-04,PROP020,Electrical,Medium,Pending Parts,,58,
TICKET007574,2024-12-04,PROP005,HVAC,Low,Closed,2024-12-21,17,290.3730425260407
TICKET007575,2024-12-04,PROP003,Landscaping,High,Closed,2024-12-08,4,629.0803658125583
TICKET007576,2024-12-04,PROP013,Appliance,Low,Closed,2024-12-16,12,360.1751226249485
TICKET007577,2024-12-04,PROP016,Plumbing,Low,Closed,2024-12-17,13,1080.5659359430238
TICKET007578,2024-12-05,PROP022,Plumbing,Medium,Closed,2024-12-11,6,762.9484151397297
TICKET007579,2024-12-05,PROP005,HVAC,Medium,Closed,2024-12-14,9,485.860269143058
TICKET007580,2024-12-05,PROP021,HVAC,High,Closed,2024-12-07,2,487.0816752892638
TICKET007581,2024-12-05,PROP007,Structural,Low,In Progress,,57,
TICKET007582,2024-12-05,PROP008,Landscaping,Medium,In Progress,,57,
TICKET007583,2024-12-05,PROP002,Pest Control,Low,Closed,2024-12-14,9,1496.4271754684498
TICKET007584,2024-12-05,PROP011,Plumbing,High,Closed,2024-12-09,4,1372.8765827169314
TICKET007585,2024-12-05,PROP011,Appliance,Low,Closed,2024-12-20,15,1496.1127385951563
TICKET007586,2024-12-05,PROP018,HVAC,Medium,Closed,2024-12-11,6,395.86556416584864
TICKET007587,2024-12-05,PROP017,Landscaping,High,Open,,57,
TICKET007588,2024-12-05,PROP017,Plumbing,Medium,Closed,2024-12-13,8,589.3140230645965
TICKET007589,2024-12-05,PROP024,Landscaping,Low,In Progress,,57,
TICKET007590,2024-12-05,PROP008,Electrical,Medium,Closed,2024-12-13,8,345.02672030632607
TICKET007591,2024-12-05,PROP018,Structural,Medium,Pending Parts,,57,
TICKET007592,2024-12-05,PROP009,Landscaping,Low,Closed,2024-12-20,15,486.40188312641317
TICKET007593,2024-12-05,PROP008,Appliance,Emergency,Closed,2024-12-05,0,150.99644915594556
TICKET007594,2024-12-05,PROP011,HVAC,Medium,Closed,2024-12-13,8,1327.5977188896595
TICKET007595,2024-12-05,PROP017,HVAC,Medium,Closed,2024-12-13,8,1168.2776251655753
TICKET007596,2024-12-06,PROP004,HVAC,Medium,Closed,2024-12-13,7,1479.6816055024115
TICKET007597,2024-12-06,PROP015,Plumbing,Medium,Closed,2024-12-12,6,1040.6887765400577
TICKET007598,2024-12-06,PROP006,Plumbing,Low,Closed,2024-12-17,11,172.6966585904005
TICKET007599,2024-12-06,PROP007,HVAC,Medium,Closed,2024-12-11,5,1138.9629882714005
TICKET007600,2024-12-06,PROP023,Electrical,Low,Closed,2024-12-13,7,638.893070865417
TICKET007601,2024-12-06,PROP004,Pest Control,Low,Closed,2024-12-25,19,298.05110296430007
TICKET007602,2024-12-06,PROP017,Landscaping,Low,Closed,2024-12-16,10,367.01754227684967
TICKET007603,2024-12-06,PROP013,Electrical,High,Closed,2024-12-09,3,568.9408845336691
TICKET007604,2024-12-06,PROP011,General Maintenance,Medium,Closed,2024-12-15,9,419.20589607623793
TICKET007605,2024-12-06,PROP008,General Maintenance,Medium,Closed,2024-12-11,5,1060.560047549227
TICKET007606,2024-12-06,PROP001,Appliance,Low,Closed,2024-12-18,12,352.77393790061166
TICKET007607,2024-12-06,PROP001,Pest Control,Low,Closed,2024-12-16,10,689.4024207333847
TICKET007608,2024-12-06,PROP015,Landscaping,High,Closed,2024-12-08,2,500.2492951499371
TICKET007609,2024-12-06,PROP012,Appliance,High,Closed,2024-12-10,4,420.44474201499156
TICKET007610,2024-12-06,PROP023,Structural,Low,Closed,2024-12-11,5,334.8912037414481
TICKET007611,2024-12-06,PROP012,Landscaping,High,Closed,2024-12-08,2,239.64600934262342
TICKET007612,2024-12-06,PROP009,Appliance,Medium,In Progress,,56,
TICKET007613,2024-12-06,PROP008,Appliance,Emergency,Closed,2024-12-06,0,791.7780228773565
TICKET007614,2024-12-06,PROP005,Landscaping,Medium,Pending Parts,,56,
TICKET007615,2024-12-06,PROP021,Plumbing,Low,Closed,2024-12-24,18,116.36487402400749
TICKET007616,2024-12-06,PROP004,Appliance,High,Open,,56,
TICKET007617,2024-12-06,PROP019,Electrical,High,Closed,2024-12-07,1,682.9932507820654
TICKET007618,2024-12-06,PROP001,Electrical,Low,Pending Parts,,56,
TICKET007619,2024-12-06,PROP007,HVAC,Low,Closed,2024-12-18,12,93.6923785609796
TICKET007620,2024-12-06,PROP015,General Maintenance,High,In Progress,,56,
TICKET007621,2024-12-06,PROP015,Electrical,Low,Closed,2024-12-17,11,587.7834393619339
TICKET007622,2024-12-06,PROP010,Pest Control,High,Closed,2024-12-07,1,1256.6993014658024
TICKET007623,2024-12-06,PROP018,Appliance,Medium,Closed,2024-12-12,6,1495.1709330094532
TICKET007624,2024-12-06,PROP011,Pest Control,Medium,Open,,56,
TICKET007625,2024-12-06,PROP019,Landscaping,Medium,Closed,2024-12-10,4,1054.7457967314347
TICKET007626,2024-12-07,PROP013,Appliance,Low,Closed,2024-12-15,8,613.8137839114461
TICKET007627,2024-12-07,PROP023,General Maintenance,High,Closed,2024-12-11,4,981.8842429994677
TICKET007628,2024-12-07,PROP014,Plumbing,Medium,Closed,2024-12-12,5,390.24792182618785
TICKET007629,2024-12-07,PROP020,General Maintenance,Low,Closed,2024-12-16,9,1305.306498324517
TICKET007630,2024-12-07,PROP016,General Maintenance,High,Closed,2024-12-10,3,1345.618001010598
TICKET007631,2024-12-07,PROP002,Electrical,Low,Closed,2024-12-24,17,1153.5709159810535
TICKET007632,2024-12-07,PROP019,Plumbing,Medium,Closed,2024-12-10,3,1312.730260383938
TICKET007633,2024-12-07,PROP020,Plumbing,Low,Closed,2024-12-14,7,104.58147980199698
TICKET007634,2024-12-07,PROP001,Pest Control,Low,Closed,2024-12-24,17,224.44971807493314
TICKET007635,2024-12-07,PROP021,HVAC,Medium,Closed,2024-12-14,7,1465.2047945658412
TICKET007636,2024-12-07,PROP008,Structural,Medium,Closed,2024-12-11,4,575.4947540528365
TICKET007637,2024-12-07,PROP015,Plumbing,High,Closed,2024-12-11,4,502.672555412525
TICKET007638,2024-12-07,PROP004,Pest Control,Medium,Closed,2024-12-14,7,888.3020458422742
TICKET007639,2024-12-07,PROP008,HVAC,Medium,Closed,2024-12-16,9,1480.7828047556025
TICKET007640,2024-12-07,PROP013,Appliance,Medium,Closed,2024-12-10,3,1232.4163174965636
TICKET007641,2024-12-07,PROP008,Structural,Low,Closed,2024-12-16,9,426.01422345450777
TICKET007642,2024-12-07,PROP022,Pest Control,Medium,Closed,2024-12-16,9,1295.6775470577343
TICKET007643,2024-12-07,PROP020,Appliance,Low,Open,,55,
TICKET007644,2024-12-07,PROP005,Appliance,Medium,Closed,2024-12-15,8,127.55990010572005
TICKET007645,2024-12-07,PROP006,Plumbing,Medium,Closed,2024-12-15,8,632.322438752835
TICKET007646,2024-12-07,PROP024,HVAC,Low,Closed,2024-12-15,8,839.6275097234338
TICKET007647,2024-12-07,PROP020,Electrical,High,Closed,2024-12-10,3,929.8644790262501
TICKET007648,2024-12-07,PROP001,HVAC,Low,Closed,2024-12-20,13,1254.0458362070403
TICKET007649,2024-12-07,PROP010,Pest Control,Low,Closed,2024-12-16,9,864.4927316328087
TICKET007650,2024-12-07,PROP011,HVAC,Medium,Closed,2024-12-11,4,995.6259080818292
TICKET007651,2024-12-07,PROP014,Plumbing,High,Closed,2024-12-10,3,992.9298722171718
TICKET007652,2024-12-07,PROP012,HVAC,Medium,Closed,2024-12-12,5,300.62327073402446
TICKET007653,2024-12-07,PROP012,Plumbing,Medium,Closed,2024-12-11,4,740.7790990043558
TICKET007654,2024-12-08,PROP008,Structural,Low,Closed,2024-12-22,14,488.0106718471439
TICKET007655,2024-12-08,PROP017,Landscaping,Medium,Pending Parts,,54,
TICKET007656,2024-12-08,PROP022,Structural,Medium,Closed,2024-12-15,7,760.2416235960301
TICKET007657,2024-12-08,PROP023,Landscaping,Medium,Closed,2024-12-13,5,1158.067789650018
TICKET007658,2024-12-08,PROP020,Electrical,High,Closed,2024-12-09,1,424.9314077799257
TICKET007659,2024-12-08,PROP014,Electrical,Emergency,Closed,2024-12-09,1,521.3081135014859
TICKET007660,2024-12-08,PROP017,Structural,Low,Closed,2024-12-22,14,1235.158159362673
TICKET007661,2024-12-08,PROP014,Appliance,Medium,Open,,54,
TICKET007662,2024-12-08,PROP022,Electrical,Medium,Closed,2024-12-12,4,65.34374426709167
TICKET007663,2024-12-08,PROP019,Structural,Medium,In Progress,,54,
TICKET007664,2024-12-08,PROP014,Structural,Medium,Closed,2024-12-14,6,489.50615457350085
TICKET007665,2024-12-08,PROP021,Structural,Medium,Closed,2024-12-13,5,1065.771605949053
TICKET007666,2024-12-08,PROP014,Landscaping,Low,Closed,2024-12-24,16,537.1884592049208
TICKET007667,2024-12-08,PROP022,Appliance,Medium,Closed,2024-12-16,8,456.3320169700602
TICKET007668,2024-12-08,PROP007,HVAC,Low,Closed,2024-12-19,11,1312.9066319302192
TICKET007669,2024-12-08,PROP003,Plumbing,High,Open,,54,
TICKET007670,2024-12-08,PROP010,Plumbing,Low,Pending Parts,,54,
TICKET007671,2024-12-08,PROP012,Plumbing,Low,Closed,2024-12-19,11,314.3189933761148
TICKET007672,2024-12-08,PROP004,Appliance,High,Closed,2024-12-11,3,1461.514877763581
TICKET007673,2024-12-08,PROP006,Plumbing,High,Closed,2024-12-11,3,656.833940224084
TICKET007674,2024-12-08,PROP008,Pest Control,Low,Closed,2024-12-27,19,1298.70983531268
TICKET007675,2024-12-08,PROP011,Structural,Medium,Closed,2024-12-16,8,1039.092131678462
TICKET007676,2024-12-08,PROP025,Appliance,High,Closed,2024-12-12,4,1238.707591404652
TICKET007677,2024-12-08,PROP015,Pest Control,Medium,Closed,2024-12-13,5,1238.8339390960837
TICKET007678,2024-12-08,PROP008,Electrical,Low,Closed,2024-12-15,7,420.8332201943966
TICKET007679,2024-12-08,PROP019,Appliance,Medium,In Progress,,54,
TICKET007680,2024-12-08,PROP006,Electrical,High,Closed,2024-12-09,1,559.5673454373433
TICKET007681,2024-12-09,PROP023,Plumbing,Low,Closed,2024-12-21,12,1456.837399921063
TICKET007682,2024-12-09,PROP024,General Maintenance,Medium,Closed,2024-12-17,8,1058.6849123200102
TICKET007683,2024-12-09,PROP001,Appliance,Low,Closed,2024-12-24,15,1009.8158562354025
TICKET007684,2024-12-09,PROP012,Electrical,Medium,Closed,2024-12-16,7,181.60084292378608
TICKET007685,2024-12-09,PROP002,Appliance,Medium,Closed,2024-12-12,3,988.9858071808346
TICKET007686,2024-12-09,PROP021,Structural,Low,Closed,2024-12-19,10,570.0405929545284
TICKET007687,2024-12-09,PROP014,Plumbing,Low,Closed,2024-12-23,14,820.3373754513572
TICKET007688,2024-12-09,PROP005,General Maintenance,Low,Closed,2024-12-17,8,806.5395373724987
TICKET007689,2024-12-09,PROP006,Plumbing,High,Closed,2024-12-13,4,723.3791762141053
TICKET007690,2024-12-09,PROP005,General Maintenance,Medium,Closed,2024-12-13,4,603.2557570643108
TICKET007691,2024-12-09,PROP007,HVAC,Medium,Closed,2024-12-18,9,411.37476354673794
TICKET007692,2024-12-09,PROP004,Structural,Medium,Closed,2024-12-13,4,176.56786280152605
TICKET007693,2024-12-09,PROP018,Electrical,Medium,Pending Parts,,53,
TICKET007694,2024-12-09,PROP025,Landscaping,Medium,Closed,2024-12-13,4,139.37755656358704
TICKET007695,2024-12-09,PROP012,Appliance,Medium,Closed,2024-12-13,4,468.2477463766316
TICKET007696,2024-12-09,PROP006,General Maintenance,Medium,Closed,2024-12-18,9,903.1959435613053
TICKET007697,2024-12-09,PROP018,Landscaping,High,Closed,2024-12-13,4,680.9366502662866
TICKET007698,2024-12-09,PROP007,Plumbing,Medium,In Progress,,53,
TICKET007699,2024-12-09,PROP001,Electrical,Medium,Open,,53,
TICKET007700,2024-12-10,PROP008,Appliance,Low,Closed,2024-12-26,16,959.1497015956329
TICKET007701,2024-12-10,PROP018,Electrical,Low,Pending Parts,,52,
TICKET007702,2024-12-10,PROP018,Electrical,Medium,Pending Parts,,52,
TICKET007703,2024-12-10,PROP001,Pest Control,Low,Closed,2024-12-19,9,1087.096358812742
TICKET007704,2024-12-10,PROP021,Landscaping,High,Closed,2024-12-13,3,611.0570854759476
TICKET007705,2024-12-10,PROP022,HVAC,High,Open,,52,
TICKET007706,2024-12-10,PROP018,Landscaping,Medium,Closed,2024-12-15,5,130.97710550085708
TICKET007707,2024-12-10,PROP007,Appliance,High,Open,,52,
TICKET007708,2024-12-10,PROP004,Structural,High,Closed,2024-12-14,4,887.9071696505931
TICKET007709,2024-12-10,PROP017,Structural,Low,Closed,2024-12-29,19,1014.7753730893203
TICKET007710,2024-12-10,PROP008,Structural,Medium,Closed,2024-12-18,8,664.2858631400687
TICKET007711,2024-12-10,PROP013,Pest Control,Low,Pending Parts,,52,
TICKET007712,2024-12-10,PROP010,Appliance,Low,Closed,2024-12-21,11,587.619044660157
TICKET007713,2024-12-10,PROP020,Landscaping,Low,Closed,2024-12-29,19,1259.464708803653
TICKET007714,2024-12-10,PROP009,Appliance,High,Open,,52,
TICKET007715,2024-12-10,PROP008,Electrical,Medium,Closed,2024-12-14,4,500.9362688355802
TICKET007716,2024-12-10,PROP009,Structural,Low,Open,,52,
TICKET007717,2024-12-10,PROP016,Pest Control,Medium,Closed,2024-12-16,6,1150.338309756966
TICKET007718,2024-12-10,PROP015,Landscaping,Low,Closed,2024-12-24,14,840.773703347101
TICKET007719,2024-12-10,PROP003,Electrical,Low,Closed,2024-12-25,15,1363.3094847154434
TICKET007720,2024-12-10,PROP013,Electrical,Low,Closed,2024-12-21,11,800.5390588113765
TICKET007721,2024-12-10,PROP002,HVAC,Medium,Open,,52,
TICKET007722,2024-12-10,PROP014,Electrical,Medium,Closed,2024-12-14,4,895.0332963911021
TICKET007723,2024-12-10,PROP024,Landscaping,Low,Closed,2024-12-20,10,1047.4438392145312
TICKET007724,2024-12-10,PROP013,Appliance,Low,Closed,2024-12-22,12,1022.658480680516
TICKET007725,2024-12-10,PROP005,Appliance,Emergency,Closed,2024-12-10,0,646.5270718319152
TICKET007726,2024-12-10,PROP015,Structural,Medium,Closed,2024-12-13,3,995.6931781177377
TICKET007727,2024-12-10,PROP023,Landscaping,Emergency,Closed,2024-12-10,0,1335.8829508686733
TICKET007728,2024-12-11,PROP022,HVAC,Low,Closed,2024-12-21,10,326.06990223295054
TICKET007729,2024-12-11,PROP022,Plumbing,Medium,Pending Parts,,51,
TICKET007730,2024-12-11,PROP013,Structural,Low,Closed,2024-12-16,5,226.17792327732624
TICKET007731,2024-12-11,PROP017,Structural,Medium,Closed,2024-12-19,8,448.96436099405366
TICKET007732,2024-12-11,PROP004,Pest Control,Low,Closed,2024-12-19,8,1153.0777835612764
TICKET007733,2024-12-11,PROP023,Landscaping,Medium,Closed,2024-12-15,4,1328.1361844354037
TICKET007734,2024-12-11,PROP015,Plumbing,Low,Pending Parts,,51,
TICKET007735,2024-12-11,PROP025,Plumbing,Low,Pending Parts,,51,
TICKET007736,2024-12-11,PROP013,Appliance,High,Closed,2024-12-13,2,789.1698621581086
TICKET007737,2024-12-11,PROP009,General Maintenance,Medium,Closed,2024-12-16,5,154.71815031642018
TICKET007738,2024-12-11,PROP005,Electrical,Low,Closed,2024-12-23,12,1138.6535249505005
TICKET007739,2024-12-11,PROP022,General Maintenance,Medium,Closed,2024-12-20,9,1388.7065041518224
TICKET007740,2024-12-11,PROP017,Structural,Low,Closed,2024-12-18,7,96.40780344649525
TICKET007741,2024-12-11,PROP021,Electrical,High,Pending Parts,,51,
TICKET007742,2024-12-11,PROP022,Electrical,Low,Closed,2024-12-19,8,178.39311965417306
TICKET007743,2024-12-11,PROP018,Landscaping,Medium,Closed,2024-12-15,4,780.5248847226119
TICKET007744,2024-12-11,PROP020,Landscaping,Medium,Closed,2024-12-16,5,1376.1547531369586
TICKET007745,2024-12-11,PROP018,Landscaping,Low,Closed,2024-12-18,7,528.6530093659524
TICKET007746,2024-12-11,PROP021,Pest Control,High,In Progress,,51,
TICKET007747,2024-12-11,PROP024,Pest Control,Medium,Closed,2024-12-19,8,117.89535832419864
TICKET007748,2024-12-11,PROP015,Landscaping,Emergency,In Progress,,51,
TICKET007749,2024-12-11,PROP013,HVAC,Low,Closed,2024-12-22,11,469.32143847020575
TICKET007750,2024-12-11,PROP024,Pest Control,Low,Closed,2024-12-20,9,1349.1573267813749
TICKET007751,2024-12-11,PROP001,Landscaping,Low,Closed,2024-12-23,12,940.4687338152257
TICKET007752,2024-12-11,PROP001,HVAC,Medium,Closed,2024-12-17,6,1277.1252941810526
TICKET007753,2024-12-11,PROP001,Appliance,Emergency,Closed,2024-12-12,1,522.0435500558117
TICKET007754,2024-12-11,PROP013,Plumbing,Low,Closed,2024-12-20,9,278.81201029209376
TICKET007755,2024-12-11,PROP004,Appliance,Medium,Closed,2024-12-20,9,406.2293258347565
TICKET007756,2024-12-11,PROP014,General Maintenance,Low,Closed,2024-12-23,12,262.33271793200504
TICKET007757,2024-12-11,PROP021,Landscaping,High,Closed,2024-12-14,3,1241.3702909861825
TICKET007758,2024-12-11,PROP018,Landscaping,Low,Closed,2024-12-28,17,75.99781570397693
TICKET007759,2024-12-12,PROP024,Appliance,Medium,Closed,2024-12-20,8,248.81410772754788
TICKET007760,2024-12-12,PROP009,Appliance,Medium,Closed,2024-12-21,9,600.2638366218106
TICKET007761,2024-12-12,PROP019,HVAC,Low,Closed,2024-12-21,9,324.4286586951582
TICKET007762,2024-12-12,PROP024,General Maintenance,Medium,Closed,2024-12-20,8,610.9008168863992
TICKET007763,2024-12-12,PROP012,Plumbing,Low,Closed,2024-12-21,9,953.3091647037064
TICKET007764,2024-12-12,PROP021,Landscaping,Low,Closed,2024-12-21,9,1412.9440237162028
TICKET007765,2024-12-12,PROP024,Plumbing,Medium,Closed,2024-12-21,9,1354.5651262160916
TICKET007766,2024-12-12,PROP018,Landscaping,Medium,In Progress,,50,
TICKET007767,2024-12-12,PROP011,Structural,Low,Closed,2024-12-17,5,692.5828054074383
TICKET007768,2024-12-12,PROP014,Appliance,High,Open,,50,
TICKET007769,2024-12-12,PROP009,General Maintenance,Emergency,Closed,2024-12-12,0,1115.6012678491777
TICKET007770,2024-12-12,PROP010,Plumbing,Medium,In Progress,,50,
TICKET007771,2024-12-12,PROP002,Landscaping,Emergency,Closed,2024-12-13,1,1063.0201500206813
TICKET007772,2024-12-12,PROP019,Pest Control,High,Pending Parts,,50,
TICKET007773,2024-12-12,PROP013,Landscaping,Medium,Closed,2024-12-18,6,791.796402104389
TICKET007774,2024-12-12,PROP017,HVAC,High,Closed,2024-12-13,1,1122.6115192211653
TICKET007775,2024-12-12,PROP024,Landscaping,Low,Closed,2024-12-22,10,576.1277535061354
TICKET007776,2024-12-12,PROP022,General Maintenance,Emergency,Closed,2024-12-12,0,457.6977633094292
TICKET007777,2024-12-12,PROP010,Appliance,Low,Closed,2024-12-25,13,676.3866034604617
TICKET007778,2024-12-12,PROP004,Pest Control,High,Closed,2024-12-14,2,807.2531532740662
TICKET007779,2024-12-12,PROP020,Appliance,Medium,Closed,2024-12-21,9,1173.1117383143132
TICKET007780,2024-12-12,PROP025,Structural,Low,Closed,2024-12-30,18,1285.1187415508987
TICKET007781,2024-12-12,PROP023,Landscaping,Emergency,In Progress,,50,
TICKET007782,2024-12-12,PROP015,Landscaping,Medium,Closed,2024-12-15,3,167.90864543556614
TICKET007783,2024-12-12,PROP006,General Maintenance,Medium,Closed,2024-12-20,8,289.1878360991741
TICKET007784,2024-12-12,PROP020,Structural,Low,Closed,2024-12-22,10,242.67611085283676
TICKET007785,2024-12-12,PROP022,Structural,Medium,Closed,2024-12-17,5,602.3937485372436
TICKET007786,2024-12-12,PROP006,Electrical,Medium,Closed,2024-12-18,6,1145.1587358870988
TICKET007787,2024-12-12,PROP015,Appliance,Medium,Closed,2024-12-18,6,68.21497085090415
TICKET007788,2024-12-12,PROP020,Landscaping,Low,Closed,2024-12-23,11,683.9825630365165
TICKET007789,2024-12-12,PROP016,Plumbing,Low,Closed,2024-12-22,10,491.2922621467972
TICKET007790,2024-12-12,PROP005,Appliance,Medium,Closed,2024-12-20,8,1404.0822525502888
TICKET007791,2024-12-13,PROP016,Electrical,Medium,Closed,2024-12-20,7,444.9820507897739
TICKET007792,2024-12-13,PROP014,HVAC,Low,Closed,2024-12-29,16,185.1561822380352
TICKET007793,2024-12-13,PROP005,Landscaping,Emergency,Closed,2024-12-13,0,592.054831421939
TICKET007794,2024-12-13,PROP022,HVAC,Low,Closed,2024-12-24,11,910.9855891542758
TICKET007795,2024-12-13,PROP010,Landscaping,High,Closed,2024-12-16,3,580.0259489169086
TICKET007796,2024-12-13,PROP020,Landscaping,Low,Closed,2024-12-18,5,618.8995206601609
TICKET007797,2024-12-13,PROP006,General Maintenance,Low,Closed,2024-12-18,5,638.4608986476882
TICKET007798,2024-12-13,PROP018,HVAC,High,Closed,2024-12-17,4,984.4859413803264
TICKET007799,2024-12-13,PROP012,Electrical,High,Closed,2024-12-16,3,835.1279184886498
TICKET007800,2024-12-13,PROP001,Landscaping,Medium,Closed,2024-12-19,6,1192.1719354175368
TICKET007801,2024-12-13,PROP020,Electrical,Medium,Closed,2024-12-19,6,1398.4760066865633
TICKET007802,2024-12-13,PROP023,Pest Control,Low,Closed,2024-12-24,11,1347.107574634307
TICKET007803,2024-12-13,PROP001,General Maintenance,Low,Closed,2024-12-26,13,1334.5075295655972
TICKET007804,2024-12-13,PROP022,Electrical,Medium,Closed,2024-12-22,9,420.43038097273694
TICKET007805,2024-12-13,PROP010,Structural,Low,Open,,49,
TICKET007806,2024-12-13,PROP009,Appliance,High,Pending Parts,,49,
TICKET007807,2024-12-13,PROP016,Plumbing,Low,Closed,2024-12-31,18,377.56074416884036
TICKET007808,2024-12-13,PROP001,Appliance,Medium,Closed,2024-12-17,4,451.00766267170326
TICKET007809,2024-12-13,PROP013,Plumbing,Low,Closed,2024-12-18,5,1184.4062949442707
TICKET007810,2024-12-13,PROP001,Plumbing,Medium,Closed,2024-12-16,3,537.1089420047208
TICKET007811,2024-12-13,PROP024,Electrical,Medium,Closed,2024-12-22,9,525.5822336491082
TICKET007812,2024-12-13,PROP025,General Maintenance,High,Closed,2024-12-17,4,1466.4117190004436
TICKET007813,2024-12-13,PROP001,Plumbing,Medium,Closed,2024-12-21,8,98.29223634160792
TICKET007814,2024-12-13,PROP021,HVAC,Low,Closed,2024-12-20,7,1004.7929951354705
TICKET007815,2024-12-13,PROP010,General Maintenance,Low,Closed,2024-12-21,8,1266.8366724139173
TICKET007816,2024-12-13,PROP012,Plumbing,Medium,Closed,2024-12-16,3,942.8619829168848
TICKET007817,2024-12-13,PROP008,Structural,Medium,Closed,2024-12-22,9,1361.909165777234
TICKET007818,2024-12-13,PROP021,Electrical,High,Closed,2024-12-14,1,421.976748289763
TICKET007819,2024-12-13,PROP021,HVAC,Medium,Closed,2024-12-19,6,1262.78092845403
TICKET007820,2024-12-14,PROP004,Structural,Low,Closed,2024-12-27,13,614.927413586721
TICKET007821,2024-12-14,PROP003,Structural,Medium,Open,,48,
TICKET007822,2024-12-14,PROP011,General Maintenance,Emergency,Open,,48,
TICKET007823,2024-12-14,PROP016,Pest Control,Medium,Closed,2024-12-23,9,1380.1354849554643
TICKET007824,2024-12-14,PROP021,HVAC,Low,Closed,2024-12-31,17,213.74069122172784
TICKET007825,2024-12-14,PROP006,Appliance,High,Open,,48,
TICKET007826,2024-12-14,PROP006,Structural,Low,In Progress,,48,
TICKET007827,2024-12-14,PROP008,Plumbing,Medium,Closed,2024-12-22,8,1178.8243893187803
TICKET007828,2024-12-14,PROP008,Electrical,Low,Closed,2025-01-01,18,682.1107928456619
TICKET007829,2024-12-14,PROP019,Electrical,Medium,Closed,2024-12-23,9,814.3114585643972
TICKET007830,2024-12-14,PROP025,Plumbing,Medium,Closed,2024-12-21,7,1301.0656814950387
TICKET007831,2024-12-14,PROP012,Landscaping,Low,Closed,2024-12-23,9,1175.7966466944179
TICKET007832,2024-12-14,PROP025,Landscaping,Medium,Closed,2024-12-17,3,568.6117119453833
TICKET007833,2024-12-14,PROP013,Pest Control,Medium,Closed,2024-12-22,8,1471.0088592048817
TICKET007834,2024-12-14,PROP004,Structural,Medium,Closed,2024-12-17,3,1047.815295519177
TICKET007835,2024-12-14,PROP014,HVAC,Low,Pending Parts,,48,
TICKET007836,2024-12-14,PROP011,HVAC,Low,Closed,2024-12-19,5,1290.1348740725361
TICKET007837,2024-12-15,PROP021,General Maintenance,High,In Progress,,47,
TICKET007838,2024-12-15,PROP011,Appliance,High,Closed,2024-12-19,4,1073.0228886830728
TICKET007839,2024-12-15,PROP010,General Maintenance,High,Closed,2024-12-18,3,1306.7247595820843
TICKET007840,2024-12-15,PROP016,Appliance,Emergency,Closed,2024-12-16,1,1252.460524502348
TICKET007841,2024-12-15,PROP017,General Maintenance,Low,Pending Parts,,47,
TICKET007842,2024-12-15,PROP012,HVAC,Medium,Closed,2024-12-19,4,1449.8490031841975
TICKET007843,2024-12-15,PROP007,General Maintenance,High,Closed,2024-12-18,3,883.4776965605543
TICKET007844,2024-12-15,PROP021,Electrical,Medium,Closed,2024-12-22,7,1459.1418986041265
TICKET007845,2024-12-15,PROP022,Structural,Medium,Closed,2024-12-22,7,191.15996940822677
TICKET007846,2024-12-15,PROP003,Pest Control,High,Closed,2024-12-17,2,238.0673895865526
TICKET007847,2024-12-15,PROP017,Electrical,Low,In Progress,,47,
TICKET007848,2024-12-15,PROP016,Plumbing,Low,Closed,2024-12-29,14,803.0890090463416
TICKET007849,2024-12-15,PROP009,Plumbing,High,Closed,2024-12-18,3,828.6297781843464
TICKET007850,2024-12-15,PROP016,Structural,Low,Closed,2024-12-21,6,842.050336829273
TICKET007851,2024-12-15,PROP012,General Maintenance,Low,Closed,2025-01-02,18,342.25038652636965
TICKET007852,2024-12-15,PROP011,Appliance,Medium,Closed,2024-12-21,6,206.59720358462945
TICKET007853,2024-12-15,PROP022,Electrical,Medium,In Progress,,47,
TICKET007854,2024-12-15,PROP020,Pest Control,High,Closed,2024-12-16,1,556.412693743696
TICKET007855,2024-12-15,PROP015,Appliance,Low,Closed,2025-01-02,18,1387.1586221686246
TICKET007856,2024-12-15,PROP018,Landscaping,Emergency,Closed,2024-12-15,0,1203.4354265240281
TICKET007857,2024-12-15,PROP013,Pest Control,Emergency,Pending Parts,,47,
TICKET007858,2024-12-15,PROP016,HVAC,Medium,Closed,2024-12-23,8,965.2292056338101
TICKET007859,2024-12-15,PROP002,Electrical,Emergency,Closed,2024-12-15,0,728.800164226821
TICKET007860,2024-12-15,PROP014,Structural,Medium,Closed,2024-12-24,9,597.3361246107174
TICKET007861,2024-12-15,PROP017,HVAC,Medium,Closed,2024-12-19,4,247.5236167021931
TICKET007862,2024-12-15,PROP024,Structural,Medium,Closed,2024-12-24,9,1430.042168116466
TICKET007863,2024-12-15,PROP008,Structural,High,Open,,47,
TICKET007864,2024-12-15,PROP011,Plumbing,Medium,Closed,2024-12-19,4,805.1622280302533
TICKET007865,2024-12-15,PROP011,Plumbing,High,Closed,2024-12-16,1,1486.058354659341
TICKET007866,2024-12-15,PROP005,Appliance,Low,Open,,47,
TICKET007867,2024-12-15,PROP009,Appliance,Medium,Closed,2024-12-21,6,559.5931711660453
TICKET007868,2024-12-15,PROP025,Plumbing,Low,Closed,2024-12-22,7,599.3316332754849
TICKET007869,2024-12-15,PROP023,Plumbing,Medium,Closed,2024-12-20,5,1414.8885852924377
TICKET007870,2024-12-15,PROP020,Landscaping,Low,Closed,2024-12-21,6,1143.0956538851312
TICKET007871,2024-12-16,PROP007,Pest Control,Medium,Open,,46,
TICKET007872,2024-12-16,PROP018,HVAC,Low,Closed,2024-12-29,13,1137.1189220550093
TICKET007873,2024-12-16,PROP013,Landscaping,Medium,Open,,46,
TICKET007874,2024-12-16,PROP004,Structural,High,Closed,2024-12-17,1,597.6714021423662
TICKET007875,2024-12-16,PROP003,Landscaping,Low,Closed,2024-12-27,11,786.543197861508
TICKET007876,2024-12-16,PROP017,General Maintenance,Emergency,Closed,2024-12-17,1,588.6509882004668
TICKET007877,2024-12-16,PROP003,Landscaping,Low,Closed,2024-12-25,9,77.88906438117411
TICKET007878,2024-12-16,PROP003,Electrical,Medium,Closed,2024-12-23,7,1163.5853177490865
TICKET007879,2024-12-16,PROP018,Plumbing,High,Closed,2024-12-19,3,738.0958457088258
TICKET007880,2024-12-16,PROP001,Plumbing,Low,Closed,2024-12-29,13,1042.4589411435245
TICKET007881,2024-12-16,PROP004,Plumbing,Low,Closed,2024-12-26,10,1432.0781813234257
TICKET007882,2024-12-16,PROP024,Structural,Low,Pending Parts,,46,
TICKET007883,2024-12-16,PROP012,HVAC,Low,Closed,2025-01-01,16,561.0916132531793
TICKET007884,2024-12-16,PROP016,Plumbing,Medium,Closed,2024-12-23,7,1068.314002874109
TICKET007885,2024-12-16,PROP010,Landscaping,Low,Closed,2024-12-29,13,1285.1810343722266
TICKET007886,2024-12-16,PROP010,Pest Control,Low,Closed,2024-12-30,14,396.48292419075193
TICKET007887,2024-12-16,PROP020,Pest Control,High,Closed,2024-12-19,3,617.9071339204156
TICKET007888,2024-12-16,PROP009,General Maintenance,Medium,Closed,2024-12-19,3,1259.2621815987645
TICKET007889,2024-12-16,PROP018,Pest Control,Low,Closed,2025-01-01,16,623.3558556130763
TICKET007890,2024-12-16,PROP017,General Maintenance,Medium,Closed,2024-12-25,9,549.8496004825724
TICKET007891,2024-12-16,PROP005,Plumbing,Low,Closed,2024-12-26,10,993.6388738526489
TICKET007892,2024-12-16,PROP024,HVAC,Low,Closed,2024-12-22,6,162.2390494887788
TICKET007893,2024-12-16,PROP020,Plumbing,Emergency,Closed,2024-12-17,1,1162.2504465179863
TICKET007894,2024-12-16,PROP023,Landscaping,High,Closed,2024-12-18,2,263.48770717910554
TICKET007895,2024-12-16,PROP015,Landscaping,High,Closed,2024-12-20,4,513.6440600196809
TICKET007896,2024-12-16,PROP019,Plumbing,Low,In Progress,,46,
TICKET007897,2024-12-16,PROP018,Electrical,Low,Closed,2024-12-22,6,210.5879003300758
TICKET007898,2024-12-16,PROP008,Pest Control,High,Closed,2024-12-19,3,941.7432976325612
TICKET007899,2024-12-16,PROP003,Electrical,Low,Closed,2024-12-22,6,678.4169932988922
TICKET007900,2024-12-16,PROP009,Pest Control,Low,Closed,2024-12-28,12,293.46235386296877
TICKET007901,2024-12-16,PROP002,Plumbing,Medium,In Progress,,46,
TICKET007902,2024-12-16,PROP022,Structural,Medium,Closed,2024-12-23,7,433.4401300556355
TICKET007903,2024-12-17,PROP014,General Maintenance,Low,Open,,45,
TICKET007904,2024-12-17,PROP007,Landscaping,Low,Closed,2024-12-27,10,285.7098277047421
TICKET007905,2024-12-17,PROP004,Plumbing,Medium,Pending Parts,,45,
TICKET007906,2024-12-17,PROP003,Electrical,Low,Closed,2024-12-30,13,518.3831497123073
TICKET007907,2024-12-17,PROP015,Electrical,Low,Closed,2024-12-24,7,57.5937031138451
TICKET007908,2024-12-17,PROP024,Plumbing,High,In Progress,,45,
TICKET007909,2024-12-17,PROP014,Electrical,Low,Closed,2024-12-26,9,414.09315841841436
TICKET007910,2024-12-17,PROP014,Landscaping,Low,Closed,2025-01-05,19,531.8358624925172
TICKET007911,2024-12-17,PROP003,General Maintenance,Medium,Closed,2024-12-21,4,594.1236969935796
TICKET007912,2024-12-17,PROP007,Landscaping,Low,In Progress,,45,
TICKET007913,2024-12-17,PROP006,Electrical,Low,Closed,2025-01-04,18,926.938136931953
TICKET007914,2024-12-17,PROP004,Electrical,Low,Closed,2024-12-27,10,1130.0745499670531
TICKET007915,2024-12-17,PROP011,Electrical,Medium,Closed,2024-12-22,5,1368.4609333720446
TICKET007916,2024-12-17,PROP007,Pest Control,High,In Progress,,45,
TICKET007917,2024-12-17,PROP019,Landscaping,High,Closed,2024-12-19,2,463.3651191324593
TICKET007918,2024-12-17,PROP019,Structural,Medium,Closed,2024-12-24,7,306.2992690645407
TICKET007919,2024-12-17,PROP023,Plumbing,Medium,Closed,2024-12-26,9,1045.9617822399869
TICKET007920,2024-12-17,PROP003,Appliance,High,Closed,2024-12-19,2,1134.967183703858
TICKET007921,2024-12-17,PROP016,Plumbing,Low,In Progress,,45,
TICKET007922,2024-12-17,PROP005,Appliance,Medium,Open,,45,
TICKET007923,2024-12-18,PROP004,General Maintenance,Low,Closed,2025-01-01,14,719.5241026348901
TICKET007924,2024-12-18,PROP022,Appliance,High,Closed,2024-12-20,2,262.9262663935173
TICKET007925,2024-12-18,PROP020,Landscaping,High,Closed,2024-12-19,1,186.8683477273592
TICKET007926,2024-12-18,PROP024,Appliance,Medium,Pending Parts,,44,
TICKET007927,2024-12-18,PROP025,Pest Control,High,Closed,2024-12-20,2,1459.6341528294317
TICKET007928,2024-12-18,PROP015,Pest Control,Low,Closed,2025-01-04,17,1414.6709613234154
TICKET007929,2024-12-18,PROP017,Electrical,Low,Closed,2025-01-04,17,1028.7800425504151
TICKET007930,2024-12-18,PROP002,Appliance,Low,Closed,2024-12-31,13,1494.2825714340217
TICKET007931,2024-12-18,PROP011,Landscaping,High,Closed,2024-12-19,1,892.409471421817
TICKET007932,2024-12-18,PROP004,Landscaping,Emergency,Closed,2024-12-18,0,1487.0131197491596
TICKET007933,2024-12-18,PROP010,Appliance,Low,Closed,2025-01-04,17,655.6328607583176
TICKET007934,2024-12-18,PROP021,HVAC,High,Open,,44,
TICKET007935,2024-12-18,PROP013,Appliance,Low,Closed,2024-12-29,11,50.0689314767139
TICKET007936,2024-12-18,PROP008,Appliance,Low,Closed,2024-12-23,5,1161.294022208225
TICKET007937,2024-12-18,PROP011,Structural,Medium,In Progress,,44,
TICKET007938,2024-12-18,PROP024,General Maintenance,Low,Open,,44,
TICKET007939,2024-12-18,PROP012,Structural,Medium,Closed,2024-12-24,6,424.73778186144864
TICKET007940,2024-12-18,PROP009,HVAC,Low,Closed,2024-12-29,11,532.1202957974286
TICKET007941,2024-12-18,PROP013,Appliance,Medium,Closed,2024-12-26,8,279.0912701085522
TICKET007942,2024-12-19,PROP002,Electrical,Low,Closed,2024-12-29,10,1388.503282238721
TICKET007943,2024-12-19,PROP015,HVAC,Low,Open,,43,
TICKET007944,2024-12-19,PROP022,Landscaping,High,Closed,2024-12-21,2,494.47525315339425
TICKET007945,2024-12-19,PROP022,Plumbing,Low,Closed,2025-01-01,13,1483.179697184335
TICKET007946,2024-12-19,PROP002,Pest Control,Low,Open,,43,
TICKET007947,2024-12-19,PROP015,Landscaping,Emergency,Closed,2024-12-19,0,1427.698758286413
TICKET007948,2024-12-19,PROP012,Pest Control,High,Closed,2024-12-22,3,1281.6615221007523
TICKET007949,2024-12-19,PROP018,Structural,Emergency,Closed,2024-12-19,0,710.8787423911837
TICKET007950,2024-12-19,PROP019,Structural,Low,Closed,2024-12-25,6,1015.0615609848272
TICKET007951,2024-12-19,PROP010,Structural,Low,Pending Parts,,43,
TICKET007952,2024-12-19,PROP015,HVAC,High,In Progress,,43,
TICKET007953,2024-12-19,PROP014,Appliance,High,Closed,2024-12-21,2,890.0165024941138
TICKET007954,2024-12-19,PROP013,Pest Control,Emergency,Closed,2024-12-20,1,1486.9546811870575
TICKET007955,2024-12-19,PROP017,Appliance,Medium,Closed,2024-12-24,5,1135.240166135965
TICKET007956,2024-12-19,PROP001,Pest Control,Low,Closed,2025-01-06,18,1475.0568820172894
TICKET007957,2024-12-19,PROP011,Pest Control,Emergency,Closed,2024-12-20,1,927.274550458586
TICKET007958,2024-12-19,PROP008,Landscaping,Medium,Closed,2024-12-25,6,1296.7334470336448
TICKET007959,2024-12-19,PROP014,Landscaping,Low,Closed,2025-01-01,13,538.835863685607
TICKET007960,2024-12-19,PROP004,Appliance,Low,Closed,2024-12-29,10,1311.3837301920541
TICKET007961,2024-12-19,PROP004,Plumbing,Low,Closed,2025-01-07,19,1148.2996191323691
TICKET007962,2024-12-19,PROP020,Electrical,Medium,Closed,2024-12-28,9,396.3197045916754
TICKET007963,2024-12-19,PROP018,Appliance,High,Closed,2024-12-21,2,225.33899198424317
TICKET007964,2024-12-19,PROP025,Appliance,Medium,Closed,2024-12-26,7,131.2738991444562
TICKET007965,2024-12-19,PROP012,General Maintenance,Low,Closed,2024-12-24,5,1044.1565448788033
TICKET007966,2024-12-19,PROP020,Appliance,Medium,Closed,2024-12-27,8,1258.3735078352809
TICKET007967,2024-12-19,PROP005,HVAC,Low,In Progress,,43,
TICKET007968,2024-12-19,PROP024,Appliance,Low,Closed,2024-12-31,12,1496.0440885609942
TICKET007969,2024-12-20,PROP014,Appliance,Medium,Closed,2024-12-27,7,777.2500334014353
TICKET007970,2024-12-20,PROP013,Landscaping,Low,Closed,2024-12-26,6,920.7215093263515
TICKET007971,2024-12-20,PROP024,General Maintenance,Medium,Closed,2024-12-27,7,571.5423434787648
TICKET007972,2024-12-20,PROP008,Plumbing,Emergency,Closed,2024-12-21,1,1448.0722457837662
TICKET007973,2024-12-20,PROP010,Pest Control,Low,In Progress,,42,
TICKET007974,2024-12-20,PROP020,Structural,Medium,Closed,2024-12-25,5,1184.2946155720406
TICKET007975,2024-12-20,PROP012,Plumbing,Medium,Closed,2024-12-28,8,996.4145197966542
TICKET007976,2024-12-20,PROP001,Plumbing,Low,Closed,2024-12-30,10,472.1652002747659
TICKET007977,2024-12-20,PROP020,Appliance,Medium,Open,,42,
TICKET007978,2024-12-20,PROP008,Plumbing,Medium,Closed,2024-12-24,4,1235.6344874058143
TICKET007979,2024-12-20,PROP006,Plumbing,Low,Closed,2024-12-25,5,653.9447657793622
TICKET007980,2024-12-20,PROP002,Landscaping,Low,In Progress,,42,
TICKET007981,2024-12-20,PROP014,Appliance,High,Closed,2024-12-22,2,1252.7127070660488
TICKET007982,2024-12-20,PROP004,Plumbing,High,Closed,2024-12-23,3,687.7321246623194
TICKET007983,2024-12-20,PROP009,Electrical,Emergency,Closed,2024-12-20,0,646.9302801833635
TICKET007984,2024-12-20,PROP019,Electrical,Low,Closed,2024-12-26,6,797.7319517353716
TICKET007985,2024-12-20,PROP011,General Maintenance,Medium,Closed,2024-12-28,8,1426.6720096374384
TICKET007986,2024-12-20,PROP019,Landscaping,Low,Closed,2024-12-27,7,566.0505591163809
TICKET007987,2024-12-20,PROP013,Plumbing,Medium,Closed,2024-12-24,4,364.4703735909989
TICKET007988,2024-12-20,PROP008,Landscaping,Medium,Closed,2024-12-25,5,860.6934642689026
TICKET007989,2024-12-20,PROP004,Electrical,Low,Closed,2025-01-01,12,1017.4819670567281
TICKET007990,2024-12-20,PROP014,HVAC,Low,Closed,2024-12-27,7,1083.3637866570032
TICKET007991,2024-12-20,PROP002,Structural,Low,Closed,2024-12-27,7,465.4802170329638
TICKET007992,2024-12-20,PROP015,General Maintenance,Low,Closed,2025-01-03,14,1394.556674962117
TICKET007993,2024-12-21,PROP010,Electrical,Medium,Closed,2024-12-26,5,1071.714481900182
TICKET007994,2024-12-21,PROP002,Structural,Low,Closed,2025-01-07,17,423.5163433920057
TICKET007995,2024-12-21,PROP025,HVAC,Medium,Closed,2024-12-29,8,1388.81400521687
TICKET007996,2024-12-21,PROP022,HVAC,Low,Closed,2025-01-02,12,1359.8881216931534
TICKET007997,2024-12-21,PROP021,Plumbing,Low,Closed,2025-01-07,17,967.1922858281843
TICKET007998,2024-12-21,PROP001,Pest Control,Medium,Closed,2024-12-24,3,920.4817416076618
TICKET007999,2024-12-21,PROP020,Electrical,Medium,Closed,2024-12-27,6,1422.3633113941587
TICKET008000,2024-12-21,PROP002,Electrical,Medium,Closed,2024-12-25,4,806.2057072094136
TICKET008001,2024-12-21,PROP022,Plumbing,High,Closed,2024-12-25,4,818.4308958244956
TICKET008002,2024-12-21,PROP001,Plumbing,Low,Closed,2024-12-30,9,1219.0222198278486
TICKET008003,2024-12-21,PROP003,Pest Control,Medium,Closed,2024-12-30,9,1069.6188107233666
TICKET008004,2024-12-21,PROP006,Plumbing,Medium,Pending Parts,,41,
TICKET008005,2024-12-21,PROP005,Appliance,Low,Closed,2025-01-07,17,1385.2818981567657
TICKET008006,2024-12-21,PROP024,Electrical,Low,Closed,2025-01-03,13,746.7836761358127
TICKET008007,2024-12-21,PROP004,General Maintenance,High,Closed,2024-12-22,1,1498.0118366386753
TICKET008008,2024-12-21,PROP004,HVAC,Low,Closed,2024-12-26,5,373.5036105280667
TICKET008009,2024-12-21,PROP023,Structural,High,Pending Parts,,41,
TICKET008010,2024-12-21,PROP017,HVAC,Low,Open,,41,
TICKET008011,2024-12-22,PROP025,Electrical,Low,Closed,2025-01-09,18,1089.0593693506855
TICKET008012,2024-12-22,PROP022,General Maintenance,Medium,Closed,2024-12-31,9,1374.7502063774741
TICKET008013,2024-12-22,PROP018,Structural,Medium,Closed,2024-12-31,9,967.9843629970323
TICKET008014,2024-12-22,PROP019,Pest Control,Low,Closed,2024-12-31,9,341.31413253737895
TICKET008015,2024-12-22,PROP007,Pest Control,Medium,Closed,2024-12-26,4,126.39028055189836
TICKET008016,2024-12-22,PROP022,Pest Control,High,Closed,2024-12-26,4,855.2671775012442
TICKET008017,2024-12-22,PROP018,Landscaping,High,Closed,2024-12-25,3,1201.9978898375202
TICKET008018,2024-12-22,PROP003,Appliance,Low,Closed,2024-12-29,7,96.99745358207633
TICKET008019,2024-12-22,PROP018,Electrical,Medium,Pending Parts,,40,
TICKET008020,2024-12-22,PROP017,Pest Control,High,Open,,40,
TICKET008021,2024-12-22,PROP003,Landscaping,Emergency,Closed,2024-12-22,0,488.9846992540529
TICKET008022,2024-12-22,PROP010,Appliance,Medium,Closed,2024-12-30,8,952.9342444920347
TICKET008023,2024-12-22,PROP006,Electrical,Low,Closed,2024-12-29,7,265.37384527555866
TICKET008024,2024-12-22,PROP014,Structural,Emergency,Closed,2024-12-23,1,354.3123738798022
TICKET008025,2024-12-22,PROP008,Landscaping,Low,Open,,40,
TICKET008026,2024-12-22,PROP019,HVAC,Low,Closed,2025-01-03,12,1060.0285534336767
TICKET008027,2024-12-22,PROP013,General Maintenance,Emergency,Open,,40,
TICKET008028,2024-12-22,PROP002,Appliance,Medium,Closed,2024-12-25,3,78.00565976828052
TICKET008029,2024-12-22,PROP009,HVAC,Low,Closed,2025-01-04,13,512.4136377309604
TICKET008030,2024-12-22,PROP006,Electrical,High,Closed,2024-12-23,1,1384.154332899512
TICKET008031,2024-12-22,PROP003,Structural,High,Closed,2024-12-25,3,153.8598615543255
TICKET008032,2024-12-22,PROP013,Electrical,Low,Closed,2024-12-27,5,1397.2812537719442
TICKET008033,2024-12-22,PROP006,Pest Control,Medium,Closed,2024-12-26,4,878.0750892133059
TICKET008034,2024-12-23,PROP020,Plumbing,Low,Closed,2025-01-01,9,1358.2230769701625
TICKET008035,2024-12-23,PROP006,General Maintenance,Medium,Closed,2024-12-29,6,1005.5142408694155
TICKET008036,2024-12-23,PROP014,Landscaping,Low,In Progress,,39,
TICKET008037,2024-12-23,PROP019,General Maintenance,Medium,Closed,2024-12-29,6,96.27228653569557
TICKET008038,2024-12-23,PROP025,Pest Control,Low,Closed,2024-12-31,8,69.67139443836996
TICKET008039,2024-12-23,PROP020,Pest Control,Low,Closed,2025-01-03,11,701.5160363489773
TICKET008040,2024-12-23,PROP012,HVAC,High,Closed,2024-12-26,3,589.6212230832315
TICKET008041,2024-12-23,PROP024,General Maintenance,Low,Closed,2025-01-03,11,1272.6034981443888
TICKET008042,2024-12-23,PROP020,General Maintenance,High,Closed,2024-12-27,4,303.05759070090835
TICKET008043,2024-12-23,PROP018,Landscaping,Medium,Closed,2024-12-26,3,635.4920548047086
TICKET008044,2024-12-23,PROP003,Plumbing,Low,Closed,2025-01-04,12,1108.8666692532952
TICKET008045,2024-12-23,PROP016,Electrical,Low,Closed,2024-12-28,5,1307.112112729479
TICKET008046,2024-12-23,PROP001,Pest Control,Low,Closed,2024-12-30,7,984.1707385783667
TICKET008047,2024-12-23,PROP009,Appliance,Low,Closed,2024-12-28,5,1262.7441830159507
TICKET008048,2024-12-23,PROP024,General Maintenance,Low,Closed,2024-12-31,8,115.1566464015539
TICKET008049,2024-12-23,PROP025,HVAC,Low,Closed,2025-01-06,14,1427.8618819906385
TICKET008050,2024-12-23,PROP003,Landscaping,High,Closed,2024-12-26,3,660.4316304223905
TICKET008051,2024-12-23,PROP009,Structural,Low,Closed,2025-01-03,11,479.418112348452
TICKET008052,2024-12-23,PROP024,Electrical,Low,Open,,39,
TICKET008053,2024-12-23,PROP003,HVAC,Medium,Closed,2024-12-31,8,1072.6293956232957
TICKET008054,2024-12-23,PROP022,Appliance,High,Closed,2024-12-26,3,200.15798565795336
TICKET008055,2024-12-23,PROP020,Pest Control,High,Closed,2024-12-27,4,673.079607583325
TICKET008056,2024-12-23,PROP013,General Maintenance,Medium,Closed,2024-12-27,4,378.49415980504523
TICKET008057,2024-12-23,PROP018,General Maintenance,Emergency,Closed,2024-12-23,0,952.4924712169435
TICKET008058,2024-12-23,PROP024,General Maintenance,Low,Closed,2024-12-31,8,756.2543929892335
TICKET008059,2024-12-23,PROP013,Electrical,High,Closed,2024-12-25,2,311.74484113156575
TICKET008060,2024-12-23,PROP001,Landscaping,Medium,Closed,2024-12-27,4,241.38213455575283
TICKET008061,2024-12-23,PROP001,Structural,Low,Closed,2025-01-01,9,696.5352558173072
TICKET008062,2024-12-23,PROP001,Appliance,Low,Closed,2025-01-03,11,843.7988357047003
TICKET008063,2024-12-23,PROP011,Landscaping,Medium,Closed,2024-12-27,4,409.70898513654055
TICKET008064,2024-12-23,PROP011,Landscaping,Low,In Progress,,39,
TICKET008065,2024-12-23,PROP017,Pest Control,Low,Closed,2025-01-11,19,880.0513355828216
TICKET008066,2024-12-23,PROP025,Appliance,Low,Closed,2025-01-01,9,1206.902077524596
TICKET008067,2024-12-23,PROP012,Appliance,Medium,Closed,2025-01-01,9,853.1544249496953
TICKET008068,2024-12-24,PROP018,HVAC,Medium,Closed,2024-12-28,4,1472.127665895295
TICKET008069,2024-12-24,PROP015,Appliance,Low,Pending Parts,,38,
TICKET008070,2024-12-24,PROP005,HVAC,High,Closed,2024-12-28,4,829.4866219228869
TICKET008071,2024-12-24,PROP025,Structural,Low,Closed,2025-01-12,19,233.13377565355813
TICKET008072,2024-12-24,PROP023,Landscaping,Medium,Closed,2024-12-29,5,1405.7123390511701
TICKET008073,2024-12-24,PROP019,Electrical,Medium,In Progress,,38,
TICKET008074,2024-12-24,PROP019,Electrical,Low,Closed,2025-01-04,11,924.6863077215046
TICKET008075,2024-12-24,PROP016,Structural,Low,Closed,2025-01-12,19,1144.5158233252662
TICKET008076,2024-12-24,PROP001,HVAC,Medium,Closed,2024-12-30,6,1365.1020195606598
TICKET008077,2024-12-24,PROP022,Pest Control,Medium,Closed,2025-01-02,9,803.074564574811
TICKET008078,2024-12-24,PROP005,Pest Control,Medium,Closed,2025-01-02,9,327.3085111973602
TICKET008079,2024-12-24,PROP022,Appliance,Low,Closed,2025-01-12,19,1123.166375374922
TICKET008080,2024-12-24,PROP005,Electrical,Low,Closed,2025-01-11,18,1443.9437882908685
TICKET008081,2024-12-24,PROP024,HVAC,Medium,Closed,2024-12-28,4,656.2432062331629
TICKET008082,2024-12-24,PROP001,Pest Control,Medium,In Progress,,38,
TICKET008083,2024-12-24,PROP022,Landscaping,Low,Closed,2025-01-06,13,1049.9401769168335
TICKET008084,2024-12-24,PROP001,Plumbing,High,Closed,2024-12-27,3,1491.2437607069512
TICKET008085,2024-12-24,PROP007,Pest Control,Low,Closed,2025-01-11,18,914.3760960472954
TICKET008086,2024-12-24,PROP012,HVAC,Medium,Closed,2024-12-28,4,893.7928221709054
TICKET008087,2024-12-24,PROP016,Electrical,Low,Closed,2025-01-12,19,1307.9438993034487
TICKET008088,2024-12-24,PROP001,Electrical,Emergency,Closed,2024-12-25,1,1153.1661083199485
TICKET008089,2024-12-24,PROP009,Electrical,Low,Closed,2025-01-10,17,178.34713754723631
TICKET008090,2024-12-24,PROP017,Structural,Medium,Closed,2024-12-30,6,1178.0255111764955
TICKET008091,2024-12-24,PROP001,Landscaping,Low,Closed,2024-12-31,7,1308.910676671404
TICKET008092,2024-12-24,PROP005,Landscaping,Medium,Pending Parts,,38,
TICKET008093,2024-12-24,PROP011,HVAC,High,Closed,2024-12-25,1,1399.1463163761687
TICKET008094,2024-12-24,PROP001,Structural,High,Closed,2024-12-26,2,203.33710382694736
TICKET008095,2024-12-24,PROP003,Landscaping,Low,Closed,2024-12-30,6,1020.4074410777517
TICKET008096,2024-12-24,PROP023,Landscaping,Emergency,Closed,2024-12-25,1,1104.8152445581713
TICKET008097,2024-12-25,PROP019,HVAC,Medium,Closed,2024-12-28,3,842.7800548953038
TICKET008098,2024-12-25,PROP010,Landscaping,High,Closed,2024-12-26,1,1149.4703932162204
TICKET008099,2024-12-25,PROP023,Appliance,Low,Closed,2025-01-12,18,1290.7103309550462
TICKET008100,2024-12-25,PROP023,Structural,Medium,Closed,2024-12-30,5,1212.8721858421907
TICKET008101,2024-12-25,PROP009,Electrical,Emergency,Closed,2024-12-26,1,791.5364597226159
TICKET008102,2024-12-25,PROP022,Landscaping,Low,Closed,2025-01-10,16,919.320690776654
TICKET008103,2024-12-25,PROP022,Pest Control,Emergency,Closed,2024-12-25,0,542.507698314168
TICKET008104,2024-12-25,PROP012,Landscaping,Medium,Closed,2024-12-30,5,542.2366339474324
TICKET008105,2024-12-25,PROP002,Appliance,Medium,Closed,2024-12-28,3,673.9893432175166
TICKET008106,2024-12-25,PROP002,Appliance,Medium,Closed,2024-12-31,6,1240.7681941860337
TICKET008107,2024-12-25,PROP019,Landscaping,Medium,Closed,2025-01-01,7,909.1608334579349
TICKET008108,2024-12-25,PROP008,Structural,High,Closed,2024-12-26,1,489.3346691796022
TICKET008109,2024-12-25,PROP024,Plumbing,Low,Closed,2024-12-30,5,1084.560842542542
TICKET008110,2024-12-25,PROP023,Pest Control,Low,Closed,2024-12-31,6,1060.5015774719504
TICKET008111,2024-12-25,PROP006,HVAC,Medium,Closed,2025-01-01,7,421.0894544386779
TICKET008112,2024-12-25,PROP024,Pest Control,High,In Progress,,37,
TICKET008113,2024-12-25,PROP010,Appliance,Medium,Closed,2024-12-29,4,737.0766789783676
TICKET008114,2024-12-25,PROP007,Appliance,Medium,Closed,2024-12-29,4,801.0881612283385
TICKET008115,2024-12-25,PROP019,Plumbing,Medium,Closed,2025-01-02,8,1347.0700254987717
TICKET008116,2024-12-26,PROP002,Electrical,High,Closed,2024-12-29,3,598.3535954415487
TICKET008117,2024-12-26,PROP016,Electrical,Medium,In Progress,,36,
TICKET008118,2024-12-26,PROP022,Pest Control,Low,Open,,36,
TICKET008119,2024-12-26,PROP013,Landscaping,Low,Closed,2025-01-02,7,179.99004205882716
TICKET008120,2024-12-26,PROP018,HVAC,Low,Closed,2025-01-01,6,1375.2413900748954
TICKET008121,2024-12-26,PROP018,Plumbing,Medium,In Progress,,36,
TICKET008122,2024-12-26,PROP005,General Maintenance,Medium,Closed,2025-01-02,7,1147.903193212319
TICKET008123,2024-12-26,PROP020,Structural,High,Closed,2024-12-28,2,73.46031200730772
TICKET008124,2024-12-26,PROP006,Pest Control,Low,Closed,2025-01-07,12,848.4713710710935
TICKET008125,2024-12-26,PROP010,Plumbing,Medium,In Progress,,36,
TICKET008126,2024-12-26,PROP003,HVAC,Low,Closed,2025-01-03,8,302.02613782228116
TICKET008127,2024-12-26,PROP009,Pest Control,Low,Closed,2025-01-07,12,858.6517125772925
TICKET008128,2024-12-26,PROP018,Landscaping,Medium,Closed,2025-01-01,6,516.5942682310945
TICKET008129,2024-12-26,PROP007,General Maintenance,High,Closed,2024-12-27,1,326.33048165277256
TICKET008130,2024-12-26,PROP017,Plumbing,Low,Open,,36,
TICKET008131,2024-12-26,PROP021,Landscaping,High,Closed,2024-12-28,2,1189.167026616764
TICKET008132,2024-12-26,PROP009,HVAC,Low,Closed,2025-01-07,12,1479.2557098038994
TICKET008133,2024-12-26,PROP019,Pest Control,Medium,Closed,2024-12-31,5,1164.859703800486
TICKET008134,2024-12-26,PROP009,Pest Control,High,Closed,2024-12-30,4,1067.3809771619099
TICKET008135,2024-12-26,PROP020,Electrical,Low,Closed,2025-01-04,9,588.3710023615126
TICKET008136,2024-12-26,PROP014,Appliance,Medium,Closed,2025-01-01,6,1170.978267584991
TICKET008137,2024-12-26,PROP018,Structural,Medium,Closed,2024-12-29,3,988.0821681827717
TICKET008138,2024-12-26,PROP003,Landscaping,Medium,Closed,2024-12-30,4,1377.1157648590163
TICKET008139,2024-12-26,PROP001,General Maintenance,High,Closed,2024-12-28,2,1444.6911968136503
TICKET008140,2024-12-26,PROP007,Plumbing,Low,Closed,2025-01-08,13,1097.1244154262547
TICKET008141,2024-12-26,PROP006,Pest Control,High,Closed,2024-12-29,3,1168.035422628353
TICKET008142,2024-12-27,PROP013,HVAC,Low,Closed,2025-01-15,19,413.2817053085118
TICKET008143,2024-12-27,PROP016,Electrical,Low,Closed,2025-01-07,11,291.3844245401816
TICKET008144,2024-12-27,PROP022,Appliance,High,Closed,2024-12-30,3,1113.032590972829
TICKET008145,2024-12-27,PROP018,Landscaping,Medium,Closed,2025-01-03,7,1387.8840393855896
TICKET008146,2024-12-27,PROP017,Pest Control,Low,Closed,2025-01-01,5,990.1872072129282
TICKET008147,2024-12-27,PROP003,General Maintenance,Low,Closed,2025-01-15,19,1194.2996054357945
TICKET008148,2024-12-27,PROP005,Electrical,Low,Closed,2025-01-05,9,487.67084831739334
TICKET008149,2024-12-27,PROP023,General Maintenance,Medium,Closed,2025-01-05,9,314.27743339087937
TICKET008150,2024-12-27,PROP013,General Maintenance,High,Closed,2024-12-29,2,725.7002983839935
TICKET008151,2024-12-27,PROP002,HVAC,High,Closed,2024-12-30,3,639.2095406180515
TICKET008152,2024-12-27,PROP006,Plumbing,Low,Open,,35,
TICKET008153,2024-12-27,PROP001,Plumbing,Medium,Closed,2025-01-05,9,740.7363900992422
TICKET008154,2024-12-27,PROP021,Electrical,Medium,Closed,2024-12-31,4,642.0493967911611
TICKET008155,2024-12-27,PROP015,Landscaping,Emergency,Closed,2024-12-28,1,683.4072549616571
TICKET008156,2024-12-27,PROP021,Electrical,Medium,Pending Parts,,35,
TICKET008157,2024-12-27,PROP002,Structural,High,Closed,2024-12-28,1,444.6657662907347
TICKET008158,2024-12-27,PROP020,Landscaping,Medium,Closed,2024-12-31,4,1270.224710341929
TICKET008159,2024-12-27,PROP014,HVAC,High,Pending Parts,,35,
TICKET008160,2024-12-27,PROP015,Pest Control,High,Open,,35,
TICKET008161,2024-12-27,PROP001,Pest Control,Low,Closed,2025-01-04,8,587.4870544792507
TICKET008162,2024-12-27,PROP021,Landscaping,Low,Closed,2025-01-01,5,136.76480434448445
TICKET008163,2024-12-27,PROP025,Electrical,High,Closed,2024-12-31,4,1332.971186183402
TICKET008164,2024-12-27,PROP014,Landscaping,Medium,In Progress,,35,
TICKET008165,2024-12-27,PROP016,Electrical,Medium,Closed,2025-01-03,7,346.78776516148594
TICKET008166,2024-12-27,PROP007,Structural,High,Closed,2024-12-31,4,342.9294298899343
TICKET008167,2024-12-27,PROP006,Electrical,Medium,Closed,2024-12-30,3,354.85550711470273
TICKET008168,2024-12-27,PROP017,General Maintenance,Low,Closed,2025-01-08,12,448.79685148464847
TICKET008169,2024-12-27,PROP010,HVAC,Low,Closed,2025-01-06,10,1218.088655730636
TICKET008170,2024-12-27,PROP002,Pest Control,Low,Closed,2025-01-03,7,514.866267304897
TICKET008171,2024-12-27,PROP018,HVAC,Low,In Progress,,35,
TICKET008172,2024-12-27,PROP006,Appliance,Medium,Closed,2025-01-03,7,456.70943838900456
TICKET008173,2024-12-27,PROP024,Landscaping,Emergency,Closed,2024-12-27,0,1393.9106340145622
TICKET008174,2024-12-28,PROP018,General Maintenance,Low,Closed,2025-01-03,6,52.35167221047292
TICKET008175,2024-12-28,PROP003,Landscaping,Low,Closed,2025-01-03,6,875.969100887562
TICKET008176,2024-12-28,PROP009,Electrical,High,Closed,2024-12-29,1,1027.6815843215809
TICKET008177,2024-12-28,PROP013,General Maintenance,Low,Closed,2025-01-14,17,872.7425838017397
TICKET008178,2024-12-28,PROP022,Appliance,Emergency,Closed,2024-12-28,0,1099.7184317576293
TICKET008179,2024-12-28,PROP020,Structural,High,Closed,2024-12-29,1,674.1544197718259
TICKET008180,2024-12-28,PROP007,Landscaping,High,Closed,2024-12-30,2,1407.269886664349
TICKET008181,2024-12-28,PROP014,Electrical,Low,Pending Parts,,34,
TICKET008182,2024-12-28,PROP001,Plumbing,Low,Closed,2025-01-14,17,1431.969422437211
TICKET008183,2024-12-28,PROP009,Electrical,Low,Closed,2025-01-05,8,1429.125202256834
TICKET008184,2024-12-28,PROP004,Landscaping,Low,Closed,2025-01-09,12,128.02104003124435
TICKET008185,2024-12-28,PROP020,Pest Control,Low,Open,,34,
TICKET008186,2024-12-28,PROP013,HVAC,Medium,Closed,2025-01-01,4,1076.945595822294
TICKET008187,2024-12-28,PROP007,Plumbing,Emergency,Closed,2024-12-29,1,529.2649165793284
TICKET008188,2024-12-28,PROP023,General Maintenance,Medium,Closed,2025-01-03,6,1187.793197212158
TICKET008189,2024-12-28,PROP004,General Maintenance,Medium,Closed,2024-12-31,3,99.52346286662141
TICKET008190,2024-12-28,PROP005,Structural,Low,Closed,2025-01-05,8,632.3086275880695
TICKET008191,2024-12-28,PROP023,Plumbing,Low,Closed,2025-01-14,17,467.0491330135784
TICKET008192,2024-12-28,PROP012,General Maintenance,High,Open,,34,
TICKET008193,2024-12-28,PROP024,HVAC,Medium,In Progress,,34,
TICKET008194,2024-12-28,PROP007,Plumbing,Medium,Closed,2025-01-03,6,1377.6112506726174
TICKET008195,2024-12-28,PROP014,Pest Control,High,Closed,2024-12-29,1,500.6375640321999
TICKET008196,2024-12-29,PROP015,Pest Control,Emergency,Closed,2024-12-29,0,865.041535207262
TICKET008197,2024-12-29,PROP015,Appliance,Medium,Pending Parts,,33,
TICKET008198,2024-12-29,PROP004,Pest Control,Medium,In Progress,,33,
TICKET008199,2024-12-29,PROP002,Landscaping,Low,Closed,2025-01-12,14,536.8443451465382
TICKET008200,2024-12-29,PROP003,Landscaping,High,Closed,2024-12-31,2,762.0470043607465
TICKET008201,2024-12-29,PROP019,Landscaping,High,Closed,2024-12-31,2,921.6391222808198
TICKET008202,2024-12-29,PROP014,Appliance,Medium,Closed,2025-01-07,9,850.7327591364764
TICKET008203,2024-12-29,PROP018,General Maintenance,Low,Open,,33,
TICKET008204,2024-12-29,PROP003,Structural,High,Pending Parts,,33,
TICKET008205,2024-12-29,PROP004,Plumbing,Medium,Closed,2025-01-01,3,1106.267555559273
TICKET008206,2024-12-29,PROP022,Structural,Medium,Closed,2025-01-03,5,1199.8711625395413
TICKET008207,2024-12-29,PROP007,Plumbing,Medium,Closed,2025-01-04,6,93.12116961555591
TICKET008208,2024-12-29,PROP002,HVAC,High,Closed,2024-12-31,2,864.7930929405088
TICKET008209,2024-12-29,PROP013,HVAC,High,Closed,2025-01-01,3,697.2405204281691
TICKET008210,2024-12-29,PROP017,Appliance,Medium,Closed,2025-01-03,5,162.65446566649646
TICKET008211,2024-12-29,PROP005,Pest Control,Low,Closed,2025-01-16,18,522.3612031001793
TICKET008212,2024-12-29,PROP025,HVAC,High,Closed,2024-12-30,1,970.1447163073235
TICKET008213,2024-12-29,PROP023,General Maintenance,Low,Closed,2025-01-11,13,1339.502790439171
TICKET008214,2024-12-29,PROP009,Landscaping,Low,Closed,2025-01-15,17,205.48298364650336
TICKET008215,2024-12-29,PROP010,Electrical,High,Closed,2025-01-02,4,285.73727439167635
TICKET008216,2024-12-29,PROP005,Plumbing,Medium,Closed,2025-01-04,6,235.7229054193082
TICKET008217,2024-12-30,PROP004,HVAC,Medium,Open,,32,
TICKET008218,2024-12-30,PROP005,HVAC,Medium,Closed,2025-01-05,6,194.17396487954562
TICKET008219,2024-12-30,PROP008,HVAC,Low,Closed,2025-01-09,10,1099.2910820334705
TICKET008220,2024-12-30,PROP008,Appliance,Low,Pending Parts,,32,
TICKET008221,2024-12-30,PROP019,Pest Control,High,Closed,2024-12-31,1,938.657076657125
TICKET008222,2024-12-30,PROP020,HVAC,Medium,Closed,2025-01-02,3,194.01835632375352
TICKET008223,2024-12-30,PROP005,Structural,High,Closed,2024-12-31,1,1000.591227226404
TICKET008224,2024-12-30,PROP025,Pest Control,Medium,Pending Parts,,32,
TICKET008225,2024-12-30,PROP011,General Maintenance,Medium,Open,,32,
TICKET008226,2024-12-30,PROP002,Landscaping,Medium,Closed,2025-01-06,7,1404.2493877080578
TICKET008227,2024-12-30,PROP025,Plumbing,High,Closed,2025-01-01,2,501.0477262804889
TICKET008228,2024-12-30,PROP007,Electrical,Low,Closed,2025-01-09,10,1129.0635613016884
TICKET008229,2024-12-30,PROP022,Landscaping,Low,Closed,2025-01-11,12,330.00698770305524
TICKET008230,2024-12-30,PROP013,Electrical,Medium,Closed,2025-01-02,3,877.7506778898683
TICKET008231,2024-12-30,PROP013,Landscaping,High,Closed,2024-12-31,1,1164.0770856678828
TICKET008232,2024-12-31,PROP001,Pest Control,Low,Closed,2025-01-15,15,299.80524514740284
TICKET008233,2024-12-31,PROP016,Electrical,Medium,Closed,2025-01-07,7,125.29047097581937
TICKET008234,2024-12-31,PROP001,HVAC,Low,Closed,2025-01-11,11,780.5195370390643
TICKET008235,2024-12-31,PROP023,Electrical,Medium,Closed,2025-01-06,6,907.5769981976331
TICKET008236,2024-12-31,PROP019,General Maintenance,Low,Pending Parts,,31,
TICKET008237,2024-12-31,PROP009,Appliance,High,Closed,2025-01-03,3,1437.2650080014234
TICKET008238,2024-12-31,PROP001,Electrical,Medium,Closed,2025-01-07,7,1388.6719219927625
TICKET008239,2024-12-31,PROP021,HVAC,Medium,Closed,2025-01-09,9,501.89144619914947
TICKET008240,2024-12-31,PROP014,General Maintenance,Medium,Closed,2025-01-08,8,1128.1273110403413
TICKET008241,2024-12-31,PROP018,General Maintenance,Low,Closed,2025-01-08,8,144.03793284042246
TICKET008242,2024-12-31,PROP004,HVAC,Low,Closed,2025-01-05,5,777.7218177060796
TICKET008243,2024-12-31,PROP021,Structural,Low,Closed,2025-01-05,5,229.63062163179762
TICKET008244,2024-12-31,PROP012,Appliance,Medium,Closed,2025-01-03,3,53.102573600162
TICKET008245,2024-12-31,PROP021,Plumbing,Low,Closed,2025-01-19,19,1348.5744899414653
TICKET008246,2024-12-31,PROP015,Pest Control,High,In Progress,,31,
TICKET008247,2024-12-31,PROP023,Plumbing,Emergency,Closed,2025-01-01,1,408.7816057497477
TICKET008248,2024-12-31,PROP007,Electrical,Medium,Closed,2025-01-05,5,583.0710777269796
TICKET008249,2024-12-31,PROP011,Structural,Emergency,Pending Parts,,31,
TICKET008250,2024-12-31,PROP003,Appliance,Low,Closed,2025-01-11,11,979.445292381746
TICKET008251,2024-12-31,PROP003,Electrical,High,Pending Parts,,31,
TICKET008252,2024-12-31,PROP006,Landscaping,Medium,Closed,2025-01-08,8,1308.9622203629222
TICKET008253,2025-01-01,PROP024,Plumbing,Medium,Closed,2025-01-09,8,1384.157898640391
TICKET008254,2025-01-01,PROP018,HVAC,Medium,Closed,2025-01-10,9,756.5441781908038
TICKET008255,2025-01-01,PROP011,Electrical,High,Closed,2025-01-04,3,1434.393917919376
TICKET008256,2025-01-01,PROP008,Landscaping,Emergency,Closed,2025-01-01,0,1435.9439160099294
TICKET008257,2025-01-01,PROP012,Appliance,Low,Closed,2025-01-16,15,1219.2976457712966
TICKET008258,2025-01-01,PROP004,General Maintenance,Low,Closed,2025-01-07,6,592.082682935685
TICKET008259,2025-01-01,PROP013,Electrical,Medium,Closed,2025-01-07,6,220.17098731653738
TICKET008260,2025-01-01,PROP011,HVAC,Medium,Closed,2025-01-04,3,1082.2260119133953
TICKET008261,2025-01-01,PROP010,General Maintenance,Low,Closed,2025-01-11,10,229.31447858528423
TICKET008262,2025-01-01,PROP021,General Maintenance,Medium,Closed,2025-01-10,9,96.87539506930015
TICKET008263,2025-01-01,PROP012,HVAC,Medium,Open,,30,
TICKET008264,2025-01-01,PROP012,Plumbing,Medium,In Progress,,30,
TICKET008265,2025-01-01,PROP021,Landscaping,Emergency,Closed,2025-01-02,1,1125.8870951764577
TICKET008266,2025-01-01,PROP004,Electrical,Low,Closed,2025-01-20,19,992.3220282177994
TICKET008267,2025-01-01,PROP002,Structural,High,Closed,2025-01-03,2,1209.1943617269392
TICKET008268,2025-01-01,PROP012,Landscaping,Low,Closed,2025-01-17,16,674.7978742995252
TICKET008269,2025-01-01,PROP019,Landscaping,Low,Closed,2025-01-08,7,787.8292114665504
TICKET008270,2025-01-01,PROP012,Structural,Low,Closed,2025-01-07,6,220.47798395562313
TICKET008271,2025-01-01,PROP011,HVAC,Medium,Closed,2025-01-09,8,1425.0848947055288
TICKET008272,2025-01-01,PROP012,Plumbing,Medium,Closed,2025-01-04,3,1247.7698293694393
TICKET008273,2025-01-01,PROP016,Electrical,Low,Closed,2025-01-16,15,1376.923989010605
TICKET008274,2025-01-01,PROP008,Structural,Emergency,Closed,2025-01-01,0,1257.771444534669
TICKET008275,2025-01-01,PROP012,Landscaping,Low,Closed,2025-01-15,14,830.7949245400106
TICKET008276,2025-01-01,PROP001,General Maintenance,Low,Closed,2025-01-14,13,685.8168676729181
TICKET008277,2025-01-01,PROP024,Landscaping,Low,Closed,2025-01-06,5,1154.6972400312359
TICKET008278,2025-01-02,PROP019,Structural,Low,Closed,2025-01-20,18,1214.7009808687328
TICKET008279,2025-01-02,PROP025,Electrical,Low,Closed,2025-01-11,9,798.896738190816
TICKET008280,2025-01-02,PROP010,Electrical,Low,Closed,2025-01-17,15,136.22693050173518
TICKET008281,2025-01-02,PROP004,Appliance,Emergency,Closed,2025-01-03,1,1330.1357180485754
TICKET008282,2025-01-02,PROP003,HVAC,Low,Closed,2025-01-13,11,1387.1368612817826
TICKET008283,2025-01-02,PROP005,Appliance,High,Closed,2025-01-06,4,685.6943147188745
TICKET008284,2025-01-02,PROP012,Appliance,Low,Closed,2025-01-10,8,1103.2486521640906
TICKET008285,2025-01-02,PROP013,HVAC,Low,Closed,2025-01-15,13,1138.6644003448512
TICKET008286,2025-01-02,PROP001,General Maintenance,High,Closed,2025-01-03,1,1497.1955879487564
TICKET008287,2025-01-02,PROP008,Electrical,Low,Closed,2025-01-10,8,54.072956307072
TICKET008288,2025-01-02,PROP024,Pest Control,High,Closed,2025-01-06,4,555.8752243772028
TICKET008289,2025-01-02,PROP024,General Maintenance,Medium,Closed,2025-01-06,4,1183.6159558846966
TICKET008290,2025-01-02,PROP024,General Maintenance,High,Closed,2025-01-04,2,648.148990757862
TICKET008291,2025-01-02,PROP015,Pest Control,Medium,Closed,2025-01-10,8,494.9066036094373
TICKET008292,2025-01-02,PROP001,Electrical,Emergency,Closed,2025-01-02,0,179.7041118581711
TICKET008293,2025-01-02,PROP008,Landscaping,Low,Closed,2025-01-15,13,72.23891367171514
TICKET008294,2025-01-02,PROP007,Structural,Medium,Closed,2025-01-07,5,1211.3929968139835
TICKET008295,2025-01-03,PROP016,Pest Control,Medium,Closed,2025-01-07,4,763.6508012657685
TICKET008296,2025-01-03,PROP012,Landscaping,Low,Closed,2025-01-21,18,516.0345732533817
TICKET008297,2025-01-03,PROP016,Landscaping,Medium,Closed,2025-01-07,4,58.555401056602776
TICKET008298,2025-01-03,PROP004,General Maintenance,High,Closed,2025-01-04,1,714.9516026952953
TICKET008299,2025-01-03,PROP017,Structural,Medium,Pending Parts,,28,
TICKET008300,2025-01-03,PROP010,Structural,Low,Pending Parts,,28,
TICKET008301,2025-01-03,PROP010,Landscaping,Emergency,Closed,2025-01-04,1,118.83427663872953
TICKET008302,2025-01-03,PROP024,Structural,High,Closed,2025-01-06,3,179.6007900507113
TICKET008303,2025-01-03,PROP013,HVAC,Low,Closed,2025-01-08,5,1431.1928035698693
TICKET008304,2025-01-03,PROP006,Structural,Low,Closed,2025-01-11,8,385.7405810878317
TICKET008305,2025-01-03,PROP004,Structural,Medium,Closed,2025-01-09,6,1309.5546173086063
TICKET008306,2025-01-03,PROP005,Appliance,Medium,Closed,2025-01-12,9,1044.105982541726
TICKET008307,2025-01-03,PROP009,Plumbing,Medium,Closed,2025-01-12,9,239.09429145319783
TICKET008308,2025-01-03,PROP006,Pest Control,High,Closed,2025-01-06,3,63.56444434617205
TICKET008309,2025-01-03,PROP011,General Maintenance,Medium,In Progress,,28,
TICKET008310,2025-01-03,PROP015,HVAC,Low,Closed,2025-01-20,17,65.22253866014849
TICKET008311,2025-01-03,PROP005,Electrical,Low,Closed,2025-01-18,15,285.87999791115453
TICKET008312,2025-01-03,PROP007,Pest Control,Medium,Closed,2025-01-07,4,1466.0246864683625
TICKET008313,2025-01-03,PROP025,Electrical,Medium,Closed,2025-01-06,3,989.1582830712194
TICKET008314,2025-01-03,PROP025,Structural,Emergency,Closed,2025-01-03,0,1182.8235154944773
TICKET008315,2025-01-03,PROP003,HVAC,Low,Closed,2025-01-17,14,1420.9318993000836
TICKET008316,2025-01-03,PROP024,General Maintenance,Medium,Closed,2025-01-09,6,563.2935756401255
TICKET008317,2025-01-03,PROP004,Electrical,Medium,Closed,2025-01-06,3,1284.6083638007374
TICKET008318,2025-01-03,PROP001,HVAC,Emergency,Closed,2025-01-04,1,1058.9764945228424
TICKET008319,2025-01-03,PROP024,HVAC,Low,Closed,2025-01-18,15,838.2757649991214
TICKET008320,2025-01-03,PROP007,Appliance,High,Closed,2025-01-04,1,447.18705996233757
TICKET008321,2025-01-03,PROP015,Electrical,Medium,Closed,2025-01-06,3,969.5465022071758
TICKET008322,2025-01-03,PROP020,HVAC,High,Closed,2025-01-05,2,918.7405499200895
TICKET008323,2025-01-04,PROP023,Plumbing,High,Closed,2025-01-05,1,769.9630978230658
TICKET008324,2025-01-04,PROP022,General Maintenance,Low,Closed,2025-01-17,13,1008.493087164101
TICKET008325,2025-01-04,PROP011,Pest Control,Medium,Closed,2025-01-07,3,603.2512648133592
TICKET008326,2025-01-04,PROP021,General Maintenance,Medium,Closed,2025-01-07,3,1158.2495084353454
TICKET008327,2025-01-04,PROP010,Pest Control,Low,Closed,2025-01-13,9,1010.2543767588986
TICKET008328,2025-01-04,PROP024,Appliance,Medium,Closed,2025-01-13,9,939.2816632032285
TICKET008329,2025-01-04,PROP018,Structural,Low,Closed,2025-01-14,10,811.6185001541013
TICKET008330,2025-01-04,PROP007,Landscaping,Low,Closed,2025-01-15,11,1084.546304931059
TICKET008331,2025-01-04,PROP015,Landscaping,Medium,Closed,2025-01-07,3,809.0942710469134
TICKET008332,2025-01-04,PROP009,Pest Control,Medium,In Progress,,27,
TICKET008333,2025-01-04,PROP012,Landscaping,Medium,Closed,2025-01-13,9,1242.13150631741
TICKET008334,2025-01-04,PROP009,Electrical,Low,Closed,2025-01-14,10,1484.126806146544
TICKET008335,2025-01-04,PROP008,Landscaping,Emergency,In Progress,,27,
TICKET008336,2025-01-04,PROP018,Structural,Low,Closed,2025-01-09,5,1025.0959586223062
TICKET008337,2025-01-04,PROP013,Landscaping,Low,Closed,2025-01-16,12,605.6239937215673
TICKET008338,2025-01-04,PROP006,Landscaping,Low,Closed,2025-01-19,15,1129.370387395364
TICKET008339,2025-01-04,PROP009,Structural,Medium,Closed,2025-01-13,9,1377.4763668089386
TICKET008340,2025-01-04,PROP007,Structural,High,In Progress,,27,
TICKET008341,2025-01-04,PROP024,Pest Control,Low,Closed,2025-01-12,8,310.20470521842793
TICKET008342,2025-01-04,PROP002,Structural,Low,Closed,2025-01-23,19,464.2277433853869
TICKET008343,2025-01-04,PROP004,Landscaping,Low,Closed,2025-01-11,7,261.4328973231113
TICKET008344,2025-01-04,PROP010,Pest Control,High,In Progress,,27,
TICKET008345,2025-01-05,PROP011,Appliance,High,Closed,2025-01-06,1,1311.7866804375255
TICKET008346,2025-01-05,PROP013,Plumbing,Low,Closed,2025-01-23,18,990.7644593241816
TICKET008347,2025-01-05,PROP021,HVAC,Low,Closed,2025-01-13,8,443.56139032898295
TICKET008348,2025-01-05,PROP023,Appliance,Medium,In Progress,,26,
TICKET008349,2025-01-05,PROP019,Electrical,Medium,Closed,2025-01-11,6,1176.5744730422828
TICKET008350,2025-01-05,PROP019,Plumbing,Medium,Open,,26,
TICKET008351,2025-01-05,PROP014,Structural,High,Closed,2025-01-09,4,1156.571812794774
TICKET008352,2025-01-05,PROP006,General Maintenance,High,Closed,2025-01-08,3,818.868335170924
TICKET008353,2025-01-05,PROP010,Landscaping,Low,Open,,26,
TICKET008354,2025-01-05,PROP016,Landscaping,Low,Closed,2025-01-13,8,867.9700416220365
TICKET008355,2025-01-05,PROP007,Appliance,High,Closed,2025-01-07,2,384.59924582433723
TICKET008356,2025-01-05,PROP017,Structural,Emergency,Closed,2025-01-06,1,936.863637882491
TICKET008357,2025-01-05,PROP025,General Maintenance,High,Open,,26,
TICKET008358,2025-01-05,PROP009,Appliance,Medium,Closed,2025-01-09,4,844.1256302331597
TICKET008359,2025-01-05,PROP011,Appliance,Low,In Progress,,26,
TICKET008360,2025-01-05,PROP014,Structural,Low,Closed,2025-01-19,14,206.45522071884923
TICKET008361,2025-01-05,PROP022,Landscaping,Low,Closed,2025-01-19,14,852.6295497100987
TICKET008362,2025-01-05,PROP007,HVAC,Low,Closed,2025-01-10,5,905.1596798394454
TICKET008363,2025-01-05,PROP001,Plumbing,High,Closed,2025-01-07,2,1446.2049957471365
TICKET008364,2025-01-05,PROP021,Pest Control,Medium,Closed,2025-01-10,5,903.5573962252278
TICKET008365,2025-01-05,PROP015,Electrical,Emergency,Closed,2025-01-06,1,448.91118649380206
TICKET008366,2025-01-05,PROP024,Pest Control,Low,Closed,2025-01-24,19,418.3769763219956
TICKET008367,2025-01-05,PROP002,Electrical,Low,Closed,2025-01-11,6,1384.9614466875648
TICKET008368,2025-01-05,PROP008,Plumbing,Emergency,Closed,2025-01-06,1,445.4745791662934
TICKET008369,2025-01-05,PROP018,General Maintenance,Medium,Closed,2025-01-09,4,871.2529517821744
TICKET008370,2025-01-05,PROP005,Appliance,Low,Closed,2025-01-24,19,862.8723357198915
TICKET008371,2025-01-05,PROP003,HVAC,Medium,Closed,2025-01-14,9,108.09524199026404
TICKET008372,2025-01-06,PROP007,Appliance,Low,In Progress,,25,
TICKET008373,2025-01-06,PROP020,General Maintenance,Low,Closed,2025-01-14,8,615.1377699501174
TICKET008374,2025-01-06,PROP020,HVAC,Low,Closed,2025-01-15,9,1462.1366874184325
TICKET008375,2025-01-06,PROP021,Electrical,High,Closed,2025-01-09,3,1030.2268220373207
TICKET008376,2025-01-06,PROP003,General Maintenance,Low,Closed,2025-01-22,16,899.9871940362862
TICKET008377,2025-01-06,PROP024,Pest Control,High,Pending Parts,,25,
TICKET008378,2025-01-06,PROP001,HVAC,Low,Closed,2025-01-21,15,1442.3133236980439
TICKET008379,2025-01-06,PROP004,Structural,Medium,Closed,2025-01-12,6,304.9257058318148
TICKET008380,2025-01-06,PROP006,Landscaping,Medium,Closed,2025-01-12,6,572.1503394795543
TICKET008381,2025-01-06,PROP024,Plumbing,Low,Closed,2025-01-25,19,583.5029900185283
TICKET008382,2025-01-06,PROP006,Electrical,Medium,Closed,2025-01-10,4,1163.7375826913856
TICKET008383,2025-01-06,PROP004,HVAC,Medium,Closed,2025-01-11,5,369.6465666956822
TICKET008384,2025-01-06,PROP022,HVAC,Low,Closed,2025-01-18,12,270.82767482681913
TICKET008385,2025-01-06,PROP025,Electrical,Low,In Progress,,25,
TICKET008386,2025-01-06,PROP005,Pest Control,Medium,Closed,2025-01-12,6,1027.7451676697765
TICKET008387,2025-01-06,PROP016,Pest Control,Medium,Closed,2025-01-13,7,779.6412528091581
TICKET008388,2025-01-06,PROP024,HVAC,Low,Closed,2025-01-18,12,1098.4687757016866
TICKET008389,2025-01-06,PROP020,Electrical,Medium,Closed,2025-01-14,8,314.63172701031436
TICKET008390,2025-01-06,PROP021,Appliance,Medium,Closed,2025-01-12,6,1152.2456127210846
TICKET008391,2025-01-06,PROP020,Appliance,High,Closed,2025-01-08,2,609.4138988243244
TICKET008392,2025-01-06,PROP012,General Maintenance,High,Closed,2025-01-08,2,824.911568258226
TICKET008393,2025-01-06,PROP019,HVAC,Medium,Closed,2025-01-13,7,1174.5233343930645
TICKET008394,2025-01-06,PROP017,General Maintenance,Medium,Pending Parts,,25,
TICKET008395,2025-01-06,PROP012,Landscaping,Medium,Closed,2025-01-11,5,76.10461612684865
TICKET008396,2025-01-06,PROP008,Pest Control,Medium,Closed,2025-01-11,5,236.05406178500638
TICKET008397,2025-01-06,PROP016,Appliance,Low,Closed,2025-01-17,11,187.39905987158073
TICKET008398,2025-01-06,PROP008,HVAC,Low,In Progress,,25,
TICKET008399,2025-01-06,PROP005,Structural,Medium,Closed,2025-01-14,8,1244.5876256226081
TICKET008400,2025-01-06,PROP021,Plumbing,Medium,Closed,2025-01-10,4,570.6098074745922
TICKET008401,2025-01-06,PROP025,Plumbing,Low,Closed,2025-01-13,7,602.5822920864379
TICKET008402,2025-01-06,PROP021,Landscaping,High,Closed,2025-01-08,2,1303.9996830340483
TICKET008403,2025-01-06,PROP020,Structural,Low,Closed,2025-01-25,19,1005.930700888088
TICKET008404,2025-01-07,PROP004,Landscaping,Low,Pending Parts,,24,
TICKET008405,2025-01-07,PROP008,HVAC,Low,Closed,2025-01-14,7,788.5881897143357
TICKET008406,2025-01-07,PROP008,Plumbing,High,Closed,2025-01-10,3,1428.9591333199132
TICKET008407,2025-01-07,PROP015,Structural,High,Closed,2025-01-08,1,574.6145763488739
TICKET008408,2025-01-07,PROP021,Electrical,Low,Pending Parts,,24,
TICKET008409,2025-01-07,PROP002,Plumbing,Low,Closed,2025-01-23,16,874.3392938277108
TICKET008410,2025-01-07,PROP008,Structural,Medium,Closed,2025-01-11,4,1090.8775905505722
TICKET008411,2025-01-07,PROP014,Landscaping,Low,Closed,2025-01-23,16,894.5636094865205
TICKET008412,2025-01-07,PROP013,Pest Control,Medium,Closed,2025-01-14,7,107.30041846643618
TICKET008413,2025-01-07,PROP001,General Maintenance,High,Closed,2025-01-08,1,1293.2582461190048
TICKET008414,2025-01-07,PROP001,Pest Control,High,Open,,24,
TICKET008415,2025-01-07,PROP005,Pest Control,High,Closed,2025-01-10,3,1146.4548736259248
TICKET008416,2025-01-07,PROP010,General Maintenance,Medium,Closed,2025-01-11,4,274.1069172032496
TICKET008417,2025-01-07,PROP013,General Maintenance,Medium,Open,,24,
TICKET008418,2025-01-07,PROP009,Pest Control,High,Closed,2025-01-09,2,1471.379357243608
TICKET008419,2025-01-07,PROP005,Pest Control,Emergency,Closed,2025-01-07,0,903.7075175406437
TICKET008420,2025-01-07,PROP012,Appliance,Medium,Closed,2025-01-12,5,399.1392544827004
TICKET008421,2025-01-08,PROP022,Landscaping,Low,Pending Parts,,23,
TICKET008422,2025-01-08,PROP019,Electrical,Medium,Closed,2025-01-14,6,1159.441499191949
TICKET008423,2025-01-08,PROP017,Structural,Medium,Closed,2025-01-13,5,592.1753492667972
TICKET008424,2025-01-08,PROP017,Electrical,Low,Closed,2025-01-27,19,875.9010714398296
TICKET008425,2025-01-08,PROP019,Electrical,Low,Closed,2025-01-15,7,746.9647903520996
TICKET008426,2025-01-08,PROP024,Pest Control,Medium,Closed,2025-01-12,4,406.9464969727155
TICKET008427,2025-01-08,PROP011,General Maintenance,Medium,Closed,2025-01-11,3,1312.0839259690413
TICKET008428,2025-01-08,PROP005,Landscaping,High,Closed,2025-01-09,1,470.03366020271926
TICKET008429,2025-01-08,PROP025,Landscaping,High,Closed,2025-01-11,3,1306.8302428298707
TICKET008430,2025-01-08,PROP016,Plumbing,Low,Closed,2025-01-23,15,792.4449440318788
TICKET008431,2025-01-08,PROP021,Plumbing,Low,Closed,2025-01-18,10,308.94336564799306
TICKET008432,2025-01-08,PROP005,Appliance,High,Closed,2025-01-09,1,162.05031195729524
TICKET008433,2025-01-08,PROP008,General Maintenance,Medium,Closed,2025-01-17,9,299.3135881189578
TICKET008434,2025-01-08,PROP008,HVAC,High,Closed,2025-01-11,3,483.98619274323414
TICKET008435,2025-01-08,PROP025,Pest Control,Low,Closed,2025-01-24,16,1200.4208069562296
TICKET008436,2025-01-08,PROP013,Plumbing,Low,Open,,23,
TICKET008437,2025-01-08,PROP015,Landscaping,Low,Closed,2025-01-27,19,567.4369260599108
TICKET008438,2025-01-08,PROP025,Pest Control,Low,Closed,2025-01-24,16,656.4358626077391
TICKET008439,2025-01-08,PROP023,Structural,Low,Closed,2025-01-26,18,955.2173977361829
TICKET008440,2025-01-08,PROP020,Structural,High,Closed,2025-01-09,1,649.5653140924119
TICKET008441,2025-01-08,PROP001,Plumbing,Medium,Closed,2025-01-16,8,716.3558129959192
TICKET008442,2025-01-08,PROP009,Structural,Low,Closed,2025-01-27,19,72.67970159854777
TICKET008443,2025-01-08,PROP017,Structural,Medium,Closed,2025-01-14,6,862.765047933411
TICKET008444,2025-01-08,PROP018,Pest Control,High,Closed,2025-01-10,2,1014.9424869719536
TICKET008445,2025-01-08,PROP013,HVAC,Low,Closed,2025-01-20,12,1106.300074529718
TICKET008446,2025-01-08,PROP012,General Maintenance,Low,Closed,2025-01-15,7,1401.7278648359127
TICKET008447,2025-01-08,PROP002,HVAC,Medium,Closed,2025-01-11,3,551.6544579182171
TICKET008448,2025-01-09,PROP011,HVAC,Medium,Closed,2025-01-17,8,72.30094375199457
TICKET008449,2025-01-09,PROP016,Electrical,Low,Closed,2025-01-17,8,474.17224236841497
TICKET008450,2025-01-09,PROP019,Plumbing,Emergency,Closed,2025-01-09,0,1328.254004285664
TICKET008451,2025-01-09,PROP003,Landscaping,High,Closed,2025-01-10,1,1143.0441006067185
TICKET008452,2025-01-09,PROP022,Structural,Medium,Closed,2025-01-13,4,1059.6184044758081
TICKET008453,2025-01-09,PROP023,General Maintenance,Low,Closed,2025-01-28,19,1461.6243494669982
TICKET008454,2025-01-09,PROP018,Landscaping,Medium,Closed,2025-01-16,7,387.2268553644525
TICKET008455,2025-01-09,PROP003,Structural,Low,Closed,2025-01-20,11,449.9786956072227
TICKET008456,2025-01-09,PROP004,Structural,High,Closed,2025-01-13,4,202.99939700511138
TICKET008457,2025-01-09,PROP006,HVAC,Low,Closed,2025-01-28,19,841.5721041363948
TICKET008458,2025-01-09,PROP016,General Maintenance,Medium,Closed,2025-01-16,7,1142.613835465294
TICKET008459,2025-01-09,PROP018,Electrical,Emergency,In Progress,,22,
TICKET008460,2025-01-09,PROP010,Appliance,Medium,Closed,2025-01-16,7,1194.1201312480312
TICKET008461,2025-01-09,PROP005,Structural,Low,Closed,2025-01-18,9,790.9123027202991
TICKET008462,2025-01-09,PROP004,General Maintenance,Emergency,Pending Parts,,22,
TICKET008463,2025-01-09,PROP018,Pest Control,Low,Closed,2025-01-24,15,1027.6998206227295
TICKET008464,2025-01-09,PROP004,General Maintenance,Medium,Closed,2025-01-18,9,1331.938294918699
TICKET008465,2025-01-09,PROP021,General Maintenance,Low,Closed,2025-01-25,16,1401.5491315349448
TICKET008466,2025-01-10,PROP020,Appliance,High,Closed,2025-01-13,3,62.63402730617352
TICKET008467,2025-01-10,PROP009,Structural,Low,Closed,2025-01-24,14,530.7441896722147
TICKET008468,2025-01-10,PROP011,Plumbing,Medium,Closed,2025-01-13,3,238.48014843704496
TICKET008469,2025-01-10,PROP024,Appliance,Medium,Closed,2025-01-14,4,822.4636744651016
TICKET008470,2025-01-10,PROP022,Pest Control,Medium,Closed,2025-01-13,3,1337.9873763463315
TICKET008471,2025-01-10,PROP024,Plumbing,Low,Closed,2025-01-15,5,115.65969898070063
TICKET008472,2025-01-10,PROP009,Appliance,Low,Closed,2025-01-15,5,1246.2329612345934
TICKET008473,2025-01-10,PROP007,Landscaping,High,Closed,2025-01-13,3,364.8873828142294
TICKET008474,2025-01-10,PROP022,Plumbing,Medium,Closed,2025-01-19,9,479.127746590923
TICKET008475,2025-01-10,PROP021,Electrical,Low,Closed,2025-01-29,19,171.129057310594
TICKET008476,2025-01-10,PROP004,Landscaping,Medium,Closed,2025-01-16,6,846.7933682943633
TICKET008477,2025-01-10,PROP004,Plumbing,Medium,Closed,2025-01-13,3,69.55252628183186
TICKET008478,2025-01-10,PROP002,Pest Control,High,Open,,21,
TICKET008479,2025-01-10,PROP001,Appliance,Low,Closed,2025-01-26,16,1186.8721808823968
TICKET008480,2025-01-10,PROP011,Plumbing,Low,Closed,2025-01-27,17,1491.5636255408679
TICKET008481,2025-01-10,PROP023,General Maintenance,High,Closed,2025-01-11,1,222.93805187430635
TICKET008482,2025-01-11,PROP008,General Maintenance,Medium,Pending Parts,,20,
TICKET008483,2025-01-11,PROP001,General Maintenance,Medium,Closed,2025-01-19,8,538.6798261539273
TICKET008484,2025-01-11,PROP004,Structural,Low,Closed,2025-01-21,10,476.4948157687089
TICKET008485,2025-01-11,PROP002,Structural,Emergency,In Progress,,20,
TICKET008486,2025-01-11,PROP013,Appliance,Low,In Progress,,20,
TICKET008487,2025-01-11,PROP021,Landscaping,Emergency,Closed,2025-01-11,0,960.1709440230368
TICKET008488,2025-01-11,PROP018,Landscaping,Medium,Closed,2025-01-20,9,1412.9122989736422
TICKET008489,2025-01-11,PROP016,Pest Control,High,Closed,2025-01-14,3,1472.7151867588993
TICKET008490,2025-01-11,PROP019,HVAC,Low,Closed,2025-01-23,12,1412.9316476337387
TICKET008491,2025-01-11,PROP020,General Maintenance,Low,Closed,2025-01-30,19,1211.5926220734589
TICKET008492,2025-01-11,PROP007,HVAC,Emergency,Closed,2025-01-11,0,614.0582978388882
TICKET008493,2025-01-11,PROP011,Plumbing,Low,Closed,2025-01-20,9,524.0088354596119
TICKET008494,2025-01-11,PROP010,Appliance,High,Open,,20,
TICKET008495,2025-01-11,PROP013,Electrical,Low,Pending Parts,,20,
TICKET008496,2025-01-11,PROP013,General Maintenance,Low,Open,,20,
TICKET008497,2025-01-11,PROP003,Pest Control,Medium,Closed,2025-01-15,4,1234.7546193798617
TICKET008498,2025-01-12,PROP011,Landscaping,Low,Closed,2025-01-27,15,268.2829421836186
TICKET008499,2025-01-12,PROP020,Electrical,Emergency,Closed,2025-01-12,0,975.0480175492094
TICKET008500,2025-01-12,PROP020,General Maintenance,Low,Closed,2025-01-30,18,957.0533801439698
TICKET008501,2025-01-12,PROP017,Structural,Low,Closed,2025-01-20,8,628.9086405190211
TICKET008502,2025-01-12,PROP017,Electrical,Medium,Closed,2025-01-16,4,1247.0243634819462
TICKET008503,2025-01-12,PROP009,Appliance,Medium,Closed,2025-01-21,9,188.20010017645888
TICKET008504,2025-01-12,PROP013,Pest Control,High,Open,,19,
TICKET008505,2025-01-12,PROP006,Plumbing,Low,Closed,2025-01-17,5,1497.7740468472612
TICKET008506,2025-01-12,PROP024,Structural,High,Closed,2025-01-16,4,524.1081949457694
TICKET008507,2025-01-12,PROP008,Pest Control,Low,Closed,2025-01-29,17,170.75832420465866
TICKET008508,2025-01-12,PROP023,Plumbing,Low,Pending Parts,,19,
TICKET008509,2025-01-12,PROP005,Pest Control,High,Open,,19,
TICKET008510,2025-01-12,PROP004,General Maintenance,Medium,Closed,2025-01-19,7,592.5523518591725
TICKET008511,2025-01-12,PROP007,Pest Control,Low,Closed,2025-01-24,12,356.88244960281514
TICKET008512,2025-01-12,PROP018,Appliance,High,Closed,2025-01-16,4,357.97763187765867
TICKET008513,2025-01-12,PROP003,HVAC,Low,Closed,2025-01-21,9,1074.5828792249704
TICKET008514,2025-01-12,PROP016,Pest Control,Medium,Closed,2025-01-15,3,211.14813292780576
TICKET008515,2025-01-12,PROP001,Appliance,High,Closed,2025-01-14,2,568.8503470139224
TICKET008516,2025-01-12,PROP005,HVAC,Medium,Closed,2025-01-16,4,233.9146021138299
TICKET008517,2025-01-12,PROP024,Structural,Low,In Progress,,19,
TICKET008518,2025-01-12,PROP025,Landscaping,High,Closed,2025-01-13,1,341.41261611805083
TICKET008519,2025-01-12,PROP018,Appliance,Low,Closed,2025-01-23,11,982.492290170678
TICKET008520,2025-01-12,PROP003,HVAC,Low,Closed,2025-01-29,17,1244.224957330043
TICKET008521,2025-01-12,PROP001,Pest Control,Medium,Closed,2025-01-20,8,456.48202936804944
TICKET008522,2025-01-12,PROP016,Plumbing,Low,Closed,2025-01-28,16,1463.1836892015233
TICKET008523,2025-01-12,PROP001,General Maintenance,Medium,Closed,2025-01-15,3,126.69586865337511
TICKET008524,2025-01-12,PROP012,Structural,Low,Closed,2025-01-19,7,307.9135734002924
TICKET008525,2025-01-13,PROP015,Landscaping,Medium,Pending Parts,,18,
TICKET008526,2025-01-13,PROP004,Plumbing,Low,Closed,2025-01-22,9,844.7640369079462
TICKET008527,2025-01-13,PROP010,Plumbing,Medium,Closed,2025-01-21,8,606.5241516278553
TICKET008528,2025-01-13,PROP005,Electrical,Medium,Closed,2025-01-18,5,1036.8282845148033
TICKET008529,2025-01-13,PROP011,Appliance,Low,Closed,2025-01-30,17,1074.0625476573393
TICKET008530,2025-01-13,PROP001,Pest Control,Low,Closed,2025-01-26,13,711.2292745154963
TICKET008531,2025-01-13,PROP007,HVAC,Low,Closed,2025-01-24,11,1375.4332058151197
TICKET008532,2025-01-13,PROP005,Plumbing,Medium,Closed,2025-01-17,4,1304.735741423933
TICKET008533,2025-01-13,PROP001,Landscaping,Low,Closed,2025-02-01,19,174.03722809844618
TICKET008534,2025-01-13,PROP019,General Maintenance,Medium,Closed,2025-01-19,6,104.19871589485976
TICKET008535,2025-01-13,PROP012,Landscaping,Medium,Closed,2025-01-16,3,353.7870619548209
TICKET008536,2025-01-13,PROP003,Landscaping,Low,Open,,18,
TICKET008537,2025-01-13,PROP016,Electrical,Medium,Closed,2025-01-17,4,1311.6071755856647
TICKET008538,2025-01-13,PROP007,Appliance,Low,Closed,2025-01-20,7,714.3690166245434
TICKET008539,2025-01-13,PROP025,Landscaping,Low,Closed,2025-01-24,11,806.9978041883776
TICKET008540,2025-01-13,PROP001,Structural,Low,Closed,2025-01-20,7,1452.7124068018672
TICKET008541,2025-01-13,PROP016,Appliance,Medium,Closed,2025-01-21,8,532.3216570262
TICKET008542,2025-01-13,PROP003,Appliance,Medium,Closed,2025-01-19,6,244.96724991497484
TICKET008543,2025-01-13,PROP021,Landscaping,Medium,In Progress,,18,
TICKET008544,2025-01-13,PROP003,Landscaping,Medium,Closed,2025-01-17,4,739.6802580796058
TICKET008545,2025-01-13,PROP005,Electrical,Low,Closed,2025-02-01,19,1200.3305131590598
TICKET008546,2025-01-13,PROP016,Appliance,Low,In Progress,,18,
TICKET008547,2025-01-14,PROP005,Electrical,Low,Closed,2025-01-27,13,124.98185967358167
TICKET008548,2025-01-14,PROP011,Electrical,Emergency,Closed,2025-01-14,0,844.3295842488509
TICKET008549,2025-01-14,PROP016,Structural,Low,Closed,2025-01-29,15,589.117657805324
TICKET008550,2025-01-14,PROP024,Plumbing,Medium,Closed,2025-01-23,9,1067.294510281997
TICKET008551,2025-01-14,PROP019,Electrical,Low,In Progress,,17,
TICKET008552,2025-01-14,PROP019,Pest Control,High,Closed,2025-01-16,2,1254.5269208515874
TICKET008553,2025-01-14,PROP016,Landscaping,Low,Closed,2025-01-19,5,233.89376321483093
TICKET008554,2025-01-14,PROP022,HVAC,Medium,Closed,2025-01-20,6,84.83174606331892
TICKET008555,2025-01-14,PROP004,Structural,Emergency,Open,,17,
TICKET008556,2025-01-14,PROP020,Plumbing,High,In Progress,,17,
TICKET008557,2025-01-14,PROP003,General Maintenance,Low,Closed,2025-02-02,19,1266.5018522938885
TICKET008558,2025-01-14,PROP024,Appliance,High,Open,,17,
TICKET008559,2025-01-14,PROP014,Pest Control,High,Closed,2025-01-18,4,1030.9807280141806
TICKET008560,2025-01-14,PROP021,Appliance,Low,Closed,2025-01-19,5,934.7256049711334
TICKET008561,2025-01-14,PROP012,Appliance,Medium,Closed,2025-01-22,8,685.5998938303446
TICKET008562,2025-01-14,PROP025,HVAC,Low,Closed,2025-01-27,13,942.1421357145224
TICKET008563,2025-01-14,PROP009,HVAC,Low,In Progress,,17,
TICKET008564,2025-01-14,PROP018,Appliance,Low,Closed,2025-01-25,11,285.8269283481459
TICKET008565,2025-01-14,PROP020,HVAC,Medium,Closed,2025-01-19,5,508.7263988867358
TICKET008566,2025-01-14,PROP011,Pest Control,Low,Closed,2025-01-28,14,1465.8213359263368
TICKET008567,2025-01-14,PROP025,Plumbing,Low,Closed,2025-01-20,6,108.45026080841126
TICKET008568,2025-01-14,PROP013,Landscaping,Medium,Closed,2025-01-18,4,1237.1915907995435
TICKET008569,2025-01-14,PROP013,HVAC,High,Closed,2025-01-16,2,579.8091617120451
TICKET008570,2025-01-14,PROP013,Structural,Medium,Open,,17,
TICKET008571,2025-01-14,PROP003,Pest Control,Low,Closed,2025-01-28,14,755.4311956560545
TICKET008572,2025-01-14,PROP019,General Maintenance,Emergency,Closed,2025-01-14,0,245.67336911387727
TICKET008573,2025-01-14,PROP012,Plumbing,Emergency,In Progress,,17,
TICKET008574,2025-01-14,PROP008,Plumbing,Low,Closed,2025-01-30,16,915.5261541401626
TICKET008575,2025-01-14,PROP003,General Maintenance,Low,Closed,2025-01-22,8,1238.224214979509
TICKET008576,2025-01-14,PROP024,Structural,Medium,Closed,2025-01-21,7,1027.3409837271493
TICKET008577,2025-01-15,PROP018,Electrical,Low,Closed,2025-01-20,5,634.3110387665005
TICKET008578,2025-01-15,PROP022,Structural,Medium,Pending Parts,,16,
TICKET008579,2025-01-15,PROP012,HVAC,Medium,Closed,2025-01-18,3,465.24670830413197
TICKET008580,2025-01-15,PROP011,HVAC,High,Closed,2025-01-17,2,961.7520480747293
TICKET008581,2025-01-15,PROP019,Electrical,Low,Closed,2025-01-23,8,1436.769860907835
TICKET008582,2025-01-15,PROP011,Landscaping,Low,Closed,2025-01-29,14,450.51850177799383
TICKET008583,2025-01-15,PROP015,HVAC,Medium,Closed,2025-01-18,3,108.21737222396334
TICKET008584,2025-01-15,PROP023,General Maintenance,High,Closed,2025-01-19,4,1280.3437806288234
TICKET008585,2025-01-15,PROP022,General Maintenance,Low,Closed,2025-02-02,18,464.4004208971564
TICKET008586,2025-01-15,PROP001,General Maintenance,Low,Closed,2025-01-31,16,1457.126919636539
TICKET008587,2025-01-15,PROP019,Electrical,High,Closed,2025-01-16,1,991.2344938489773
TICKET008588,2025-01-15,PROP007,Plumbing,Emergency,Closed,2025-01-15,0,472.91186596308137
TICKET008589,2025-01-15,PROP001,Structural,Low,Closed,2025-01-29,14,320.4409440674151
TICKET008590,2025-01-15,PROP005,Plumbing,Emergency,Closed,2025-01-15,0,792.6045625828215
TICKET008591,2025-01-15,PROP025,Landscaping,Low,Closed,2025-01-22,7,1457.9453168137984
TICKET008592,2025-01-15,PROP011,Appliance,Medium,Pending Parts,,16,
TICKET008593,2025-01-15,PROP016,Landscaping,Medium,Pending Parts,,16,
TICKET008594,2025-01-15,PROP025,Electrical,Medium,Closed,2025-01-20,5,822.4203961634761
TICKET008595,2025-01-15,PROP021,HVAC,Low,Closed,2025-01-28,13,1200.85354052091
TICKET008596,2025-01-15,PROP014,Structural,High,Closed,2025-01-19,4,1139.5660617365038
TICKET008597,2025-01-15,PROP017,Structural,Low,Open,,16,
TICKET008598,2025-01-15,PROP008,Landscaping,Low,Closed,2025-01-22,7,1465.0356194548206
TICKET008599,2025-01-15,PROP006,HVAC,Low,Closed,2025-01-29,14,1198.1921553961968
TICKET008600,2025-01-15,PROP018,Structural,Low,Closed,2025-02-01,17,1130.9360903317493
TICKET008601,2025-01-16,PROP010,General Maintenance,High,Closed,2025-01-19,3,1119.4738184297194
TICKET008602,2025-01-16,PROP011,Electrical,High,In Progress,,15,
TICKET008603,2025-01-16,PROP003,Pest Control,Low,Closed,2025-01-31,15,71.01367421213617
TICKET008604,2025-01-16,PROP025,HVAC,Low,Closed,2025-01-29,13,349.2321523765175
TICKET008605,2025-01-16,PROP025,HVAC,High,Closed,2025-01-19,3,857.2242349937364
TICKET008606,2025-01-16,PROP022,Electrical,Medium,Closed,2025-01-20,4,265.9797145210756
TICKET008607,2025-01-16,PROP010,Structural,Low,Closed,2025-01-24,8,1025.2956110678792
TICKET008608,2025-01-16,PROP009,Landscaping,Low,In Progress,,15,
TICKET008609,2025-01-16,PROP013,Structural,Low,Open,,15,
TICKET008610,2025-01-16,PROP005,Electrical,Medium,In Progress,,15,
TICKET008611,2025-01-16,PROP020,General Maintenance,Low,Closed,2025-01-25,9,802.44294211139
TICKET008612,2025-01-16,PROP019,Appliance,Medium,Closed,2025-01-20,4,431.34894995192275
TICKET008613,2025-01-16,PROP011,HVAC,High,Open,,15,
TICKET008614,2025-01-16,PROP001,Landscaping,High,Closed,2025-01-20,4,1092.5507185148601
TICKET008615,2025-01-16,PROP007,Plumbing,Low,Closed,2025-02-04,19,1488.6298887088794
TICKET008616,2025-01-16,PROP012,HVAC,Medium,Closed,2025-01-20,4,1333.186241820905
TICKET008617,2025-01-16,PROP006,Appliance,Low,Closed,2025-01-25,9,1274.8750878655644
TICKET008618,2025-01-16,PROP007,Plumbing,Medium,Closed,2025-01-23,7,51.367537144773905
TICKET008619,2025-01-16,PROP015,General Maintenance,Low,Pending Parts,,15,
TICKET008620,2025-01-16,PROP025,Landscaping,Medium,Closed,2025-01-20,4,1309.5047855567489
TICKET008621,2025-01-16,PROP012,Plumbing,Low,Closed,2025-01-25,9,999.510591478489
TICKET008622,2025-01-16,PROP016,Electrical,Low,Open,,15,
TICKET008623,2025-01-16,PROP018,Appliance,Low,Closed,2025-01-24,8,1374.2479994235175
TICKET008624,2025-01-16,PROP018,Appliance,Low,Closed,2025-01-21,5,324.0229126628849
TICKET008625,2025-01-16,PROP001,Structural,High,Closed,2025-01-17,1,1226.5394626777822
TICKET008626,2025-01-16,PROP008,Electrical,Low,Closed,2025-01-22,6,695.76808810318
TICKET008627,2025-01-16,PROP010,Electrical,Medium,Pending Parts,,15,
TICKET008628,2025-01-16,PROP025,Electrical,Low,Closed,2025-01-21,5,732.8584122588708
TICKET008629,2025-01-16,PROP001,Pest Control,Low,Closed,2025-02-03,18,768.7620696469633
TICKET008630,2025-01-16,PROP020,Plumbing,High,Open,,15,
TICKET008631,2025-01-17,PROP022,Pest Control,Emergency,Closed,2025-01-17,0,1203.946145817932
TICKET008632,2025-01-17,PROP012,Electrical,Emergency,Closed,2025-01-18,1,1107.9867236581822
TICKET008633,2025-01-17,PROP017,Pest Control,High,Closed,2025-01-19,2,1014.9724808713811
TICKET008634,2025-01-17,PROP025,Appliance,Low,Closed,2025-01-25,8,1054.790548290714
TICKET008635,2025-01-17,PROP016,Plumbing,High,Closed,2025-01-21,4,626.1696192408768
TICKET008636,2025-01-17,PROP008,HVAC,High,Closed,2025-01-18,1,238.97550616357387
TICKET008637,2025-01-17,PROP018,Structural,High,Closed,2025-01-19,2,1337.5235755699664
TICKET008638,2025-01-17,PROP001,HVAC,Low,Pending Parts,,14,
TICKET008639,2025-01-17,PROP022,Plumbing,High,Closed,2025-01-19,2,605.6027050923656
TICKET008640,2025-01-17,PROP012,Pest Control,Medium,Open,,14,
TICKET008641,2025-01-17,PROP011,Plumbing,Low,Closed,2025-01-28,11,947.526996512808
TICKET008642,2025-01-17,PROP015,Landscaping,Low,Closed,2025-01-24,7,1147.3850101807134
TICKET008643,2025-01-17,PROP003,Landscaping,Low,Closed,2025-01-25,8,1117.0289699393961
TICKET008644,2025-01-17,PROP020,HVAC,High,Closed,2025-01-20,3,918.0309958553925
TICKET008645,2025-01-17,PROP006,Plumbing,Emergency,Closed,2025-01-18,1,265.9390758633708
TICKET008646,2025-01-17,PROP012,General Maintenance,Medium,Closed,2025-01-23,6,740.030185073081
TICKET008647,2025-01-17,PROP025,Electrical,Medium,Closed,2025-01-21,4,377.8561891128618
TICKET008648,2025-01-17,PROP017,Landscaping,Medium,Closed,2025-01-23,6,833.2759841842075
TICKET008649,2025-01-17,PROP006,Pest Control,Low,Closed,2025-01-26,9,525.3572096565265
TICKET008650,2025-01-17,PROP017,Landscaping,Medium,Open,,14,
TICKET008651,2025-01-17,PROP019,Pest Control,Low,Pending Parts,,14,
TICKET008652,2025-01-17,PROP009,Electrical,High,Closed,2025-01-19,2,1169.5512207175034
TICKET008653,2025-01-17,PROP008,Plumbing,Low,Closed,2025-01-30,13,920.2727431380034
TICKET008654,2025-01-17,PROP016,Pest Control,Medium,Closed,2025-01-22,5,864.3409397880489
TICKET008655,2025-01-17,PROP016,Structural,Medium,Closed,2025-01-20,3,1113.7960643966824
TICKET008656,2025-01-17,PROP025,Landscaping,High,Closed,2025-01-18,1,122.29879383845463
TICKET008657,2025-01-17,PROP002,Structural,Low,Closed,2025-01-26,9,1385.1853579353985
TICKET008658,2025-01-18,PROP006,Structural,Low,Closed,2025-01-24,6,1275.33176309498
TICKET008659,2025-01-18,PROP023,Pest Control,Low,Closed,2025-01-31,13,676.864532561433
TICKET008660,2025-01-18,PROP012,Appliance,Medium,Closed,2025-01-22,4,1375.2744564391332
TICKET008661,2025-01-18,PROP019,Pest Control,Medium,Open,,13,
TICKET008662,2025-01-18,PROP021,Appliance,Medium,Closed,2025-01-22,4,471.1330286304155
TICKET008663,2025-01-18,PROP020,General Maintenance,Medium,Closed,2025-01-22,4,182.94857355722908
TICKET008664,2025-01-18,PROP023,HVAC,Emergency,Pending Parts,,13,
TICKET008665,2025-01-18,PROP010,Structural,High,Pending Parts,,13,
TICKET008666,2025-01-18,PROP024,Appliance,Medium,Closed,2025-01-25,7,1261.2664831506206
TICKET008667,2025-01-18,PROP009,HVAC,Medium,Closed,2025-01-23,5,693.8994372149109
TICKET008668,2025-01-18,PROP001,Pest Control,High,Closed,2025-01-19,1,1392.3843660823595
TICKET008669,2025-01-18,PROP006,Plumbing,Low,Closed,2025-02-02,15,634.7006465051813
TICKET008670,2025-01-18,PROP007,General Maintenance,Medium,Closed,2025-01-21,3,834.5351460750121
TICKET008671,2025-01-18,PROP011,Plumbing,High,Closed,2025-01-22,4,1070.101151163935
TICKET008672,2025-01-18,PROP024,Electrical,Medium,Closed,2025-01-24,6,259.8424208834747
TICKET008673,2025-01-18,PROP015,Landscaping,Low,Closed,2025-01-30,12,1414.7460635528998
TICKET008674,2025-01-18,PROP014,Landscaping,Low,Closed,2025-02-02,15,291.12858512517505
TICKET008675,2025-01-18,PROP007,Pest Control,Low,Closed,2025-01-23,5,628.4345426359395
TICKET008676,2025-01-18,PROP019,Plumbing,Medium,In Progress,,13,
TICKET008677,2025-01-18,PROP009,Electrical,Medium,Open,,13,
TICKET008678,2025-01-18,PROP022,Pest Control,Low,Closed,2025-01-23,5,944.3086766223569
TICKET008679,2025-01-18,PROP005,Pest Control,Medium,Closed,2025-01-25,7,266.71652512060814
TICKET008680,2025-01-18,PROP009,Electrical,Medium,Closed,2025-01-27,9,235.09307995349099
TICKET008681,2025-01-18,PROP020,HVAC,Low,Closed,2025-02-03,16,1495.9831545329112
TICKET008682,2025-01-18,PROP011,Plumbing,Medium,Pending Parts,,13,
TICKET008683,2025-01-18,PROP002,Appliance,Low,Closed,2025-02-04,17,146.38637789197008
TICKET008684,2025-01-19,PROP020,Appliance,High,Closed,2025-01-22,3,113.8962780643821
TICKET008685,2025-01-19,PROP017,General Maintenance,High,Pending Parts,,12,
TICKET008686,2025-01-19,PROP024,General Maintenance,Low,Closed,2025-01-29,10,754.8350420496422
TICKET008687,2025-01-19,PROP008,Electrical,High,In Progress,,12,
TICKET008688,2025-01-19,PROP003,General Maintenance,Emergency,Closed,2025-01-20,1,520.8673633732687
TICKET008689,2025-01-19,PROP017,General Maintenance,Medium,Closed,2025-01-23,4,536.9487539877083
TICKET008690,2025-01-19,PROP007,Appliance,High,In Progress,,12,
TICKET008691,2025-01-19,PROP003,Electrical,High,Closed,2025-01-22,3,124.70770711986273
TICKET008692,2025-01-19,PROP001,Landscaping,Medium,Closed,2025-01-23,4,1379.997659751067
TICKET008693,2025-01-19,PROP009,Pest Control,Low,In Progress,,12,
TICKET008694,2025-01-19,PROP005,Plumbing,Medium,Closed,2025-01-26,7,116.4863457181064
TICKET008695,2025-01-19,PROP024,Landscaping,Low,Closed,2025-01-27,8,70.03489793602868
TICKET008696,2025-01-19,PROP015,Electrical,Low,Closed,2025-02-07,19,1023.3276495284341
TICKET008697,2025-01-19,PROP023,Structural,Emergency,Closed,2025-01-20,1,732.9605823589924
TICKET008698,2025-01-19,PROP025,Pest Control,Low,Closed,2025-02-05,17,1492.0294381642962
TICKET008699,2025-01-19,PROP016,General Maintenance,Medium,Pending Parts,,12,
TICKET008700,2025-01-19,PROP020,Appliance,High,Closed,2025-01-23,4,63.19993901483981
TICKET008701,2025-01-19,PROP011,Pest Control,High,Closed,2025-01-23,4,210.93573795872592
TICKET008702,2025-01-19,PROP020,Electrical,Medium,Closed,2025-01-28,9,1066.3912298222535
TICKET008703,2025-01-19,PROP023,Electrical,High,Closed,2025-01-22,3,623.7301340074232
TICKET008704,2025-01-20,PROP022,Plumbing,High,Closed,2025-01-24,4,1466.089313386382
TICKET008705,2025-01-20,PROP022,Appliance,Low,Closed,2025-02-04,15,1139.0975409752014
TICKET008706,2025-01-20,PROP013,Structural,Medium,Closed,2025-01-25,5,1159.7645646509725
TICKET008707,2025-01-20,PROP001,Appliance,High,Pending Parts,,11,
TICKET008708,2025-01-20,PROP009,Structural,Low,In Progress,,11,
TICKET008709,2025-01-20,PROP018,Structural,Low,Closed,2025-02-07,18,1457.0380208220956
TICKET008710,2025-01-20,PROP024,Plumbing,Medium,Closed,2025-01-24,4,334.95160514628986
TICKET008711,2025-01-20,PROP007,Appliance,High,Closed,2025-01-24,4,750.0854997702064
TICKET008712,2025-01-20,PROP025,Landscaping,Low,Closed,2025-02-07,18,532.6612113317672
TICKET008713,2025-01-20,PROP023,General Maintenance,Low,Closed,2025-02-08,19,350.16679999430795
TICKET008714,2025-01-20,PROP005,Landscaping,Low,Closed,2025-01-25,5,547.0378659053729
TICKET008715,2025-01-20,PROP025,General Maintenance,High,Closed,2025-01-23,3,1114.2625233332121
TICKET008716,2025-01-20,PROP024,Structural,Medium,Closed,2025-01-26,6,108.2935448571703
TICKET008717,2025-01-20,PROP008,Electrical,Medium,Closed,2025-01-26,6,606.810359371503
TICKET008718,2025-01-20,PROP001,Appliance,Medium,Closed,2025-01-25,5,1172.6640108166384
TICKET008719,2025-01-20,PROP011,Landscaping,Medium,Closed,2025-01-26,6,1078.1660397027085
TICKET008720,2025-01-20,PROP017,Structural,Medium,Closed,2025-01-26,6,353.1068085154319
TICKET008721,2025-01-20,PROP020,Plumbing,Low,Closed,2025-02-04,15,464.6412674123203
TICKET008722,2025-01-20,PROP005,General Maintenance,High,Closed,2025-01-22,2,394.8410815881508
TICKET008723,2025-01-20,PROP007,Pest Control,Medium,Closed,2025-01-29,9,215.94486736273984
TICKET008724,2025-01-20,PROP019,HVAC,High,Closed,2025-01-22,2,1049.4518263023563
TICKET008725,2025-01-20,PROP023,Pest Control,Medium,Closed,2025-01-27,7,205.83510670550965
TICKET008726,2025-01-20,PROP001,General Maintenance,Low,In Progress,,11,
TICKET008727,2025-01-21,PROP016,HVAC,Low,Closed,2025-02-01,11,1227.3134297005165
TICKET008728,2025-01-21,PROP009,General Maintenance,Medium,Closed,2025-01-28,7,1484.1747461800358
TICKET008729,2025-01-21,PROP012,HVAC,Low,Closed,2025-02-04,14,768.3503408420116
TICKET008730,2025-01-21,PROP001,HVAC,Low,In Progress,,10,
TICKET008731,2025-01-21,PROP003,Electrical,Low,Closed,2025-02-07,17,815.5875112938892
TICKET008732,2025-01-21,PROP008,HVAC,Medium,Closed,2025-01-27,6,749.7126682618979
TICKET008733,2025-01-21,PROP024,General Maintenance,Low,Closed,2025-02-08,18,795.2005374754237
TICKET008734,2025-01-21,PROP018,General Maintenance,Medium,Closed,2025-01-28,7,624.9664319500788
TICKET008735,2025-01-21,PROP022,Structural,High,Closed,2025-01-22,1,1033.234371001102
TICKET008736,2025-01-21,PROP001,HVAC,Medium,Closed,2025-01-28,7,581.851326399457
TICKET008737,2025-01-21,PROP004,Structural,Medium,Closed,2025-01-26,5,1312.4428101926667
TICKET008738,2025-01-21,PROP002,Electrical,Medium,Closed,2025-01-24,3,1084.6224847864273
TICKET008739,2025-01-21,PROP005,Landscaping,High,Closed,2025-01-23,2,401.82891618583034
TICKET008740,2025-01-21,PROP003,Structural,Low,Closed,2025-01-29,8,996.3210571656206
TICKET008741,2025-01-21,PROP009,Structural,High,Closed,2025-01-22,1,1491.750612531747
TICKET008742,2025-01-21,PROP025,Landscaping,Low,Closed,2025-02-01,11,1494.4992500141989
TICKET008743,2025-01-21,PROP005,Pest Control,Medium,Closed,2025-01-27,6,266.6121689525727
TICKET008744,2025-01-21,PROP005,Pest Control,Medium,Closed,2025-01-26,5,1137.441563766292
TICKET008745,2025-01-21,PROP024,General Maintenance,Medium,Closed,2025-01-26,5,980.4029202407736
TICKET008746,2025-01-21,PROP016,Plumbing,High,Closed,2025-01-24,3,953.0310277913245
TICKET008747,2025-01-21,PROP002,General Maintenance,High,Closed,2025-01-25,4,939.3148541409897
TICKET008748,2025-01-22,PROP001,Structural,Emergency,Closed,2025-01-22,0,783.0981463712092
TICKET008749,2025-01-22,PROP011,Pest Control,Medium,Closed,2025-01-26,4,1260.4444260532616
TICKET008750,2025-01-22,PROP017,Landscaping,High,Closed,2025-01-25,3,679.2633296176662
TICKET008751,2025-01-22,PROP019,Plumbing,Medium,Closed,2025-01-28,6,602.9188189134034
TICKET008752,2025-01-22,PROP001,HVAC,Low,Open,,9,
TICKET008753,2025-01-22,PROP017,Pest Control,Low,Closed,2025-02-04,13,1188.5190155533114
TICKET008754,2025-01-22,PROP017,Appliance,Medium,Closed,2025-01-27,5,373.30600286009906
TICKET008755,2025-01-22,PROP010,Structural,Low,Closed,2025-01-27,5,778.0249250126087
TICKET008756,2025-01-22,PROP007,Electrical,Emergency,Closed,2025-01-23,1,633.4448964732021
TICKET008757,2025-01-22,PROP002,Structural,Low,Closed,2025-02-06,15,1174.309492376859
TICKET008758,2025-01-22,PROP022,Electrical,High,Closed,2025-01-25,3,1352.8414012960077
TICKET008759,2025-01-22,PROP012,Structural,Medium,Closed,2025-01-27,5,833.9529757589204
TICKET008760,2025-01-22,PROP003,General Maintenance,Medium,Closed,2025-01-30,8,1010.0079086465266
TICKET008761,2025-01-22,PROP002,Plumbing,High,Closed,2025-01-25,3,931.301768314398
TICKET008762,2025-01-22,PROP016,Plumbing,High,Closed,2025-01-25,3,710.2070857180197
TICKET008763,2025-01-22,PROP007,Pest Control,High,Closed,2025-01-23,1,440.2955320544301
TICKET008764,2025-01-22,PROP024,HVAC,Low,Closed,2025-02-07,16,904.2122617618452
TICKET008765,2025-01-22,PROP022,Structural,Medium,Closed,2025-01-29,7,1098.4800768301316
TICKET008766,2025-01-22,PROP009,Pest Control,Low,Closed,2025-01-30,8,963.3474970037981
TICKET008767,2025-01-22,PROP016,Electrical,Medium,Closed,2025-01-29,7,1483.6941153982436
TICKET008768,2025-01-22,PROP016,Electrical,High,Closed,2025-01-26,4,1471.2433144136658
TICKET008769,2025-01-22,PROP010,Appliance,Medium,In Progress,,9,
TICKET008770,2025-01-22,PROP021,General Maintenance,High,Closed,2025-01-25,3,356.4714406321224
TICKET008771,2025-01-22,PROP001,General Maintenance,Medium,Closed,2025-01-29,7,1247.707264473683
TICKET008772,2025-01-22,PROP001,Pest Control,Emergency,Closed,2025-01-22,0,1348.4499952124336
TICKET008773,2025-01-22,PROP018,HVAC,Medium,Closed,2025-01-30,8,432.51486367668304
TICKET008774,2025-01-22,PROP012,Pest Control,Medium,Closed,2025-01-28,6,1460.0508094773922
TICKET008775,2025-01-22,PROP015,Structural,Medium,Closed,2025-01-30,8,494.47091057460847
TICKET008776,2025-01-22,PROP013,Landscaping,Low,Closed,2025-02-08,17,872.9002076837534
TICKET008777,2025-01-22,PROP019,Plumbing,Medium,Pending Parts,,9,
TICKET008778,2025-01-22,PROP012,Appliance,Low,Closed,2025-02-02,11,947.3502854246688
TICKET008779,2025-01-22,PROP024,Structural,Low,Closed,2025-02-07,16,464.53261423064396
TICKET008780,2025-01-22,PROP010,Plumbing,Medium,Closed,2025-01-29,7,1171.7631998501702
TICKET008781,2025-01-23,PROP001,Plumbing,Low,In Progress,,8,
TICKET008782,2025-01-23,PROP008,General Maintenance,Medium,Open,,8,
TICKET008783,2025-01-23,PROP019,Electrical,Low,Closed,2025-02-07,15,1072.8617535583608
TICKET008784,2025-01-23,PROP011,General Maintenance,Low,Closed,2025-01-30,7,819.4234909995766
TICKET008785,2025-01-23,PROP008,Pest Control,Medium,Closed,2025-02-01,9,1345.4344766411264
TICKET008786,2025-01-23,PROP022,Appliance,Low,Closed,2025-02-02,10,574.0564098888669
TICKET008787,2025-01-23,PROP009,Landscaping,Low,Closed,2025-01-30,7,577.5362655393535
TICKET008788,2025-01-23,PROP005,Structural,Low,Closed,2025-01-29,6,619.4653264266752
TICKET008789,2025-01-23,PROP018,Pest Control,Medium,Closed,2025-01-29,6,842.1354100053936
TICKET008790,2025-01-23,PROP023,Electrical,Low,Closed,2025-02-01,9,1175.1004729561953
TICKET008791,2025-01-23,PROP008,HVAC,Low,Closed,2025-02-10,18,938.0650717159065
TICKET008792,2025-01-23,PROP017,Electrical,Low,Closed,2025-02-08,16,786.5572556940733
TICKET008793,2025-01-23,PROP008,Structural,Low,In Progress,,8,
TICKET008794,2025-01-23,PROP003,HVAC,Low,Closed,2025-02-01,9,1256.1684125380655
TICKET008795,2025-01-23,PROP013,Pest Control,High,Closed,2025-01-27,4,778.9639168633073
TICKET008796,2025-01-23,PROP001,Landscaping,Medium,Closed,2025-01-31,8,154.1051563726685
TICKET008797,2025-01-23,PROP005,HVAC,Emergency,Closed,2025-01-23,0,207.36212301473347
TICKET008798,2025-01-23,PROP005,Electrical,High,Closed,2025-01-25,2,949.9946739587627
TICKET008799,2025-01-23,PROP009,Landscaping,Medium,Closed,2025-01-28,5,668.0773814243596
TICKET008800,2025-01-23,PROP015,Electrical,Medium,Closed,2025-01-31,8,618.8180081429366
TICKET008801,2025-01-23,PROP015,Pest Control,Low,Closed,2025-02-03,11,121.59029447728456
TICKET008802,2025-01-23,PROP001,HVAC,Medium,Closed,2025-01-27,4,975.839977940949
TICKET008803,2025-01-23,PROP010,Landscaping,Low,Open,,8,
TICKET008804,2025-01-23,PROP020,Pest Control,Medium,In Progress,,8,
TICKET008805,2025-01-23,PROP009,General Maintenance,Low,Closed,2025-02-11,19,837.6058560434683
TICKET008806,2025-01-23,PROP022,HVAC,High,Closed,2025-01-24,1,996.9530835633451
TICKET008807,2025-01-23,PROP019,Electrical,Medium,Closed,2025-01-31,8,222.18302400197757
TICKET008808,2025-01-23,PROP017,General Maintenance,Medium,Pending Parts,,8,
TICKET008809,2025-01-24,PROP022,Appliance,High,Closed,2025-01-28,4,352.5829354274055
TICKET008810,2025-01-24,PROP008,General Maintenance,Low,Open,,7,
TICKET008811,2025-01-24,PROP025,Pest Control,High,Closed,2025-01-26,2,80.37030195883779
TICKET008812,2025-01-24,PROP002,Appliance,High,Closed,2025-01-25,1,1089.2374639379022
TICKET008813,2025-01-24,PROP014,Appliance,Low,In Progress,,7,
TICKET008814,2025-01-24,PROP012,General Maintenance,Low,Pending Parts,,7,
TICKET008815,2025-01-24,PROP022,Appliance,High,Closed,2025-01-28,4,851.8074039587899
TICKET008816,2025-01-24,PROP015,Electrical,Medium,Closed,2025-01-27,3,839.5330482703134
TICKET008817,2025-01-24,PROP009,Appliance,Medium,Closed,2025-01-30,6,507.880793037409
TICKET008818,2025-01-24,PROP021,Pest Control,Low,Closed,2025-02-11,18,591.3224529779276
TICKET008819,2025-01-24,PROP008,Landscaping,Medium,Closed,2025-01-31,7,885.0662171448741
TICKET008820,2025-01-24,PROP019,Pest Control,Emergency,Closed,2025-01-24,0,1174.47305924137
TICKET008821,2025-01-24,PROP016,Plumbing,Medium,Open,,7,
TICKET008822,2025-01-24,PROP024,Structural,High,Closed,2025-01-28,4,595.2422365465541
TICKET008823,2025-01-24,PROP004,Electrical,High,Closed,2025-01-25,1,1287.5992753444148
TICKET008824,2025-01-24,PROP020,Landscaping,High,Closed,2025-01-27,3,1159.5324340023408
TICKET008825,2025-01-24,PROP019,Structural,Medium,Pending Parts,,7,
TICKET008826,2025-01-24,PROP013,Structural,High,Closed,2025-01-28,4,520.9308099932282
TICKET008827,2025-01-24,PROP014,Landscaping,Medium,Closed,2025-01-27,3,193.30873701403658
TICKET008828,2025-01-24,PROP011,Landscaping,Medium,Closed,2025-01-29,5,1328.4025817769366
TICKET008829,2025-01-24,PROP020,Plumbing,Low,Closed,2025-02-02,9,192.95070758032034
TICKET008830,2025-01-24,PROP010,Pest Control,High,Closed,2025-01-28,4,1084.0657922194307
TICKET008831,2025-01-24,PROP007,Pest Control,Medium,Pending Parts,,7,
TICKET008832,2025-01-24,PROP016,Plumbing,Medium,Closed,2025-02-01,8,354.94252202941607
TICKET008833,2025-01-24,PROP004,General Maintenance,High,Pending Parts,,7,
TICKET008834,2025-01-24,PROP001,HVAC,Medium,Open,,7,
TICKET008835,2025-01-24,PROP002,Plumbing,Medium,Closed,2025-02-02,9,1098.8291415529445
TICKET008836,2025-01-24,PROP018,Landscaping,Medium,Closed,2025-01-28,4,1240.5154042860459
TICKET008837,2025-01-24,PROP001,Appliance,High,Closed,2025-01-25,1,963.3171494515777
TICKET008838,2025-01-24,PROP003,Plumbing,High,Pending Parts,,7,
TICKET008839,2025-01-24,PROP006,Electrical,Low,Closed,2025-01-31,7,470.0672850769944
TICKET008840,2025-01-25,PROP004,HVAC,Low,Closed,2025-02-09,15,809.6854045754758
TICKET008841,2025-01-25,PROP021,Structural,High,In Progress,,6,
TICKET008842,2025-01-25,PROP025,Pest Control,Medium,Closed,2025-02-03,9,317.0723472935406
TICKET008843,2025-01-25,PROP005,Appliance,Low,Open,,6,
TICKET008844,2025-01-25,PROP017,Pest Control,Emergency,Closed,2025-01-26,1,147.1753238251281
TICKET008845,2025-01-25,PROP020,Electrical,High,Open,,6,
TICKET008846,2025-01-25,PROP005,Plumbing,Medium,Closed,2025-02-02,8,203.66219303737327
TICKET008847,2025-01-25,PROP020,Plumbing,Medium,Closed,2025-02-02,8,609.7723328114253
TICKET008848,2025-01-25,PROP005,Plumbing,Low,Closed,2025-02-08,14,972.0906236948487
TICKET008849,2025-01-25,PROP019,Electrical,High,Closed,2025-01-28,3,539.0766033017122
TICKET008850,2025-01-25,PROP013,Appliance,Medium,Closed,2025-01-30,5,1091.6167644653121
TICKET008851,2025-01-25,PROP005,Structural,Medium,Closed,2025-01-28,3,75.7585332788575
TICKET008852,2025-01-25,PROP011,Plumbing,Low,Closed,2025-02-09,15,268.8397980491163
TICKET008853,2025-01-25,PROP011,HVAC,Medium,Open,,6,
TICKET008854,2025-01-25,PROP004,Landscaping,Medium,Closed,2025-01-31,6,222.7401450748136
TICKET008855,2025-01-26,PROP019,General Maintenance,Medium,Closed,2025-01-29,3,973.3426332228313
TICKET008856,2025-01-26,PROP023,Landscaping,High,Open,,5,
TICKET008857,2025-01-26,PROP013,Structural,High,Closed,2025-01-27,1,501.26182990894756
TICKET008858,2025-01-26,PROP025,Pest Control,Medium,Closed,2025-01-30,4,1015.0913901255097
TICKET008859,2025-01-26,PROP014,Pest Control,Medium,Closed,2025-01-30,4,1187.0314959152086
TICKET008860,2025-01-26,PROP005,Appliance,Low,Closed,2025-02-10,15,276.31325598062153
TICKET008861,2025-01-26,PROP002,Electrical,Low,Closed,2025-02-02,7,1146.1042820810603
TICKET008862,2025-01-26,PROP017,Electrical,Low,Closed,2025-02-03,8,147.7924269957286
TICKET008863,2025-01-26,PROP023,General Maintenance,Medium,Pending Parts,,5,
TICKET008864,2025-01-26,PROP008,HVAC,Medium,Closed,2025-02-03,8,772.0683105696302
TICKET008865,2025-01-26,PROP009,Appliance,High,In Progress,,5,
TICKET008866,2025-01-26,PROP013,Pest Control,Low,Closed,2025-02-08,13,1308.7433494436723
TICKET008867,2025-01-26,PROP025,Landscaping,Medium,Closed,2025-02-02,7,679.3458494724531
TICKET008868,2025-01-26,PROP006,HVAC,Medium,Closed,2025-02-03,8,274.1351236992068
TICKET008869,2025-01-26,PROP006,Plumbing,Medium,Closed,2025-01-30,4,1252.6469677196628
TICKET008870,2025-01-26,PROP019,Appliance,Emergency,Closed,2025-01-26,0,281.915392296233
TICKET008871,2025-01-26,PROP015,Electrical,Medium,Closed,2025-01-30,4,1414.9686066639274
TICKET008872,2025-01-26,PROP001,Pest Control,Low,Closed,2025-01-31,5,249.166759690833
TICKET008873,2025-01-26,PROP008,Structural,Low,Closed,2025-02-05,10,1153.2410458405216
TICKET008874,2025-01-26,PROP012,Structural,High,Closed,2025-01-27,1,1155.1990826380697
TICKET008875,2025-01-26,PROP004,Landscaping,Low,Closed,2025-02-11,16,580.3785032795973
TICKET008876,2025-01-26,PROP016,HVAC,Medium,Closed,2025-02-01,6,86.36523706995462
TICKET008877,2025-01-27,PROP024,HVAC,Medium,Closed,2025-02-05,9,701.6935370239246
TICKET008878,2025-01-27,PROP007,Structural,Medium,Closed,2025-02-05,9,330.3119618732661
TICKET008879,2025-01-27,PROP001,Appliance,Medium,Closed,2025-02-02,6,1094.4832032683926
TICKET008880,2025-01-27,PROP018,Plumbing,High,Closed,2025-01-31,4,362.30828070493664
TICKET008881,2025-01-27,PROP022,Landscaping,Medium,Closed,2025-02-03,7,1146.6381907543725
TICKET008882,2025-01-27,PROP002,HVAC,Medium,Closed,2025-02-05,9,607.5770800534615
TICKET008883,2025-01-27,PROP007,Appliance,High,In Progress,,4,
TICKET008884,2025-01-27,PROP019,Landscaping,High,Closed,2025-01-28,1,517.4602176079306
TICKET008885,2025-01-27,PROP011,Structural,Medium,Closed,2025-02-01,5,140.06612956037597
TICKET008886,2025-01-27,PROP004,General Maintenance,Medium,Closed,2025-02-02,6,827.3687132640332
TICKET008887,2025-01-27,PROP016,Plumbing,Medium,Closed,2025-02-03,7,110.80991109465491
TICKET008888,2025-01-27,PROP009,Appliance,Low,Closed,2025-02-01,5,477.4007065066263
TICKET008889,2025-01-27,PROP014,Electrical,Low,Closed,2025-02-08,12,311.79550047176565
TICKET008890,2025-01-27,PROP012,Pest Control,Low,Open,,4,
TICKET008891,2025-01-27,PROP025,Appliance,Low,Closed,2025-02-15,19,598.0820841147098
TICKET008892,2025-01-27,PROP017,Pest Control,Low,Closed,2025-02-10,14,1305.203386373035
TICKET008893,2025-01-27,PROP001,Appliance,Medium,Closed,2025-02-04,8,577.1096059579878
TICKET008894,2025-01-27,PROP025,General Maintenance,Medium,Closed,2025-02-01,5,508.0993249328431
TICKET008895,2025-01-27,PROP009,Pest Control,Medium,Closed,2025-02-03,7,1168.5037853831884
TICKET008896,2025-01-27,PROP023,Appliance,Low,Open,,4,
TICKET008897,2025-01-27,PROP019,Landscaping,Low,Closed,2025-02-10,14,1281.1714914028632
TICKET008898,2025-01-27,PROP012,Electrical,Emergency,Closed,2025-01-28,1,263.0523965161531
TICKET008899,2025-01-27,PROP009,Pest Control,High,Closed,2025-01-30,3,1039.505857789554
TICKET008900,2025-01-27,PROP009,Structural,Low,Closed,2025-02-03,7,475.9733024222249
TICKET008901,2025-01-27,PROP008,Electrical,Low,Closed,2025-02-07,11,954.1700183362288
TICKET008902,2025-01-27,PROP010,HVAC,Low,Closed,2025-02-04,8,1068.4583126242364
TICKET008903,2025-01-27,PROP024,Plumbing,Low,Closed,2025-02-08,12,386.4444045757601
TICKET008904,2025-01-27,PROP005,Plumbing,Medium,Closed,2025-02-05,9,65.91252425121488
TICKET008905,2025-01-27,PROP024,Appliance,High,Closed,2025-01-29,2,210.05911225485116
TICKET008906,2025-01-27,PROP021,General Maintenance,Medium,Closed,2025-01-31,4,1094.1378058669582
TICKET008907,2025-01-27,PROP002,Electrical,Medium,In Progress,,4,
TICKET008908,2025-01-27,PROP023,HVAC,Medium,Closed,2025-01-30,3,1020.5755093416254
TICKET008909,2025-01-27,PROP023,Plumbing,Medium,Closed,2025-02-04,8,169.92746823667034
TICKET008910,2025-01-28,PROP003,HVAC,Low,Closed,2025-02-05,8,141.26645679065396
TICKET008911,2025-01-28,PROP016,General Maintenance,Low,Closed,2025-02-08,11,752.0998812241461
TICKET008912,2025-01-28,PROP012,General Maintenance,Medium,Closed,2025-02-04,7,1347.4471749592574
TICKET008913,2025-01-28,PROP009,Appliance,Medium,Closed,2025-02-05,8,1269.9076250561554
TICKET008914,2025-01-28,PROP010,Pest Control,Medium,In Progress,,3,
TICKET008915,2025-01-28,PROP003,HVAC,Low,Closed,2025-02-09,12,95.8921224287337
TICKET008916,2025-01-28,PROP020,Pest Control,High,Closed,2025-01-31,3,1284.3169499688038
TICKET008917,2025-01-28,PROP001,Landscaping,High,Closed,2025-01-29,1,1103.2977092070364
TICKET008918,2025-01-28,PROP001,Structural,Medium,Closed,2025-01-31,3,428.6933168262358
TICKET008919,2025-01-28,PROP003,Electrical,Low,Open,,3,
TICKET008920,2025-01-28,PROP023,Plumbing,Low,Closed,2025-02-10,13,910.7525091990674
TICKET008921,2025-01-28,PROP002,Plumbing,Low,Pending Parts,,3,
TICKET008922,2025-01-28,PROP013,HVAC,Low,Closed,2025-02-13,16,945.8543970594228
TICKET008923,2025-01-28,PROP002,Appliance,Low,Closed,2025-02-11,14,594.520854296023
TICKET008924,2025-01-28,PROP006,Appliance,Medium,Closed,2025-02-02,5,1160.8425575107844
TICKET008925,2025-01-28,PROP016,Electrical,Low,Closed,2025-02-03,6,200.68392571837526
TICKET008926,2025-01-28,PROP010,Electrical,High,Open,,3,
TICKET008927,2025-01-28,PROP025,General Maintenance,Low,Open,,3,
TICKET008928,2025-01-28,PROP020,General Maintenance,Medium,Closed,2025-02-04,7,848.8320402977364
TICKET008929,2025-01-28,PROP011,General Maintenance,Low,Closed,2025-02-02,5,810.9525940726863
TICKET008930,2025-01-28,PROP024,Appliance,Low,Closed,2025-02-08,11,485.7200827226332
TICKET008931,2025-01-28,PROP009,General Maintenance,Medium,Closed,2025-01-31,3,595.2866060488582
TICKET008932,2025-01-28,PROP020,Landscaping,Low,Closed,2025-02-11,14,359.70862481582043
TICKET008933,2025-01-28,PROP010,Structural,Low,Closed,2025-02-05,8,129.33859706953447
TICKET008934,2025-01-28,PROP018,Electrical,Medium,Closed,2025-01-31,3,1399.867850926077
TICKET008935,2025-01-28,PROP020,Appliance,Low,Closed,2025-02-09,12,1472.4131867944363
TICKET008936,2025-01-29,PROP009,Electrical,Medium,Closed,2025-02-04,6,1066.111996165343
TICKET008937,2025-01-29,PROP010,Plumbing,Medium,Closed,2025-02-05,7,539.4206380030098
TICKET008938,2025-01-29,PROP018,Electrical,Low,Closed,2025-02-14,16,371.2081946145106
TICKET008939,2025-01-29,PROP002,Plumbing,High,Closed,2025-01-30,1,828.9266234704065
TICKET008940,2025-01-29,PROP023,Landscaping,Low,Closed,2025-02-04,6,1010.1196710982168
TICKET008941,2025-01-29,PROP023,Pest Control,Low,Closed,2025-02-17,19,440.03673102412296
TICKET008942,2025-01-29,PROP021,Appliance,Low,In Progress,,2,
TICKET008943,2025-01-29,PROP019,Pest Control,Medium,Closed,2025-02-04,6,722.1554126381957
TICKET008944,2025-01-29,PROP020,Structural,Medium,Closed,2025-02-02,4,1066.2106100886872
TICKET008945,2025-01-29,PROP003,Electrical,Low,Closed,2025-02-16,18,839.7987987546381
TICKET008946,2025-01-29,PROP003,Appliance,Low,Closed,2025-02-12,14,1023.5846123436544
TICKET008947,2025-01-29,PROP014,Plumbing,High,Closed,2025-01-30,1,752.3986338980717
TICKET008948,2025-01-29,PROP012,Structural,High,Closed,2025-02-02,4,1298.6238459843453
TICKET008949,2025-01-29,PROP006,Appliance,Low,Closed,2025-02-09,11,485.35500108651513
TICKET008950,2025-01-29,PROP004,HVAC,Low,Closed,2025-02-13,15,919.766646450545
TICKET008951,2025-01-29,PROP009,Structural,High,Closed,2025-01-30,1,541.239606947293
TICKET008952,2025-01-29,PROP009,General Maintenance,High,Closed,2025-02-01,3,1148.1285264894664
TICKET008953,2025-01-29,PROP003,General Maintenance,Medium,Closed,2025-02-02,4,1294.305246550082
TICKET008954,2025-01-29,PROP009,Structural,Low,Closed,2025-02-14,16,821.983875453254
TICKET008955,2025-01-29,PROP016,Structural,Low,Closed,2025-02-09,11,1479.6410617750405
TICKET008956,2025-01-29,PROP005,Landscaping,Low,Open,,2,
TICKET008957,2025-01-29,PROP003,Plumbing,Medium,Closed,2025-02-07,9,1344.5442000378505
TICKET008958,2025-01-29,PROP023,Electrical,High,In Progress,,2,
TICKET008959,2025-01-29,PROP001,Structural,Low,Closed,2025-02-05,7,197.7888979666681
TICKET008960,2025-01-29,PROP017,Structural,Low,Closed,2025-02-06,8,1307.164332203005
TICKET008961,2025-01-30,PROP014,Electrical,High,Closed,2025-02-02,3,133.16085985649636
TICKET008962,2025-01-30,PROP011,General Maintenance,Low,Closed,2025-02-18,19,153.33547173615653
TICKET008963,2025-01-30,PROP017,Electrical,Medium,Closed,2025-02-02,3,658.6712159835156
TICKET008964,2025-01-30,PROP007,Structural,Low,Closed,2025-02-12,13,347.82884291449363
TICKET008965,2025-01-30,PROP007,Plumbing,Low,Closed,2025-02-11,12,165.06908029543743
TICKET008966,2025-01-30,PROP025,HVAC,Low,Closed,2025-02-06,7,1167.3364053343287
TICKET008967,2025-01-30,PROP008,Electrical,Low,Closed,2025-02-14,15,1040.0899840469629
TICKET008968,2025-01-30,PROP011,HVAC,Medium,Closed,2025-02-07,8,1256.7881012938476
TICKET008969,2025-01-30,PROP005,Appliance,Medium,Closed,2025-02-07,8,1384.2018277849832
TICKET008970,2025-01-30,PROP024,HVAC,Low,Closed,2025-02-11,12,464.95355539222345
TICKET008971,2025-01-30,PROP002,HVAC,Medium,Closed,2025-02-03,4,842.635821472786
TICKET008972,2025-01-30,PROP013,Electrical,Medium,Pending Parts,,1,
TICKET008973,2025-01-30,PROP015,Electrical,Low,Closed,2025-02-13,14,1012.389506651158
TICKET008974,2025-01-30,PROP001,Pest Control,Medium,In Progress,,1,
TICKET008975,2025-01-30,PROP010,Pest Control,Low,Closed,2025-02-04,5,1245.019955639617
TICKET008976,2025-01-30,PROP005,HVAC,Medium,Closed,2025-02-04,5,455.05247914944755
TICKET008977,2025-01-30,PROP007,Electrical,High,Closed,2025-02-03,4,135.3946248756018
TICKET008978,2025-01-30,PROP006,Electrical,Medium,Closed,2025-02-08,9,1203.217505543641
TICKET008979,2025-01-30,PROP012,Appliance,Medium,Closed,2025-02-07,8,1430.2035048076643
TICKET008980,2025-01-30,PROP016,Landscaping,Medium,Closed,2025-02-08,9,676.8058308174924
TICKET008981,2025-01-30,PROP001,Plumbing,High,Closed,2025-01-31,1,482.720666582049
TICKET008982,2025-01-30,PROP022,Structural,Low,Closed,2025-02-08,9,1021.3905820475969
TICKET008983,2025-01-30,PROP004,HVAC,High,Closed,2025-02-01,2,59.39073538061302
TICKET008984,2025-01-30,PROP008,Electrical,Low,Closed,2025-02-11,12,291.33726805532166
TICKET008985,2025-01-30,PROP009,Landscaping,Medium,Closed,2025-02-03,4,482.38615040792024
TICKET008986,2025-01-30,PROP015,Plumbing,Low,Closed,2025-02-17,18,1315.5828045770907
TICKET008987,2025-01-30,PROP009,Structural,Low,Pending Parts,,1,
TICKET008988,2025-01-30,PROP010,Landscaping,Medium,Closed,2025-02-06,7,1064.3685714395392
TICKET008989,2025-01-30,PROP006,Plumbing,Medium,Closed,2025-02-04,5,171.15166620110236
TICKET008990,2025-01-30,PROP021,Structural,Medium,Closed,2025-02-05,6,1377.0779329994689
TICKET008991,2025-01-30,PROP009,Pest Control,Medium,Closed,2025-02-08,9,922.6037601692102
TICKET008992,2025-01-30,PROP009,General Maintenance,High,Closed,2025-01-31,1,102.82911594774527
TICKET008993,2025-01-30,PROP010,HVAC,Medium,Closed,2025-02-07,8,229.11721299467126
TICKET008994,2025-01-31,PROP016,Structural,Medium,Closed,2025-02-09,9,678.8032710219795
TICKET008995,2025-01-31,PROP011,Electrical,Low,Closed,2025-02-10,10,835.6752352633181
TICKET008996,2025-01-31,PROP004,Appliance,Low,Closed,2025-02-06,6,1112.216943114621
TICKET008997,2025-01-31,PROP019,Plumbing,High,Closed,2025-02-01,1,1066.4828426376312
TICKET008998,2025-01-31,PROP016,HVAC,Medium,Closed,2025-02-04,4,126.37748542904438
TICKET008999,2025-01-31,PROP016,General Maintenance,Low,Closed,2025-02-12,12,285.9549577724573
TICKET009000,2025-01-31,PROP011,General Maintenance,Medium,Closed,2025-02-07,7,1299.3618504590224
TICKET009001,2025-01-31,PROP006,Appliance,Medium,Closed,2025-02-07,7,236.43709771641832
TICKET009002,2025-01-31,PROP007,Electrical,Low,Closed,2025-02-06,6,1224.6478945373651
TICKET009003,2025-01-31,PROP024,Landscaping,Low,Closed,2025-02-09,9,956.623687747986
TICKET009004,2025-01-31,PROP007,Pest Control,Medium,Closed,2025-02-08,8,260.8395371888356
TICKET009005,2025-01-31,PROP005,HVAC,High,Closed,2025-02-04,4,1188.3064906649038
TICKET009006,2025-01-31,PROP010,Plumbing,Medium,Closed,2025-02-05,5,276.73888131445335
TICKET009007,2025-01-31,PROP011,Pest Control,Low,Closed,2025-02-10,10,1107.482080164414
TICKET009008,2025-01-31,PROP002,HVAC,High,Closed,2025-02-01,1,176.4375545473707
TICKET009009,2025-01-31,PROP002,Pest Control,Low,Closed,2025-02-12,12,1407.4259726650687
TICKET009010,2025-01-31,PROP022,Landscaping,Low,Closed,2025-02-09,9,861.5188511197568
TICKET009011,2025-01-31,PROP020,Pest Control,Medium,Closed,2025-02-06,6,1042.9486947754644
TICKET009012,2025-01-31,PROP016,Landscaping,Medium,Closed,2025-02-03,3,125.3118764840967
TICKET009013,2025-01-31,PROP004,Pest Control,High,Closed,2025-02-03,3,1395.4287643992918
TICKET009014,2025-01-31,PROP019,Electrical,High,Closed,2025-02-03,3,963.7002244340388
TICKET009015,2025-01-31,PROP011,HVAC,Medium,Closed,2025-02-03,3,891.0100454278847
TICKET009016,2025-01-31,PROP010,Plumbing,Low,Closed,2025-02-17,17,155.74970677258855
TICKET009017,2025-01-31,PROP013,General Maintenance,Emergency,Closed,2025-02-01,1,362.17856157717193
TICKET009018,2025-01-31,PROP009,General Maintenance,Medium,Closed,2025-02-07,7,254.19243856640017
TICKET009019,2025-01-31,PROP012,Landscaping,High,Closed,2025-02-01,1,622.2691516140102
