LeaseID,PropertyID,UnitNumber,LeaseStartDate,LeaseEndDate,MonthlyRent,LeaseTerm,RenewalStatus,TenantType
LEASE00001,PROP001,850,2023-08-24,2024-08-18,2915,12,Renewed,Family
LEASE00002,PROP001,233,2022-03-19,2022-09-15,1766,6,Renewed,Individual
LEASE00003,PROP001,505,2023-09-23,2024-09-17,1902,12,Vacated,Family
LEASE00004,PROP001,441,2023-01-29,2024-01-24,1967,12,Renewed,Family
LEASE00005,PROP001,161,2023-03-25,2024-03-19,3103,12,Renewed,Corporate
LEASE00006,PROP001,670,2022-10-14,2023-10-09,2431,12,Month-to-Month,Family
LEASE00007,PROP001,676,2022-09-16,2023-09-11,1695,12,Renewed,Corporate
LEASE00008,PROP001,954,2023-03-08,2024-03-02,2154,12,Renewed,Individual
LEASE00009,PROP001,361,2023-02-19,2025-02-08,2569,24,Pending,Individual
LEASE00010,PROP001,674,2022-12-05,2023-11-30,2755,12,Renewed,Family
LEASE00011,PROP001,204,2023-12-27,2024-12-21,2976,12,Renewed,Family
LEASE00012,PROP001,606,2024-01-22,2025-01-16,1307,12,Renewed,Individual
LEASE00013,PROP001,705,2023-07-07,2024-07-01,1729,12,Renewed,Family
LEASE00014,PROP001,101,2023-10-20,2024-10-14,2167,12,Renewed,Corporate
LEASE00015,PROP001,455,2023-12-04,2024-06-01,1672,6,Renewed,Individual
LEASE00016,PROP001,298,2022-05-25,2023-05-20,2052,12,Renewed,Corporate
LEASE00017,PROP001,101,2022-05-11,2023-05-06,1607,12,Renewed,Individual
LEASE00018,PROP001,241,2023-07-05,2024-06-29,2736,12,Vacated,Individual
LEASE00019,PROP001,291,2022-05-24,2023-05-19,2637,12,Renewed,Family
LEASE00020,PROP001,822,2023-02-02,2024-01-28,2223,12,Renewed,Family
LEASE00021,PROP001,654,2022-05-18,2023-05-13,2617,12,Vacated,Family
LEASE00022,PROP001,471,2023-08-19,2024-08-13,2429,12,Renewed,Individual
LEASE00023,PROP001,293,2023-06-15,2024-06-09,3067,12,Renewed,Individual
LEASE00024,PROP001,977,2022-05-08,2023-05-03,1665,12,Renewed,Family
LEASE00025,PROP001,122,2022-04-04,2023-03-30,3308,12,Vacated,Corporate
LEASE00026,PROP001,514,2022-11-14,2023-11-09,1337,12,Renewed,Individual
LEASE00027,PROP001,955,2023-06-13,2024-06-07,3433,12,Renewed,Individual
LEASE00028,PROP001,345,2022-11-30,2023-05-29,3488,6,Renewed,Individual
LEASE00029,PROP001,767,2022-10-04,2023-09-29,1926,12,Vacated,Individual
LEASE00030,PROP001,995,2023-07-15,2024-07-09,3202,12,Month-to-Month,Family
LEASE00031,PROP001,995,2022-12-15,2024-12-04,1605,24,Renewed,Individual
LEASE00032,PROP001,240,2023-03-21,2024-03-15,1670,12,Renewed,Individual
LEASE00033,PROP001,852,2022-03-30,2023-03-25,2054,12,Renewed,Family
LEASE00034,PROP001,126,2023-05-27,2024-05-21,2558,12,Vacated,Family
LEASE00035,PROP001,192,2023-02-15,2024-02-10,1726,12,Renewed,Family
LEASE00036,PROP001,260,2024-01-03,2024-12-28,3315,12,Renewed,Family
LEASE00037,PROP001,536,2022-02-03,2022-08-02,3130,6,Renewed,Individual
LEASE00038,PROP001,411,2022-11-21,2023-11-16,3208,12,Vacated,Corporate
LEASE00039,PROP001,809,2023-10-25,2024-10-19,2115,12,Month-to-Month,Individual
LEASE00040,PROP001,511,2023-06-29,2025-06-18,2213,24,Future,Corporate
LEASE00041,PROP001,322,2022-03-16,2023-03-11,2831,12,Vacated,Individual
LEASE00042,PROP001,942,2023-04-04,2023-10-01,3336,6,Renewed,Individual
LEASE00043,PROP001,683,2023-10-04,2024-09-28,2501,12,Vacated,Family
LEASE00044,PROP001,223,2022-10-25,2023-10-20,1965,12,Renewed,Individual
LEASE00045,PROP001,305,2023-12-25,2024-12-19,3150,12,Renewed,Corporate
LEASE00046,PROP001,716,2023-04-28,2024-04-22,2618,12,Month-to-Month,Individual
LEASE00047,PROP001,558,2023-07-10,2024-07-04,1629,12,Renewed,Family
LEASE00048,PROP001,388,2022-12-03,2023-11-28,2151,12,Renewed,Corporate
LEASE00049,PROP001,743,2022-04-17,2023-04-12,2587,12,Vacated,Family
LEASE00050,PROP001,819,2023-07-18,2025-07-07,2567,24,Future,Individual
LEASE00051,PROP001,153,2023-04-10,2024-04-04,3329,12,Renewed,Corporate
LEASE00052,PROP001,719,2022-08-13,2023-08-08,1887,12,Vacated,Individual
LEASE00053,PROP001,656,2023-02-03,2025-01-23,1289,24,Renewed,Family
LEASE00054,PROP001,548,2022-06-23,2023-06-18,3035,12,Renewed,Individual
LEASE00055,PROP001,413,2022-06-16,2023-06-11,2735,12,Renewed,Individual
LEASE00056,PROP001,322,2023-12-02,2024-11-26,3455,12,Renewed,Individual
LEASE00057,PROP001,452,2023-03-22,2024-03-16,2099,12,Renewed,Family
LEASE00058,PROP001,178,2023-11-08,2025-10-28,2757,24,Future,Family
LEASE00059,PROP001,276,2023-09-09,2025-08-29,3458,24,Future,Family
LEASE00060,PROP001,961,2023-10-23,2024-10-17,1893,12,Vacated,Individual
LEASE00061,PROP001,665,2022-10-24,2023-10-19,2083,12,Vacated,Individual
LEASE00062,PROP001,842,2022-05-22,2023-05-17,2197,12,Vacated,Individual
LEASE00063,PROP001,798,2023-12-16,2024-12-10,1372,12,Renewed,Family
LEASE00064,PROP001,181,2023-01-03,2023-12-29,2791,12,Renewed,Individual
LEASE00065,PROP002,287,2022-11-03,2023-10-29,2713,12,Renewed,Individual
LEASE00066,PROP002,400,2022-07-14,2023-07-09,2165,12,Renewed,Individual
LEASE00067,PROP002,349,2022-06-11,2022-12-08,3309,6,Renewed,Family
LEASE00068,PROP002,247,2023-04-28,2024-04-22,2720,12,Renewed,Individual
LEASE00069,PROP002,286,2023-10-18,2024-04-15,2495,6,Month-to-Month,Individual
LEASE00070,PROP002,868,2023-03-04,2024-02-27,2279,12,Renewed,Individual
LEASE00071,PROP002,967,2022-03-22,2023-03-17,2406,12,Renewed,Individual
LEASE00072,PROP002,568,2022-12-08,2023-12-03,3444,12,Renewed,Individual
LEASE00073,PROP002,952,2023-09-10,2024-09-04,2662,12,Renewed,Corporate
LEASE00074,PROP002,151,2022-07-18,2023-07-13,1216,12,Renewed,Individual
LEASE00075,PROP002,590,2022-06-14,2023-06-09,1785,12,Renewed,Family
LEASE00076,PROP002,656,2023-06-28,2024-06-22,1903,12,Renewed,Family
LEASE00077,PROP002,568,2022-07-28,2024-07-17,1449,24,Renewed,Family
LEASE00078,PROP002,616,2023-07-04,2023-12-31,2155,6,Renewed,Individual
LEASE00079,PROP002,720,2022-04-19,2022-10-16,2874,6,Renewed,Family
LEASE00080,PROP002,520,2022-03-21,2023-03-16,3303,12,Renewed,Individual
LEASE00081,PROP002,847,2023-10-02,2024-09-26,2718,12,Month-to-Month,Family
LEASE00082,PROP002,934,2022-07-08,2023-07-03,1452,12,Vacated,Family
LEASE00083,PROP002,358,2023-02-25,2024-02-20,2647,12,Renewed,Corporate
LEASE00084,PROP002,590,2023-01-26,2024-01-21,2999,12,Renewed,Individual
LEASE00085,PROP002,167,2022-05-22,2022-11-18,1980,6,Renewed,Individual
LEASE00086,PROP002,346,2023-02-27,2024-02-22,2962,12,Renewed,Corporate
LEASE00087,PROP002,750,2022-11-25,2023-11-20,1788,12,Renewed,Corporate
LEASE00088,PROP002,423,2022-05-12,2023-05-07,1474,12,Vacated,Individual
LEASE00089,PROP002,525,2022-10-24,2023-10-19,1235,12,Renewed,Individual
LEASE00090,PROP002,388,2022-05-30,2023-05-25,3334,12,Renewed,Family
LEASE00091,PROP002,416,2023-04-29,2023-10-26,2249,6,Renewed,Individual
LEASE00092,PROP002,763,2022-08-07,2023-02-03,1259,6,Renewed,Corporate
LEASE00093,PROP002,911,2023-11-02,2024-04-30,1919,6,Renewed,Family
LEASE00094,PROP002,438,2022-06-01,2024-05-21,1664,24,Vacated,Family
LEASE00095,PROP002,609,2022-02-28,2023-02-23,3015,12,Renewed,Individual
LEASE00096,PROP002,299,2022-06-27,2023-06-22,2720,12,Renewed,Corporate
LEASE00097,PROP002,965,2022-09-14,2023-09-09,3442,12,Renewed,Family
LEASE00098,PROP002,885,2022-05-08,2023-05-03,2490,12,Renewed,Individual
LEASE00099,PROP002,348,2022-04-02,2023-03-28,1324,12,Renewed,Individual
LEASE00100,PROP002,377,2022-05-02,2024-04-21,1842,24,Vacated,Family
LEASE00101,PROP002,159,2022-12-23,2023-12-18,2259,12,Renewed,Family
LEASE00102,PROP002,203,2022-09-17,2023-09-12,3197,12,Renewed,Family
LEASE00103,PROP002,489,2023-10-02,2024-09-26,3156,12,Renewed,Family
LEASE00104,PROP002,178,2024-01-03,2024-12-28,1958,12,Renewed,Individual
LEASE00105,PROP002,356,2023-03-25,2024-03-19,1701,12,Renewed,Family
LEASE00106,PROP002,714,2023-10-29,2024-10-23,1816,12,Renewed,Corporate
LEASE00107,PROP002,806,2022-02-21,2023-02-16,2245,12,Month-to-Month,Family
LEASE00108,PROP002,477,2023-10-16,2025-10-05,1528,24,Future,Family
LEASE00109,PROP002,285,2022-09-16,2023-09-11,2020,12,Renewed,Family
LEASE00110,PROP002,110,2023-01-13,2023-07-12,1843,6,Renewed,Individual
LEASE00111,PROP002,508,2023-09-28,2024-09-22,3193,12,Renewed,Family
LEASE00112,PROP002,968,2022-11-29,2023-11-24,2437,12,Vacated,Individual
LEASE00113,PROP002,369,2023-07-29,2024-07-23,2375,12,Renewed,Family
LEASE00114,PROP002,879,2022-09-22,2023-09-17,1660,12,Renewed,Individual
LEASE00115,PROP002,792,2023-03-31,2024-03-25,1410,12,Renewed,Family
LEASE00116,PROP002,588,2023-12-17,2024-06-14,2358,6,Renewed,Individual
LEASE00117,PROP002,143,2023-02-12,2024-02-07,1807,12,Renewed,Family
LEASE00118,PROP002,705,2022-04-08,2023-04-03,1575,12,Renewed,Individual
LEASE00119,PROP002,748,2023-01-12,2024-01-07,2615,12,Renewed,Family
LEASE00120,PROP002,251,2022-12-03,2023-11-28,3051,12,Renewed,Corporate
LEASE00121,PROP002,603,2023-05-22,2024-05-16,2723,12,Renewed,Individual
LEASE00122,PROP002,950,2023-12-24,2024-12-18,2176,12,Renewed,Family
LEASE00123,PROP002,252,2023-07-28,2024-07-22,3157,12,Renewed,Individual
LEASE00124,PROP002,362,2022-11-26,2023-11-21,1348,12,Renewed,Individual
LEASE00125,PROP002,420,2023-07-20,2024-07-14,1547,12,Month-to-Month,Family
LEASE00126,PROP002,809,2022-02-23,2023-02-18,3424,12,Renewed,Individual
LEASE00127,PROP002,933,2022-12-11,2023-12-06,1604,12,Renewed,Family
LEASE00128,PROP002,895,2024-01-11,2025-01-05,2514,12,Renewed,Individual
LEASE00129,PROP002,753,2022-03-17,2023-03-12,3486,12,Renewed,Individual
LEASE00130,PROP002,200,2022-11-07,2023-05-06,2261,6,Renewed,Individual
LEASE00131,PROP002,766,2022-05-19,2023-05-14,2933,12,Renewed,Family
LEASE00132,PROP002,187,2023-05-22,2024-05-16,2476,12,Renewed,Family
LEASE00133,PROP002,866,2022-03-11,2022-09-07,1738,6,Vacated,Individual
LEASE00134,PROP002,383,2022-04-20,2023-04-15,2112,12,Renewed,Individual
LEASE00135,PROP002,659,2023-03-10,2024-03-04,1566,12,Renewed,Individual
LEASE00136,PROP002,147,2022-06-06,2023-06-01,1230,12,Renewed,Family
LEASE00137,PROP002,828,2022-11-08,2023-11-03,2091,12,Renewed,Individual
LEASE00138,PROP002,238,2022-12-25,2023-06-23,2705,6,Renewed,Family
LEASE00139,PROP002,742,2022-08-03,2023-07-29,1399,12,Vacated,Family
LEASE00140,PROP002,644,2023-04-26,2024-04-20,3030,12,Month-to-Month,Family
LEASE00141,PROP002,242,2023-10-23,2024-10-17,1347,12,Vacated,Individual
LEASE00142,PROP002,597,2022-10-03,2023-09-28,1825,12,Vacated,Individual
LEASE00143,PROP002,150,2023-04-27,2023-10-24,2851,6,Vacated,Corporate
LEASE00144,PROP002,593,2023-08-23,2024-08-17,1421,12,Renewed,Individual
LEASE00145,PROP002,152,2022-09-26,2024-09-15,1276,24,Vacated,Family
LEASE00146,PROP002,366,2023-10-07,2024-10-01,2435,12,Renewed,Family
LEASE00147,PROP002,451,2023-03-26,2024-03-20,2075,12,Renewed,Corporate
LEASE00148,PROP002,305,2023-01-05,2024-12-25,2302,24,Renewed,Individual
LEASE00149,PROP002,101,2022-11-19,2023-11-14,1886,12,Renewed,Family
LEASE00150,PROP002,973,2022-03-03,2023-02-26,2508,12,Renewed,Individual
LEASE00151,PROP002,266,2022-12-30,2023-06-28,2165,6,Renewed,Family
LEASE00152,PROP002,861,2022-05-31,2023-05-26,1255,12,Renewed,Individual
LEASE00153,PROP002,799,2023-01-19,2024-01-14,2619,12,Vacated,Family
LEASE00154,PROP002,378,2023-03-30,2024-03-24,2948,12,Renewed,Individual
LEASE00155,PROP002,389,2022-03-25,2023-03-20,2187,12,Renewed,Family
LEASE00156,PROP002,795,2022-06-19,2022-12-16,2988,6,Vacated,Corporate
LEASE00157,PROP002,697,2022-07-30,2023-07-25,2239,12,Renewed,Family
LEASE00158,PROP002,653,2023-07-09,2024-07-03,1441,12,Renewed,Family
LEASE00159,PROP002,923,2022-06-03,2023-05-29,2130,12,Renewed,Family
LEASE00160,PROP002,516,2023-12-20,2024-12-14,3202,12,Renewed,Individual
LEASE00161,PROP002,202,2023-08-10,2024-08-04,1297,12,Renewed,Family
LEASE00162,PROP002,452,2023-12-21,2024-12-15,1299,12,Month-to-Month,Family
LEASE00163,PROP002,833,2023-04-04,2024-03-29,2629,12,Renewed,Corporate
LEASE00164,PROP002,259,2023-11-28,2024-11-22,2933,12,Renewed,Family
LEASE00165,PROP002,637,2023-01-13,2024-01-08,1404,12,Vacated,Family
LEASE00166,PROP002,509,2023-03-10,2024-03-04,1422,12,Renewed,Individual
LEASE00167,PROP002,895,2022-07-10,2023-07-05,1902,12,Renewed,Corporate
LEASE00168,PROP002,836,2023-09-12,2024-09-06,1725,12,Renewed,Family
LEASE00169,PROP002,554,2022-12-05,2023-11-30,2737,12,Renewed,Individual
LEASE00170,PROP002,971,2022-02-09,2023-02-04,3435,12,Renewed,Family
LEASE00171,PROP002,980,2023-10-23,2024-10-17,3216,12,Month-to-Month,Family
LEASE00172,PROP002,517,2023-03-21,2024-03-15,2340,12,Renewed,Family
LEASE00173,PROP002,568,2022-04-25,2023-04-20,2864,12,Renewed,Individual
LEASE00174,PROP002,787,2022-12-02,2023-11-27,1703,12,Renewed,Family
LEASE00175,PROP002,639,2023-11-04,2024-05-02,1852,6,Vacated,Individual
LEASE00176,PROP002,947,2022-06-19,2024-06-08,3090,24,Vacated,Individual
LEASE00177,PROP002,834,2023-06-19,2023-12-16,1610,6,Renewed,Individual
LEASE00178,PROP002,507,2023-11-21,2024-05-19,1402,6,Renewed,Individual
LEASE00179,PROP002,449,2023-04-26,2025-04-15,3295,24,Pending,Family
LEASE00180,PROP002,969,2022-08-13,2023-08-08,1604,12,Renewed,Family
LEASE00181,PROP003,959,2023-02-07,2024-02-02,3214,12,Renewed,Family
LEASE00182,PROP003,711,2023-06-30,2024-06-24,2498,12,Renewed,Individual
LEASE00183,PROP003,764,2023-12-07,2025-11-26,2619,24,Future,Corporate
LEASE00184,PROP003,846,2023-08-10,2024-08-04,1935,12,Renewed,Individual
LEASE00185,PROP003,963,2023-04-27,2024-04-21,3324,12,Vacated,Individual
LEASE00186,PROP003,396,2022-04-16,2023-04-11,1348,12,Renewed,Family
LEASE00187,PROP003,465,2022-12-21,2023-06-19,2961,6,Renewed,Individual
LEASE00188,PROP003,764,2023-09-04,2024-08-29,2076,12,Renewed,Individual
LEASE00189,PROP003,534,2023-11-05,2025-10-25,1398,24,Future,Corporate
LEASE00190,PROP003,451,2023-01-30,2024-01-25,1587,12,Renewed,Family
LEASE00191,PROP003,561,2023-01-22,2024-01-17,2794,12,Renewed,Individual
LEASE00192,PROP003,354,2022-02-23,2023-02-18,2773,12,Vacated,Family
LEASE00193,PROP003,624,2023-12-11,2024-12-05,1928,12,Month-to-Month,Family
LEASE00194,PROP003,630,2022-02-05,2023-01-31,3114,12,Renewed,Individual
LEASE00195,PROP003,558,2023-04-11,2024-04-05,1596,12,Renewed,Corporate
LEASE00196,PROP003,286,2023-01-29,2024-01-24,3045,12,Renewed,Individual
LEASE00197,PROP003,168,2022-10-24,2023-10-19,1357,12,Renewed,Family
LEASE00198,PROP003,432,2022-04-26,2023-04-21,2398,12,Vacated,Family
LEASE00199,PROP003,282,2023-09-03,2024-08-28,2191,12,Renewed,Family
LEASE00200,PROP003,771,2023-06-13,2024-06-07,2158,12,Renewed,Family
LEASE00201,PROP003,927,2022-04-16,2022-10-13,2411,6,Renewed,Family
LEASE00202,PROP003,394,2023-06-02,2024-05-27,2796,12,Renewed,Family
LEASE00203,PROP003,389,2023-08-19,2024-08-13,1250,12,Renewed,Individual
LEASE00204,PROP003,881,2023-11-20,2024-11-14,1221,12,Renewed,Individual
LEASE00205,PROP003,376,2022-11-26,2023-11-21,1273,12,Renewed,Corporate
LEASE00206,PROP003,283,2023-07-06,2024-01-02,2286,6,Renewed,Family
LEASE00207,PROP003,571,2023-06-04,2023-12-01,1855,6,Month-to-Month,Family
LEASE00208,PROP003,434,2023-02-26,2024-02-21,2116,12,Month-to-Month,Family
LEASE00209,PROP003,217,2022-11-30,2023-11-25,3167,12,Vacated,Individual
LEASE00210,PROP003,804,2022-02-13,2023-02-08,2796,12,Vacated,Individual
LEASE00211,PROP003,329,2023-10-18,2024-04-15,1956,6,Vacated,Family
LEASE00212,PROP003,587,2023-01-07,2024-01-02,3070,12,Vacated,Family
LEASE00213,PROP003,522,2022-10-18,2023-10-13,2335,12,Renewed,Individual
LEASE00214,PROP003,271,2023-10-31,2024-04-28,2029,6,Vacated,Individual
LEASE00215,PROP003,415,2023-02-09,2024-02-04,2740,12,Renewed,Individual
LEASE00216,PROP003,506,2022-12-31,2023-12-26,1653,12,Renewed,Family
LEASE00217,PROP003,381,2023-06-18,2024-06-12,1974,12,Renewed,Individual
LEASE00218,PROP003,754,2023-07-02,2024-06-26,2915,12,Renewed,Family
LEASE00219,PROP003,802,2023-01-30,2024-01-25,2164,12,Vacated,Individual
LEASE00220,PROP003,613,2023-04-05,2024-03-30,2848,12,Renewed,Individual
LEASE00221,PROP003,941,2022-08-24,2024-08-13,1287,24,Renewed,Individual
LEASE00222,PROP003,147,2022-12-04,2024-11-23,2264,24,Renewed,Family
LEASE00223,PROP003,488,2023-11-17,2024-11-11,2984,12,Renewed,Family
LEASE00224,PROP003,286,2022-07-03,2023-06-28,1676,12,Renewed,Corporate
LEASE00225,PROP003,103,2022-11-13,2023-11-08,2687,12,Renewed,Family
LEASE00226,PROP003,320,2023-03-31,2024-03-25,3212,12,Renewed,Individual
LEASE00227,PROP003,184,2022-12-21,2023-12-16,2175,12,Vacated,Family
LEASE00228,PROP003,447,2022-03-02,2023-02-25,3439,12,Renewed,Family
LEASE00229,PROP003,480,2022-03-21,2023-03-16,2377,12,Renewed,Individual
LEASE00230,PROP003,729,2022-11-06,2023-11-01,2123,12,Month-to-Month,Family
LEASE00231,PROP003,125,2022-12-23,2023-12-18,2505,12,Renewed,Individual
LEASE00232,PROP003,548,2024-01-25,2025-01-19,2465,12,Renewed,Individual
LEASE00233,PROP003,412,2023-09-30,2024-09-24,2294,12,Renewed,Individual
LEASE00234,PROP003,902,2022-08-30,2023-02-26,2797,6,Renewed,Corporate
LEASE00235,PROP003,657,2023-02-23,2023-08-22,3432,6,Renewed,Individual
LEASE00236,PROP003,461,2023-04-16,2024-04-10,2846,12,Renewed,Family
LEASE00237,PROP003,530,2023-01-07,2024-01-02,2561,12,Month-to-Month,Family
LEASE00238,PROP003,862,2022-10-09,2023-10-04,2890,12,Vacated,Corporate
LEASE00239,PROP003,116,2024-02-01,2026-01-21,3337,24,Future,Family
LEASE00240,PROP003,206,2022-08-04,2023-07-30,2189,12,Vacated,Family
LEASE00241,PROP003,573,2023-07-03,2024-06-27,2864,12,Renewed,Family
LEASE00242,PROP003,426,2023-11-04,2024-10-29,1786,12,Vacated,Individual
LEASE00243,PROP003,692,2022-02-20,2024-02-10,2827,24,Renewed,Individual
LEASE00244,PROP003,789,2023-06-15,2024-06-09,3296,12,Month-to-Month,Individual
LEASE00245,PROP003,212,2023-12-05,2024-11-29,3210,12,Month-to-Month,Individual
LEASE00246,PROP003,468,2023-09-03,2024-08-28,1934,12,Renewed,Individual
LEASE00247,PROP003,948,2022-06-13,2023-06-08,2894,12,Vacated,Individual
LEASE00248,PROP003,176,2023-07-04,2023-12-31,2658,6,Vacated,Individual
LEASE00249,PROP004,661,2022-08-19,2023-02-15,1773,6,Renewed,Individual
LEASE00250,PROP004,308,2022-06-22,2023-06-17,2273,12,Renewed,Individual
LEASE00251,PROP004,452,2022-10-24,2023-10-19,2869,12,Renewed,Family
LEASE00252,PROP004,541,2022-09-04,2023-08-30,1726,12,Renewed,Family
LEASE00253,PROP004,269,2023-08-20,2024-08-14,1349,12,Renewed,Corporate
LEASE00254,PROP004,924,2022-09-17,2023-09-12,2806,12,Renewed,Individual
LEASE00255,PROP004,910,2022-08-11,2024-07-31,1390,24,Vacated,Family
LEASE00256,PROP004,482,2022-08-22,2023-08-17,3174,12,Renewed,Individual
LEASE00257,PROP004,295,2022-06-03,2022-11-30,2709,6,Renewed,Family
LEASE00258,PROP004,182,2022-07-21,2023-07-16,2445,12,Vacated,Family
LEASE00259,PROP004,604,2023-08-19,2024-08-13,2747,12,Vacated,Individual
LEASE00260,PROP004,173,2022-11-15,2023-11-10,2042,12,Renewed,Individual
LEASE00261,PROP004,315,2022-08-01,2023-07-27,1236,12,Renewed,Corporate
LEASE00262,PROP004,627,2022-02-15,2023-02-10,2578,12,Month-to-Month,Individual
LEASE00263,PROP004,384,2023-01-06,2024-01-01,2176,12,Renewed,Family
LEASE00264,PROP004,169,2023-02-27,2025-02-16,1926,24,Pending,Individual
LEASE00265,PROP004,238,2022-03-02,2022-08-29,3245,6,Renewed,Family
LEASE00266,PROP004,550,2023-10-11,2024-10-05,2985,12,Renewed,Individual
LEASE00267,PROP004,314,2023-01-24,2024-01-19,3191,12,Renewed,Individual
LEASE00268,PROP004,208,2023-04-17,2024-04-11,2495,12,Renewed,Individual
LEASE00269,PROP004,518,2023-12-06,2024-11-30,2775,12,Renewed,Family
LEASE00270,PROP004,483,2023-12-15,2024-12-09,3410,12,Renewed,Corporate
LEASE00271,PROP004,590,2022-07-02,2023-06-27,1813,12,Renewed,Corporate
LEASE00272,PROP004,145,2023-01-28,2025-01-17,1539,24,Vacated,Family
LEASE00273,PROP004,395,2022-07-28,2023-01-24,1871,6,Vacated,Individual
LEASE00274,PROP004,663,2023-09-21,2024-09-15,3158,12,Renewed,Family
LEASE00275,PROP004,329,2022-09-18,2023-09-13,1853,12,Renewed,Individual
LEASE00276,PROP004,940,2024-01-12,2025-01-06,2543,12,Month-to-Month,Family
LEASE00277,PROP004,581,2022-08-13,2023-08-08,1599,12,Renewed,Family
LEASE00278,PROP004,496,2023-04-07,2024-04-01,2443,12,Renewed,Corporate
LEASE00279,PROP004,817,2022-02-04,2023-01-30,2025,12,Vacated,Individual
LEASE00280,PROP004,790,2022-07-20,2023-07-15,2907,12,Renewed,Individual
LEASE00281,PROP004,858,2022-12-03,2023-11-28,2186,12,Vacated,Family
LEASE00282,PROP004,845,2022-08-25,2023-08-20,2099,12,Month-to-Month,Individual
LEASE00283,PROP004,205,2023-09-23,2024-09-17,2242,12,Renewed,Family
LEASE00284,PROP004,427,2023-03-23,2024-03-17,2920,12,Renewed,Individual
LEASE00285,PROP004,541,2023-04-22,2025-04-11,1907,24,Pending,Corporate
LEASE00286,PROP004,968,2022-10-17,2023-10-12,1445,12,Renewed,Corporate
LEASE00287,PROP004,848,2023-12-30,2024-06-27,2087,6,Renewed,Individual
LEASE00288,PROP004,335,2023-05-17,2024-05-11,3119,12,Renewed,Individual
LEASE00289,PROP004,676,2022-11-21,2023-11-16,2241,12,Renewed,Family
LEASE00290,PROP004,668,2023-03-20,2024-03-14,3137,12,Renewed,Family
LEASE00291,PROP004,407,2022-11-24,2024-11-13,2725,24,Renewed,Family
LEASE00292,PROP004,427,2022-06-15,2023-06-10,2271,12,Renewed,Family
LEASE00293,PROP004,770,2023-09-05,2024-08-30,2888,12,Renewed,Individual
LEASE00294,PROP004,930,2023-07-02,2024-06-26,1652,12,Renewed,Family
LEASE00295,PROP004,431,2023-06-27,2023-12-24,1367,6,Vacated,Individual
LEASE00296,PROP004,380,2023-05-05,2024-04-29,3376,12,Vacated,Individual
LEASE00297,PROP004,941,2022-03-07,2023-03-02,2191,12,Renewed,Individual
LEASE00298,PROP004,362,2023-03-31,2024-03-25,2105,12,Renewed,Individual
LEASE00299,PROP004,583,2022-11-09,2023-11-04,2768,12,Vacated,Family
LEASE00300,PROP004,998,2023-11-06,2024-10-31,2274,12,Renewed,Corporate
LEASE00301,PROP004,360,2022-05-07,2023-05-02,2627,12,Renewed,Individual
LEASE00302,PROP004,662,2022-09-24,2023-09-19,3082,12,Vacated,Family
LEASE00303,PROP004,524,2022-09-04,2023-08-30,2808,12,Renewed,Individual
LEASE00304,PROP004,976,2023-11-15,2024-11-09,2023,12,Renewed,Corporate
LEASE00305,PROP004,798,2022-04-16,2023-04-11,3052,12,Vacated,Individual
LEASE00306,PROP004,310,2023-11-02,2024-04-30,1980,6,Vacated,Family
LEASE00307,PROP004,821,2022-03-06,2023-03-01,2906,12,Vacated,Individual
LEASE00308,PROP004,716,2023-09-13,2025-09-02,1955,24,Future,Individual
LEASE00309,PROP004,925,2022-06-28,2023-06-23,2749,12,Renewed,Family
LEASE00310,PROP004,740,2024-01-14,2025-01-08,3205,12,Month-to-Month,Family
LEASE00311,PROP004,251,2023-12-15,2024-12-09,1517,12,Renewed,Family
LEASE00312,PROP004,175,2022-02-13,2024-02-03,2091,24,Renewed,Family
LEASE00313,PROP004,613,2022-06-02,2023-05-28,3236,12,Renewed,Family
LEASE00314,PROP004,747,2022-12-04,2023-11-29,1570,12,Month-to-Month,Individual
LEASE00315,PROP004,879,2023-02-05,2023-08-04,1978,6,Renewed,Corporate
LEASE00316,PROP004,831,2023-07-20,2024-07-14,3067,12,Renewed,Family
LEASE00317,PROP004,930,2023-12-09,2024-12-03,3145,12,Renewed,Family
LEASE00318,PROP004,660,2022-02-23,2024-02-13,1866,24,Renewed,Individual
LEASE00319,PROP004,996,2023-05-27,2025-05-16,3043,24,Future,Family
LEASE00320,PROP004,740,2022-09-24,2023-09-19,2657,12,Renewed,Corporate
LEASE00321,PROP004,428,2023-10-03,2024-09-27,2999,12,Renewed,Family
LEASE00322,PROP004,472,2023-12-01,2024-11-25,3298,12,Renewed,Individual
LEASE00323,PROP004,185,2023-01-07,2024-01-02,2130,12,Renewed,Family
LEASE00324,PROP004,685,2023-02-02,2024-01-28,2018,12,Renewed,Individual
LEASE00325,PROP005,263,2022-12-02,2023-11-27,2263,12,Vacated,Family
LEASE00326,PROP005,963,2023-09-28,2024-09-22,2910,12,Renewed,Family
LEASE00327,PROP005,520,2023-04-27,2024-04-21,1409,12,Month-to-Month,Individual
LEASE00328,PROP005,575,2023-03-04,2024-02-27,2707,12,Renewed,Individual
LEASE00329,PROP005,725,2023-07-18,2025-07-07,3476,24,Future,Individual
LEASE00330,PROP005,779,2022-10-01,2023-09-26,2304,12,Renewed,Family
LEASE00331,PROP005,276,2023-11-19,2024-11-13,1814,12,Renewed,Individual
LEASE00332,PROP005,115,2023-12-09,2024-12-03,1790,12,Renewed,Family
LEASE00333,PROP005,863,2022-12-28,2024-12-17,2649,24,Month-to-Month,Individual
LEASE00334,PROP005,331,2023-10-24,2024-04-21,2280,6,Renewed,Individual
LEASE00335,PROP005,556,2023-01-11,2024-01-06,3161,12,Renewed,Family
LEASE00336,PROP005,805,2022-04-24,2023-04-19,1913,12,Renewed,Family
LEASE00337,PROP005,485,2024-01-30,2025-01-24,3185,12,Renewed,Family
LEASE00338,PROP005,868,2023-11-28,2024-11-22,1445,12,Month-to-Month,Family
LEASE00339,PROP005,275,2024-01-06,2024-07-04,1290,6,Month-to-Month,Individual
LEASE00340,PROP005,280,2022-12-06,2023-12-01,2051,12,Renewed,Family
LEASE00341,PROP005,331,2023-06-21,2024-06-15,2773,12,Vacated,Individual
LEASE00342,PROP005,795,2023-10-25,2024-10-19,3008,12,Renewed,Family
LEASE00343,PROP005,507,2023-06-27,2024-06-21,2264,12,Renewed,Individual
LEASE00344,PROP005,344,2023-01-30,2024-01-25,2775,12,Vacated,Family
LEASE00345,PROP005,487,2022-02-22,2023-02-17,1600,12,Renewed,Corporate
LEASE00346,PROP005,327,2022-02-25,2023-02-20,3065,12,Renewed,Family
LEASE00347,PROP005,883,2022-08-04,2024-07-24,3097,24,Month-to-Month,Individual
LEASE00348,PROP005,288,2023-10-05,2024-09-29,2502,12,Vacated,Individual
LEASE00349,PROP005,551,2022-12-28,2023-12-23,2622,12,Vacated,Corporate
LEASE00350,PROP005,937,2022-08-10,2023-02-06,3260,6,Renewed,Individual
LEASE00351,PROP005,250,2022-05-02,2023-04-27,2399,12,Renewed,Individual
LEASE00352,PROP005,496,2023-11-09,2024-11-03,1499,12,Renewed,Family
LEASE00353,PROP005,158,2023-05-13,2024-05-07,1331,12,Month-to-Month,Individual
LEASE00354,PROP005,877,2022-09-05,2023-08-31,3444,12,Vacated,Individual
LEASE00355,PROP005,985,2022-07-02,2022-12-29,2098,6,Vacated,Corporate
LEASE00356,PROP005,329,2022-06-30,2023-06-25,1961,12,Renewed,Family
LEASE00357,PROP005,461,2023-05-07,2024-05-01,2493,12,Renewed,Individual
LEASE00358,PROP005,972,2022-06-30,2023-06-25,1963,12,Month-to-Month,Individual
LEASE00359,PROP005,203,2022-05-08,2023-05-03,3069,12,Renewed,Family
LEASE00360,PROP005,101,2023-07-04,2024-06-28,3267,12,Month-to-Month,Individual
LEASE00361,PROP005,424,2022-10-11,2023-10-06,1693,12,Renewed,Corporate
LEASE00362,PROP005,339,2023-06-16,2024-06-10,2587,12,Renewed,Individual
LEASE00363,PROP005,312,2023-05-13,2024-05-07,1992,12,Vacated,Individual
LEASE00364,PROP005,877,2024-01-20,2025-01-14,2838,12,Renewed,Family
LEASE00365,PROP005,143,2022-07-01,2023-06-26,3155,12,Vacated,Individual
LEASE00366,PROP005,219,2024-01-02,2024-12-27,3028,12,Renewed,Family
LEASE00367,PROP005,385,2023-08-14,2024-02-10,2532,6,Renewed,Individual
LEASE00368,PROP005,105,2023-09-27,2025-09-16,3036,24,Future,Individual
LEASE00369,PROP005,503,2023-12-11,2024-12-05,2388,12,Renewed,Corporate
LEASE00370,PROP005,188,2022-09-21,2023-09-16,3162,12,Vacated,Family
LEASE00371,PROP005,254,2023-08-20,2024-02-16,2115,6,Renewed,Family
LEASE00372,PROP005,976,2022-03-09,2023-03-04,3219,12,Month-to-Month,Individual
LEASE00373,PROP005,818,2023-06-13,2024-06-07,2455,12,Renewed,Family
LEASE00374,PROP005,351,2023-09-02,2024-02-29,2511,6,Renewed,Individual
LEASE00375,PROP005,503,2023-10-29,2024-10-23,3423,12,Renewed,Family
LEASE00376,PROP005,870,2022-07-28,2023-07-23,3360,12,Vacated,Family
LEASE00377,PROP005,835,2023-09-10,2024-09-04,2374,12,Vacated,Individual
LEASE00378,PROP005,818,2023-11-07,2024-05-05,1915,6,Renewed,Individual
LEASE00379,PROP005,961,2022-09-16,2023-09-11,1494,12,Renewed,Individual
LEASE00380,PROP005,374,2022-08-28,2023-02-24,2731,6,Renewed,Individual
LEASE00381,PROP005,457,2023-01-20,2025-01-09,3043,24,Renewed,Individual
LEASE00382,PROP005,948,2022-02-25,2023-02-20,2740,12,Renewed,Individual
LEASE00383,PROP005,909,2023-01-03,2023-12-29,3189,12,Renewed,Family
LEASE00384,PROP005,421,2022-02-27,2023-02-22,3344,12,Vacated,Individual
LEASE00385,PROP005,325,2022-02-22,2023-02-17,2187,12,Vacated,Family
LEASE00386,PROP005,526,2023-11-03,2025-10-23,1234,24,Future,Individual
LEASE00387,PROP005,437,2023-06-05,2024-05-30,2848,12,Renewed,Family
LEASE00388,PROP005,336,2022-09-01,2024-08-21,2355,24,Renewed,Individual
LEASE00389,PROP006,475,2023-08-15,2024-08-09,1773,12,Renewed,Family
LEASE00390,PROP006,204,2024-01-08,2025-01-02,2445,12,Renewed,Family
LEASE00391,PROP006,977,2022-10-23,2023-10-18,1463,12,Renewed,Individual
LEASE00392,PROP006,270,2022-07-13,2023-07-08,1710,12,Renewed,Individual
LEASE00393,PROP006,449,2023-12-10,2024-12-04,3268,12,Renewed,Individual
LEASE00394,PROP006,760,2022-09-17,2023-09-12,1727,12,Renewed,Individual
LEASE00395,PROP006,643,2022-11-02,2023-10-28,3012,12,Renewed,Family
LEASE00396,PROP006,635,2023-01-24,2024-01-19,1451,12,Renewed,Family
LEASE00397,PROP006,843,2023-06-08,2024-06-02,1366,12,Renewed,Family
LEASE00398,PROP006,418,2022-07-25,2023-07-20,1677,12,Renewed,Individual
LEASE00399,PROP006,483,2023-07-22,2024-07-16,3390,12,Renewed,Individual
LEASE00400,PROP006,402,2023-08-17,2024-08-11,2778,12,Renewed,Corporate
LEASE00401,PROP006,669,2023-01-20,2024-01-15,1924,12,Renewed,Family
LEASE00402,PROP006,140,2022-04-26,2022-10-23,2395,6,Renewed,Corporate
LEASE00403,PROP006,293,2023-04-04,2024-03-29,2198,12,Vacated,Family
LEASE00404,PROP006,530,2023-11-28,2024-05-26,2048,6,Renewed,Family
LEASE00405,PROP006,135,2023-07-21,2024-07-15,3122,12,Vacated,Individual
LEASE00406,PROP006,457,2024-01-17,2025-01-11,3290,12,Renewed,Corporate
LEASE00407,PROP006,261,2022-03-23,2023-03-18,1333,12,Renewed,Family
LEASE00408,PROP006,998,2023-02-17,2024-02-12,1667,12,Vacated,Individual
LEASE00409,PROP006,160,2023-01-23,2024-01-18,2669,12,Renewed,Family
LEASE00410,PROP006,843,2023-02-12,2024-02-07,3203,12,Renewed,Individual
LEASE00411,PROP006,781,2023-05-25,2024-05-19,2848,12,Renewed,Family
LEASE00412,PROP006,648,2023-03-14,2024-03-08,2850,12,Renewed,Family
LEASE00413,PROP006,201,2022-05-07,2023-05-02,3327,12,Renewed,Individual
LEASE00414,PROP006,232,2023-06-16,2024-06-10,2824,12,Renewed,Individual
LEASE00415,PROP006,902,2023-12-31,2025-12-20,3410,24,Future,Family
LEASE00416,PROP006,981,2022-11-25,2023-11-20,2720,12,Renewed,Individual
LEASE00417,PROP006,254,2023-01-12,2024-01-07,3195,12,Month-to-Month,Individual
LEASE00418,PROP006,585,2022-10-03,2023-09-28,1628,12,Renewed,Family
LEASE00419,PROP006,371,2022-10-03,2023-09-28,1900,12,Month-to-Month,Family
LEASE00420,PROP006,307,2022-09-13,2023-09-08,3051,12,Renewed,Family
LEASE00421,PROP006,572,2023-12-30,2024-12-24,2564,12,Renewed,Family
LEASE00422,PROP006,683,2023-10-12,2025-10-01,1865,24,Future,Family
LEASE00423,PROP006,676,2022-02-16,2023-02-11,1882,12,Month-to-Month,Family
LEASE00424,PROP006,657,2023-11-12,2024-11-06,2394,12,Renewed,Individual
LEASE00425,PROP007,542,2023-12-31,2024-12-25,2894,12,Renewed,Individual
LEASE00426,PROP007,909,2023-02-24,2024-02-19,1404,12,Renewed,Individual
LEASE00427,PROP007,844,2023-02-12,2024-02-07,2014,12,Renewed,Individual
LEASE00428,PROP007,734,2022-02-11,2024-02-01,1701,24,Renewed,Individual
LEASE00429,PROP007,997,2023-11-28,2025-11-17,2072,24,Future,Individual
LEASE00430,PROP007,339,2022-07-09,2023-07-04,2343,12,Renewed,Individual
LEASE00431,PROP007,508,2022-09-17,2023-09-12,1510,12,Renewed,Individual
LEASE00432,PROP007,387,2022-12-07,2023-12-02,1957,12,Renewed,Family
LEASE00433,PROP007,858,2023-05-23,2024-05-17,2872,12,Renewed,Family
LEASE00434,PROP007,279,2022-11-28,2023-11-23,3323,12,Vacated,Individual
LEASE00435,PROP007,494,2023-05-01,2023-10-28,2797,6,Renewed,Family
LEASE00436,PROP007,512,2022-10-07,2023-10-02,1532,12,Vacated,Individual
LEASE00437,PROP007,929,2023-08-27,2024-08-21,1865,12,Renewed,Family
LEASE00438,PROP007,149,2022-06-30,2023-06-25,1916,12,Renewed,Individual
LEASE00439,PROP007,477,2023-10-23,2024-10-17,3171,12,Renewed,Family
LEASE00440,PROP007,731,2022-04-16,2024-04-05,3425,24,Renewed,Corporate
LEASE00441,PROP007,883,2022-12-28,2023-12-23,2217,12,Renewed,Family
LEASE00442,PROP007,953,2023-02-05,2024-01-31,2440,12,Renewed,Family
LEASE00443,PROP007,383,2022-08-24,2023-02-20,3200,6,Renewed,Individual
LEASE00444,PROP007,744,2022-05-05,2023-04-30,1686,12,Renewed,Family
LEASE00445,PROP007,193,2023-03-22,2024-03-16,1902,12,Renewed,Corporate
LEASE00446,PROP007,973,2022-04-30,2023-04-25,2581,12,Renewed,Individual
LEASE00447,PROP007,479,2023-04-06,2024-03-31,1372,12,Renewed,Family
LEASE00448,PROP007,826,2023-10-23,2024-04-20,1676,6,Renewed,Individual
LEASE00449,PROP007,627,2023-10-28,2024-04-25,1845,6,Renewed,Individual
LEASE00450,PROP007,538,2023-03-04,2024-02-27,3371,12,Renewed,Individual
LEASE00451,PROP007,188,2022-06-05,2023-05-31,1279,12,Renewed,Individual
LEASE00452,PROP007,317,2023-01-30,2024-01-25,3397,12,Vacated,Family
LEASE00453,PROP007,301,2023-05-28,2024-05-22,1445,12,Vacated,Family
LEASE00454,PROP007,546,2023-12-08,2024-12-02,2251,12,Renewed,Individual
LEASE00455,PROP007,400,2022-09-06,2023-09-01,3327,12,Renewed,Corporate
LEASE00456,PROP007,989,2022-09-26,2023-03-25,1611,6,Renewed,Individual
LEASE00457,PROP007,423,2022-02-05,2023-01-31,3228,12,Vacated,Individual
LEASE00458,PROP007,806,2022-02-04,2023-01-30,2731,12,Renewed,Individual
LEASE00459,PROP007,404,2022-02-28,2023-02-23,2257,12,Renewed,Individual
LEASE00460,PROP007,420,2022-06-26,2023-06-21,1640,12,Renewed,Family
LEASE00461,PROP007,861,2022-12-13,2023-06-11,1231,6,Renewed,Individual
LEASE00462,PROP007,777,2022-06-03,2023-05-29,1332,12,Month-to-Month,Family
LEASE00463,PROP007,442,2023-12-06,2024-06-03,2247,6,Vacated,Individual
LEASE00464,PROP007,134,2023-05-15,2024-05-09,1853,12,Month-to-Month,Family
LEASE00465,PROP007,633,2023-07-18,2024-07-12,2561,12,Renewed,Family
LEASE00466,PROP007,976,2022-03-21,2023-03-16,1613,12,Renewed,Individual
LEASE00467,PROP007,237,2023-05-01,2024-04-25,3477,12,Renewed,Individual
LEASE00468,PROP007,729,2022-12-18,2023-12-13,1869,12,Renewed,Individual
LEASE00469,PROP007,280,2023-06-27,2024-06-21,1879,12,Renewed,Family
LEASE00470,PROP007,291,2022-06-11,2023-06-06,2914,12,Vacated,Family
LEASE00471,PROP007,699,2023-09-23,2024-09-17,3354,12,Renewed,Family
LEASE00472,PROP007,129,2023-12-18,2024-12-12,1436,12,Vacated,Individual
LEASE00473,PROP007,353,2023-07-25,2024-07-19,2097,12,Renewed,Individual
LEASE00474,PROP007,487,2022-12-29,2023-12-24,1576,12,Renewed,Corporate
LEASE00475,PROP007,957,2022-09-05,2023-08-31,2345,12,Renewed,Family
LEASE00476,PROP007,338,2022-04-04,2023-03-30,3246,12,Renewed,Individual
LEASE00477,PROP007,237,2023-03-03,2024-02-26,3457,12,Month-to-Month,Family
LEASE00478,PROP007,398,2023-10-23,2024-10-17,3298,12,Renewed,Individual
LEASE00479,PROP007,807,2023-12-27,2024-12-21,1761,12,Renewed,Corporate
LEASE00480,PROP007,614,2022-09-22,2023-09-17,1413,12,Month-to-Month,Individual
LEASE00481,PROP007,287,2023-12-30,2024-12-24,2077,12,Renewed,Corporate
LEASE00482,PROP007,631,2023-05-28,2024-05-22,2037,12,Vacated,Family
LEASE00483,PROP007,368,2023-10-10,2024-10-04,3357,12,Renewed,Family
LEASE00484,PROP007,113,2022-04-15,2024-04-04,1704,24,Renewed,Family
LEASE00485,PROP007,384,2022-05-08,2023-05-03,3305,12,Vacated,Individual
LEASE00486,PROP007,662,2022-06-18,2022-12-15,1980,6,Vacated,Individual
LEASE00487,PROP007,479,2023-03-23,2024-03-17,1244,12,Renewed,Individual
LEASE00488,PROP007,815,2023-12-28,2024-12-22,1863,12,Renewed,Individual
LEASE00489,PROP007,789,2023-09-05,2025-08-25,2469,24,Future,Corporate
LEASE00490,PROP007,659,2023-07-29,2025-07-18,2169,24,Future,Family
LEASE00491,PROP007,305,2024-01-05,2024-12-30,2244,12,Renewed,Corporate
LEASE00492,PROP007,759,2023-09-05,2024-08-30,1692,12,Renewed,Individual
LEASE00493,PROP007,785,2022-12-30,2023-12-25,2514,12,Renewed,Corporate
LEASE00494,PROP007,381,2023-05-13,2024-05-07,3174,12,Renewed,Individual
LEASE00495,PROP007,397,2022-02-18,2023-02-13,1581,12,Renewed,Family
LEASE00496,PROP007,802,2022-05-08,2023-05-03,2360,12,Renewed,Family
LEASE00497,PROP007,969,2022-09-08,2023-09-03,2737,12,Month-to-Month,Family
LEASE00498,PROP007,517,2022-02-10,2023-02-05,2930,12,Renewed,Family
LEASE00499,PROP007,595,2022-03-02,2023-02-25,2995,12,Renewed,Family
LEASE00500,PROP007,456,2023-01-29,2024-01-24,1567,12,Renewed,Individual
LEASE00501,PROP007,544,2022-11-26,2024-11-15,1588,24,Renewed,Individual
LEASE00502,PROP007,119,2022-12-04,2024-11-23,2557,24,Renewed,Individual
LEASE00503,PROP007,102,2022-06-19,2023-06-14,3358,12,Renewed,Family
LEASE00504,PROP007,232,2023-05-21,2025-05-10,3093,24,Future,Family
LEASE00505,PROP007,290,2023-10-02,2024-09-26,1867,12,Renewed,Individual
LEASE00506,PROP007,560,2023-04-06,2024-03-31,2057,12,Vacated,Individual
LEASE00507,PROP007,856,2022-10-21,2023-04-19,2021,6,Renewed,Individual
LEASE00508,PROP007,549,2022-10-26,2023-10-21,3043,12,Renewed,Individual
LEASE00509,PROP008,481,2023-06-23,2024-06-17,3081,12,Vacated,Family
LEASE00510,PROP008,723,2022-11-08,2023-11-03,2027,12,Vacated,Family
LEASE00511,PROP008,590,2023-04-29,2024-04-23,3209,12,Vacated,Individual
LEASE00512,PROP008,349,2023-12-20,2024-12-14,3492,12,Renewed,Individual
LEASE00513,PROP008,844,2022-06-22,2023-06-17,2887,12,Vacated,Individual
LEASE00514,PROP008,215,2023-03-21,2025-03-10,2586,24,Pending,Family
LEASE00515,PROP008,788,2023-07-21,2024-07-15,1390,12,Vacated,Individual
LEASE00516,PROP008,277,2022-10-11,2023-10-06,3418,12,Renewed,Individual
LEASE00517,PROP008,733,2022-04-11,2023-04-06,2957,12,Vacated,Individual
LEASE00518,PROP008,675,2023-07-19,2024-01-15,1705,6,Renewed,Individual
LEASE00519,PROP008,963,2022-10-21,2023-10-16,3138,12,Renewed,Family
LEASE00520,PROP008,805,2023-04-10,2024-04-04,2764,12,Vacated,Family
LEASE00521,PROP008,574,2023-11-21,2024-11-15,1987,12,Vacated,Individual
LEASE00522,PROP008,771,2024-01-21,2025-01-15,1929,12,Renewed,Family
LEASE00523,PROP008,789,2022-11-01,2023-10-27,2005,12,Vacated,Family
LEASE00524,PROP008,166,2023-10-06,2025-09-25,1835,24,Future,Individual
LEASE00525,PROP008,678,2023-11-14,2024-11-08,2005,12,Renewed,Individual
LEASE00526,PROP008,265,2022-12-14,2023-12-09,1625,12,Renewed,Family
LEASE00527,PROP008,791,2022-03-05,2023-02-28,2974,12,Renewed,Individual
LEASE00528,PROP008,452,2022-12-03,2023-06-01,1372,6,Month-to-Month,Family
LEASE00529,PROP008,602,2023-05-18,2024-05-12,1580,12,Renewed,Corporate
LEASE00530,PROP008,698,2023-09-29,2024-09-23,1842,12,Renewed,Family
LEASE00531,PROP008,501,2022-03-16,2023-03-11,1211,12,Month-to-Month,Individual
LEASE00532,PROP008,939,2022-04-02,2022-09-29,2811,6,Renewed,Family
LEASE00533,PROP008,173,2023-02-11,2024-02-06,2789,12,Vacated,Corporate
LEASE00534,PROP008,196,2023-06-28,2024-06-22,1210,12,Renewed,Family
LEASE00535,PROP008,233,2023-07-08,2024-07-02,1988,12,Renewed,Individual
LEASE00536,PROP008,376,2022-11-16,2023-11-11,1928,12,Month-to-Month,Family
LEASE00537,PROP008,591,2023-06-28,2024-06-22,1851,12,Renewed,Individual
LEASE00538,PROP008,302,2022-02-15,2023-02-10,3363,12,Renewed,Family
LEASE00539,PROP008,665,2023-01-04,2023-12-30,1263,12,Renewed,Family
LEASE00540,PROP008,558,2023-11-23,2024-11-17,2669,12,Renewed,Family
LEASE00541,PROP008,361,2023-12-29,2024-12-23,1395,12,Renewed,Individual
LEASE00542,PROP008,325,2022-07-04,2023-06-29,3466,12,Renewed,Family
LEASE00543,PROP009,813,2022-08-17,2023-02-13,1844,6,Renewed,Individual
LEASE00544,PROP009,875,2023-10-08,2024-10-02,2697,12,Renewed,Individual
LEASE00545,PROP009,779,2023-10-02,2024-09-26,2571,12,Month-to-Month,Family
LEASE00546,PROP009,130,2022-08-17,2023-08-12,2898,12,Renewed,Family
LEASE00547,PROP009,499,2023-12-15,2025-12-04,1861,24,Future,Individual
LEASE00548,PROP009,146,2022-04-10,2023-04-05,1828,12,Vacated,Corporate
LEASE00549,PROP009,619,2023-01-22,2024-01-17,1681,12,Renewed,Family
LEASE00550,PROP009,116,2022-07-05,2023-01-01,2706,6,Month-to-Month,Family
LEASE00551,PROP009,640,2023-09-28,2024-03-26,1524,6,Renewed,Family
LEASE00552,PROP009,113,2023-01-24,2024-01-19,1229,12,Renewed,Individual
LEASE00553,PROP009,928,2022-07-19,2023-07-14,3271,12,Month-to-Month,Corporate
LEASE00554,PROP009,785,2023-02-14,2024-02-09,2088,12,Renewed,Individual
LEASE00555,PROP009,768,2022-11-19,2024-11-08,2721,24,Renewed,Individual
LEASE00556,PROP009,635,2023-07-12,2024-07-06,1421,12,Renewed,Individual
LEASE00557,PROP009,358,2023-03-31,2024-03-25,1277,12,Renewed,Individual
LEASE00558,PROP009,427,2023-06-22,2024-06-16,2791,12,Renewed,Family
LEASE00559,PROP009,335,2023-06-05,2024-05-30,1513,12,Renewed,Individual
LEASE00560,PROP009,168,2022-06-28,2023-06-23,3304,12,Renewed,Individual
LEASE00561,PROP009,392,2022-04-08,2023-04-03,1577,12,Renewed,Family
LEASE00562,PROP009,850,2023-03-15,2024-03-09,1359,12,Renewed,Individual
LEASE00563,PROP009,854,2022-02-24,2022-08-23,2710,6,Vacated,Individual
LEASE00564,PROP009,233,2023-06-27,2025-06-16,2631,24,Future,Individual
LEASE00565,PROP009,357,2023-11-23,2024-11-17,3179,12,Renewed,Individual
LEASE00566,PROP009,602,2023-10-24,2024-10-18,3294,12,Renewed,Individual
LEASE00567,PROP009,212,2023-07-19,2024-07-13,1415,12,Renewed,Individual
LEASE00568,PROP009,482,2023-01-27,2024-01-22,3080,12,Renewed,Individual
LEASE00569,PROP009,425,2022-07-11,2023-07-06,3016,12,Renewed,Individual
LEASE00570,PROP009,271,2022-10-02,2023-09-27,2222,12,Renewed,Corporate
LEASE00571,PROP009,692,2022-06-15,2023-06-10,2219,12,Renewed,Family
LEASE00572,PROP009,421,2024-01-09,2025-01-03,1518,12,Renewed,Family
LEASE00573,PROP009,603,2023-11-26,2024-11-20,1703,12,Vacated,Family
LEASE00574,PROP009,655,2023-09-11,2024-09-05,1850,12,Renewed,Individual
LEASE00575,PROP009,286,2022-03-23,2024-03-12,2538,24,Vacated,Individual
LEASE00576,PROP009,503,2022-10-21,2024-10-10,1269,24,Month-to-Month,Individual
LEASE00577,PROP009,508,2022-05-23,2024-05-12,3428,24,Renewed,Individual
LEASE00578,PROP009,402,2022-09-01,2023-08-27,1700,12,Renewed,Family
LEASE00579,PROP009,981,2022-10-03,2023-09-28,2355,12,Month-to-Month,Individual
LEASE00580,PROP009,421,2022-06-02,2023-05-28,1502,12,Vacated,Family
LEASE00581,PROP009,867,2023-08-27,2024-08-21,3318,12,Vacated,Corporate
LEASE00582,PROP009,913,2022-07-21,2023-07-16,1351,12,Renewed,Corporate
LEASE00583,PROP009,563,2023-05-31,2024-05-25,1685,12,Renewed,Individual
LEASE00584,PROP009,793,2022-06-04,2023-05-30,2260,12,Renewed,Individual
LEASE00585,PROP009,702,2023-04-01,2023-09-28,3132,6,Renewed,Individual
LEASE00586,PROP009,585,2023-08-22,2025-08-11,1886,24,Future,Corporate
LEASE00587,PROP009,748,2022-06-09,2023-06-04,2896,12,Renewed,Family
LEASE00588,PROP009,887,2022-04-19,2023-04-14,1465,12,Renewed,Individual
LEASE00589,PROP009,654,2022-03-30,2023-03-25,2565,12,Renewed,Individual
LEASE00590,PROP009,407,2022-09-06,2023-09-01,1836,12,Renewed,Individual
LEASE00591,PROP009,300,2023-03-31,2024-03-25,2654,12,Renewed,Individual
LEASE00592,PROP009,996,2023-02-25,2024-02-20,2802,12,Vacated,Corporate
LEASE00593,PROP009,133,2023-02-01,2024-01-27,1380,12,Renewed,Individual
LEASE00594,PROP009,296,2022-03-31,2022-09-27,2070,6,Renewed,Individual
LEASE00595,PROP009,861,2023-07-28,2024-07-22,2940,12,Renewed,Individual
LEASE00596,PROP009,151,2023-09-09,2024-09-03,2957,12,Renewed,Family
LEASE00597,PROP009,278,2023-03-08,2025-02-25,2819,24,Pending,Individual
LEASE00598,PROP009,664,2023-07-09,2024-07-03,2646,12,Renewed,Family
LEASE00599,PROP009,322,2023-06-26,2024-06-20,2902,12,Vacated,Corporate
LEASE00600,PROP009,766,2022-06-10,2022-12-07,1531,6,Renewed,Individual
LEASE00601,PROP009,224,2023-08-01,2025-07-21,1423,24,Future,Individual
LEASE00602,PROP009,551,2024-01-21,2025-01-15,2803,12,Month-to-Month,Individual
LEASE00603,PROP009,135,2023-08-10,2024-08-04,3445,12,Renewed,Individual
LEASE00604,PROP009,755,2022-02-19,2023-02-14,1627,12,Renewed,Individual
LEASE00605,PROP009,594,2023-11-16,2024-11-10,1789,12,Month-to-Month,Individual
LEASE00606,PROP009,704,2022-04-15,2023-04-10,1379,12,Month-to-Month,Individual
LEASE00607,PROP009,152,2022-10-22,2023-10-17,2290,12,Vacated,Individual
LEASE00608,PROP009,273,2022-09-30,2023-09-25,1218,12,Renewed,Individual
LEASE00609,PROP009,553,2023-05-24,2024-05-18,2169,12,Vacated,Individual
LEASE00610,PROP009,773,2023-05-02,2024-04-26,2450,12,Vacated,Family
LEASE00611,PROP009,542,2022-05-22,2022-11-18,2824,6,Vacated,Individual
LEASE00612,PROP009,889,2022-05-30,2023-05-25,2675,12,Vacated,Individual
LEASE00613,PROP009,817,2022-09-19,2023-09-14,3259,12,Month-to-Month,Individual
LEASE00614,PROP009,225,2022-12-04,2023-11-29,1284,12,Vacated,Individual
LEASE00615,PROP009,839,2023-10-08,2024-10-02,2349,12,Renewed,Individual
LEASE00616,PROP009,782,2023-10-18,2024-10-12,1621,12,Renewed,Family
LEASE00617,PROP009,604,2022-10-05,2024-09-24,1710,24,Month-to-Month,Family
LEASE00618,PROP009,941,2022-03-07,2023-03-02,3354,12,Vacated,Family
LEASE00619,PROP009,779,2022-07-30,2023-07-25,1445,12,Vacated,Corporate
LEASE00620,PROP009,428,2023-12-25,2024-06-22,1928,6,Renewed,Individual
LEASE00621,PROP009,426,2023-12-10,2024-12-04,1289,12,Renewed,Family
LEASE00622,PROP009,357,2022-06-19,2023-06-14,1666,12,Vacated,Corporate
LEASE00623,PROP009,403,2022-11-23,2023-11-18,2804,12,Renewed,Family
LEASE00624,PROP009,622,2022-07-19,2023-07-14,3451,12,Renewed,Individual
LEASE00625,PROP009,442,2023-01-05,2023-12-31,3397,12,Vacated,Individual
LEASE00626,PROP009,747,2022-08-19,2023-08-14,2666,12,Vacated,Individual
LEASE00627,PROP009,918,2023-07-05,2024-06-29,1624,12,Vacated,Individual
LEASE00628,PROP009,666,2022-12-24,2023-12-19,2648,12,Vacated,Family
LEASE00629,PROP009,373,2023-07-18,2024-01-14,2006,6,Vacated,Family
LEASE00630,PROP009,170,2023-11-16,2024-05-14,1807,6,Month-to-Month,Family
LEASE00631,PROP009,819,2022-04-04,2023-03-30,2951,12,Renewed,Family
LEASE00632,PROP009,474,2023-08-18,2024-02-14,1279,6,Renewed,Individual
LEASE00633,PROP009,806,2023-02-04,2024-01-30,3017,12,Renewed,Individual
LEASE00634,PROP009,926,2022-04-13,2023-04-08,2444,12,Renewed,Individual
LEASE00635,PROP009,235,2023-12-14,2024-12-08,3104,12,Renewed,Family
LEASE00636,PROP009,131,2023-07-28,2024-01-24,1835,6,Renewed,Individual
LEASE00637,PROP009,644,2023-10-05,2024-09-29,2607,12,Renewed,Corporate
LEASE00638,PROP009,624,2023-11-22,2024-05-20,3198,6,Renewed,Family
LEASE00639,PROP009,484,2022-08-20,2023-02-16,1435,6,Renewed,Family
LEASE00640,PROP009,287,2023-04-06,2025-03-26,3043,24,Pending,Individual
LEASE00641,PROP009,855,2022-12-21,2023-12-16,1715,12,Vacated,Individual
LEASE00642,PROP010,674,2022-04-01,2023-03-27,3263,12,Renewed,Individual
LEASE00643,PROP010,405,2022-03-19,2024-03-08,1467,24,Renewed,Individual
LEASE00644,PROP010,844,2023-04-11,2024-04-05,1811,12,Month-to-Month,Individual
LEASE00645,PROP010,177,2022-09-15,2023-09-10,1798,12,Vacated,Individual
LEASE00646,PROP010,165,2022-09-04,2023-08-30,2170,12,Renewed,Individual
LEASE00647,PROP010,911,2022-05-30,2023-05-25,1905,12,Renewed,Individual
LEASE00648,PROP010,617,2022-09-21,2023-09-16,1918,12,Renewed,Individual
LEASE00649,PROP010,835,2023-11-14,2024-11-08,1758,12,Vacated,Individual
LEASE00650,PROP010,936,2022-08-04,2023-07-30,1997,12,Renewed,Individual
LEASE00651,PROP010,555,2023-02-25,2024-02-20,2291,12,Renewed,Corporate
LEASE00652,PROP010,592,2023-10-19,2025-10-08,1708,24,Future,Family
LEASE00653,PROP010,157,2022-12-12,2023-12-07,2824,12,Renewed,Individual
LEASE00654,PROP010,702,2022-09-30,2023-09-25,2919,12,Renewed,Individual
LEASE00655,PROP010,196,2023-01-03,2023-12-29,1416,12,Renewed,Individual
LEASE00656,PROP010,388,2022-03-09,2023-03-04,3289,12,Vacated,Corporate
LEASE00657,PROP010,263,2022-09-05,2023-03-04,1546,6,Month-to-Month,Individual
LEASE00658,PROP010,826,2023-03-08,2024-03-02,1771,12,Renewed,Family
LEASE00659,PROP010,521,2022-10-02,2023-09-27,1921,12,Vacated,Individual
LEASE00660,PROP010,619,2023-09-28,2024-09-22,2263,12,Renewed,Individual
LEASE00661,PROP010,284,2022-08-24,2023-08-19,2241,12,Renewed,Family
LEASE00662,PROP010,152,2022-03-01,2023-02-24,1510,12,Renewed,Individual
LEASE00663,PROP010,631,2022-07-10,2023-07-05,2696,12,Renewed,Individual
LEASE00664,PROP010,756,2022-10-01,2023-09-26,2000,12,Renewed,Individual
LEASE00665,PROP010,727,2022-04-29,2023-04-24,3140,12,Vacated,Family
LEASE00666,PROP010,329,2023-07-21,2025-07-10,2778,24,Future,Corporate
LEASE00667,PROP010,931,2023-06-04,2024-05-29,2323,12,Month-to-Month,Individual
LEASE00668,PROP010,105,2022-08-03,2023-07-29,3316,12,Vacated,Individual
LEASE00669,PROP010,668,2022-04-10,2023-04-05,2766,12,Vacated,Family
LEASE00670,PROP010,743,2023-07-12,2024-07-06,3125,12,Vacated,Family
LEASE00671,PROP010,196,2023-03-30,2024-03-24,3005,12,Renewed,Individual
LEASE00672,PROP010,374,2022-03-25,2023-03-20,1313,12,Renewed,Individual
LEASE00673,PROP010,705,2023-07-07,2024-07-01,3278,12,Renewed,Family
LEASE00674,PROP010,799,2022-12-27,2024-12-16,2659,24,Vacated,Individual
LEASE00675,PROP010,338,2023-01-04,2023-12-30,1695,12,Renewed,Individual
LEASE00676,PROP010,908,2022-06-11,2023-06-06,1784,12,Renewed,Family
LEASE00677,PROP010,132,2022-05-20,2023-05-15,2730,12,Renewed,Individual
LEASE00678,PROP010,802,2023-08-28,2024-08-22,3493,12,Renewed,Individual
LEASE00679,PROP010,995,2022-03-02,2022-08-29,1330,6,Renewed,Family
LEASE00680,PROP010,404,2022-02-23,2022-08-22,2144,6,Month-to-Month,Individual
LEASE00681,PROP010,258,2024-01-16,2024-07-14,2233,6,Renewed,Individual
LEASE00682,PROP010,943,2022-06-11,2023-06-06,1330,12,Renewed,Family
LEASE00683,PROP010,506,2022-08-20,2023-08-15,1458,12,Renewed,Family
LEASE00684,PROP010,496,2022-05-29,2023-05-24,2237,12,Month-to-Month,Corporate
LEASE00685,PROP010,871,2023-04-26,2024-04-20,2853,12,Renewed,Family
LEASE00686,PROP010,628,2023-01-31,2024-01-26,1608,12,Renewed,Family
LEASE00687,PROP010,690,2023-12-30,2024-12-24,3216,12,Vacated,Corporate
LEASE00688,PROP010,171,2023-10-06,2024-09-30,1652,12,Vacated,Individual
LEASE00689,PROP010,285,2023-11-13,2024-11-07,2762,12,Renewed,Individual
LEASE00690,PROP010,854,2022-10-23,2023-10-18,1682,12,Vacated,Individual
LEASE00691,PROP010,395,2023-02-22,2024-02-17,1606,12,Renewed,Family
LEASE00692,PROP010,812,2023-08-12,2024-08-06,1279,12,Renewed,Family
LEASE00693,PROP010,354,2023-06-02,2024-05-27,2125,12,Vacated,Corporate
LEASE00694,PROP010,996,2023-07-04,2024-06-28,2082,12,Renewed,Family
LEASE00695,PROP010,897,2022-10-05,2023-09-30,2521,12,Vacated,Individual
LEASE00696,PROP010,860,2022-11-18,2023-11-13,3082,12,Vacated,Corporate
LEASE00697,PROP010,546,2023-05-05,2023-11-01,1741,6,Renewed,Individual
LEASE00698,PROP010,520,2022-11-28,2024-11-17,3427,24,Renewed,Family
LEASE00699,PROP010,875,2023-04-20,2023-10-17,2331,6,Renewed,Individual
LEASE00700,PROP010,509,2022-02-05,2022-08-04,2426,6,Renewed,Family
LEASE00701,PROP010,993,2023-08-22,2024-08-16,1550,12,Renewed,Individual
LEASE00702,PROP010,440,2022-09-25,2023-09-20,1324,12,Renewed,Individual
LEASE00703,PROP010,637,2023-05-08,2023-11-04,1941,6,Renewed,Individual
LEASE00704,PROP010,661,2023-02-25,2024-02-20,3215,12,Vacated,Individual
LEASE00705,PROP010,819,2023-12-18,2024-12-12,1834,12,Renewed,Individual
LEASE00706,PROP010,328,2023-08-19,2024-08-13,2245,12,Renewed,Family
LEASE00707,PROP010,155,2022-03-25,2023-03-20,2109,12,Vacated,Corporate
LEASE00708,PROP010,882,2022-09-25,2023-09-20,2515,12,Renewed,Family
LEASE00709,PROP010,153,2022-03-14,2023-03-09,2294,12,Renewed,Individual
LEASE00710,PROP010,987,2022-10-23,2023-10-18,1418,12,Renewed,Individual
LEASE00711,PROP010,918,2022-03-22,2023-03-17,3052,12,Renewed,Family
LEASE00712,PROP010,955,2022-08-05,2023-07-31,2883,12,Renewed,Individual
LEASE00713,PROP010,861,2022-11-24,2023-11-19,3202,12,Vacated,Family
LEASE00714,PROP011,660,2022-08-08,2023-08-03,1364,12,Vacated,Individual
LEASE00715,PROP011,472,2023-07-22,2024-07-16,1741,12,Renewed,Family
LEASE00716,PROP011,523,2022-08-31,2023-08-26,2255,12,Renewed,Family
LEASE00717,PROP011,873,2023-02-16,2024-02-11,3211,12,Renewed,Family
LEASE00718,PROP011,692,2023-03-07,2024-03-01,2674,12,Renewed,Family
LEASE00719,PROP011,209,2022-03-13,2023-03-08,3199,12,Renewed,Individual
LEASE00720,PROP011,585,2022-03-15,2023-03-10,1452,12,Renewed,Individual
LEASE00721,PROP011,682,2023-12-13,2024-12-07,2265,12,Month-to-Month,Family
LEASE00722,PROP011,294,2022-11-25,2023-11-20,1330,12,Renewed,Family
LEASE00723,PROP011,342,2022-08-11,2023-08-06,1746,12,Vacated,Family
LEASE00724,PROP011,601,2022-06-03,2023-05-29,3135,12,Month-to-Month,Corporate
LEASE00725,PROP011,466,2022-06-03,2023-05-29,2755,12,Renewed,Family
LEASE00726,PROP011,581,2022-12-26,2023-12-21,2997,12,Renewed,Individual
LEASE00727,PROP011,928,2023-07-01,2024-06-25,3074,12,Renewed,Individual
LEASE00728,PROP011,323,2023-01-26,2024-01-21,2619,12,Renewed,Family
LEASE00729,PROP011,994,2023-10-01,2024-09-25,2472,12,Renewed,Corporate
LEASE00730,PROP011,755,2023-10-21,2024-10-15,3104,12,Renewed,Corporate
LEASE00731,PROP011,118,2023-12-27,2024-12-21,2464,12,Renewed,Individual
LEASE00732,PROP011,563,2023-01-20,2024-01-15,2759,12,Renewed,Individual
LEASE00733,PROP011,908,2022-05-21,2023-05-16,2871,12,Renewed,Individual
LEASE00734,PROP011,791,2023-04-02,2024-03-27,2472,12,Renewed,Family
LEASE00735,PROP011,311,2022-07-05,2023-06-30,3385,12,Renewed,Individual
LEASE00736,PROP011,631,2023-12-01,2024-11-25,2687,12,Renewed,Individual
LEASE00737,PROP011,706,2022-09-24,2023-03-23,3071,6,Renewed,Individual
LEASE00738,PROP011,466,2023-02-14,2024-02-09,3485,12,Renewed,Individual
LEASE00739,PROP011,943,2023-10-02,2024-03-30,3000,6,Renewed,Individual
LEASE00740,PROP011,763,2023-02-18,2024-02-13,2327,12,Renewed,Individual
LEASE00741,PROP011,198,2022-11-18,2023-11-13,2554,12,Month-to-Month,Individual
LEASE00742,PROP011,886,2022-10-15,2023-04-13,2576,6,Renewed,Corporate
LEASE00743,PROP011,396,2023-02-07,2023-08-06,2241,6,Renewed,Individual
LEASE00744,PROP012,157,2023-11-09,2024-11-03,1361,12,Renewed,Corporate
LEASE00745,PROP012,276,2023-01-04,2023-12-30,3264,12,Renewed,Individual
LEASE00746,PROP012,393,2024-01-19,2025-01-13,2644,12,Vacated,Individual
LEASE00747,PROP012,591,2022-06-16,2023-06-11,1735,12,Renewed,Family
LEASE00748,PROP012,921,2022-10-21,2023-10-16,1883,12,Renewed,Individual
LEASE00749,PROP012,259,2022-02-21,2023-02-16,2063,12,Vacated,Individual
LEASE00750,PROP012,174,2022-11-26,2024-11-15,3261,24,Renewed,Individual
LEASE00751,PROP012,501,2023-11-10,2024-11-04,3108,12,Renewed,Individual
LEASE00752,PROP012,472,2022-07-25,2023-07-20,1420,12,Vacated,Individual
LEASE00753,PROP012,920,2022-08-02,2024-07-22,2007,24,Renewed,Individual
LEASE00754,PROP012,197,2022-07-15,2023-07-10,1466,12,Renewed,Family
LEASE00755,PROP012,111,2022-08-29,2023-08-24,1569,12,Renewed,Family
LEASE00756,PROP012,743,2022-04-28,2023-04-23,1384,12,Renewed,Individual
LEASE00757,PROP012,355,2023-05-20,2023-11-16,2590,6,Vacated,Individual
LEASE00758,PROP012,866,2022-02-26,2023-02-21,1291,12,Renewed,Individual
LEASE00759,PROP012,164,2023-01-21,2024-01-16,1546,12,Renewed,Individual
LEASE00760,PROP012,440,2023-08-28,2024-08-22,3498,12,Vacated,Individual
LEASE00761,PROP012,460,2023-04-17,2025-04-06,2347,24,Pending,Individual
LEASE00762,PROP012,483,2022-03-07,2023-03-02,2338,12,Renewed,Family
LEASE00763,PROP012,725,2022-04-21,2024-04-10,2085,24,Renewed,Family
LEASE00764,PROP012,717,2022-06-10,2023-06-05,2949,12,Renewed,Family
LEASE00765,PROP012,651,2023-06-03,2025-05-23,2586,24,Future,Individual
LEASE00766,PROP012,507,2022-10-25,2023-10-20,2492,12,Renewed,Individual
LEASE00767,PROP012,842,2022-07-11,2024-06-30,1229,24,Renewed,Family
LEASE00768,PROP012,437,2023-03-14,2024-03-08,2755,12,Renewed,Individual
LEASE00769,PROP013,241,2022-06-16,2023-06-11,2330,12,Renewed,Individual
LEASE00770,PROP013,927,2023-10-12,2024-10-06,2423,12,Renewed,Individual
LEASE00771,PROP013,453,2024-01-02,2024-12-27,1288,12,Month-to-Month,Corporate
LEASE00772,PROP013,243,2022-02-28,2023-02-23,3351,12,Renewed,Corporate
LEASE00773,PROP013,531,2023-05-09,2024-05-03,1707,12,Renewed,Family
LEASE00774,PROP013,371,2023-11-23,2024-11-17,1692,12,Renewed,Family
LEASE00775,PROP013,341,2023-02-15,2024-02-10,2653,12,Vacated,Corporate
LEASE00776,PROP013,894,2022-10-20,2023-10-15,3376,12,Vacated,Family
LEASE00777,PROP013,830,2022-07-14,2023-01-10,1610,6,Renewed,Family
LEASE00778,PROP013,263,2023-02-21,2025-02-10,3473,24,Pending,Family
LEASE00779,PROP013,966,2023-06-23,2024-06-17,1333,12,Renewed,Individual
LEASE00780,PROP013,939,2022-02-18,2023-02-13,2506,12,Renewed,Individual
LEASE00781,PROP013,665,2022-06-05,2023-05-31,3069,12,Renewed,Individual
LEASE00782,PROP013,320,2022-03-31,2024-03-20,1826,24,Renewed,Individual
LEASE00783,PROP013,444,2022-02-15,2023-02-10,3292,12,Renewed,Individual
LEASE00784,PROP013,204,2022-05-26,2023-05-21,1309,12,Renewed,Individual
LEASE00785,PROP013,121,2023-06-16,2024-06-10,3084,12,Month-to-Month,Individual
LEASE00786,PROP013,574,2024-01-09,2025-12-29,3358,24,Future,Family
LEASE00787,PROP013,224,2022-09-26,2023-03-25,1342,6,Renewed,Individual
LEASE00788,PROP013,653,2022-08-03,2024-07-23,3090,24,Renewed,Family
LEASE00789,PROP013,213,2022-10-29,2023-04-27,3294,6,Renewed,Individual
LEASE00790,PROP013,927,2022-07-03,2023-06-28,2729,12,Vacated,Corporate
LEASE00791,PROP013,212,2023-04-03,2024-03-28,3087,12,Renewed,Family
LEASE00792,PROP013,873,2023-11-23,2024-11-17,1945,12,Vacated,Family
LEASE00793,PROP013,960,2022-03-10,2023-03-05,2930,12,Vacated,Corporate
LEASE00794,PROP013,599,2022-06-23,2024-06-12,2959,24,Renewed,Individual
LEASE00795,PROP013,984,2023-10-06,2024-04-03,2689,6,Vacated,Individual
LEASE00796,PROP013,949,2022-05-19,2023-05-14,2936,12,Renewed,Family
LEASE00797,PROP013,669,2022-08-12,2023-02-08,2175,6,Renewed,Corporate
LEASE00798,PROP013,270,2022-10-27,2023-10-22,1697,12,Renewed,Family
LEASE00799,PROP013,723,2023-07-23,2024-07-17,3335,12,Renewed,Individual
LEASE00800,PROP013,919,2022-05-03,2023-04-28,2340,12,Renewed,Corporate
LEASE00801,PROP013,122,2023-11-03,2024-10-28,1282,12,Renewed,Corporate
LEASE00802,PROP013,210,2023-06-26,2024-06-20,3197,12,Renewed,Family
LEASE00803,PROP013,160,2023-03-22,2024-03-16,2099,12,Month-to-Month,Family
LEASE00804,PROP013,683,2022-07-07,2023-07-02,2208,12,Renewed,Individual
LEASE00805,PROP013,955,2024-01-23,2024-07-21,3131,6,Vacated,Family
LEASE00806,PROP013,580,2023-11-10,2024-11-04,3454,12,Renewed,Individual
LEASE00807,PROP013,401,2023-08-27,2024-02-23,3136,6,Renewed,Individual
LEASE00808,PROP013,791,2023-05-02,2024-04-26,1727,12,Vacated,Family
LEASE00809,PROP013,873,2022-03-30,2023-03-25,2593,12,Vacated,Individual
LEASE00810,PROP013,361,2022-08-14,2023-08-09,2738,12,Renewed,Individual
LEASE00811,PROP013,380,2022-07-04,2023-06-29,2409,12,Renewed,Individual
LEASE00812,PROP013,899,2023-11-03,2024-10-28,2088,12,Renewed,Individual
LEASE00813,PROP013,549,2022-07-20,2023-07-15,2464,12,Renewed,Family
LEASE00814,PROP013,213,2022-03-27,2023-03-22,2889,12,Renewed,Family
LEASE00815,PROP013,547,2022-10-12,2023-10-07,3140,12,Vacated,Individual
LEASE00816,PROP013,780,2023-06-16,2023-12-13,3187,6,Vacated,Corporate
LEASE00817,PROP013,365,2022-05-02,2023-04-27,2898,12,Renewed,Family
LEASE00818,PROP013,671,2024-01-24,2025-01-18,3097,12,Renewed,Family
LEASE00819,PROP013,529,2022-12-15,2023-12-10,1608,12,Vacated,Family
LEASE00820,PROP013,806,2022-07-02,2023-06-27,2127,12,Renewed,Individual
LEASE00821,PROP013,366,2023-09-24,2024-03-22,2935,6,Vacated,Individual
LEASE00822,PROP013,490,2022-05-09,2023-05-04,2249,12,Renewed,Family
LEASE00823,PROP013,702,2023-01-27,2024-01-22,1281,12,Renewed,Individual
LEASE00824,PROP013,471,2022-08-05,2023-07-31,2895,12,Renewed,Individual
LEASE00825,PROP013,799,2022-03-16,2023-03-11,1973,12,Renewed,Individual
LEASE00826,PROP013,325,2022-11-05,2023-10-31,2241,12,Renewed,Family
LEASE00827,PROP013,679,2023-01-01,2023-06-30,3043,6,Renewed,Corporate
LEASE00828,PROP013,303,2022-11-19,2023-11-14,3019,12,Renewed,Family
LEASE00829,PROP013,993,2023-12-28,2024-12-22,3319,12,Vacated,Individual
LEASE00830,PROP013,976,2024-01-14,2024-07-12,2905,6,Renewed,Individual
LEASE00831,PROP013,438,2023-03-02,2025-02-19,3272,24,Pending,Individual
LEASE00832,PROP013,267,2023-07-09,2025-06-28,1635,24,Future,Family
LEASE00833,PROP013,531,2022-09-24,2023-09-19,3200,12,Renewed,Individual
LEASE00834,PROP013,347,2023-03-01,2024-02-24,1663,12,Renewed,Family
LEASE00835,PROP013,108,2022-12-10,2023-12-05,3460,12,Renewed,Family
LEASE00836,PROP013,377,2023-02-10,2024-02-05,2831,12,Renewed,Individual
LEASE00837,PROP013,841,2023-08-15,2024-08-09,2001,12,Vacated,Family
LEASE00838,PROP013,577,2022-12-24,2023-12-19,1982,12,Renewed,Individual
LEASE00839,PROP013,193,2022-06-14,2023-06-09,2116,12,Month-to-Month,Family
LEASE00840,PROP013,217,2023-03-21,2024-03-15,2222,12,Renewed,Family
LEASE00841,PROP013,254,2023-02-19,2023-08-18,1220,6,Renewed,Individual
LEASE00842,PROP013,676,2023-04-28,2024-04-22,3015,12,Renewed,Individual
LEASE00843,PROP013,759,2023-07-16,2024-07-10,3117,12,Renewed,Individual
LEASE00844,PROP013,167,2022-04-13,2023-04-08,1260,12,Renewed,Family
LEASE00845,PROP013,828,2022-12-26,2023-12-21,1224,12,Renewed,Individual
LEASE00846,PROP013,593,2022-11-02,2024-10-22,1489,24,Vacated,Individual
LEASE00847,PROP013,492,2022-04-13,2024-04-02,2100,24,Renewed,Corporate
LEASE00848,PROP013,526,2023-07-02,2024-06-26,2899,12,Renewed,Individual
LEASE00849,PROP013,931,2023-12-18,2025-12-07,1358,24,Future,Individual
LEASE00850,PROP013,231,2022-09-12,2023-09-07,1717,12,Renewed,Family
LEASE00851,PROP013,399,2023-04-16,2023-10-13,1585,6,Month-to-Month,Family
LEASE00852,PROP013,777,2023-11-19,2025-11-08,2163,24,Future,Family
LEASE00853,PROP013,840,2022-02-12,2023-02-07,1874,12,Renewed,Individual
LEASE00854,PROP013,977,2023-08-10,2024-08-04,1477,12,Renewed,Corporate
LEASE00855,PROP013,641,2022-08-09,2024-07-29,3408,24,Vacated,Individual
LEASE00856,PROP013,701,2023-12-05,2024-11-29,1387,12,Vacated,Individual
LEASE00857,PROP013,127,2023-05-06,2024-04-30,1303,12,Month-to-Month,Family
LEASE00858,PROP013,476,2022-03-03,2023-02-26,2230,12,Renewed,Individual
LEASE00859,PROP013,271,2022-08-28,2023-02-24,2433,6,Renewed,Family
LEASE00860,PROP013,908,2022-05-06,2022-11-02,2493,6,Renewed,Individual
LEASE00861,PROP013,562,2023-02-04,2024-01-30,3490,12,Vacated,Family
LEASE00862,PROP013,111,2024-01-16,2024-07-14,1794,6,Vacated,Individual
LEASE00863,PROP013,195,2023-12-26,2024-12-20,1523,12,Renewed,Corporate
LEASE00864,PROP013,662,2022-12-21,2023-06-19,1229,6,Renewed,Family
LEASE00865,PROP013,864,2023-05-10,2024-05-04,1212,12,Renewed,Family
LEASE00866,PROP013,145,2023-08-24,2024-08-18,3002,12,Renewed,Individual
LEASE00867,PROP013,342,2022-03-16,2023-03-11,1895,12,Vacated,Individual
LEASE00868,PROP013,864,2023-07-30,2024-07-24,2406,12,Renewed,Family
LEASE00869,PROP014,135,2022-08-28,2023-02-24,1651,6,Renewed,Family
LEASE00870,PROP014,519,2022-12-18,2023-12-13,3345,12,Renewed,Family
LEASE00871,PROP014,672,2022-08-03,2023-07-29,2245,12,Renewed,Individual
LEASE00872,PROP014,792,2022-04-04,2023-03-30,2869,12,Renewed,Family
LEASE00873,PROP014,927,2022-04-30,2022-10-27,3467,6,Vacated,Individual
LEASE00874,PROP014,483,2022-02-26,2023-02-21,1319,12,Renewed,Family
LEASE00875,PROP014,368,2022-05-16,2023-05-11,1987,12,Renewed,Family
LEASE00876,PROP014,949,2022-10-25,2023-04-23,1811,6,Renewed,Family
LEASE00877,PROP014,585,2024-01-01,2024-12-26,1601,12,Renewed,Family
LEASE00878,PROP014,311,2022-12-13,2023-12-08,1600,12,Renewed,Family
LEASE00879,PROP014,361,2023-02-05,2025-01-25,1232,24,Renewed,Family
LEASE00880,PROP014,213,2022-10-07,2023-10-02,1737,12,Renewed,Family
LEASE00881,PROP014,732,2023-07-17,2024-01-13,2007,6,Month-to-Month,Corporate
LEASE00882,PROP014,511,2023-07-10,2024-07-04,1465,12,Month-to-Month,Individual
LEASE00883,PROP014,642,2023-07-23,2024-07-17,1297,12,Renewed,Family
LEASE00884,PROP014,273,2023-06-03,2024-05-28,1329,12,Renewed,Individual
LEASE00885,PROP014,540,2023-02-17,2024-02-12,1385,12,Renewed,Family
LEASE00886,PROP014,379,2022-05-24,2022-11-20,3197,6,Renewed,Individual
LEASE00887,PROP014,602,2022-05-12,2023-05-07,2324,12,Month-to-Month,Individual
LEASE00888,PROP014,547,2022-09-12,2023-09-07,3446,12,Renewed,Family
LEASE00889,PROP014,189,2022-06-01,2023-05-27,3204,12,Renewed,Family
LEASE00890,PROP014,302,2022-04-16,2023-04-11,1548,12,Renewed,Individual
LEASE00891,PROP014,173,2022-08-29,2023-08-24,2241,12,Vacated,Individual
LEASE00892,PROP014,170,2022-07-08,2023-07-03,1655,12,Vacated,Individual
LEASE00893,PROP014,219,2022-05-20,2023-05-15,2230,12,Renewed,Family
LEASE00894,PROP014,886,2022-09-14,2023-09-09,1492,12,Renewed,Individual
LEASE00895,PROP014,624,2023-03-18,2024-03-12,3377,12,Vacated,Family
LEASE00896,PROP014,414,2022-06-16,2024-06-05,2515,24,Renewed,Family
LEASE00897,PROP014,701,2022-10-01,2023-09-26,3061,12,Renewed,Family
LEASE00898,PROP014,952,2023-05-07,2024-05-01,1374,12,Renewed,Individual
LEASE00899,PROP014,690,2022-02-26,2023-02-21,3444,12,Renewed,Family
LEASE00900,PROP014,452,2023-09-05,2024-08-30,1248,12,Renewed,Family
LEASE00901,PROP014,530,2022-11-06,2023-05-05,2614,6,Renewed,Corporate
LEASE00902,PROP014,224,2022-08-25,2023-08-20,1737,12,Renewed,Individual
LEASE00903,PROP014,703,2023-10-19,2024-10-13,2199,12,Renewed,Family
LEASE00904,PROP014,681,2023-07-29,2024-07-23,2717,12,Renewed,Individual
LEASE00905,PROP014,399,2023-10-20,2024-04-17,3417,6,Renewed,Individual
LEASE00906,PROP014,977,2023-09-06,2024-08-31,3220,12,Vacated,Individual
LEASE00907,PROP014,183,2022-06-26,2024-06-15,3436,24,Renewed,Family
LEASE00908,PROP014,549,2023-10-28,2024-10-22,1880,12,Vacated,Individual
LEASE00909,PROP014,825,2023-03-25,2024-03-19,3313,12,Vacated,Individual
LEASE00910,PROP014,676,2022-12-12,2023-12-07,1952,12,Month-to-Month,Family
LEASE00911,PROP014,974,2024-01-03,2024-12-28,1921,12,Renewed,Family
LEASE00912,PROP014,750,2022-08-20,2023-08-15,2572,12,Renewed,Individual
LEASE00913,PROP014,193,2022-12-07,2023-12-02,3469,12,Renewed,Family
LEASE00914,PROP014,936,2023-12-07,2024-12-01,2968,12,Renewed,Family
LEASE00915,PROP014,275,2022-08-23,2023-08-18,1840,12,Vacated,Individual
LEASE00916,PROP014,995,2023-03-27,2024-03-21,2358,12,Month-to-Month,Individual
LEASE00917,PROP014,959,2022-11-05,2023-10-31,3324,12,Renewed,Individual
LEASE00918,PROP014,673,2022-02-12,2023-02-07,2694,12,Renewed,Individual
LEASE00919,PROP014,925,2023-01-07,2024-01-02,2853,12,Renewed,Family
LEASE00920,PROP014,903,2023-01-05,2024-12-25,2375,24,Renewed,Corporate
LEASE00921,PROP014,137,2023-08-22,2024-08-16,1846,12,Renewed,Family
LEASE00922,PROP014,625,2022-06-05,2023-05-31,2333,12,Month-to-Month,Family
LEASE00923,PROP014,420,2023-10-18,2024-10-12,1744,12,Renewed,Individual
LEASE00924,PROP014,214,2022-06-09,2023-06-04,1245,12,Renewed,Individual
LEASE00925,PROP014,688,2023-12-09,2024-12-03,2142,12,Renewed,Family
LEASE00926,PROP014,331,2023-09-02,2024-08-27,2700,12,Renewed,Individual
LEASE00927,PROP014,496,2022-11-28,2023-11-23,2876,12,Vacated,Family
LEASE00928,PROP014,854,2022-10-20,2023-10-15,2324,12,Renewed,Individual
LEASE00929,PROP014,619,2024-01-22,2025-01-16,2168,12,Renewed,Family
LEASE00930,PROP014,221,2022-04-11,2023-04-06,1995,12,Renewed,Individual
LEASE00931,PROP014,103,2023-07-07,2024-01-03,1389,6,Vacated,Individual
LEASE00932,PROP014,934,2022-03-07,2023-03-02,2811,12,Renewed,Individual
LEASE00933,PROP014,581,2022-05-23,2023-05-18,2949,12,Renewed,Family
LEASE00934,PROP014,831,2023-05-11,2025-04-30,2230,24,Future,Family
LEASE00935,PROP015,658,2023-02-10,2025-01-30,3240,24,Renewed,Family
LEASE00936,PROP015,840,2023-11-08,2024-11-02,3378,12,Renewed,Family
LEASE00937,PROP015,369,2022-07-18,2023-07-13,3042,12,Renewed,Family
LEASE00938,PROP015,398,2022-06-21,2023-06-16,1779,12,Vacated,Individual
LEASE00939,PROP015,828,2023-03-04,2024-02-27,2611,12,Vacated,Individual
LEASE00940,PROP015,610,2022-06-26,2023-06-21,3473,12,Renewed,Family
LEASE00941,PROP015,568,2023-02-02,2024-01-28,1774,12,Renewed,Family
LEASE00942,PROP015,602,2023-03-10,2024-03-04,2232,12,Renewed,Individual
LEASE00943,PROP015,879,2022-08-16,2023-08-11,2279,12,Renewed,Family
LEASE00944,PROP015,925,2022-09-02,2023-08-28,3366,12,Renewed,Individual
LEASE00945,PROP015,301,2023-04-10,2024-04-04,3326,12,Renewed,Individual
LEASE00946,PROP015,714,2022-11-28,2023-05-27,1273,6,Renewed,Individual
LEASE00947,PROP015,885,2022-05-23,2023-05-18,3118,12,Renewed,Family
LEASE00948,PROP015,210,2022-02-27,2024-02-17,2777,24,Renewed,Individual
LEASE00949,PROP015,266,2023-09-21,2024-09-15,2183,12,Renewed,Family
LEASE00950,PROP015,416,2022-08-30,2023-08-25,1434,12,Renewed,Family
LEASE00951,PROP015,803,2022-03-29,2023-03-24,2256,12,Renewed,Individual
LEASE00952,PROP015,305,2022-02-03,2024-01-24,1266,24,Renewed,Family
LEASE00953,PROP015,589,2023-06-18,2024-06-12,1882,12,Renewed,Corporate
LEASE00954,PROP015,262,2023-04-02,2024-03-27,2944,12,Renewed,Family
LEASE00955,PROP015,169,2023-07-21,2024-07-15,3305,12,Renewed,Individual
LEASE00956,PROP015,309,2023-06-26,2025-06-15,1286,24,Future,Family
LEASE00957,PROP015,748,2023-07-10,2025-06-29,1640,24,Future,Individual
LEASE00958,PROP015,337,2023-06-12,2024-06-06,1429,12,Renewed,Individual
LEASE00959,PROP015,838,2023-06-08,2024-06-02,1823,12,Renewed,Family
LEASE00960,PROP015,430,2023-11-09,2024-11-03,2162,12,Renewed,Family
LEASE00961,PROP015,703,2022-07-09,2023-07-04,2522,12,Renewed,Family
LEASE00962,PROP015,296,2022-12-13,2023-12-08,3490,12,Renewed,Family
LEASE00963,PROP015,291,2023-05-13,2024-05-07,2315,12,Renewed,Individual
LEASE00964,PROP015,700,2023-09-08,2024-09-02,1415,12,Renewed,Individual
LEASE00965,PROP015,415,2023-11-09,2025-10-29,2314,24,Future,Family
LEASE00966,PROP015,379,2022-02-13,2023-02-08,2006,12,Renewed,Family
LEASE00967,PROP015,739,2023-02-05,2025-01-25,1520,24,Renewed,Family
LEASE00968,PROP015,498,2023-02-22,2024-02-17,1841,12,Vacated,Individual
LEASE00969,PROP015,801,2022-02-20,2023-02-15,3180,12,Vacated,Family
LEASE00970,PROP015,646,2023-11-02,2025-10-22,2294,24,Future,Family
LEASE00971,PROP015,900,2023-09-22,2024-09-16,2792,12,Renewed,Individual
LEASE00972,PROP015,166,2022-09-01,2023-08-27,1623,12,Renewed,Corporate
LEASE00973,PROP015,847,2022-08-26,2023-08-21,2190,12,Renewed,Individual
LEASE00974,PROP015,412,2023-11-11,2025-10-31,1578,24,Future,Family
LEASE00975,PROP015,888,2022-07-18,2023-07-13,2436,12,Vacated,Individual
LEASE00976,PROP015,937,2023-10-02,2024-09-26,2347,12,Renewed,Family
LEASE00977,PROP015,384,2022-11-15,2023-11-10,2594,12,Vacated,Individual
LEASE00978,PROP015,759,2022-05-06,2023-05-01,2145,12,Renewed,Individual
LEASE00979,PROP015,694,2022-02-08,2023-02-03,2166,12,Renewed,Individual
LEASE00980,PROP015,897,2024-01-21,2025-01-15,1646,12,Renewed,Family
LEASE00981,PROP015,890,2024-01-04,2024-12-29,2816,12,Renewed,Individual
LEASE00982,PROP015,417,2023-06-09,2024-06-03,2101,12,Renewed,Individual
LEASE00983,PROP015,712,2023-01-09,2023-07-08,2668,6,Renewed,Family
LEASE00984,PROP015,869,2023-06-20,2024-06-14,2075,12,Renewed,Individual
LEASE00985,PROP015,197,2022-07-02,2023-06-27,1938,12,Renewed,Corporate
LEASE00986,PROP015,970,2023-09-12,2025-09-01,1998,24,Future,Corporate
LEASE00987,PROP015,498,2022-11-10,2023-11-05,2046,12,Renewed,Individual
LEASE00988,PROP015,627,2023-09-21,2024-09-15,1283,12,Renewed,Individual
LEASE00989,PROP015,240,2022-12-16,2023-06-14,3220,6,Renewed,Family
LEASE00990,PROP015,127,2023-01-21,2024-01-16,2342,12,Vacated,Individual
LEASE00991,PROP015,578,2023-11-04,2024-10-29,2586,12,Month-to-Month,Individual
LEASE00992,PROP015,209,2022-05-07,2023-05-02,1600,12,Vacated,Corporate
LEASE00993,PROP015,714,2023-09-22,2024-09-16,2694,12,Renewed,Family
LEASE00994,PROP015,550,2023-12-17,2024-12-11,3260,12,Renewed,Family
LEASE00995,PROP015,529,2023-10-30,2024-10-24,2347,12,Renewed,Corporate
LEASE00996,PROP015,153,2022-11-05,2023-10-31,2245,12,Renewed,Family
LEASE00997,PROP015,498,2022-12-14,2024-12-03,2056,24,Renewed,Individual
LEASE00998,PROP015,820,2022-07-20,2023-07-15,2023,12,Renewed,Corporate
LEASE00999,PROP015,310,2022-03-14,2024-03-03,2032,24,Renewed,Corporate
LEASE01000,PROP015,143,2022-06-01,2023-05-27,1325,12,Vacated,Family
LEASE01001,PROP015,206,2023-08-17,2024-08-11,2869,12,Renewed,Family
LEASE01002,PROP015,253,2023-06-16,2024-06-10,2565,12,Renewed,Individual
LEASE01003,PROP015,350,2022-06-09,2023-06-04,2676,12,Renewed,Individual
LEASE01004,PROP015,382,2023-07-29,2024-07-23,3396,12,Renewed,Individual
LEASE01005,PROP015,590,2022-08-30,2023-08-25,3205,12,Renewed,Corporate
LEASE01006,PROP015,314,2023-11-21,2024-11-15,3383,12,Renewed,Individual
LEASE01007,PROP015,238,2023-03-31,2024-03-25,1296,12,Renewed,Family
LEASE01008,PROP015,625,2022-02-27,2023-02-22,2508,12,Renewed,Family
LEASE01009,PROP015,123,2023-10-14,2024-10-08,2763,12,Renewed,Individual
LEASE01010,PROP015,299,2023-02-25,2024-02-20,3306,12,Renewed,Family
LEASE01011,PROP015,406,2023-05-22,2024-05-16,1890,12,Renewed,Individual
LEASE01012,PROP015,679,2022-02-23,2024-02-13,2247,24,Renewed,Family
LEASE01013,PROP015,141,2023-04-02,2024-03-27,1962,12,Renewed,Family
LEASE01014,PROP015,708,2024-01-28,2025-01-22,3447,12,Renewed,Corporate
LEASE01015,PROP015,263,2023-03-24,2024-03-18,2875,12,Renewed,Individual
LEASE01016,PROP015,473,2024-01-31,2025-01-25,1619,12,Vacated,Family
LEASE01017,PROP015,818,2024-01-01,2024-12-26,3003,12,Renewed,Individual
LEASE01018,PROP015,100,2022-04-20,2023-04-15,2997,12,Renewed,Individual
LEASE01019,PROP015,536,2022-11-07,2023-11-02,3320,12,Renewed,Individual
LEASE01020,PROP015,245,2022-09-03,2023-08-29,1964,12,Month-to-Month,Individual
LEASE01021,PROP015,632,2022-02-03,2023-01-29,1409,12,Renewed,Corporate
LEASE01022,PROP015,297,2023-09-11,2024-09-05,1732,12,Renewed,Individual
LEASE01023,PROP015,354,2024-01-13,2025-01-07,2648,12,Month-to-Month,Individual
LEASE01024,PROP015,703,2023-03-24,2025-03-13,3163,24,Pending,Individual
LEASE01025,PROP015,544,2023-12-17,2024-12-11,2643,12,Vacated,Family
LEASE01026,PROP015,924,2022-10-15,2023-10-10,2215,12,Month-to-Month,Individual
LEASE01027,PROP015,699,2022-11-21,2023-11-16,2955,12,Vacated,Individual
LEASE01028,PROP015,546,2022-02-27,2023-02-22,2593,12,Renewed,Individual
LEASE01029,PROP015,377,2022-12-04,2024-11-23,3452,24,Vacated,Family
LEASE01030,PROP015,744,2023-08-24,2024-08-18,3144,12,Vacated,Individual
LEASE01031,PROP015,221,2022-03-17,2023-03-12,2171,12,Month-to-Month,Individual
LEASE01032,PROP015,745,2022-05-22,2023-05-17,2282,12,Renewed,Family
LEASE01033,PROP015,280,2023-05-06,2024-04-30,2442,12,Renewed,Individual
LEASE01034,PROP015,878,2024-01-31,2025-01-25,1802,12,Renewed,Individual
LEASE01035,PROP015,278,2023-04-08,2024-04-02,3477,12,Renewed,Family
LEASE01036,PROP015,188,2024-01-15,2026-01-04,2628,24,Future,Family
LEASE01037,PROP015,211,2024-01-02,2024-12-27,2272,12,Vacated,Individual
LEASE01038,PROP015,271,2022-12-15,2023-12-10,2584,12,Vacated,Family
LEASE01039,PROP015,273,2022-11-26,2023-11-21,1583,12,Vacated,Family
LEASE01040,PROP015,190,2022-04-16,2023-04-11,1827,12,Renewed,Individual
LEASE01041,PROP015,755,2023-07-15,2024-07-09,3324,12,Renewed,Individual
LEASE01042,PROP015,394,2023-07-26,2024-07-20,2819,12,Renewed,Family
LEASE01043,PROP015,257,2023-10-08,2024-10-02,2344,12,Renewed,Individual
LEASE01044,PROP015,575,2023-06-13,2024-06-07,1322,12,Vacated,Individual
LEASE01045,PROP015,138,2022-10-19,2023-04-17,2719,6,Renewed,Individual
LEASE01046,PROP015,829,2023-07-24,2024-07-18,2218,12,Month-to-Month,Family
LEASE01047,PROP015,322,2022-04-14,2023-04-09,2130,12,Month-to-Month,Individual
LEASE01048,PROP015,327,2022-03-13,2023-03-08,1651,12,Renewed,Family
LEASE01049,PROP015,110,2022-04-12,2023-04-07,2369,12,Renewed,Individual
LEASE01050,PROP015,670,2023-08-12,2024-08-06,1747,12,Renewed,Individual
LEASE01051,PROP015,368,2022-06-04,2022-12-01,2741,6,Renewed,Family
LEASE01052,PROP015,131,2023-11-01,2025-10-21,2990,24,Future,Family
LEASE01053,PROP015,769,2023-05-15,2024-05-09,1669,12,Vacated,Individual
LEASE01054,PROP015,549,2024-01-11,2024-07-09,2456,6,Renewed,Individual
LEASE01055,PROP015,145,2022-05-20,2023-05-15,3067,12,Renewed,Family
LEASE01056,PROP015,546,2023-08-24,2024-08-18,1838,12,Renewed,Family
LEASE01057,PROP015,781,2022-07-20,2023-07-15,2657,12,Renewed,Individual
LEASE01058,PROP015,565,2023-08-26,2024-08-20,1846,12,Renewed,Individual
LEASE01059,PROP015,783,2023-12-23,2025-12-12,1564,24,Future,Individual
LEASE01060,PROP015,974,2024-01-02,2024-12-27,1576,12,Renewed,Corporate
LEASE01061,PROP015,652,2022-06-06,2023-06-01,2473,12,Vacated,Family
LEASE01062,PROP015,560,2022-12-19,2023-06-17,3476,6,Vacated,Corporate
LEASE01063,PROP015,838,2022-11-18,2023-11-13,2119,12,Renewed,Individual
LEASE01064,PROP015,489,2023-12-18,2024-12-12,3236,12,Renewed,Individual
LEASE01065,PROP015,165,2022-04-18,2022-10-15,1967,6,Month-to-Month,Family
LEASE01066,PROP015,953,2022-06-12,2023-06-07,3265,12,Renewed,Family
LEASE01067,PROP015,533,2022-08-27,2023-08-22,2488,12,Renewed,Family
LEASE01068,PROP015,352,2022-10-30,2023-10-25,2384,12,Renewed,Individual
LEASE01069,PROP015,612,2024-01-22,2025-01-16,2280,12,Renewed,Family
LEASE01070,PROP015,394,2023-11-30,2024-11-24,1207,12,Month-to-Month,Individual
LEASE01071,PROP015,910,2023-12-24,2024-12-18,1405,12,Vacated,Individual
LEASE01072,PROP016,630,2022-07-09,2023-07-04,3021,12,Renewed,Family
LEASE01073,PROP016,605,2023-08-25,2024-08-19,2734,12,Vacated,Corporate
LEASE01074,PROP016,839,2022-11-15,2023-11-10,3162,12,Renewed,Family
LEASE01075,PROP016,192,2023-09-28,2024-09-22,2484,12,Renewed,Family
LEASE01076,PROP016,962,2022-10-23,2023-10-18,2063,12,Renewed,Family
LEASE01077,PROP016,894,2022-03-28,2022-09-24,2685,6,Month-to-Month,Corporate
LEASE01078,PROP016,622,2023-07-13,2024-07-07,2376,12,Month-to-Month,Individual
LEASE01079,PROP016,497,2023-01-22,2024-01-17,2339,12,Vacated,Family
LEASE01080,PROP016,717,2023-07-16,2024-07-10,1467,12,Renewed,Family
LEASE01081,PROP016,811,2024-01-15,2025-01-09,1975,12,Renewed,Family
LEASE01082,PROP016,265,2022-09-05,2023-08-31,2526,12,Vacated,Family
LEASE01083,PROP016,337,2023-04-30,2023-10-27,2205,6,Renewed,Individual
LEASE01084,PROP016,563,2022-06-22,2023-06-17,3347,12,Renewed,Individual
LEASE01085,PROP016,903,2023-02-05,2024-01-31,3493,12,Renewed,Corporate
LEASE01086,PROP016,481,2023-12-21,2024-12-15,2817,12,Renewed,Family
LEASE01087,PROP016,546,2023-11-22,2024-05-20,1579,6,Renewed,Individual
LEASE01088,PROP016,133,2023-11-07,2024-11-01,3246,12,Renewed,Individual
LEASE01089,PROP016,441,2024-01-06,2024-12-31,2704,12,Renewed,Family
LEASE01090,PROP016,490,2023-06-28,2024-06-22,3152,12,Month-to-Month,Family
LEASE01091,PROP016,153,2023-02-16,2025-02-05,2518,24,Pending,Family
LEASE01092,PROP016,623,2022-04-27,2023-04-22,3026,12,Renewed,Individual
LEASE01093,PROP016,854,2023-09-25,2024-09-19,2072,12,Renewed,Individual
LEASE01094,PROP016,408,2024-01-31,2024-07-29,1250,6,Renewed,Family
LEASE01095,PROP016,826,2022-07-19,2023-07-14,2610,12,Vacated,Individual
LEASE01096,PROP016,783,2024-01-08,2025-01-02,1950,12,Renewed,Family
LEASE01097,PROP016,536,2022-11-05,2024-10-25,2601,24,Renewed,Family
LEASE01098,PROP016,670,2023-10-31,2024-10-25,2559,12,Renewed,Family
LEASE01099,PROP016,163,2023-04-18,2024-04-12,2901,12,Renewed,Individual
LEASE01100,PROP016,228,2023-04-23,2024-04-17,2124,12,Month-to-Month,Family
LEASE01101,PROP016,123,2023-08-20,2025-08-09,1359,24,Future,Individual
LEASE01102,PROP016,762,2023-07-25,2024-07-19,1492,12,Month-to-Month,Corporate
LEASE01103,PROP016,716,2023-10-18,2025-10-07,2263,24,Future,Corporate
LEASE01104,PROP016,166,2023-01-09,2024-01-04,1794,12,Renewed,Family
LEASE01105,PROP016,526,2023-08-30,2024-08-24,1661,12,Renewed,Individual
LEASE01106,PROP016,468,2022-12-03,2023-11-28,2891,12,Vacated,Corporate
LEASE01107,PROP016,128,2022-06-28,2022-12-25,2831,6,Renewed,Corporate
LEASE01108,PROP016,174,2023-07-23,2024-07-17,2563,12,Renewed,Family
LEASE01109,PROP016,898,2023-05-29,2023-11-25,3339,6,Month-to-Month,Family
LEASE01110,PROP016,532,2022-10-27,2023-10-22,1870,12,Vacated,Family
LEASE01111,PROP016,148,2023-03-02,2024-02-25,3319,12,Vacated,Family
LEASE01112,PROP016,973,2023-03-02,2024-02-25,2842,12,Vacated,Family
LEASE01113,PROP016,890,2023-01-26,2024-01-21,1845,12,Renewed,Individual
LEASE01114,PROP016,358,2023-06-30,2025-06-19,2891,24,Future,Individual
LEASE01115,PROP016,774,2022-07-17,2023-07-12,1879,12,Renewed,Individual
LEASE01116,PROP016,466,2022-10-27,2023-10-22,2389,12,Vacated,Family
LEASE01117,PROP016,988,2023-06-22,2025-06-11,1690,24,Future,Family
LEASE01118,PROP016,708,2023-11-24,2024-11-18,1251,12,Renewed,Individual
LEASE01119,PROP016,274,2023-06-19,2024-06-13,2508,12,Vacated,Individual
LEASE01120,PROP016,303,2023-09-17,2024-09-11,2934,12,Vacated,Family
LEASE01121,PROP016,710,2022-06-24,2023-06-19,1801,12,Renewed,Family
LEASE01122,PROP016,585,2022-05-25,2024-05-14,2527,24,Renewed,Family
LEASE01123,PROP016,185,2023-12-05,2024-11-29,2463,12,Vacated,Family
LEASE01124,PROP016,452,2022-04-15,2023-04-10,1826,12,Renewed,Corporate
LEASE01125,PROP016,544,2022-12-28,2023-12-23,2789,12,Renewed,Individual
LEASE01126,PROP016,406,2023-05-08,2025-04-27,3016,24,Pending,Family
LEASE01127,PROP016,277,2023-01-11,2023-07-10,2567,6,Renewed,Individual
LEASE01128,PROP016,217,2022-09-02,2023-08-28,1667,12,Month-to-Month,Individual
LEASE01129,PROP016,381,2022-05-04,2024-04-23,2985,24,Renewed,Family
LEASE01130,PROP016,807,2023-01-02,2023-12-28,1906,12,Renewed,Individual
LEASE01131,PROP016,236,2022-05-23,2022-11-19,1908,6,Vacated,Individual
LEASE01132,PROP016,964,2023-10-01,2024-09-25,1477,12,Renewed,Individual
LEASE01133,PROP016,788,2022-05-28,2023-05-23,1591,12,Renewed,Family
LEASE01134,PROP016,917,2022-03-02,2023-02-25,2514,12,Renewed,Family
LEASE01135,PROP016,748,2022-07-06,2023-07-01,2389,12,Vacated,Individual
LEASE01136,PROP016,326,2022-10-27,2024-10-16,2256,24,Renewed,Family
LEASE01137,PROP016,762,2022-10-02,2023-09-27,1969,12,Month-to-Month,Individual
LEASE01138,PROP016,544,2023-11-07,2024-11-01,3204,12,Vacated,Family
LEASE01139,PROP016,747,2023-01-23,2025-01-12,3493,24,Month-to-Month,Family
LEASE01140,PROP016,228,2023-09-28,2025-09-17,2770,24,Future,Individual
LEASE01141,PROP016,251,2023-08-25,2024-08-19,3107,12,Vacated,Individual
LEASE01142,PROP016,428,2022-09-18,2023-09-13,1401,12,Renewed,Family
LEASE01143,PROP016,640,2023-12-28,2024-12-22,2842,12,Vacated,Corporate
LEASE01144,PROP016,607,2022-05-10,2023-05-05,2278,12,Renewed,Family
LEASE01145,PROP016,958,2023-05-13,2025-05-02,1795,24,Future,Family
LEASE01146,PROP016,905,2023-11-02,2024-10-27,1299,12,Renewed,Individual
LEASE01147,PROP016,603,2022-11-19,2023-11-14,1756,12,Vacated,Family
LEASE01148,PROP016,244,2022-11-15,2023-11-10,2446,12,Vacated,Individual
LEASE01149,PROP016,270,2023-06-27,2024-06-21,2376,12,Renewed,Individual
LEASE01150,PROP016,389,2022-11-12,2023-11-07,2436,12,Renewed,Individual
LEASE01151,PROP016,525,2023-05-04,2024-04-28,2712,12,Month-to-Month,Corporate
LEASE01152,PROP016,109,2022-03-21,2023-03-16,2445,12,Renewed,Family
LEASE01153,PROP016,939,2022-11-01,2023-10-27,1939,12,Month-to-Month,Individual
LEASE01154,PROP016,354,2023-10-26,2024-10-20,3127,12,Renewed,Individual
LEASE01155,PROP016,236,2023-06-12,2024-06-06,1275,12,Renewed,Individual
LEASE01156,PROP016,653,2022-07-21,2023-07-16,1781,12,Vacated,Family
LEASE01157,PROP016,827,2022-12-20,2023-12-15,2857,12,Renewed,Individual
LEASE01158,PROP016,562,2023-01-28,2024-01-23,2840,12,Renewed,Corporate
LEASE01159,PROP016,454,2023-11-14,2024-11-08,3089,12,Renewed,Family
LEASE01160,PROP016,344,2022-04-04,2023-03-30,3325,12,Renewed,Individual
LEASE01161,PROP016,950,2023-01-23,2024-01-18,2541,12,Renewed,Individual
LEASE01162,PROP016,961,2023-01-22,2024-01-17,2846,12,Renewed,Individual
LEASE01163,PROP016,981,2022-04-18,2023-04-13,3156,12,Vacated,Family
LEASE01164,PROP016,966,2024-01-21,2025-01-15,3096,12,Vacated,Individual
LEASE01165,PROP016,623,2022-05-30,2023-05-25,1964,12,Vacated,Family
LEASE01166,PROP017,101,2022-06-23,2023-06-18,1945,12,Renewed,Individual
LEASE01167,PROP017,218,2022-02-12,2024-02-02,2930,24,Renewed,Individual
LEASE01168,PROP017,562,2022-08-27,2023-08-22,2019,12,Renewed,Family
LEASE01169,PROP017,407,2023-03-01,2023-08-28,1905,6,Vacated,Individual
LEASE01170,PROP017,832,2023-06-21,2024-06-15,2015,12,Renewed,Corporate
LEASE01171,PROP017,426,2023-12-07,2024-12-01,2717,12,Renewed,Individual
LEASE01172,PROP017,691,2023-06-04,2023-12-01,1455,6,Renewed,Individual
LEASE01173,PROP017,131,2023-07-05,2024-06-29,3392,12,Renewed,Family
LEASE01174,PROP017,730,2022-06-19,2022-12-16,2875,6,Renewed,Family
LEASE01175,PROP017,136,2024-01-03,2024-07-01,2703,6,Month-to-Month,Individual
LEASE01176,PROP017,996,2023-06-28,2025-06-17,2323,24,Future,Individual
LEASE01177,PROP017,533,2023-03-11,2025-02-28,2617,24,Pending,Corporate
LEASE01178,PROP017,596,2023-07-18,2024-07-12,2631,12,Renewed,Family
LEASE01179,PROP017,141,2023-01-02,2023-12-28,2554,12,Renewed,Corporate
LEASE01180,PROP017,619,2022-03-29,2023-03-24,3364,12,Renewed,Individual
LEASE01181,PROP017,997,2022-09-21,2023-09-16,1832,12,Renewed,Corporate
LEASE01182,PROP017,826,2023-10-21,2024-10-15,1916,12,Vacated,Individual
LEASE01183,PROP017,208,2022-11-19,2024-11-08,3471,24,Renewed,Individual
LEASE01184,PROP017,808,2023-03-05,2024-02-28,2299,12,Month-to-Month,Corporate
LEASE01185,PROP017,392,2023-11-17,2024-11-11,2560,12,Renewed,Family
LEASE01186,PROP017,952,2022-11-01,2023-04-30,1467,6,Renewed,Individual
LEASE01187,PROP017,544,2023-06-26,2024-06-20,3392,12,Renewed,Individual
LEASE01188,PROP017,799,2023-04-06,2024-03-31,2986,12,Month-to-Month,Family
LEASE01189,PROP017,683,2023-01-17,2024-01-12,2802,12,Renewed,Family
LEASE01190,PROP017,253,2022-06-13,2023-06-08,2534,12,Month-to-Month,Individual
LEASE01191,PROP017,466,2022-03-02,2023-02-25,3284,12,Renewed,Corporate
LEASE01192,PROP017,402,2022-09-09,2023-03-08,2194,6,Vacated,Family
LEASE01193,PROP017,428,2023-07-22,2024-01-18,1932,6,Renewed,Individual
LEASE01194,PROP017,116,2023-03-16,2024-03-10,2431,12,Month-to-Month,Family
LEASE01195,PROP017,448,2022-02-28,2023-02-23,2803,12,Renewed,Family
LEASE01196,PROP017,735,2023-05-11,2023-11-07,3272,6,Vacated,Corporate
LEASE01197,PROP017,444,2023-09-20,2024-09-14,1739,12,Vacated,Individual
LEASE01198,PROP017,409,2022-12-15,2023-12-10,1992,12,Renewed,Corporate
LEASE01199,PROP017,631,2023-04-03,2024-03-28,2385,12,Month-to-Month,Individual
LEASE01200,PROP017,683,2022-07-03,2023-06-28,1469,12,Month-to-Month,Family
LEASE01201,PROP017,313,2023-11-15,2024-11-09,1779,12,Month-to-Month,Individual
LEASE01202,PROP017,163,2022-02-27,2024-02-17,2460,24,Renewed,Corporate
LEASE01203,PROP017,232,2023-01-05,2023-12-31,1862,12,Vacated,Individual
LEASE01204,PROP017,440,2023-11-27,2024-11-21,3018,12,Renewed,Family
LEASE01205,PROP017,166,2022-02-15,2023-02-10,1356,12,Renewed,Family
LEASE01206,PROP017,404,2022-11-06,2024-10-26,1505,24,Vacated,Family
LEASE01207,PROP017,746,2023-08-30,2024-08-24,2272,12,Renewed,Individual
LEASE01208,PROP017,273,2022-12-18,2023-12-13,2627,12,Vacated,Family
LEASE01209,PROP017,750,2023-09-20,2025-09-09,3447,24,Future,Individual
LEASE01210,PROP017,267,2023-06-05,2024-05-30,1565,12,Vacated,Family
LEASE01211,PROP017,840,2022-04-26,2023-04-21,1453,12,Renewed,Corporate
LEASE01212,PROP017,916,2023-01-05,2024-12-25,3450,24,Renewed,Family
LEASE01213,PROP017,298,2023-05-01,2024-04-25,2364,12,Renewed,Individual
LEASE01214,PROP017,676,2022-07-18,2023-07-13,1227,12,Renewed,Family
LEASE01215,PROP017,836,2023-04-09,2024-04-03,3350,12,Renewed,Family
LEASE01216,PROP017,225,2022-03-08,2024-02-26,1806,24,Renewed,Individual
LEASE01217,PROP017,572,2022-02-20,2023-02-15,2551,12,Vacated,Individual
LEASE01218,PROP017,530,2023-07-29,2024-07-23,1624,12,Renewed,Family
LEASE01219,PROP017,388,2023-10-14,2024-10-08,2816,12,Renewed,Individual
LEASE01220,PROP017,564,2023-04-09,2024-04-03,2620,12,Renewed,Individual
LEASE01221,PROP017,472,2023-05-30,2024-05-24,1907,12,Vacated,Family
LEASE01222,PROP017,714,2023-02-12,2024-02-07,1826,12,Renewed,Individual
LEASE01223,PROP017,907,2022-04-05,2023-03-31,3123,12,Month-to-Month,Corporate
LEASE01224,PROP017,484,2023-08-08,2024-08-02,3140,12,Vacated,Individual
LEASE01225,PROP017,322,2022-08-28,2023-08-23,3369,12,Renewed,Corporate
LEASE01226,PROP017,883,2023-05-17,2024-05-11,2001,12,Renewed,Family
LEASE01227,PROP017,228,2022-06-13,2024-06-02,3450,24,Renewed,Family
LEASE01228,PROP017,947,2022-06-22,2023-06-17,3177,12,Vacated,Family
LEASE01229,PROP017,246,2022-06-09,2023-06-04,2509,12,Renewed,Family
LEASE01230,PROP017,375,2022-11-12,2023-11-07,1332,12,Renewed,Individual
LEASE01231,PROP017,542,2022-10-15,2023-10-10,1998,12,Renewed,Individual
LEASE01232,PROP017,650,2023-08-22,2024-08-16,2723,12,Renewed,Individual
LEASE01233,PROP017,530,2022-02-28,2022-08-27,3287,6,Renewed,Individual
LEASE01234,PROP017,761,2023-08-14,2024-08-08,1487,12,Month-to-Month,Family
LEASE01235,PROP017,967,2023-07-17,2024-07-11,1204,12,Renewed,Family
LEASE01236,PROP017,632,2023-12-19,2024-12-13,1625,12,Renewed,Family
LEASE01237,PROP017,323,2022-03-18,2023-03-13,3140,12,Renewed,Family
LEASE01238,PROP017,845,2023-07-16,2024-07-10,2456,12,Renewed,Individual
LEASE01239,PROP017,699,2024-01-09,2025-01-03,1880,12,Vacated,Individual
LEASE01240,PROP017,313,2022-06-30,2023-06-25,1860,12,Month-to-Month,Individual
LEASE01241,PROP017,767,2022-05-11,2023-05-06,2723,12,Renewed,Family
LEASE01242,PROP017,273,2023-05-12,2024-05-06,1878,12,Renewed,Family
LEASE01243,PROP017,245,2023-03-24,2024-03-18,1960,12,Renewed,Corporate
LEASE01244,PROP017,400,2022-11-23,2023-05-22,1265,6,Renewed,Corporate
LEASE01245,PROP017,409,2023-08-20,2024-08-14,2957,12,Month-to-Month,Individual
LEASE01246,PROP017,778,2023-04-04,2024-03-29,1696,12,Renewed,Individual
LEASE01247,PROP017,762,2023-10-28,2024-10-22,1450,12,Renewed,Family
LEASE01248,PROP017,505,2023-11-01,2024-10-26,2135,12,Vacated,Family
LEASE01249,PROP017,271,2023-06-14,2024-06-08,3250,12,Vacated,Family
LEASE01250,PROP017,428,2022-06-23,2023-06-18,2602,12,Renewed,Family
LEASE01251,PROP017,480,2022-07-08,2023-07-03,3138,12,Renewed,Corporate
LEASE01252,PROP017,793,2023-06-22,2024-06-16,2008,12,Renewed,Family
LEASE01253,PROP017,871,2023-02-20,2024-02-15,2037,12,Renewed,Individual
LEASE01254,PROP017,515,2023-01-17,2025-01-06,2470,24,Vacated,Individual
LEASE01255,PROP017,141,2022-02-08,2023-02-03,3252,12,Vacated,Family
LEASE01256,PROP017,214,2023-05-23,2024-05-17,1668,12,Vacated,Family
LEASE01257,PROP017,383,2022-06-20,2023-06-15,1290,12,Vacated,Family
LEASE01258,PROP017,883,2022-09-07,2023-03-06,2322,6,Vacated,Individual
LEASE01259,PROP017,364,2023-10-03,2025-09-22,3290,24,Future,Individual
LEASE01260,PROP017,488,2022-06-27,2023-06-22,2735,12,Renewed,Individual
LEASE01261,PROP017,473,2022-03-23,2024-03-12,2785,24,Renewed,Individual
LEASE01262,PROP017,283,2022-10-13,2023-10-08,3296,12,Renewed,Family
LEASE01263,PROP017,749,2023-11-13,2024-11-07,1473,12,Renewed,Individual
LEASE01264,PROP017,583,2023-10-23,2024-04-20,3437,6,Renewed,Family
LEASE01265,PROP017,670,2023-07-06,2024-01-02,1511,6,Renewed,Family
LEASE01266,PROP017,626,2022-07-10,2024-06-29,2854,24,Vacated,Individual
LEASE01267,PROP017,264,2022-09-23,2024-09-12,2431,24,Vacated,Family
LEASE01268,PROP018,753,2022-08-22,2023-08-17,1227,12,Renewed,Family
LEASE01269,PROP018,554,2022-09-27,2023-09-22,2365,12,Renewed,Family
LEASE01270,PROP018,848,2022-10-29,2023-04-27,3024,6,Renewed,Individual
LEASE01271,PROP018,665,2024-01-06,2024-12-31,2556,12,Renewed,Individual
LEASE01272,PROP018,378,2023-06-30,2024-06-24,1579,12,Renewed,Corporate
LEASE01273,PROP018,178,2022-05-06,2023-05-01,2902,12,Renewed,Family
LEASE01274,PROP018,456,2022-02-07,2023-02-02,1322,12,Renewed,Family
LEASE01275,PROP018,532,2023-07-19,2024-07-13,2722,12,Renewed,Corporate
LEASE01276,PROP018,991,2023-12-20,2024-12-14,1468,12,Vacated,Family
LEASE01277,PROP018,956,2023-11-28,2024-11-22,1227,12,Renewed,Family
LEASE01278,PROP018,223,2023-04-18,2024-04-12,2398,12,Month-to-Month,Family
LEASE01279,PROP018,397,2023-06-23,2023-12-20,2027,6,Renewed,Corporate
LEASE01280,PROP018,508,2022-07-12,2023-07-07,2746,12,Renewed,Family
LEASE01281,PROP018,993,2022-08-12,2023-08-07,2069,12,Renewed,Individual
LEASE01282,PROP018,239,2023-11-01,2024-10-26,1428,12,Renewed,Individual
LEASE01283,PROP018,409,2023-12-06,2024-11-30,3378,12,Renewed,Individual
LEASE01284,PROP018,446,2022-09-18,2023-03-17,2617,6,Renewed,Individual
LEASE01285,PROP018,647,2023-03-16,2023-09-12,3458,6,Renewed,Family
LEASE01286,PROP018,867,2023-04-11,2024-04-05,2743,12,Renewed,Individual
LEASE01287,PROP018,594,2022-07-18,2023-07-13,2182,12,Renewed,Family
LEASE01288,PROP018,835,2023-01-12,2024-01-07,2484,12,Renewed,Individual
LEASE01289,PROP018,419,2022-12-30,2023-12-25,2187,12,Renewed,Family
LEASE01290,PROP018,616,2022-05-19,2023-05-14,1990,12,Renewed,Individual
LEASE01291,PROP018,805,2023-02-15,2024-02-10,2207,12,Renewed,Individual
LEASE01292,PROP018,988,2023-02-25,2024-02-20,2941,12,Renewed,Individual
LEASE01293,PROP018,566,2022-04-04,2023-03-30,1671,12,Renewed,Corporate
LEASE01294,PROP018,250,2022-12-06,2023-12-01,2357,12,Renewed,Family
LEASE01295,PROP018,664,2023-11-18,2024-11-12,3441,12,Vacated,Family
LEASE01296,PROP018,485,2023-09-07,2024-03-05,1670,6,Vacated,Family
LEASE01297,PROP018,707,2023-02-11,2024-02-06,1624,12,Renewed,Individual
LEASE01298,PROP018,980,2023-11-05,2024-10-30,2738,12,Renewed,Family
LEASE01299,PROP018,298,2023-11-04,2024-10-29,3134,12,Month-to-Month,Corporate
LEASE01300,PROP018,188,2023-01-24,2024-01-19,2890,12,Renewed,Corporate
LEASE01301,PROP018,240,2022-02-22,2023-02-17,3119,12,Renewed,Family
LEASE01302,PROP018,264,2023-07-09,2024-07-03,2712,12,Renewed,Family
LEASE01303,PROP018,510,2024-01-11,2024-07-09,2541,6,Month-to-Month,Family
LEASE01304,PROP018,971,2023-03-26,2024-03-20,1882,12,Renewed,Family
LEASE01305,PROP018,954,2023-08-18,2024-08-12,2129,12,Renewed,Family
LEASE01306,PROP018,732,2023-02-17,2024-02-12,2400,12,Vacated,Individual
LEASE01307,PROP018,650,2023-02-13,2024-02-08,3302,12,Renewed,Corporate
LEASE01308,PROP018,522,2022-11-14,2023-11-09,2454,12,Renewed,Individual
LEASE01309,PROP018,228,2022-04-10,2023-04-05,2932,12,Renewed,Individual
LEASE01310,PROP018,327,2023-04-11,2024-04-05,2090,12,Vacated,Family
LEASE01311,PROP018,561,2023-09-06,2025-08-26,3494,24,Future,Individual
LEASE01312,PROP018,526,2022-11-13,2023-11-08,2188,12,Renewed,Family
LEASE01313,PROP018,474,2022-03-02,2024-02-20,2555,24,Renewed,Family
LEASE01314,PROP018,834,2023-01-19,2024-01-14,2086,12,Renewed,Individual
LEASE01315,PROP018,585,2022-04-05,2023-03-31,3325,12,Renewed,Family
LEASE01316,PROP018,678,2022-09-11,2023-09-06,1578,12,Renewed,Individual
LEASE01317,PROP018,373,2023-10-28,2024-10-22,1935,12,Renewed,Individual
LEASE01318,PROP018,470,2022-06-06,2023-06-01,2744,12,Renewed,Individual
LEASE01319,PROP018,517,2022-10-21,2023-10-16,1905,12,Renewed,Family
LEASE01320,PROP018,837,2023-02-20,2024-02-15,1559,12,Renewed,Family
LEASE01321,PROP018,174,2023-01-17,2024-01-12,2480,12,Renewed,Family
LEASE01322,PROP018,330,2022-10-06,2023-10-01,2854,12,Renewed,Family
LEASE01323,PROP018,361,2023-04-19,2024-04-13,1350,12,Renewed,Family
LEASE01324,PROP018,146,2022-05-28,2022-11-24,1316,6,Renewed,Individual
LEASE01325,PROP018,867,2023-12-23,2024-12-17,2499,12,Renewed,Individual
LEASE01326,PROP018,689,2022-02-19,2023-02-14,2732,12,Vacated,Individual
LEASE01327,PROP018,451,2023-01-26,2024-01-21,2410,12,Renewed,Family
LEASE01328,PROP018,997,2023-07-30,2024-07-24,2986,12,Renewed,Individual
LEASE01329,PROP018,728,2022-03-07,2023-03-02,2585,12,Renewed,Individual
LEASE01330,PROP018,200,2023-12-23,2025-12-12,2785,24,Future,Individual
LEASE01331,PROP018,992,2022-06-06,2023-06-01,2758,12,Renewed,Individual
LEASE01332,PROP018,981,2022-05-28,2023-05-23,2650,12,Renewed,Individual
LEASE01333,PROP018,832,2022-07-26,2023-01-22,2028,6,Renewed,Family
LEASE01334,PROP018,716,2022-05-02,2023-04-27,1259,12,Renewed,Family
LEASE01335,PROP018,219,2023-12-30,2024-06-27,2658,6,Month-to-Month,Family
LEASE01336,PROP018,226,2024-01-07,2025-01-01,3488,12,Renewed,Individual
LEASE01337,PROP018,764,2022-04-17,2024-04-06,1757,24,Renewed,Individual
LEASE01338,PROP018,977,2022-11-28,2023-05-27,1569,6,Renewed,Corporate
LEASE01339,PROP018,859,2022-06-04,2023-05-30,2616,12,Renewed,Individual
LEASE01340,PROP018,519,2022-10-27,2023-10-22,3149,12,Month-to-Month,Corporate
LEASE01341,PROP018,910,2022-04-17,2023-04-12,2144,12,Renewed,Individual
LEASE01342,PROP018,749,2023-07-23,2024-07-17,1572,12,Renewed,Individual
LEASE01343,PROP018,148,2023-02-14,2024-02-09,3326,12,Renewed,Corporate
LEASE01344,PROP018,192,2022-03-25,2023-03-20,2871,12,Renewed,Individual
LEASE01345,PROP018,490,2023-01-11,2024-01-06,3192,12,Renewed,Family
LEASE01346,PROP018,345,2022-10-17,2023-10-12,2853,12,Renewed,Individual
LEASE01347,PROP018,748,2023-01-07,2024-01-02,2482,12,Renewed,Family
LEASE01348,PROP018,767,2022-02-05,2024-01-26,2480,24,Vacated,Family
LEASE01349,PROP018,221,2022-07-26,2023-07-21,1599,12,Renewed,Individual
LEASE01350,PROP018,414,2023-12-29,2025-12-18,2301,24,Future,Corporate
LEASE01351,PROP018,293,2023-12-22,2025-12-11,1299,24,Future,Individual
LEASE01352,PROP018,426,2022-07-06,2023-07-01,3213,12,Renewed,Family
LEASE01353,PROP018,166,2023-05-13,2024-05-07,2224,12,Vacated,Individual
LEASE01354,PROP018,695,2023-01-27,2025-01-16,2862,24,Renewed,Family
LEASE01355,PROP018,946,2023-05-26,2024-05-20,2714,12,Renewed,Family
LEASE01356,PROP018,265,2023-01-08,2024-01-03,1348,12,Renewed,Individual
LEASE01357,PROP018,371,2022-03-26,2023-03-21,2718,12,Month-to-Month,Individual
LEASE01358,PROP018,283,2023-04-05,2025-03-25,1363,24,Pending,Individual
LEASE01359,PROP018,113,2023-04-25,2024-04-19,3297,12,Renewed,Family
LEASE01360,PROP018,429,2022-06-15,2023-06-10,2873,12,Renewed,Family
LEASE01361,PROP018,621,2023-07-02,2023-12-29,2923,6,Renewed,Individual
LEASE01362,PROP018,145,2022-02-23,2023-02-18,1443,12,Renewed,Individual
LEASE01363,PROP018,812,2023-06-08,2024-06-02,2084,12,Vacated,Individual
LEASE01364,PROP018,977,2023-02-22,2024-02-17,3361,12,Renewed,Individual
LEASE01365,PROP018,960,2022-06-12,2023-06-07,1783,12,Renewed,Corporate
LEASE01366,PROP018,358,2022-04-14,2023-04-09,1329,12,Month-to-Month,Individual
LEASE01367,PROP018,210,2022-09-17,2023-09-12,2085,12,Renewed,Family
LEASE01368,PROP018,150,2024-01-02,2024-06-30,2059,6,Vacated,Individual
LEASE01369,PROP018,575,2022-05-06,2023-05-01,3315,12,Renewed,Individual
LEASE01370,PROP018,457,2023-02-20,2025-02-09,2563,24,Pending,Individual
LEASE01371,PROP018,546,2022-08-07,2023-08-02,1556,12,Vacated,Family
LEASE01372,PROP018,346,2023-07-12,2024-07-06,1371,12,Renewed,Family
LEASE01373,PROP018,661,2022-07-24,2023-07-19,2200,12,Renewed,Individual
LEASE01374,PROP018,514,2022-06-27,2023-06-22,1821,12,Renewed,Family
LEASE01375,PROP018,762,2022-08-26,2023-02-22,1885,6,Renewed,Individual
LEASE01376,PROP018,889,2023-07-16,2024-07-10,2469,12,Month-to-Month,Corporate
LEASE01377,PROP018,778,2022-11-21,2023-11-16,3227,12,Vacated,Individual
LEASE01378,PROP018,381,2023-07-20,2024-07-14,1243,12,Renewed,Individual
LEASE01379,PROP018,656,2023-04-07,2024-04-01,3427,12,Renewed,Individual
LEASE01380,PROP018,470,2023-05-11,2024-05-05,2915,12,Renewed,Family
LEASE01381,PROP018,973,2023-08-09,2025-07-29,1370,24,Future,Family
LEASE01382,PROP018,906,2023-11-02,2024-10-27,2879,12,Renewed,Family
LEASE01383,PROP018,515,2023-05-21,2024-05-15,1922,12,Month-to-Month,Family
LEASE01384,PROP018,818,2023-03-22,2024-03-16,2279,12,Renewed,Family
LEASE01385,PROP018,618,2023-08-22,2025-08-11,3330,24,Future,Corporate
LEASE01386,PROP018,549,2022-11-17,2023-11-12,1813,12,Renewed,Family
LEASE01387,PROP019,193,2022-04-21,2023-04-16,2074,12,Vacated,Individual
LEASE01388,PROP019,532,2023-08-30,2024-08-24,2142,12,Renewed,Individual
LEASE01389,PROP019,181,2022-11-02,2023-10-28,3270,12,Renewed,Individual
LEASE01390,PROP019,695,2023-03-16,2024-03-10,2327,12,Vacated,Family
LEASE01391,PROP019,420,2022-09-21,2023-03-20,1405,6,Renewed,Individual
LEASE01392,PROP019,590,2023-12-07,2024-12-01,2585,12,Renewed,Individual
LEASE01393,PROP019,972,2022-10-26,2023-10-21,2063,12,Renewed,Individual
LEASE01394,PROP019,712,2022-04-08,2022-10-05,2506,6,Renewed,Individual
LEASE01395,PROP019,603,2023-03-29,2024-03-23,2758,12,Month-to-Month,Family
LEASE01396,PROP019,114,2023-12-25,2024-12-19,1336,12,Renewed,Family
LEASE01397,PROP019,684,2022-08-04,2023-01-31,3313,6,Renewed,Family
LEASE01398,PROP019,423,2023-12-11,2024-12-05,3334,12,Renewed,Family
LEASE01399,PROP019,792,2022-04-25,2023-04-20,2117,12,Renewed,Family
LEASE01400,PROP019,272,2023-03-11,2024-03-05,1473,12,Renewed,Individual
LEASE01401,PROP019,416,2022-08-10,2023-08-05,2267,12,Month-to-Month,Individual
LEASE01402,PROP019,459,2023-06-30,2023-12-27,2231,6,Renewed,Individual
LEASE01403,PROP019,722,2023-04-30,2024-04-24,1617,12,Renewed,Individual
LEASE01404,PROP019,815,2022-07-27,2023-01-23,1331,6,Renewed,Family
LEASE01405,PROP019,596,2023-10-07,2024-10-01,2497,12,Renewed,Individual
LEASE01406,PROP019,748,2023-10-21,2024-10-15,2460,12,Month-to-Month,Individual
LEASE01407,PROP019,553,2023-08-06,2024-07-31,2780,12,Renewed,Individual
LEASE01408,PROP019,621,2023-08-11,2024-08-05,1917,12,Renewed,Individual
LEASE01409,PROP019,763,2023-03-14,2024-03-08,3222,12,Renewed,Individual
LEASE01410,PROP019,634,2023-02-17,2024-02-12,3234,12,Renewed,Family
LEASE01411,PROP020,379,2022-08-01,2023-07-27,1457,12,Month-to-Month,Corporate
LEASE01412,PROP020,790,2023-02-14,2024-02-09,3261,12,Vacated,Individual
LEASE01413,PROP020,263,2022-05-27,2023-05-22,3056,12,Month-to-Month,Family
LEASE01414,PROP020,926,2023-04-04,2024-03-29,3143,12,Vacated,Family
LEASE01415,PROP020,863,2022-12-13,2023-12-08,1887,12,Renewed,Corporate
LEASE01416,PROP020,254,2022-06-29,2024-06-18,2428,24,Renewed,Family
LEASE01417,PROP020,482,2023-06-12,2024-06-06,2242,12,Renewed,Family
LEASE01418,PROP020,518,2022-11-21,2023-05-20,3114,6,Vacated,Individual
LEASE01419,PROP020,279,2023-10-02,2025-09-21,3010,24,Future,Individual
LEASE01420,PROP020,942,2022-03-17,2024-03-06,3015,24,Renewed,Individual
LEASE01421,PROP020,177,2023-04-11,2024-04-05,1985,12,Renewed,Individual
LEASE01422,PROP020,905,2023-03-15,2024-03-09,2226,12,Renewed,Individual
LEASE01423,PROP020,526,2023-05-27,2024-05-21,3139,12,Renewed,Corporate
LEASE01424,PROP020,745,2023-07-25,2024-07-19,2284,12,Vacated,Individual
LEASE01425,PROP020,935,2022-06-02,2023-05-28,1787,12,Vacated,Individual
LEASE01426,PROP020,101,2023-05-01,2024-04-25,3193,12,Vacated,Individual
LEASE01427,PROP020,960,2023-09-02,2024-08-27,2818,12,Renewed,Individual
LEASE01428,PROP020,994,2022-11-24,2024-11-13,1984,24,Renewed,Individual
LEASE01429,PROP020,316,2022-02-17,2024-02-07,2654,24,Renewed,Family
LEASE01430,PROP020,768,2023-06-27,2023-12-24,1685,6,Renewed,Corporate
LEASE01431,PROP020,500,2024-01-16,2025-01-10,2527,12,Renewed,Individual
LEASE01432,PROP020,191,2023-11-24,2025-11-13,2029,24,Future,Family
LEASE01433,PROP020,601,2023-04-25,2024-04-19,1298,12,Renewed,Family
LEASE01434,PROP020,464,2022-09-02,2023-08-28,2399,12,Renewed,Family
LEASE01435,PROP020,322,2022-07-06,2023-07-01,2687,12,Renewed,Individual
LEASE01436,PROP020,862,2023-05-30,2023-11-26,2854,6,Renewed,Family
LEASE01437,PROP020,218,2023-01-29,2024-01-24,3067,12,Renewed,Corporate
LEASE01438,PROP020,705,2023-10-17,2024-10-11,2375,12,Renewed,Individual
LEASE01439,PROP020,323,2022-12-20,2023-12-15,1853,12,Renewed,Family
LEASE01440,PROP020,557,2023-03-27,2024-03-21,1528,12,Month-to-Month,Individual
LEASE01441,PROP020,738,2023-12-13,2025-12-02,1888,24,Future,Family
LEASE01442,PROP020,672,2023-05-29,2024-05-23,1794,12,Month-to-Month,Corporate
LEASE01443,PROP020,119,2023-03-19,2024-03-13,3213,12,Renewed,Family
LEASE01444,PROP020,530,2022-02-02,2023-01-28,2581,12,Renewed,Corporate
LEASE01445,PROP020,657,2022-10-19,2023-10-14,2230,12,Renewed,Individual
LEASE01446,PROP020,712,2023-11-17,2024-11-11,2614,12,Renewed,Individual
LEASE01447,PROP020,714,2022-03-06,2023-03-01,3398,12,Renewed,Individual
LEASE01448,PROP020,171,2023-05-24,2023-11-20,2724,6,Renewed,Individual
LEASE01449,PROP020,944,2022-09-20,2023-09-15,2973,12,Vacated,Family
LEASE01450,PROP020,426,2023-12-17,2024-12-11,2368,12,Renewed,Family
LEASE01451,PROP020,129,2022-12-01,2023-11-26,2074,12,Renewed,Family
LEASE01452,PROP020,546,2023-06-09,2024-06-03,3178,12,Vacated,Individual
LEASE01453,PROP020,638,2022-05-08,2023-05-03,3064,12,Renewed,Individual
LEASE01454,PROP020,174,2022-06-23,2024-06-12,2043,24,Renewed,Individual
LEASE01455,PROP020,934,2022-11-14,2023-11-09,2589,12,Renewed,Corporate
LEASE01456,PROP020,540,2023-09-10,2024-09-04,1600,12,Vacated,Individual
LEASE01457,PROP020,733,2023-11-07,2024-11-01,2401,12,Renewed,Individual
LEASE01458,PROP020,289,2023-03-27,2024-03-21,2726,12,Renewed,Family
LEASE01459,PROP020,603,2022-09-02,2023-08-28,2575,12,Renewed,Individual
LEASE01460,PROP021,678,2022-07-20,2023-07-15,2325,12,Renewed,Family
LEASE01461,PROP021,783,2022-04-20,2023-04-15,1677,12,Renewed,Individual
LEASE01462,PROP021,100,2023-01-15,2024-01-10,1852,12,Renewed,Family
LEASE01463,PROP021,542,2023-03-13,2024-03-07,3309,12,Vacated,Individual
LEASE01464,PROP021,125,2023-12-13,2024-12-07,2000,12,Renewed,Family
LEASE01465,PROP021,132,2023-02-12,2024-02-07,1200,12,Month-to-Month,Family
LEASE01466,PROP021,409,2023-06-01,2024-05-26,2119,12,Vacated,Corporate
LEASE01467,PROP021,144,2023-05-05,2024-04-29,1546,12,Vacated,Family
LEASE01468,PROP021,517,2022-05-30,2023-05-25,2439,12,Renewed,Family
LEASE01469,PROP021,912,2023-03-16,2024-03-10,3402,12,Renewed,Family
LEASE01470,PROP021,884,2023-09-13,2024-09-07,2633,12,Renewed,Family
LEASE01471,PROP021,731,2023-02-01,2024-01-27,2294,12,Renewed,Individual
LEASE01472,PROP021,897,2023-02-10,2024-02-05,1334,12,Renewed,Individual
LEASE01473,PROP021,336,2022-05-31,2023-05-26,2148,12,Month-to-Month,Family
LEASE01474,PROP021,803,2022-07-26,2023-07-21,2254,12,Renewed,Individual
LEASE01475,PROP021,138,2022-04-17,2023-04-12,1394,12,Renewed,Individual
LEASE01476,PROP021,805,2022-02-27,2023-02-22,3350,12,Renewed,Individual
LEASE01477,PROP021,923,2023-08-19,2024-08-13,1578,12,Vacated,Individual
LEASE01478,PROP021,133,2022-11-27,2024-11-16,1650,24,Renewed,Family
LEASE01479,PROP021,218,2023-03-06,2024-02-29,1817,12,Renewed,Individual
LEASE01480,PROP021,112,2022-09-01,2023-08-27,1688,12,Renewed,Corporate
LEASE01481,PROP021,396,2023-08-06,2024-07-31,1403,12,Renewed,Family
LEASE01482,PROP021,794,2022-04-27,2023-04-22,1843,12,Month-to-Month,Family
LEASE01483,PROP021,581,2023-11-19,2025-11-08,2785,24,Future,Family
LEASE01484,PROP021,601,2024-01-02,2024-12-27,2142,12,Vacated,Individual
LEASE01485,PROP021,187,2023-11-08,2024-11-02,1739,12,Renewed,Family
LEASE01486,PROP021,258,2022-10-28,2023-04-26,2179,6,Renewed,Family
LEASE01487,PROP021,514,2022-02-24,2024-02-14,1810,24,Renewed,Family
LEASE01488,PROP021,754,2022-09-26,2023-09-21,3158,12,Renewed,Individual
LEASE01489,PROP021,695,2023-10-14,2024-04-11,1468,6,Renewed,Individual
LEASE01490,PROP021,445,2023-08-08,2024-02-04,1413,6,Renewed,Family
LEASE01491,PROP021,222,2022-08-11,2023-08-06,2909,12,Renewed,Individual
LEASE01492,PROP021,942,2023-12-11,2024-06-08,3378,6,Renewed,Individual
LEASE01493,PROP021,469,2022-09-03,2023-08-29,2115,12,Renewed,Corporate
LEASE01494,PROP021,145,2022-09-22,2023-09-17,1580,12,Renewed,Individual
LEASE01495,PROP021,251,2023-08-25,2024-08-19,1688,12,Vacated,Family
LEASE01496,PROP021,731,2022-07-18,2023-07-13,2161,12,Renewed,Individual
LEASE01497,PROP021,942,2022-09-25,2023-09-20,1923,12,Renewed,Individual
LEASE01498,PROP021,219,2022-05-28,2024-05-17,3462,24,Renewed,Individual
LEASE01499,PROP021,714,2022-06-16,2023-06-11,1590,12,Vacated,Family
LEASE01500,PROP021,229,2022-02-08,2023-02-03,2181,12,Renewed,Individual
LEASE01501,PROP021,599,2023-11-20,2024-11-14,1366,12,Renewed,Individual
LEASE01502,PROP021,702,2022-08-12,2023-08-07,1295,12,Vacated,Family
LEASE01503,PROP021,390,2023-02-02,2024-01-28,1816,12,Renewed,Family
LEASE01504,PROP021,170,2023-08-09,2024-02-05,2778,6,Renewed,Individual
LEASE01505,PROP021,647,2024-01-20,2025-01-14,1330,12,Vacated,Family
LEASE01506,PROP021,266,2023-11-22,2024-11-16,2810,12,Renewed,Family
LEASE01507,PROP021,882,2022-05-12,2022-11-08,1461,6,Renewed,Individual
LEASE01508,PROP021,294,2023-08-02,2025-07-22,1863,24,Future,Individual
LEASE01509,PROP021,896,2022-07-30,2023-07-25,1250,12,Month-to-Month,Individual
LEASE01510,PROP021,833,2023-11-22,2024-11-16,3231,12,Renewed,Individual
LEASE01511,PROP021,725,2023-08-11,2024-08-05,2856,12,Renewed,Individual
LEASE01512,PROP021,828,2023-12-12,2024-12-06,2665,12,Month-to-Month,Family
LEASE01513,PROP021,320,2022-06-03,2023-05-29,1441,12,Vacated,Individual
LEASE01514,PROP021,546,2022-10-29,2024-10-18,2817,24,Renewed,Individual
LEASE01515,PROP021,410,2023-02-25,2024-02-20,1304,12,Renewed,Corporate
LEASE01516,PROP021,695,2024-01-30,2025-01-24,1823,12,Renewed,Individual
LEASE01517,PROP021,203,2024-01-16,2024-07-14,2861,6,Renewed,Family
LEASE01518,PROP021,628,2022-08-26,2023-02-22,2547,6,Renewed,Individual
LEASE01519,PROP021,231,2023-06-07,2024-06-01,2942,12,Vacated,Family
LEASE01520,PROP021,797,2023-10-13,2024-10-07,2905,12,Renewed,Family
LEASE01521,PROP021,475,2022-10-11,2023-10-06,3496,12,Renewed,Individual
LEASE01522,PROP021,583,2023-05-08,2024-05-02,3252,12,Renewed,Family
LEASE01523,PROP021,193,2022-12-16,2023-12-11,2817,12,Renewed,Family
LEASE01524,PROP021,481,2022-02-13,2023-02-08,2151,12,Renewed,Corporate
LEASE01525,PROP021,884,2022-03-22,2022-09-18,2530,6,Renewed,Family
LEASE01526,PROP021,341,2023-01-22,2024-01-17,1967,12,Vacated,Family
LEASE01527,PROP021,216,2023-09-26,2024-09-20,1414,12,Renewed,Individual
LEASE01528,PROP021,982,2022-09-27,2023-09-22,1416,12,Renewed,Family
LEASE01529,PROP021,781,2022-04-15,2023-04-10,1722,12,Renewed,Individual
LEASE01530,PROP021,196,2023-08-12,2024-08-06,1324,12,Renewed,Individual
LEASE01531,PROP021,505,2023-11-16,2024-11-10,2492,12,Renewed,Family
LEASE01532,PROP021,173,2023-04-16,2024-04-10,2728,12,Vacated,Family
LEASE01533,PROP021,400,2022-09-14,2023-09-09,2909,12,Renewed,Family
LEASE01534,PROP021,124,2023-02-23,2025-02-12,1967,24,Pending,Individual
LEASE01535,PROP021,457,2022-09-25,2024-09-14,1632,24,Vacated,Individual
LEASE01536,PROP021,900,2023-04-23,2024-04-17,2006,12,Month-to-Month,Corporate
LEASE01537,PROP021,959,2023-08-22,2024-08-16,1730,12,Vacated,Family
LEASE01538,PROP021,865,2023-10-07,2024-10-01,3109,12,Renewed,Corporate
LEASE01539,PROP021,890,2023-06-24,2024-06-18,2836,12,Renewed,Corporate
LEASE01540,PROP021,315,2023-12-14,2024-12-08,1757,12,Renewed,Family
LEASE01541,PROP021,667,2023-05-30,2025-05-19,2585,24,Future,Family
LEASE01542,PROP021,745,2023-02-08,2023-08-07,1785,6,Renewed,Family
LEASE01543,PROP021,633,2022-11-07,2024-10-27,2439,24,Renewed,Family
LEASE01544,PROP021,410,2022-06-11,2023-06-06,3264,12,Renewed,Family
LEASE01545,PROP021,372,2023-09-16,2024-09-10,2608,12,Renewed,Individual
LEASE01546,PROP021,779,2022-12-25,2023-12-20,3408,12,Renewed,Family
LEASE01547,PROP021,177,2023-11-04,2024-10-29,1829,12,Renewed,Family
LEASE01548,PROP021,376,2023-10-26,2024-10-20,1501,12,Renewed,Individual
LEASE01549,PROP021,625,2023-02-27,2025-02-16,1751,24,Pending,Individual
LEASE01550,PROP021,319,2022-10-01,2023-09-26,2480,12,Renewed,Family
LEASE01551,PROP021,450,2023-07-20,2024-01-16,2796,6,Renewed,Corporate
LEASE01552,PROP022,543,2022-07-14,2023-07-09,2661,12,Renewed,Individual
LEASE01553,PROP022,736,2023-08-08,2024-02-04,3217,6,Renewed,Family
LEASE01554,PROP022,224,2022-10-01,2024-09-20,2129,24,Renewed,Family
LEASE01555,PROP022,356,2024-01-01,2024-12-26,3472,12,Renewed,Individual
LEASE01556,PROP022,287,2023-06-03,2024-05-28,1453,12,Renewed,Family
LEASE01557,PROP022,708,2023-09-25,2024-03-23,3365,6,Month-to-Month,Family
LEASE01558,PROP022,284,2023-11-21,2024-11-15,2971,12,Vacated,Individual
LEASE01559,PROP022,352,2023-09-07,2024-03-05,2305,6,Renewed,Individual
LEASE01560,PROP022,917,2022-07-17,2023-07-12,2867,12,Renewed,Individual
LEASE01561,PROP022,784,2023-07-08,2024-07-02,1638,12,Renewed,Individual
LEASE01562,PROP022,558,2022-05-15,2022-11-11,1799,6,Renewed,Family
LEASE01563,PROP022,741,2023-11-10,2024-11-04,3310,12,Renewed,Individual
LEASE01564,PROP022,359,2022-04-12,2023-04-07,2455,12,Vacated,Individual
LEASE01565,PROP022,180,2023-01-09,2024-01-04,2369,12,Renewed,Corporate
LEASE01566,PROP022,456,2023-06-03,2024-05-28,2864,12,Renewed,Individual
LEASE01567,PROP022,147,2022-06-29,2023-06-24,3408,12,Renewed,Individual
LEASE01568,PROP022,783,2022-06-14,2023-06-09,2391,12,Renewed,Individual
LEASE01569,PROP022,263,2023-01-16,2024-01-11,2104,12,Vacated,Family
LEASE01570,PROP022,486,2024-01-31,2025-01-25,1811,12,Vacated,Family
LEASE01571,PROP022,969,2022-09-27,2023-09-22,2279,12,Renewed,Individual
LEASE01572,PROP022,605,2023-03-20,2025-03-09,2859,24,Pending,Family
LEASE01573,PROP022,351,2023-06-15,2024-06-09,1542,12,Month-to-Month,Family
LEASE01574,PROP022,139,2022-04-20,2023-04-15,2862,12,Vacated,Individual
LEASE01575,PROP022,470,2023-06-29,2024-06-23,1361,12,Renewed,Individual
LEASE01576,PROP022,554,2023-08-23,2024-08-17,1617,12,Renewed,Individual
LEASE01577,PROP022,890,2024-01-31,2025-01-25,2160,12,Renewed,Family
LEASE01578,PROP022,272,2022-11-28,2023-11-23,2983,12,Vacated,Individual
LEASE01579,PROP022,239,2023-03-24,2024-03-18,2171,12,Renewed,Family
LEASE01580,PROP022,672,2023-05-22,2024-05-16,2131,12,Renewed,Individual
LEASE01581,PROP022,675,2024-01-15,2026-01-04,1504,24,Future,Individual
LEASE01582,PROP022,395,2023-10-09,2024-10-03,2950,12,Renewed,Individual
LEASE01583,PROP022,322,2022-09-07,2023-09-02,2796,12,Month-to-Month,Family
LEASE01584,PROP022,995,2022-04-02,2023-03-28,1964,12,Renewed,Family
LEASE01585,PROP022,733,2023-03-21,2024-03-15,3314,12,Renewed,Family
LEASE01586,PROP022,316,2022-06-02,2023-05-28,1822,12,Renewed,Family
LEASE01587,PROP022,683,2023-11-21,2024-11-15,2317,12,Month-to-Month,Individual
LEASE01588,PROP022,520,2023-05-27,2024-05-21,1457,12,Renewed,Individual
LEASE01589,PROP022,791,2022-10-15,2023-10-10,2827,12,Renewed,Individual
LEASE01590,PROP022,124,2023-12-05,2024-06-02,1417,6,Renewed,Individual
LEASE01591,PROP022,481,2023-05-18,2024-05-12,1696,12,Renewed,Individual
LEASE01592,PROP022,615,2023-10-09,2024-10-03,1245,12,Renewed,Individual
LEASE01593,PROP022,686,2022-07-25,2023-07-20,1766,12,Vacated,Individual
LEASE01594,PROP022,323,2023-11-22,2024-11-16,1972,12,Vacated,Family
LEASE01595,PROP022,307,2023-04-23,2025-04-12,1738,24,Pending,Family
LEASE01596,PROP022,904,2023-11-05,2025-10-25,1254,24,Future,Individual
LEASE01597,PROP022,303,2023-06-21,2024-06-15,2915,12,Renewed,Family
LEASE01598,PROP022,600,2022-04-18,2023-04-13,1397,12,Renewed,Individual
LEASE01599,PROP022,727,2023-09-28,2024-09-22,1836,12,Renewed,Individual
LEASE01600,PROP022,775,2023-09-13,2024-09-07,1812,12,Renewed,Individual
LEASE01601,PROP022,978,2022-09-13,2023-03-12,2482,6,Renewed,Corporate
LEASE01602,PROP022,785,2023-06-09,2024-06-03,3480,12,Renewed,Family
LEASE01603,PROP022,349,2023-03-25,2025-03-14,3367,24,Pending,Family
LEASE01604,PROP022,948,2023-09-06,2024-03-04,3153,6,Vacated,Family
LEASE01605,PROP022,431,2023-09-27,2024-03-25,2131,6,Renewed,Individual
LEASE01606,PROP022,928,2023-12-31,2025-12-20,3001,24,Future,Individual
LEASE01607,PROP022,843,2022-07-01,2023-06-26,2217,12,Vacated,Family
LEASE01608,PROP022,980,2024-01-31,2025-01-25,3327,12,Vacated,Family
LEASE01609,PROP022,707,2022-08-22,2023-08-17,1306,12,Renewed,Family
LEASE01610,PROP022,512,2022-10-30,2023-10-25,2469,12,Renewed,Family
LEASE01611,PROP022,227,2023-11-27,2024-11-21,2950,12,Renewed,Individual
LEASE01612,PROP022,953,2024-01-22,2025-01-16,3232,12,Vacated,Individual
LEASE01613,PROP022,966,2022-03-28,2022-09-24,1675,6,Vacated,Corporate
LEASE01614,PROP022,872,2022-05-08,2023-05-03,3108,12,Renewed,Individual
LEASE01615,PROP023,997,2023-12-22,2025-12-11,3208,24,Future,Corporate
LEASE01616,PROP023,204,2023-09-26,2024-03-24,3113,6,Renewed,Family
LEASE01617,PROP023,713,2023-12-17,2025-12-06,3428,24,Future,Family
LEASE01618,PROP023,611,2022-05-23,2023-05-18,1334,12,Renewed,Corporate
LEASE01619,PROP023,465,2022-06-18,2023-06-13,3015,12,Renewed,Family
LEASE01620,PROP023,871,2022-11-26,2023-11-21,2623,12,Vacated,Family
LEASE01621,PROP023,664,2024-01-27,2025-01-21,2686,12,Renewed,Family
LEASE01622,PROP023,396,2022-07-09,2023-07-04,3348,12,Renewed,Family
LEASE01623,PROP023,179,2024-01-24,2024-07-22,2178,6,Renewed,Family
LEASE01624,PROP023,960,2022-10-09,2023-10-04,2790,12,Renewed,Individual
LEASE01625,PROP023,965,2023-12-01,2024-11-25,2292,12,Renewed,Family
LEASE01626,PROP023,886,2022-10-13,2023-10-08,3163,12,Month-to-Month,Individual
LEASE01627,PROP023,162,2023-07-02,2024-06-26,2414,12,Vacated,Corporate
LEASE01628,PROP023,952,2022-02-28,2023-02-23,1702,12,Vacated,Individual
LEASE01629,PROP023,235,2023-08-22,2025-08-11,2069,24,Future,Corporate
LEASE01630,PROP023,275,2023-09-28,2024-09-22,2605,12,Renewed,Family
LEASE01631,PROP023,634,2022-08-27,2023-08-22,1374,12,Renewed,Individual
LEASE01632,PROP023,133,2023-03-16,2024-03-10,1569,12,Renewed,Corporate
LEASE01633,PROP023,109,2023-09-11,2024-09-05,3437,12,Renewed,Corporate
LEASE01634,PROP023,687,2023-08-11,2024-02-07,2748,6,Renewed,Individual
LEASE01635,PROP023,178,2022-07-14,2023-07-09,2731,12,Renewed,Family
LEASE01636,PROP023,642,2022-10-09,2023-10-04,2351,12,Vacated,Family
LEASE01637,PROP023,597,2022-06-24,2023-06-19,2424,12,Renewed,Individual
LEASE01638,PROP023,548,2022-06-04,2023-05-30,2069,12,Renewed,Corporate
LEASE01639,PROP023,671,2023-11-18,2024-05-16,3000,6,Renewed,Individual
LEASE01640,PROP023,268,2022-06-04,2024-05-24,1648,24,Renewed,Family
LEASE01641,PROP023,426,2023-10-18,2024-10-12,3021,12,Renewed,Corporate
LEASE01642,PROP023,598,2022-04-04,2024-03-24,3117,24,Renewed,Family
LEASE01643,PROP023,457,2022-07-01,2024-06-20,1713,24,Month-to-Month,Individual
LEASE01644,PROP023,839,2023-10-03,2024-09-27,2619,12,Renewed,Corporate
LEASE01645,PROP023,706,2022-05-23,2024-05-12,1787,24,Renewed,Individual
LEASE01646,PROP023,653,2022-08-16,2023-08-11,1313,12,Vacated,Individual
LEASE01647,PROP023,841,2022-09-23,2023-09-18,2237,12,Renewed,Individual
LEASE01648,PROP023,782,2023-06-04,2024-05-29,1237,12,Renewed,Individual
LEASE01649,PROP023,218,2022-10-13,2023-10-08,1326,12,Renewed,Family
LEASE01650,PROP023,626,2022-04-05,2023-03-31,2036,12,Vacated,Corporate
LEASE01651,PROP023,539,2022-12-18,2023-12-13,2925,12,Renewed,Individual
LEASE01652,PROP023,337,2023-04-09,2024-04-03,1726,12,Renewed,Family
LEASE01653,PROP023,153,2022-08-06,2023-02-02,3317,6,Renewed,Family
LEASE01654,PROP023,439,2023-11-28,2024-05-26,3351,6,Vacated,Family
LEASE01655,PROP023,684,2022-08-16,2024-08-05,1794,24,Month-to-Month,Family
LEASE01656,PROP023,394,2023-03-30,2024-03-24,2724,12,Renewed,Family
LEASE01657,PROP023,991,2022-10-06,2023-10-01,3410,12,Renewed,Family
LEASE01658,PROP023,928,2022-05-09,2023-05-04,1894,12,Vacated,Individual
LEASE01659,PROP023,283,2023-07-28,2024-07-22,2343,12,Renewed,Family
LEASE01660,PROP023,638,2022-10-22,2024-10-11,2962,24,Month-to-Month,Individual
LEASE01661,PROP023,544,2023-05-14,2023-11-10,1482,6,Vacated,Family
LEASE01662,PROP023,704,2022-11-19,2023-11-14,2928,12,Renewed,Individual
LEASE01663,PROP023,262,2022-07-10,2023-01-06,3484,6,Vacated,Corporate
LEASE01664,PROP023,812,2023-10-12,2024-10-06,2049,12,Renewed,Family
LEASE01665,PROP023,906,2022-11-25,2023-11-20,2333,12,Renewed,Individual
LEASE01666,PROP023,845,2023-12-07,2024-12-01,2192,12,Renewed,Corporate
LEASE01667,PROP023,429,2022-08-21,2023-08-16,2394,12,Month-to-Month,Individual
LEASE01668,PROP023,938,2022-11-04,2023-10-30,2423,12,Renewed,Individual
LEASE01669,PROP023,120,2022-09-11,2023-09-06,2689,12,Vacated,Family
LEASE01670,PROP023,640,2023-08-22,2024-08-16,3229,12,Vacated,Individual
LEASE01671,PROP023,438,2023-03-07,2024-03-01,2586,12,Renewed,Family
LEASE01672,PROP023,579,2022-05-10,2023-05-05,2212,12,Renewed,Individual
LEASE01673,PROP023,486,2022-06-02,2022-11-29,2931,6,Renewed,Family
LEASE01674,PROP023,564,2022-05-18,2023-05-13,1326,12,Vacated,Individual
LEASE01675,PROP023,136,2022-11-14,2023-11-09,3090,12,Renewed,Family
LEASE01676,PROP023,670,2022-06-24,2023-06-19,3167,12,Renewed,Family
LEASE01677,PROP023,154,2023-10-27,2025-10-16,1460,24,Future,Family
LEASE01678,PROP023,125,2022-06-02,2023-05-28,3052,12,Month-to-Month,Family
LEASE01679,PROP023,589,2023-07-21,2024-07-15,1682,12,Vacated,Family
LEASE01680,PROP023,983,2022-09-13,2023-09-08,3460,12,Renewed,Family
LEASE01681,PROP023,972,2023-01-24,2024-01-19,3389,12,Renewed,Individual
LEASE01682,PROP023,372,2023-07-18,2024-07-12,2590,12,Renewed,Individual
LEASE01683,PROP023,480,2023-08-18,2024-08-12,2567,12,Renewed,Individual
LEASE01684,PROP023,630,2022-10-30,2023-10-25,3026,12,Vacated,Family
LEASE01685,PROP023,836,2023-05-18,2024-05-12,1840,12,Renewed,Corporate
LEASE01686,PROP023,725,2022-07-17,2023-07-12,3207,12,Renewed,Individual
LEASE01687,PROP023,213,2022-03-21,2023-03-16,1548,12,Renewed,Family
LEASE01688,PROP023,151,2023-12-17,2024-12-11,1790,12,Vacated,Family
LEASE01689,PROP023,655,2022-12-02,2023-11-27,1551,12,Vacated,Family
LEASE01690,PROP023,300,2024-01-22,2025-01-16,2935,12,Renewed,Family
LEASE01691,PROP023,634,2022-10-17,2023-10-12,3333,12,Vacated,Individual
LEASE01692,PROP023,595,2022-08-07,2023-02-03,1578,6,Vacated,Family
LEASE01693,PROP023,611,2022-02-07,2023-02-02,1625,12,Month-to-Month,Corporate
LEASE01694,PROP023,983,2023-10-12,2024-04-09,3447,6,Renewed,Family
LEASE01695,PROP023,308,2023-05-06,2024-04-30,3380,12,Vacated,Individual
LEASE01696,PROP023,183,2022-03-13,2023-03-08,2037,12,Renewed,Individual
LEASE01697,PROP023,215,2022-09-14,2023-09-09,3238,12,Vacated,Individual
LEASE01698,PROP023,340,2022-05-25,2023-05-20,2970,12,Month-to-Month,Family
LEASE01699,PROP023,754,2022-10-16,2023-10-11,2388,12,Renewed,Individual
LEASE01700,PROP023,322,2024-01-14,2025-01-08,1560,12,Renewed,Individual
LEASE01701,PROP023,220,2022-10-03,2024-09-22,3086,24,Renewed,Family
LEASE01702,PROP023,326,2022-03-02,2023-02-25,3461,12,Month-to-Month,Individual
LEASE01703,PROP023,632,2023-08-02,2024-01-29,2138,6,Vacated,Corporate
LEASE01704,PROP023,380,2023-03-02,2025-02-19,1316,24,Pending,Individual
LEASE01705,PROP023,879,2023-01-21,2024-01-16,3265,12,Renewed,Family
LEASE01706,PROP023,976,2022-07-17,2023-01-13,3031,6,Renewed,Family
LEASE01707,PROP023,107,2023-01-21,2024-01-16,1390,12,Renewed,Individual
LEASE01708,PROP023,835,2023-02-13,2025-02-02,2447,24,Pending,Family
LEASE01709,PROP023,648,2022-02-02,2023-01-28,1660,12,Renewed,Individual
LEASE01710,PROP023,223,2023-04-28,2023-10-25,2192,6,Renewed,Individual
LEASE01711,PROP023,301,2022-02-04,2023-01-30,1768,12,Vacated,Corporate
LEASE01712,PROP023,378,2022-12-05,2023-11-30,2363,12,Vacated,Family
LEASE01713,PROP023,796,2023-10-11,2025-09-30,1383,24,Future,Family
LEASE01714,PROP023,621,2023-01-25,2024-01-20,3127,12,Renewed,Family
LEASE01715,PROP023,327,2023-11-25,2024-11-19,2817,12,Renewed,Family
LEASE01716,PROP023,110,2023-04-01,2024-03-26,2111,12,Renewed,Individual
LEASE01717,PROP023,325,2023-01-22,2023-07-21,2478,6,Renewed,Individual
LEASE01718,PROP023,420,2022-08-15,2023-08-10,2121,12,Month-to-Month,Family
LEASE01719,PROP023,627,2023-05-13,2024-05-07,1490,12,Month-to-Month,Family
LEASE01720,PROP023,707,2023-02-12,2024-02-07,2985,12,Vacated,Family
LEASE01721,PROP023,352,2023-12-06,2024-11-30,2479,12,Vacated,Individual
LEASE01722,PROP023,154,2022-04-02,2023-03-28,1544,12,Renewed,Corporate
LEASE01723,PROP023,161,2024-01-08,2025-01-02,2696,12,Renewed,Family
LEASE01724,PROP023,605,2023-11-22,2024-11-16,2988,12,Renewed,Corporate
LEASE01725,PROP023,890,2023-02-23,2024-02-18,2040,12,Renewed,Individual
LEASE01726,PROP023,381,2022-03-16,2023-03-11,2023,12,Renewed,Family
LEASE01727,PROP023,403,2023-09-21,2024-09-15,2598,12,Renewed,Family
LEASE01728,PROP024,584,2023-12-05,2024-11-29,1602,12,Renewed,Individual
LEASE01729,PROP024,696,2023-10-24,2024-10-18,2632,12,Renewed,Corporate
LEASE01730,PROP024,140,2023-04-30,2024-04-24,2779,12,Renewed,Individual
LEASE01731,PROP024,387,2023-09-08,2024-03-06,1955,6,Renewed,Family
LEASE01732,PROP024,219,2024-01-18,2025-01-12,3383,12,Renewed,Individual
LEASE01733,PROP024,795,2022-05-02,2023-04-27,2980,12,Renewed,Family
LEASE01734,PROP024,126,2023-10-24,2025-10-13,2700,24,Future,Corporate
LEASE01735,PROP024,994,2022-12-09,2023-12-04,3288,12,Renewed,Individual
LEASE01736,PROP024,464,2022-12-23,2023-12-18,2871,12,Vacated,Family
LEASE01737,PROP024,180,2023-12-20,2024-12-14,1832,12,Renewed,Individual
LEASE01738,PROP024,153,2023-04-27,2024-04-21,1201,12,Renewed,Individual
LEASE01739,PROP024,627,2022-03-10,2023-03-05,3103,12,Vacated,Individual
LEASE01740,PROP024,221,2024-01-13,2024-07-11,2913,6,Renewed,Individual
LEASE01741,PROP024,241,2022-04-14,2023-04-09,1945,12,Renewed,Individual
LEASE01742,PROP024,998,2023-10-02,2024-09-26,1646,12,Renewed,Individual
LEASE01743,PROP024,992,2023-11-24,2024-11-18,1500,12,Month-to-Month,Family
LEASE01744,PROP024,633,2023-11-26,2024-11-20,2505,12,Renewed,Individual
LEASE01745,PROP024,564,2022-09-14,2023-09-09,3352,12,Renewed,Family
LEASE01746,PROP024,978,2023-02-06,2024-02-01,2042,12,Vacated,Individual
LEASE01747,PROP025,818,2023-09-20,2024-09-14,1766,12,Renewed,Family
LEASE01748,PROP025,808,2022-09-10,2023-09-05,3213,12,Renewed,Individual
LEASE01749,PROP025,562,2023-12-27,2024-12-21,2145,12,Renewed,Individual
LEASE01750,PROP025,580,2022-05-04,2023-04-29,2435,12,Renewed,Individual
LEASE01751,PROP025,140,2023-07-25,2024-07-19,1590,12,Renewed,Individual
LEASE01752,PROP025,646,2022-09-21,2023-03-20,2958,6,Renewed,Family
LEASE01753,PROP025,670,2023-11-22,2024-11-16,1752,12,Vacated,Individual
LEASE01754,PROP025,508,2023-12-26,2024-12-20,1429,12,Month-to-Month,Individual
LEASE01755,PROP025,324,2022-07-31,2023-07-26,1346,12,Renewed,Family
LEASE01756,PROP025,785,2023-02-14,2024-02-09,2801,12,Renewed,Family
LEASE01757,PROP025,381,2023-04-08,2024-04-02,1630,12,Renewed,Family
LEASE01758,PROP025,470,2023-07-23,2024-07-17,1255,12,Renewed,Individual
LEASE01759,PROP025,606,2023-07-08,2025-06-27,2116,24,Future,Family
LEASE01760,PROP025,633,2023-08-03,2024-07-28,2872,12,Renewed,Family
LEASE01761,PROP025,249,2022-11-07,2023-11-02,2669,12,Renewed,Family
LEASE01762,PROP025,890,2022-09-23,2023-09-18,1798,12,Renewed,Family
LEASE01763,PROP025,194,2023-06-21,2024-06-15,2006,12,Renewed,Individual
LEASE01764,PROP025,926,2022-05-23,2023-05-18,2957,12,Renewed,Family
LEASE01765,PROP025,534,2023-03-08,2024-03-02,2461,12,Vacated,Individual
LEASE01766,PROP025,579,2022-08-12,2023-08-07,2096,12,Vacated,Individual
LEASE01767,PROP025,915,2024-01-12,2025-01-06,2142,12,Renewed,Family
LEASE01768,PROP025,399,2023-11-02,2025-10-22,1732,24,Future,Family
LEASE01769,PROP025,101,2022-06-18,2023-06-13,2998,12,Vacated,Individual
LEASE01770,PROP025,717,2022-12-24,2023-12-19,3214,12,Renewed,Individual
LEASE01771,PROP025,940,2023-12-15,2025-12-04,3244,24,Future,Individual
LEASE01772,PROP025,211,2022-08-02,2023-07-28,2897,12,Vacated,Family
LEASE01773,PROP025,564,2023-11-02,2024-10-27,1626,12,Renewed,Individual
LEASE01774,PROP025,371,2022-04-25,2022-10-22,1214,6,Renewed,Individual
LEASE01775,PROP025,951,2023-11-10,2025-10-30,1238,24,Future,Corporate
LEASE01776,PROP025,768,2023-01-24,2024-01-19,2587,12,Vacated,Individual
LEASE01777,PROP025,137,2023-09-01,2024-08-26,2340,12,Renewed,Individual
LEASE01778,PROP025,878,2023-10-21,2024-10-15,1821,12,Vacated,Family
LEASE01779,PROP025,500,2023-03-09,2024-03-03,2912,12,Renewed,Individual
LEASE01780,PROP025,963,2022-02-12,2023-02-07,3267,12,Vacated,Individual
LEASE01781,PROP025,871,2023-10-28,2024-04-25,2228,6,Renewed,Individual
LEASE01782,PROP025,396,2023-07-17,2024-07-11,1818,12,Month-to-Month,Family
LEASE01783,PROP025,574,2022-11-09,2023-11-04,1692,12,Renewed,Individual
LEASE01784,PROP025,956,2023-11-08,2024-05-06,3372,6,Vacated,Family
LEASE01785,PROP025,847,2023-03-02,2024-02-25,2422,12,Vacated,Family
LEASE01786,PROP025,601,2023-03-30,2024-03-24,2255,12,Renewed,Individual
LEASE01787,PROP025,431,2023-05-04,2024-04-28,1536,12,Vacated,Family
LEASE01788,PROP025,558,2023-03-29,2024-03-23,2694,12,Renewed,Family
LEASE01789,PROP025,657,2023-08-08,2024-08-02,2992,12,Vacated,Corporate
LEASE01790,PROP025,289,2022-09-04,2023-08-30,1527,12,Vacated,Family
LEASE01791,PROP025,578,2024-01-31,2025-01-25,3110,12,Renewed,Individual
LEASE01792,PROP025,819,2022-02-15,2023-02-10,3391,12,Renewed,Family
LEASE01793,PROP025,657,2022-02-14,2022-08-13,2389,6,Vacated,Family
LEASE01794,PROP025,168,2022-02-09,2023-02-04,2602,12,Vacated,Individual
LEASE01795,PROP025,844,2023-02-09,2024-02-04,2847,12,Vacated,Family
LEASE01796,PROP025,439,2023-03-19,2024-03-13,2114,12,Renewed,Family
LEASE01797,PROP025,477,2023-04-28,2025-04-17,2977,24,Pending,Individual
LEASE01798,PROP025,427,2023-10-30,2024-10-24,2835,12,Renewed,Family
LEASE01799,PROP025,642,2023-05-29,2024-05-23,2445,12,Month-to-Month,Individual
LEASE01800,PROP025,886,2022-03-25,2023-03-20,2766,12,Vacated,Individual
LEASE01801,PROP025,440,2022-09-03,2023-08-29,1852,12,Renewed,Family
LEASE01802,PROP025,114,2023-08-18,2024-08-12,1685,12,Renewed,Individual
LEASE01803,PROP025,670,2023-12-01,2024-11-25,3382,12,Renewed,Individual
LEASE01804,PROP025,492,2022-03-23,2022-09-19,3393,6,Renewed,Family
LEASE01805,PROP025,521,2023-02-11,2024-02-06,2644,12,Renewed,Individual
LEASE01806,PROP025,207,2022-10-19,2023-10-14,2927,12,Renewed,Family
LEASE01807,PROP025,686,2022-02-06,2023-02-01,2356,12,Renewed,Individual
LEASE01808,PROP025,729,2023-04-19,2024-04-13,2425,12,Renewed,Individual
LEASE01809,PROP025,487,2023-06-25,2023-12-22,1305,6,Vacated,Corporate
LEASE01810,PROP025,296,2023-08-18,2024-02-14,3156,6,Renewed,Individual
LEASE01811,PROP025,615,2022-05-25,2023-05-20,2353,12,Renewed,Family
LEASE01812,PROP025,860,2023-10-04,2024-09-28,1845,12,Month-to-Month,Individual
LEASE01813,PROP025,328,2022-11-01,2023-04-30,2327,6,Renewed,Family
